id,tvt
000d7d20_1442,11747.280001522506
000d7d20_1443,11747.288579362654
000d7d20_1444,11747.296952266079
000d7d20_1445,11747.304120102504
000d7d20_1446,11747.31228603245
000d7d20_1447,11747.32007986272
000d7d20_1448,11747.321983999404
000d7d20_1449,11747.329985816796
000d7d20_1450,11747.337065465976
000d7d20_1451,11747.344472047625
000d7d20_1452,11747.356515435573
000d7d20_1453,11747.368548250794
000d7d20_1454,11747.372825792547
000d7d20_1455,11747.370310176371
000d7d20_1456,11747.371648265495
000d7d20_1457,11747.37269466074
000d7d20_1458,11747.366704665621
000d7d20_1459,11747.367409743962
000d7d20_1460,11747.362902270665
000d7d20_1461,11747.36767599035
000d7d20_1462,11747.366769421866
000d7d20_1463,11747.365836996982
000d7d20_1464,11747.378795638124
000d7d20_1465,11747.387034852596
000d7d20_1466,11747.396291509645
000d7d20_1467,11747.412345951
000d7d20_1468,11747.423709505421
000d7d20_1469,11747.435200887538
000d7d20_1470,11747.44745723129
000d7d20_1471,11747.45931613815
000d7d20_1472,11747.47114174353
000d7d20_1473,11747.484016985465
000d7d20_1474,11747.498237918971
000d7d20_1475,11747.509647579205
000d7d20_1476,11747.51738800768
000d7d20_1477,11747.52491305839
000d7d20_1478,11747.531777528295
000d7d20_1479,11747.5370530643
000d7d20_1480,11747.541255244578
000d7d20_1481,11747.544697243382
000d7d20_1482,11747.54718227082
000d7d20_1483,11747.544854444666
000d7d20_1484,11747.548270778103
000d7d20_1485,11747.551393106878
000d7d20_1486,11747.548617738204
000d7d20_1487,11747.551469961176
000d7d20_1488,11747.554981670437
000d7d20_1489,11747.552810143156
000d7d20_1490,11747.556848721184
000d7d20_1491,11747.556132543808
000d7d20_1492,11747.559589508428
000d7d20_1493,11747.55872933816
000d7d20_1494,11747.560684755408
000d7d20_1495,11747.557829741203
000d7d20_1496,11747.555469978226
000d7d20_1497,11747.559612489711
000d7d20_1498,11747.557199672532
000d7d20_1499,11747.556745905902
000d7d20_1500,11747.558806699735
000d7d20_1501,11747.568169639382
000d7d20_1502,11747.573483895241
000d7d20_1503,11747.57806405839
000d7d20_1504,11747.584060436813
000d7d20_1505,11747.59230204253
000d7d20_1506,11747.601120622752
000d7d20_1507,11747.606693568014
000d7d20_1508,11747.609977873502
000d7d20_1509,11747.611792737924
000d7d20_1510,11747.61335443415
000d7d20_1511,11747.61606764802
000d7d20_1512,11747.618398865201
000d7d20_1513,11747.624773860773
000d7d20_1514,11747.635642049978
000d7d20_1515,11747.65782528632
000d7d20_1516,11747.684426399834
000d7d20_1517,11747.705327318245
000d7d20_1518,11747.718442534597
000d7d20_1519,11747.73330291321
000d7d20_1520,11747.750891471582
000d7d20_1521,11747.771696866148
000d7d20_1522,11747.783785233933
000d7d20_1523,11747.797043811104
000d7d20_1524,11747.821348574353
000d7d20_1525,11747.847102286356
000d7d20_1526,11747.877110351037
000d7d20_1527,11747.911399336852
000d7d20_1528,11747.945354396652
000d7d20_1529,11747.982166726204
000d7d20_1530,11748.013562014034
000d7d20_1531,11748.046480469387
000d7d20_1532,11748.076099971655
000d7d20_1533,11748.105059596448
000d7d20_1534,11748.121295636602
000d7d20_1535,11748.138196342128
000d7d20_1536,11748.153464609642
000d7d20_1537,11748.164684591267
000d7d20_1538,11748.177174967574
000d7d20_1539,11748.181101790364
000d7d20_1540,11748.185186676159
000d7d20_1541,11748.181855532863
000d7d20_1542,11748.182459693257
000d7d20_1543,11748.167480914373
000d7d20_1544,11748.14936077767
000d7d20_1545,11748.119527668168
000d7d20_1546,11748.096778203359
000d7d20_1547,11748.083626751257
000d7d20_1548,11748.06541226985
000d7d20_1549,11748.042760460605
000d7d20_1550,11748.02385373947
000d7d20_1551,11748.015995303023
000d7d20_1552,11748.003542683828
000d7d20_1553,11747.991268704242
000d7d20_1554,11747.98610078539
000d7d20_1555,11747.988350723997
000d7d20_1556,11747.98821862918
000d7d20_1557,11747.982097514543
000d7d20_1558,11747.984116096859
000d7d20_1559,11747.988907686877
000d7d20_1560,11747.994140400615
000d7d20_1561,11747.993909311901
000d7d20_1562,11747.992966961468
000d7d20_1563,11748.001406756433
000d7d20_1564,11748.00799341657
000d7d20_1565,11748.029077052242
000d7d20_1566,11748.040750407456
000d7d20_1567,11748.04534918769
000d7d20_1568,11748.053509620207
000d7d20_1569,11748.072303561014
000d7d20_1570,11748.059154708531
000d7d20_1571,11748.043678925622
000d7d20_1572,11748.032974422029
000d7d20_1573,11748.035915561399
000d7d20_1574,11748.053161309563
000d7d20_1575,11748.056945101158
000d7d20_1576,11748.05004327673
000d7d20_1577,11748.045761777514
000d7d20_1578,11748.048329137215
000d7d20_1579,11748.046223205401
000d7d20_1580,11748.035696438752
000d7d20_1581,11748.034577450348
000d7d20_1582,11748.031209690984
000d7d20_1583,11748.056879728638
000d7d20_1584,11748.05961630742
000d7d20_1585,11748.054315179386
000d7d20_1586,11748.03120993487
000d7d20_1587,11748.033788326651
000d7d20_1588,11748.030550406336
000d7d20_1589,11748.039776827125
000d7d20_1590,11748.049893738757
000d7d20_1591,11748.052573395991
000d7d20_1592,11748.065707642127
000d7d20_1593,11748.07097161257
000d7d20_1594,11748.074465489222
000d7d20_1595,11748.072892976968
000d7d20_1596,11748.096007961874
000d7d20_1597,11748.095275570584
000d7d20_1598,11748.092008941961
000d7d20_1599,11748.096313946216
000d7d20_1600,11748.09331621654
000d7d20_1601,11748.113548839829
000d7d20_1602,11748.122885985198
000d7d20_1603,11748.129079278562
000d7d20_1604,11748.138498128932
000d7d20_1605,11748.173518158252
000d7d20_1606,11748.182797945845
000d7d20_1607,11748.191773406048
000d7d20_1608,11748.205218140503
000d7d20_1609,11748.211506603406
000d7d20_1610,11748.242818295772
000d7d20_1611,11748.244406182892
000d7d20_1612,11748.245385455659
000d7d20_1613,11748.24947819404
000d7d20_1614,11748.262186405456
000d7d20_1615,11748.256401436578
000d7d20_1616,11748.253144424774
000d7d20_1617,11748.240138542624
000d7d20_1618,11748.230503585557
000d7d20_1619,11748.232220711716
000d7d20_1620,11748.213544165854
000d7d20_1621,11748.200326527745
000d7d20_1622,11748.178954912208
000d7d20_1623,11748.179390612195
000d7d20_1624,11748.16470342328
000d7d20_1625,11748.142192531206
000d7d20_1626,11748.124879290173
000d7d20_1627,11748.097783206389
000d7d20_1628,11748.091776482714
000d7d20_1629,11748.071606818674
000d7d20_1630,11748.046916921685
000d7d20_1631,11748.022458377105
000d7d20_1632,11748.014547953568
000d7d20_1633,11747.990943516623
000d7d20_1634,11747.977254513518
000d7d20_1635,11747.960392160221
000d7d20_1636,11747.951618715862
000d7d20_1637,11747.957512356172
000d7d20_1638,11747.945172266116
000d7d20_1639,11747.937156231194
000d7d20_1640,11747.920869407444
000d7d20_1641,11747.926826493236
000d7d20_1642,11747.906269370558
000d7d20_1643,11747.891035349165
000d7d20_1644,11747.872366378375
000d7d20_1645,11747.850750736892
000d7d20_1646,11747.854241192017
000d7d20_1647,11747.8262712445
000d7d20_1648,11747.803845066208
000d7d20_1649,11747.777240277788
000d7d20_1650,11747.775538746591
000d7d20_1651,11747.751277571237
000d7d20_1652,11747.733840022627
000d7d20_1653,11747.709517655177
000d7d20_1654,11747.684888593667
000d7d20_1655,11747.68663462263
000d7d20_1656,11747.668258769263
000d7d20_1657,11747.657650354853
000d7d20_1658,11747.643366450537
000d7d20_1659,11747.633257032803
000d7d20_1660,11747.634220731183
000d7d20_1661,11747.622295474996
000d7d20_1662,11747.609299793423
000d7d20_1663,11747.594813651998
000d7d20_1664,11747.607300658692
000d7d20_1665,11747.59595466462
000d7d20_1666,11747.592138531338
000d7d20_1667,11747.580796660737
000d7d20_1668,11747.576174528625
000d7d20_1669,11747.581413347958
000d7d20_1670,11747.571301402913
000d7d20_1671,11747.555692870867
000d7d20_1672,11747.546756106705
000d7d20_1673,11747.5336161765
000d7d20_1674,11747.540706690717
000d7d20_1675,11747.513197693814
000d7d20_1676,11747.493993362374
000d7d20_1677,11747.47055728175
000d7d20_1678,11747.47579099889
000d7d20_1679,11747.455040234245
000d7d20_1680,11747.445130746348
000d7d20_1681,11747.430024117886
000d7d20_1682,11747.422372537902
000d7d20_1683,11747.42933407044
000d7d20_1684,11747.423498749551
000d7d20_1685,11747.404317828195
000d7d20_1686,11747.397487800068
000d7d20_1687,11747.390067420412
000d7d20_1688,11747.412349013435
000d7d20_1689,11747.419940663487
000d7d20_1690,11747.43808849533
000d7d20_1691,11747.43999888493
000d7d20_1692,11747.451948278813
000d7d20_1693,11747.48229673013
000d7d20_1694,11747.500374312898
000d7d20_1695,11747.519805377247
000d7d20_1696,11747.525147272314
000d7d20_1697,11747.524071815558
000d7d20_1698,11747.546123245638
000d7d20_1699,11747.546971465164
000d7d20_1700,11747.536872190774
000d7d20_1701,11747.5253062922
000d7d20_1702,11747.540523128364
000d7d20_1703,11747.536470872099
000d7d20_1704,11747.531275042049
000d7d20_1705,11747.52681829335
000d7d20_1706,11747.51431997537
000d7d20_1707,11747.528007566236
000d7d20_1708,11747.522026336093
000d7d20_1709,11747.516964275364
000d7d20_1710,11747.510764252676
000d7d20_1711,11747.508658742501
000d7d20_1712,11747.532449772792
000d7d20_1713,11747.532953071226
000d7d20_1714,11747.532415205525
000d7d20_1715,11747.532807212932
000d7d20_1716,11747.525412051009
000d7d20_1717,11747.5401032631
000d7d20_1718,11747.529119134388
000d7d20_1719,11747.520315922286
000d7d20_1720,11747.514061535776
000d7d20_1721,11747.518776080375
000d7d20_1722,11747.537216848046
000d7d20_1723,11747.531736722623
000d7d20_1724,11747.526823015918
000d7d20_1725,11747.527793669247
000d7d20_1726,11747.524537838903
000d7d20_1727,11747.545972661514
000d7d20_1728,11747.54696319213
000d7d20_1729,11747.540217249232
000d7d20_1730,11747.537852069176
000d7d20_1731,11747.551832062847
000d7d20_1732,11747.543399743561
000d7d20_1733,11747.531752097264
000d7d20_1734,11747.527834371305
000d7d20_1735,11747.519551418363
000d7d20_1736,11747.551991377944
000d7d20_1737,11747.550868667873
000d7d20_1738,11747.551429320965
000d7d20_1739,11747.54775493175
000d7d20_1740,11747.53667014165
000d7d20_1741,11747.563949996538
000d7d20_1742,11747.565646657731
000d7d20_1743,11747.56028253372
000d7d20_1744,11747.561726782864
000d7d20_1745,11747.564047824188
000d7d20_1746,11747.593290718594
000d7d20_1747,11747.597173094046
000d7d20_1748,11747.59882068861
000d7d20_1749,11747.611088521227
000d7d20_1750,11747.622888723656
000d7d20_1751,11747.661802099636
000d7d20_1752,11747.67447171707
000d7d20_1753,11747.68686315014
000d7d20_1754,11747.696280277409
000d7d20_1755,11747.730698976231
000d7d20_1756,11747.736549661699
000d7d20_1757,11747.738868264061
000d7d20_1758,11747.74102789963
000d7d20_1759,11747.741548264436
000d7d20_1760,11747.76802939149
000d7d20_1761,11747.764234504672
000d7d20_1762,11747.75621394504
000d7d20_1763,11747.750978050177
000d7d20_1764,11747.773948509071
000d7d20_1765,11747.778554817995
000d7d20_1766,11747.788942164552
000d7d20_1767,11747.798988021794
000d7d20_1768,11747.814559509476
000d7d20_1769,11747.848765830713
000d7d20_1770,11747.857289528463
000d7d20_1771,11747.864337609606
000d7d20_1772,11747.85757423602
000d7d20_1773,11747.877032127093
000d7d20_1774,11747.881452617421
000d7d20_1775,11747.881208431661
000d7d20_1776,11747.888210414834
000d7d20_1777,11747.912121527304
000d7d20_1778,11747.923959989335
000d7d20_1779,11747.933691750779
000d7d20_1780,11747.951870999344
000d7d20_1781,11747.987319348695
000d7d20_1782,11748.007641530683
000d7d20_1783,11748.02757929619
000d7d20_1784,11748.042414954574
000d7d20_1785,11748.060391710273
000d7d20_1786,11748.087730447829
000d7d20_1787,11748.095729825778
000d7d20_1788,11748.09230251569
000d7d20_1789,11748.118334291295
000d7d20_1790,11748.118812559165
000d7d20_1791,11748.124526160711
000d7d20_1792,11748.121833174675
000d7d20_1793,11748.140933307686
000d7d20_1794,11748.136400130168
000d7d20_1795,11748.132004305728
000d7d20_1796,11748.130719665482
000d7d20_1797,11748.13825183456
000d7d20_1798,11748.132573026478
000d7d20_1799,11748.120149847306
000d7d20_1800,11748.123430970836
000d7d20_1801,11748.11006747369
000d7d20_1802,11748.097912292355
000d7d20_1803,11748.079766625739
000d7d20_1804,11748.077338523246
000d7d20_1805,11748.059372431251
000d7d20_1806,11748.050331969487
000d7d20_1807,11748.038621821022
000d7d20_1808,11748.042022924194
000d7d20_1809,11748.035293243734
000d7d20_1810,11748.03132391553
000d7d20_1811,11748.041155646912
000d7d20_1812,11748.04300039299
000d7d20_1813,11748.036931273597
000d7d20_1814,11748.02986625109
000d7d20_1815,11748.031901623965
000d7d20_1816,11748.024432305605
000d7d20_1817,11748.014725397677
000d7d20_1818,11748.006062071527
000d7d20_1819,11748.00536235726
000d7d20_1820,11747.99363663193
000d7d20_1821,11747.978599670449
000d7d20_1822,11747.973973355558
000d7d20_1823,11747.961305593093
000d7d20_1824,11747.949498024826
000d7d20_1825,11747.938029813096
000d7d20_1826,11747.924292509673
000d7d20_1827,11747.919115506598
000d7d20_1828,11747.912366498724
000d7d20_1829,11747.906024931215
000d7d20_1830,11747.902009834006
000d7d20_1831,11747.897437118847
000d7d20_1832,11747.889316621751
000d7d20_1833,11747.890102961865
000d7d20_1834,11747.890071349195
000d7d20_1835,11747.890111018629
000d7d20_1836,11747.887876471155
000d7d20_1837,11747.888924937362
000d7d20_1838,11747.892437195236
000d7d20_1839,11747.886623018578
000d7d20_1840,11747.890830220305
000d7d20_1841,11747.89121023912
000d7d20_1842,11747.884940464113
000d7d20_1843,11747.884150167165
000d7d20_1844,11747.878710811481
000d7d20_1845,11747.87628182077
000d7d20_1846,11747.8681477908
000d7d20_1847,11747.86922478096
000d7d20_1848,11747.862901555478
000d7d20_1849,11747.862663195761
000d7d20_1850,11747.860809437609
000d7d20_1851,11747.859874911546
000d7d20_1852,11747.8542797201
000d7d20_1853,11747.859248702163
000d7d20_1854,11747.854247906005
000d7d20_1855,11747.85682480196
000d7d20_1856,11747.861787626314
000d7d20_1857,11747.862171826091
000d7d20_1858,11747.868311191485
000d7d20_1859,11747.866220087335
000d7d20_1860,11747.858964771414
000d7d20_1861,11747.860290151879
000d7d20_1862,11747.86793829894
000d7d20_1863,11747.870551442007
000d7d20_1864,11747.870425229006
000d7d20_1865,11747.890420177439
000d7d20_1866,11747.893064956048
000d7d20_1867,11747.911513249666
000d7d20_1868,11747.914320507345
000d7d20_1869,11747.91237653347
000d7d20_1870,11747.92112069976
000d7d20_1871,11747.91894570893
000d7d20_1872,11747.919743166354
000d7d20_1873,11747.905674186042
000d7d20_1874,11747.89701379921
000d7d20_1875,11747.87505286712
000d7d20_1876,11747.862872031219
000d7d20_1877,11747.867356732533
000d7d20_1878,11747.85857486511
000d7d20_1879,11747.8659079812
000d7d20_1880,11747.852751361304
000d7d20_1881,11747.863122056737
000d7d20_1882,11747.859231691009
000d7d20_1883,11747.881105093706
000d7d20_1884,11747.88878451681
000d7d20_1885,11747.911737087514
000d7d20_1886,11747.9128619974
000d7d20_1887,11747.910007410941
000d7d20_1888,11747.920166759232
000d7d20_1889,11747.91425155271
000d7d20_1890,11747.929124700182
000d7d20_1891,11747.925345652859
000d7d20_1892,11747.936272829167
000d7d20_1893,11747.922326818833
000d7d20_1894,11747.932003495924
000d7d20_1895,11747.928231173126
000d7d20_1896,11747.938126112458
000d7d20_1897,11747.925286709018
000d7d20_1898,11747.91469081745
000d7d20_1899,11747.930869595624
000d7d20_1900,11747.920171661823
000d7d20_1901,11747.929650789896
000d7d20_1902,11747.924136316655
000d7d20_1903,11747.933904049858
000d7d20_1904,11747.919787352537
000d7d20_1905,11747.91810709576
000d7d20_1906,11747.93216077384
000d7d20_1907,11747.92735706498
000d7d20_1908,11747.949979332669
000d7d20_1909,11747.940738057912
000d7d20_1910,11747.939553460279
000d7d20_1911,11747.958403168934
000d7d20_1912,11747.955197338137
000d7d20_1913,11747.957969529565
000d7d20_1914,11747.986878663805
000d7d20_1915,11747.993643865784
000d7d20_1916,11747.9939912203
000d7d20_1917,11748.026813132305
000d7d20_1918,11748.02741005336
000d7d20_1919,11748.035443413934
000d7d20_1920,11748.041224659773
000d7d20_1921,11748.088778772479
000d7d20_1922,11748.090588122144
000d7d20_1923,11748.093447089828
000d7d20_1924,11748.119947593586
000d7d20_1925,11748.115643850768
000d7d20_1926,11748.111355779442
000d7d20_1927,11748.10233666482
000d7d20_1928,11748.133469860382
000d7d20_1929,11748.121958469232
000d7d20_1930,11748.121292025731
000d7d20_1931,11748.164024631702
000d7d20_1932,11748.176809721532
000d7d20_1933,11748.202965150607
000d7d20_1934,11748.24437967914
000d7d20_1935,11748.316561688624
000d7d20_1936,11748.354391398641
000d7d20_1937,11748.396621217811
000d7d20_1938,11748.417040645436
000d7d20_1939,11748.480663529812
000d7d20_1940,11748.50119391857
000d7d20_1941,11748.51423230137
000d7d20_1942,11748.532326289065
000d7d20_1943,11748.604737561329
000d7d20_1944,11748.644563205113
000d7d20_1945,11748.684736054816
000d7d20_1946,11748.739665440677
000d7d20_1947,11748.834182993654
000d7d20_1948,11748.903431434619
000d7d20_1949,11748.96597941983
000d7d20_1950,11749.0356304781
000d7d20_1951,11749.141274802269
000d7d20_1952,11749.208136057072
000d7d20_1953,11749.291307404765
000d7d20_1954,11749.35493665013
000d7d20_1955,11749.422189586698
000d7d20_1956,11749.511114093111
000d7d20_1957,11749.505055186593
000d7d20_1958,11749.443269247067
000d7d20_1959,11749.361413877361
000d7d20_1960,11749.295328260281
000d7d20_1961,11749.19377792665
000d7d20_1962,11749.089697809826
000d7d20_1963,11748.982718178922
000d7d20_1964,11748.900908962862
000d7d20_1965,11748.806320474767
000d7d20_1966,11748.733487703621
000d7d20_1967,11748.678886539055
000d7d20_1968,11748.698608753812
000d7d20_1969,11748.69156149883
000d7d20_1970,11748.679722180685
000d7d20_1971,11748.6823196947
000d7d20_1972,11748.711869120729
000d7d20_1973,11748.701851236223
000d7d20_1974,11748.68678274701
000d7d20_1975,11748.671328780283
000d7d20_1976,11748.68668092268
000d7d20_1977,11748.671066544859
000d7d20_1978,11748.654407987622
000d7d20_1979,11748.645988028307
000d7d20_1980,11748.665915859037
000d7d20_1981,11748.650956666403
000d7d20_1982,11748.63628257624
000d7d20_1983,11748.623546640942
000d7d20_1984,11748.632310372403
000d7d20_1985,11748.611508823758
000d7d20_1986,11748.590411541112
000d7d20_1987,11748.567087903308
000d7d20_1988,11748.573086571338
000d7d20_1989,11748.557331607055
000d7d20_1990,11748.537358869558
000d7d20_1991,11748.524802338676
000d7d20_1992,11748.537002099773
000d7d20_1993,11748.53164695312
000d7d20_1994,11748.525007836595
000d7d20_1995,11748.523652183472
000d7d20_1996,11748.543216125126
000d7d20_1997,11748.535412154046
000d7d20_1998,11748.52564068147
000d7d20_1999,11748.518974760753
000d7d20_2000,11748.533246070569
000d7d20_2001,11748.52763377531
000d7d20_2002,11748.520785765386
000d7d20_2003,11748.523171262783
000d7d20_2004,11748.553573676307
000d7d20_2005,11748.554943412926
000d7d20_2006,11748.569809474362
000d7d20_2007,11748.59361051491
000d7d20_2008,11748.633274509444
000d7d20_2009,11748.657940041701
000d7d20_2010,11748.67178412
000d7d20_2011,11748.692239747876
000d7d20_2012,11748.751272663958
000d7d20_2013,11748.81168893438
000d7d20_2014,11748.87243861697
000d7d20_2015,11748.933998753044
000d7d20_2016,11748.998248841574
000d7d20_2017,11749.095331626111
000d7d20_2018,11749.184360400057
000d7d20_2019,11749.265261043638
000d7d20_2020,11749.335558349212
000d7d20_2021,11749.410522249067
000d7d20_2022,11749.457879822821
000d7d20_2023,11749.49024267021
000d7d20_2024,11749.517189429549
000d7d20_2025,11749.547515356615
000d7d20_2026,11749.526190884746
000d7d20_2027,11749.519411589989
000d7d20_2028,11749.519673987326
000d7d20_2029,11749.526570208138
000d7d20_2030,11749.51110230695
000d7d20_2031,11749.50128159682
000d7d20_2032,11749.48647840623
000d7d20_2033,11749.496819014797
000d7d20_2034,11749.507566312423
000d7d20_2035,11749.512990478557
000d7d20_2036,11749.518987864745
000d7d20_2037,11749.54589987445
000d7d20_2038,11749.557656217128
000d7d20_2039,11749.567063335076
000d7d20_2040,11749.575590474049
000d7d20_2041,11749.584616532582
000d7d20_2042,11749.580441291851
000d7d20_2043,11749.586165522742
000d7d20_2044,11749.584915055493
000d7d20_2045,11749.582338402437
000d7d20_2046,11749.598258294716
000d7d20_2047,11749.590627379983
000d7d20_2048,11749.593103718751
000d7d20_2049,11749.598815681771
000d7d20_2050,11749.611096267672
000d7d20_2051,11749.606230845604
000d7d20_2052,11749.5948608241
000d7d20_2053,11749.578394413997
000d7d20_2054,11749.586976833056
000d7d20_2055,11749.572691122617
000d7d20_2056,11749.565658434876
000d7d20_2057,11749.552454755902
000d7d20_2058,11749.565706179606
000d7d20_2059,11749.562944059722
000d7d20_2060,11749.55894248778
000d7d20_2061,11749.56231727806
000d7d20_2062,11749.57487803913
000d7d20_2063,11749.57657720642
000d7d20_2064,11749.57443214424
000d7d20_2065,11749.569477107689
000d7d20_2066,11749.591424060125
000d7d20_2067,11749.598485898963
000d7d20_2068,11749.597642424927
000d7d20_2069,11749.599060656521
000d7d20_2070,11749.60290203663
000d7d20_2071,11749.639615588478
000d7d20_2072,11749.665430157844
000d7d20_2073,11749.692867144973
000d7d20_2074,11749.730744567796
000d7d20_2075,11749.78345607157
000d7d20_2076,11749.828958974871
000d7d20_2077,11749.865877225298
000d7d20_2078,11749.904232460123
000d7d20_2079,11749.956166151595
000d7d20_2080,11749.976888030758
000d7d20_2081,11750.000951992106
000d7d20_2082,11750.011368787285
000d7d20_2083,11750.036315652715
000d7d20_2084,11750.027945949012
000d7d20_2085,11750.025495848267
000d7d20_2086,11750.024618733984
000d7d20_2087,11750.046130740606
000d7d20_2088,11750.043611085177
000d7d20_2089,11750.047993559985
000d7d20_2090,11750.041726962549
000d7d20_2091,11750.038624198902
000d7d20_2092,11750.061174628501
000d7d20_2093,11750.055892031633
000d7d20_2094,11750.060688424845
000d7d20_2095,11750.060241633026
000d7d20_2096,11750.08400318394
000d7d20_2097,11750.071696311923
000d7d20_2098,11750.059792604303
000d7d20_2099,11750.047851526975
000d7d20_2100,11750.04242499175
000d7d20_2101,11750.010207241603
000d7d20_2102,11749.98133240952
000d7d20_2103,11749.947237759709
000d7d20_2104,11749.93877943248
000d7d20_2105,11749.895214181764
000d7d20_2106,11749.87005631197
000d7d20_2107,11749.844565860185
000d7d20_2108,11749.818983454858
000d7d20_2109,11749.821079165564
000d7d20_2110,11749.835750142447
000d7d20_2111,11749.840058148471
000d7d20_2112,11749.83764353405
000d7d20_2113,11749.867225546532
000d7d20_2114,11749.869975268473
000d7d20_2115,11749.863517506716
000d7d20_2116,11749.857015917312
000d7d20_2117,11749.866172858578
000d7d20_2118,11749.869080252687
000d7d20_2119,11749.863007660775
000d7d20_2120,11749.85581729047
000d7d20_2121,11749.86589058529
000d7d20_2122,11749.880132325114
000d7d20_2123,11749.870109471334
000d7d20_2124,11749.870498594684
000d7d20_2125,11749.870086202282
000d7d20_2126,11749.909617753428
000d7d20_2127,11749.917058259722
000d7d20_2128,11749.914997730344
000d7d20_2129,11749.912653449795
000d7d20_2130,11749.916131349422
000d7d20_2131,11749.925962956546
000d7d20_2132,11749.937802640638
000d7d20_2133,11749.940406835864
000d7d20_2134,11749.950166641978
000d7d20_2135,11749.976685372185
000d7d20_2136,11749.975471438891
000d7d20_2137,11749.96711625382
000d7d20_2138,11749.946960169806
000d7d20_2139,11749.954597874546
000d7d20_2140,11749.939495932022
000d7d20_2141,11749.91455084265
000d7d20_2142,11749.884062502837
000d7d20_2143,11749.863286501242
000d7d20_2144,11749.818333329818
000d7d20_2145,11749.773757851119
000d7d20_2146,11749.746371258962
000d7d20_2147,11749.728058210909
000d7d20_2148,11749.728474538493
000d7d20_2149,11749.707048998145
000d7d20_2150,11749.685843211637
000d7d20_2151,11749.670111989224
000d7d20_2152,11749.668479651862
000d7d20_2153,11749.654616853617
000d7d20_2154,11749.645018062827
000d7d20_2155,11749.63818642466
000d7d20_2156,11749.634756677304
000d7d20_2157,11749.645989216167
000d7d20_2158,11749.635571825836
000d7d20_2159,11749.628468901505
000d7d20_2160,11749.62330156732
000d7d20_2161,11749.635455114385
000d7d20_2162,11749.629224045198
000d7d20_2163,11749.623489858363
000d7d20_2164,11749.61656929089
000d7d20_2165,11749.628633978928
000d7d20_2166,11749.623231317115
000d7d20_2167,11749.618916152514
000d7d20_2168,11749.615482773203
000d7d20_2169,11749.610382063216
000d7d20_2170,11749.621854817167
000d7d20_2171,11749.61508795143
000d7d20_2172,11749.607881407539
000d7d20_2173,11749.602328865018
000d7d20_2174,11749.611852461949
000d7d20_2175,11749.602223995307
000d7d20_2176,11749.593721158046
000d7d20_2177,11749.579561561826
000d7d20_2178,11749.582960257756
000d7d20_2179,11749.573382243492
000d7d20_2180,11749.560559189891
000d7d20_2181,11749.546858155072
000d7d20_2182,11749.526673188378
000d7d20_2183,11749.532373092015
000d7d20_2184,11749.513810127259
000d7d20_2185,11749.49888010878
000d7d20_2186,11749.486188917874
000d7d20_2187,11749.49196345716
000d7d20_2188,11749.479921447995
000d7d20_2189,11749.46832471175
000d7d20_2190,11749.455773904781
000d7d20_2191,11749.465273546333
000d7d20_2192,11749.465208033462
000d7d20_2193,11749.461857616147
000d7d20_2194,11749.459705172954
000d7d20_2195,11749.459311829227
000d7d20_2196,11749.47445864665
000d7d20_2197,11749.471848033114
000d7d20_2198,11749.470180853437
000d7d20_2199,11749.473990827475
000d7d20_2200,11749.487506318314
000d7d20_2201,11749.473850943743
000d7d20_2202,11749.464012771725
000d7d20_2203,11749.460897510246
000d7d20_2204,11749.482032201513
000d7d20_2205,11749.484394922087
000d7d20_2206,11749.489931475107
000d7d20_2207,11749.496084996688
000d7d20_2208,11749.527979132168
000d7d20_2209,11749.539957231218
000d7d20_2210,11749.55329484064
000d7d20_2211,11749.566172671484
000d7d20_2212,11749.573717094434
000d7d20_2213,11749.597176552084
000d7d20_2214,11749.59469108783
000d7d20_2215,11749.587050257585
000d7d20_2216,11749.579342257146
000d7d20_2217,11749.576231203693
000d7d20_2218,11749.566072744918
000d7d20_2219,11749.555393083596
000d7d20_2220,11749.550575124375
000d7d20_2221,11749.558960921324
000d7d20_2222,11749.551421144308
000d7d20_2223,11749.549799002503
000d7d20_2224,11749.543198564827
000d7d20_2225,11749.55435818048
000d7d20_2226,11749.554758472188
000d7d20_2227,11749.551825675762
000d7d20_2228,11749.546171246075
000d7d20_2229,11749.564816479575
000d7d20_2230,11749.559751944442
000d7d20_2231,11749.554007982808
000d7d20_2232,11749.552591487825
000d7d20_2233,11749.564376600645
000d7d20_2234,11749.559304607441
000d7d20_2235,11749.558390356973
000d7d20_2236,11749.555312420254
000d7d20_2237,11749.577818069585
000d7d20_2238,11749.57965733636
000d7d20_2239,11749.583108337909
000d7d20_2240,11749.594509374194
000d7d20_2241,11749.621360060519
000d7d20_2242,11749.639217963344
000d7d20_2243,11749.656876083474
000d7d20_2244,11749.67058740856
000d7d20_2245,11749.701984653651
000d7d20_2246,11749.708535045695
000d7d20_2247,11749.719130635165
000d7d20_2248,11749.71462437235
000d7d20_2249,11749.741108857452
000d7d20_2250,11749.752477023469
000d7d20_2251,11749.772160912218
000d7d20_2252,11749.791041189274
000d7d20_2253,11749.83465428609
000d7d20_2254,11749.850719327784
000d7d20_2255,11749.862354075638
000d7d20_2256,11749.87634062639
000d7d20_2257,11749.89671253081
000d7d20_2258,11749.892693085927
000d7d20_2259,11749.885641649695
000d7d20_2260,11749.876780591896
000d7d20_2261,11749.881365583708
000d7d20_2262,11749.879782524418
000d7d20_2263,11749.874348023644
000d7d20_2264,11749.863051007993
000d7d20_2265,11749.877336663123
000d7d20_2266,11749.877350230774
000d7d20_2267,11749.87739569507
000d7d20_2268,11749.877137903432
000d7d20_2269,11749.89304276126
000d7d20_2270,11749.883105424517
000d7d20_2271,11749.889354420562
000d7d20_2272,11749.889220987681
000d7d20_2273,11749.908281051054
000d7d20_2274,11749.901080097545
000d7d20_2275,11749.894744750076
000d7d20_2276,11749.87819834416
000d7d20_2277,11749.881853983585
000d7d20_2278,11749.859309643633
000d7d20_2279,11749.830245384972
000d7d20_2280,11749.803761734183
000d7d20_2281,11749.80110333833
000d7d20_2282,11749.784019068153
000d7d20_2283,11749.765941938904
000d7d20_2284,11749.747928981007
000d7d20_2285,11749.742967463735
000d7d20_2286,11749.731476197887
000d7d20_2287,11749.708839127095
000d7d20_2288,11749.685554345586
000d7d20_2289,11749.662055838371
000d7d20_2290,11749.621599784692
000d7d20_2291,11749.600715907576
000d7d20_2292,11749.587774864081
000d7d20_2293,11749.608822872777
000d7d20_2294,11749.607583203258
000d7d20_2295,11749.59636912253
000d7d20_2296,11749.600392781205
000d7d20_2297,11749.626400635285
000d7d20_2298,11749.628916831502
000d7d20_2299,11749.624895557155
000d7d20_2300,11749.623278367279
000d7d20_2301,11749.631595344787
000d7d20_2302,11749.619298717858
000d7d20_2303,11749.600999706709
000d7d20_2304,11749.55144352984
000d7d20_2305,11749.490428018817
000d7d20_2306,11749.464093209728
000d7d20_2307,11749.418669797256
000d7d20_2308,11749.376110992016
000d7d20_2309,11749.336447907932
000d7d20_2310,11749.30897153696
000d7d20_2311,11749.267388866652
000d7d20_2312,11749.2250753585
000d7d20_2313,11749.179518032062
000d7d20_2314,11749.146361926374
000d7d20_2315,11749.103662016483
000d7d20_2316,11749.059587726751
000d7d20_2317,11749.009363167446
000d7d20_2318,11748.969629620715
000d7d20_2319,11748.935642348757
000d7d20_2320,11748.897041170598
000d7d20_2321,11748.861850063025
000d7d20_2322,11748.854330930664
000d7d20_2323,11748.810039736898
000d7d20_2324,11748.80061650501
000d7d20_2325,11748.825792485743
000d7d20_2326,11748.884003333791
000d7d20_2327,11748.967181800042
000d7d20_2328,11749.048660574725
000d7d20_2329,11749.157568523526
000d7d20_2330,11749.269136711107
000d7d20_2331,11749.396806792643
000d7d20_2332,11749.505851673342
000d7d20_2333,11749.605472393243
000d7d20_2334,11749.683996768546
000d7d20_2335,11749.769055082212
000d7d20_2336,11749.817886180595
000d7d20_2337,11749.846163582806
000d7d20_2338,11749.856309561797
000d7d20_2339,11749.86737288065
000d7d20_2340,11749.870462007066
000d7d20_2341,11749.878246404143
000d7d20_2342,11749.876506358105
000d7d20_2343,11749.866753322387
000d7d20_2344,11749.885896949445
000d7d20_2345,11749.863787737091
000d7d20_2346,11749.837301723466
000d7d20_2347,11749.81134795344
000d7d20_2348,11749.810326955914
000d7d20_2349,11749.781377690175
000d7d20_2350,11749.750597255843
000d7d20_2351,11749.724768240036
000d7d20_2352,11749.738278277833
000d7d20_2353,11749.716114624422
000d7d20_2354,11749.693380418023
000d7d20_2355,11749.670090322641
000d7d20_2356,11749.68166000519
000d7d20_2357,11749.670471799258
000d7d20_2358,11749.663304688487
000d7d20_2359,11749.640031890282
000d7d20_2360,11749.605004206196
000d7d20_2361,11749.606050376724
000d7d20_2362,11749.559978072059
000d7d20_2363,11749.502654883332
000d7d20_2364,11749.434030756116
000d7d20_2365,11749.393500888436
000d7d20_2366,11749.29652748909
000d7d20_2367,11749.208865526623
000d7d20_2368,11749.123941062007
000d7d20_2369,11749.092056116258
000d7d20_2370,11749.019954558216
000d7d20_2371,11748.955181173384
000d7d20_2372,11748.901152936705
000d7d20_2373,11748.89776077777
000d7d20_2374,11748.854045020042
000d7d20_2375,11748.804364379166
000d7d20_2376,11748.761298221487
000d7d20_2377,11748.720979116013
000d7d20_2378,11748.725106824191
000d7d20_2379,11748.673560153902
000d7d20_2380,11748.629862128088
000d7d20_2381,11748.621579759221
000d7d20_2382,11748.624172961909
000d7d20_2383,11748.604004979741
000d7d20_2384,11748.601261049205
000d7d20_2385,11748.61963616957
000d7d20_2386,11748.70561237491
000d7d20_2387,11748.729776601986
000d7d20_2388,11748.763687298955
000d7d20_2389,11748.765314970442
000d7d20_2390,11748.802671755446
000d7d20_2391,11748.897973953586
000d7d20_2392,11748.92297304951
000d7d20_2393,11748.959391885883
000d7d20_2394,11748.960658583681
000d7d20_2395,11749.006335805665
000d7d20_2396,11749.003235421875
000d7d20_2397,11749.049364525887
000d7d20_2398,11749.053371717158
000d7d20_2399,11749.087741226136
000d7d20_2400,11749.096553881343
000d7d20_2401,11749.111587283276
000d7d20_2402,11749.128732882853
000d7d20_2403,11749.152985080644
000d7d20_2404,11749.197620094586
000d7d20_2405,11749.198704086468
000d7d20_2406,11749.212795945858
000d7d20_2407,11749.218125208417
000d7d20_2408,11749.245041411163
000d7d20_2409,11749.248573613831
000d7d20_2410,11749.26125305472
000d7d20_2411,11749.271731388677
000d7d20_2412,11749.308300273453
000d7d20_2413,11749.315725951732
000d7d20_2414,11749.337583429771
000d7d20_2415,11749.342072051797
000d7d20_2416,11749.349087644208
000d7d20_2417,11749.359266182242
000d7d20_2418,11749.358112714659
000d7d20_2419,11749.350173514327
000d7d20_2420,11749.346602475354
000d7d20_2421,11749.344394953952
000d7d20_2422,11749.342565792163
000d7d20_2423,11749.330550335533
000d7d20_2424,11749.320447840386
000d7d20_2425,11749.307402684892
000d7d20_2426,11749.295125444874
000d7d20_2427,11749.282700574027
000d7d20_2428,11749.274355973044
000d7d20_2429,11749.259446385198
000d7d20_2430,11749.253648571535
000d7d20_2431,11749.237167044648
000d7d20_2432,11749.225565375076
000d7d20_2433,11749.217146581803
000d7d20_2434,11749.202297359521
000d7d20_2435,11749.188752441738
000d7d20_2436,11749.184180018976
000d7d20_2437,11749.171109965091
000d7d20_2438,11749.158109650074
000d7d20_2439,11749.131472436069
000d7d20_2440,11749.117266701633
000d7d20_2441,11749.107162637409
000d7d20_2442,11749.09668011961
000d7d20_2443,11749.088466171741
000d7d20_2444,11749.076355728848
000d7d20_2445,11749.057833738569
000d7d20_2446,11749.04816003276
000d7d20_2447,11749.022800351435
000d7d20_2448,11748.99230830893
000d7d20_2449,11748.959540582415
000d7d20_2450,11748.921014003543
000d7d20_2451,11748.885800462715
000d7d20_2452,11748.848040081833
000d7d20_2453,11748.812783348929
000d7d20_2454,11748.781327438353
000d7d20_2455,11748.742759712331
000d7d20_2456,11748.714306159873
000d7d20_2457,11748.688777547866
000d7d20_2458,11748.660874271274
000d7d20_2459,11748.626385809932
000d7d20_2460,11748.59159843744
000d7d20_2461,11748.561577567849
000d7d20_2462,11748.52596032088
000d7d20_2463,11748.488418849376
000d7d20_2464,11748.466099942596
000d7d20_2465,11748.440449224472
000d7d20_2466,11748.417393805525
000d7d20_2467,11748.384760877905
000d7d20_2468,11748.337131279659
000d7d20_2469,11748.301990850023
000d7d20_2470,11748.273807521007
000d7d20_2471,11748.259875127753
000d7d20_2472,11748.244079146369
000d7d20_2473,11748.235787923684
000d7d20_2474,11748.224291933622
000d7d20_2475,11748.215410765897
000d7d20_2476,11748.222546011431
000d7d20_2477,11748.218165302787
000d7d20_2478,11748.19777349824
000d7d20_2479,11748.178982776426
000d7d20_2480,11748.153888355653
000d7d20_2481,11748.133668507566
000d7d20_2482,11748.097652668315
000d7d20_2483,11748.077335620781
000d7d20_2484,11748.050130276073
000d7d20_2485,11748.028830965686
000d7d20_2486,11748.007446007745
000d7d20_2487,11747.981395415607
000d7d20_2488,11747.961257471867
000d7d20_2489,11747.957149278305
000d7d20_2490,11747.941407679064
000d7d20_2491,11747.915907017901
000d7d20_2492,11747.895903460807
000d7d20_2493,11747.891386103078
000d7d20_2494,11747.877976461503
000d7d20_2495,11747.86415215442
000d7d20_2496,11747.848930749095
000d7d20_2497,11747.845013735778
000d7d20_2498,11747.830613472655
000d7d20_2499,11747.818632496705
000d7d20_2500,11747.809697189034
000d7d20_2501,11747.794579192452
000d7d20_2502,11747.785165770942
000d7d20_2503,11747.766604679917
000d7d20_2504,11747.744906479275
000d7d20_2505,11747.722169155653
000d7d20_2506,11747.71633760136
000d7d20_2507,11747.69897435663
000d7d20_2508,11747.675647666369
000d7d20_2509,11747.652477033043
000d7d20_2510,11747.655254595986
000d7d20_2511,11747.637510517474
000d7d20_2512,11747.628035546299
000d7d20_2513,11747.614209954583
000d7d20_2514,11747.622200706457
000d7d20_2515,11747.603549415437
000d7d20_2516,11747.591129354643
000d7d20_2517,11747.57302357044
000d7d20_2518,11747.582324687286
000d7d20_2519,11747.580347560595
000d7d20_2520,11747.567213072372
000d7d20_2521,11747.553868979392
000d7d20_2522,11747.563070156772
000d7d20_2523,11747.556294497223
000d7d20_2524,11747.553441290866
000d7d20_2525,11747.55368750221
000d7d20_2526,11747.571062719659
000d7d20_2527,11747.577883682012
000d7d20_2528,11747.584376550507
000d7d20_2529,11747.589367189303
000d7d20_2530,11747.60955823159
000d7d20_2531,11747.610292876718
000d7d20_2532,11747.616915858789
000d7d20_2533,11747.616772572477
000d7d20_2534,11747.636138931333
000d7d20_2535,11747.62999562041
000d7d20_2536,11747.622873493861
000d7d20_2537,11747.612389994341
000d7d20_2538,11747.626890325417
000d7d20_2539,11747.615344273463
000d7d20_2540,11747.605117632162
000d7d20_2541,11747.594377826177
000d7d20_2542,11747.609432842968
000d7d20_2543,11747.599345688988
000d7d20_2544,11747.58993348268
000d7d20_2545,11747.585704730795
000d7d20_2546,11747.596018115511
000d7d20_2547,11747.587430243939
000d7d20_2548,11747.58533888697
000d7d20_2549,11747.57789385194
000d7d20_2550,11747.60226883473
000d7d20_2551,11747.594904457561
000d7d20_2552,11747.588907847268
000d7d20_2553,11747.588191617437
000d7d20_2554,11747.607462035674
000d7d20_2555,11747.60775421321
000d7d20_2556,11747.595394598206
000d7d20_2557,11747.59570068804
000d7d20_2558,11747.62133440973
000d7d20_2559,11747.631854124878
000d7d20_2560,11747.640452125755
000d7d20_2561,11747.656624205954
000d7d20_2562,11747.69517784029
000d7d20_2563,11747.719233510712
000d7d20_2564,11747.736749772414
000d7d20_2565,11747.769578279382
000d7d20_2566,11747.784876400096
000d7d20_2567,11747.794853145613
000d7d20_2568,11747.81059302063
000d7d20_2569,11747.858692153433
000d7d20_2570,11747.868585040182
000d7d20_2571,11747.878866328156
000d7d20_2572,11747.88311106019
000d7d20_2573,11747.916612298526
000d7d20_2574,11747.928363067798
000d7d20_2575,11747.938216539105
000d7d20_2576,11747.939344344815
000d7d20_2577,11747.96967883806
000d7d20_2578,11747.971859762318
000d7d20_2579,11747.96751429121
000d7d20_2580,11747.958668986264
000d7d20_2581,11747.968278413917
000d7d20_2582,11747.959634043513
000d7d20_2583,11747.952901237522
000d7d20_2584,11747.947269465712
000d7d20_2585,11747.969258953302
000d7d20_2586,11747.974799401725
000d7d20_2587,11747.970537168485
000d7d20_2588,11747.962609278728
000d7d20_2589,11747.977440620723
000d7d20_2590,11747.974424781365
000d7d20_2591,11747.965645625702
000d7d20_2592,11747.955362593693
000d7d20_2593,11747.965199640059
000d7d20_2594,11747.939998952977
000d7d20_2595,11747.919320514551
000d7d20_2596,11747.898349608198
000d7d20_2597,11747.904243120653
000d7d20_2598,11747.883430547236
000d7d20_2599,11747.866754245297
000d7d20_2600,11747.861556718719
000d7d20_2601,11747.869149456219
000d7d20_2602,11747.859569968901
000d7d20_2603,11747.845344232257
000d7d20_2604,11747.841833913713
000d7d20_2605,11747.860980366975
000d7d20_2606,11747.86358330618
000d7d20_2607,11747.861252662862
000d7d20_2608,11747.874878947077
000d7d20_2609,11747.86931291232
000d7d20_2610,11747.865262079336
000d7d20_2611,11747.866332344613
000d7d20_2612,11747.89295220184
000d7d20_2613,11747.887401329726
000d7d20_2614,11747.882952286607
000d7d20_2615,11747.876107094993
000d7d20_2616,11747.893560097908
000d7d20_2617,11747.896424437866
000d7d20_2618,11747.89308249707
000d7d20_2619,11747.892030829762
000d7d20_2620,11747.919225167318
000d7d20_2621,11747.915557266728
000d7d20_2622,11747.91102289103
000d7d20_2623,11747.909123383743
000d7d20_2624,11747.927149658271
000d7d20_2625,11747.920539193907
000d7d20_2626,11747.921949722702
000d7d20_2627,11747.921349443579
000d7d20_2628,11747.949535995995
000d7d20_2629,11747.945076622489
000d7d20_2630,11747.938814276296
000d7d20_2631,11747.93723233199
000d7d20_2632,11747.953470610928
000d7d20_2633,11747.951236843344
000d7d20_2634,11747.943449680193
000d7d20_2635,11747.936173871454
000d7d20_2636,11747.958792982003
000d7d20_2637,11747.95246889488
000d7d20_2638,11747.952082771451
000d7d20_2639,11747.94521140796
000d7d20_2640,11747.961366731599
000d7d20_2641,11747.960442799636
000d7d20_2642,11747.956499003116
000d7d20_2643,11747.95190885894
000d7d20_2644,11747.978976856333
000d7d20_2645,11747.975927783335
000d7d20_2646,11747.972712207487
000d7d20_2647,11747.968893378014
000d7d20_2648,11747.99520803338
000d7d20_2649,11747.990525427072
000d7d20_2650,11747.986467272658
000d7d20_2651,11747.986673511148
000d7d20_2652,11748.006278253475
000d7d20_2653,11748.002051713062
000d7d20_2654,11747.998076510965
000d7d20_2655,11747.99784212838
000d7d20_2656,11748.018971000789
000d7d20_2657,11748.019357752863
000d7d20_2658,11748.018424142949
000d7d20_2659,11748.018158712093
000d7d20_2660,11748.045485872326
000d7d20_2661,11748.042501183614
000d7d20_2662,11748.040315894013
000d7d20_2663,11748.035035384753
000d7d20_2664,11748.05459324972
000d7d20_2665,11748.056641190451
000d7d20_2666,11748.059950608455
000d7d20_2667,11748.060360575993
000d7d20_2668,11748.088280795004
000d7d20_2669,11748.106120524018
000d7d20_2670,11748.11958964832
000d7d20_2671,11748.13529310876
000d7d20_2672,11748.173644212115
000d7d20_2673,11748.197552814345
000d7d20_2674,11748.21098499823
000d7d20_2675,11748.219389144615
000d7d20_2676,11748.23808113634
000d7d20_2677,11748.234250649863
000d7d20_2678,11748.235691896425
000d7d20_2679,11748.232868763807
000d7d20_2680,11748.257114673246
000d7d20_2681,11748.265534173432
000d7d20_2682,11748.271030051432
000d7d20_2683,11748.278313980303
000d7d20_2684,11748.30693927394
000d7d20_2685,11748.318712879962
000d7d20_2686,11748.331055498862
000d7d20_2687,11748.341806682569
000d7d20_2688,11748.367024598236
000d7d20_2689,11748.374108919437
000d7d20_2690,11748.377226400256
000d7d20_2691,11748.382214048112
000d7d20_2692,11748.3579619855
000d7d20_2693,11748.339093880739
000d7d20_2694,11748.322994020318
000d7d20_2695,11748.317570977506
000d7d20_2696,11748.297625373389
000d7d20_2697,11748.273956261934
000d7d20_2698,11748.252954472453
000d7d20_2699,11748.24562107152
000d7d20_2700,11748.231981752635
000d7d20_2701,11748.21336495036
000d7d20_2702,11748.202404652546
000d7d20_2703,11748.204860641952
000d7d20_2704,11748.19432314369
000d7d20_2705,11748.19047510299
000d7d20_2706,11748.200422921871
000d7d20_2707,11748.205524324634
000d7d20_2708,11748.214905033661
000d7d20_2709,11748.227034310059
000d7d20_2710,11748.262980604371
000d7d20_2711,11748.292952045302
000d7d20_2712,11748.333723643482
000d7d20_2713,11748.342601765667
000d7d20_2714,11748.360146449859
000d7d20_2715,11748.37614510772
000d7d20_2716,11748.397601647237
000d7d20_2717,11748.424750352006
000d7d20_2718,11748.439168905383
000d7d20_2719,11748.440171630526
000d7d20_2720,11748.442009838729
000d7d20_2721,11748.457109209752
000d7d20_2722,11748.454997694176
000d7d20_2723,11748.43931619315
000d7d20_2724,11748.436965573648
000d7d20_2725,11748.445751637737
000d7d20_2726,11748.454474659951
000d7d20_2727,11748.480185181455
000d7d20_2728,11748.523618431853
000d7d20_2729,11748.551946312116
000d7d20_2730,11748.593896677532
000d7d20_2731,11748.650497253187
000d7d20_2732,11748.710961761391
000d7d20_2733,11748.756041355056
000d7d20_2734,11748.778505444036
000d7d20_2735,11748.801437746935
000d7d20_2736,11748.818504652449
000d7d20_2737,11748.82555712468
000d7d20_2738,11748.825197628988
000d7d20_2739,11748.83032806377
000d7d20_2740,11748.842409664438
000d7d20_2741,11748.860579582959
000d7d20_2742,11748.917037147792
000d7d20_2743,11748.963096418736
000d7d20_2744,11749.013425133395
000d7d20_2745,11749.059912897916
000d7d20_2746,11749.13217729307
000d7d20_2747,11749.1876775505
000d7d20_2748,11749.24546480518
000d7d20_2749,11749.285793663164
000d7d20_2750,11749.324290582917
000d7d20_2751,11749.349338735035
000d7d20_2752,11749.364227934622
000d7d20_2753,11749.372531294752
000d7d20_2754,11749.381374077884
000d7d20_2755,11749.3917633338
000d7d20_2756,11749.403332506387
000d7d20_2757,11749.431082670633
000d7d20_2758,11749.442942038146
000d7d20_2759,11749.456600925947
000d7d20_2760,11749.481195991542
000d7d20_2761,11749.487067251664
000d7d20_2762,11749.488087286489
000d7d20_2763,11749.49199861084
000d7d20_2764,11749.506628761244
000d7d20_2765,11749.508151098285
000d7d20_2766,11749.506250462897
000d7d20_2767,11749.517585398378
000d7d20_2768,11749.522638855398
000d7d20_2769,11749.531716686488
000d7d20_2770,11749.537899556755
000d7d20_2771,11749.545712693021
000d7d20_2772,11749.550407727675
000d7d20_2773,11749.547610166905
000d7d20_2774,11749.55316119653
000d7d20_2775,11749.544874755331
000d7d20_2776,11749.531552155919
000d7d20_2777,11749.508578925946
000d7d20_2778,11749.491611742425
000d7d20_2779,11749.462426587983
000d7d20_2780,11749.429219010155
000d7d20_2781,11749.397709357709
000d7d20_2782,11749.36969675413
000d7d20_2783,11749.34573851555
000d7d20_2784,11749.327119186222
000d7d20_2785,11749.305022809996
000d7d20_2786,11749.280627851003
000d7d20_2787,11749.261112932374
000d7d20_2788,11749.244550768692
000d7d20_2789,11749.22901216665
000d7d20_2790,11749.214394742721
000d7d20_2791,11749.204643493387
000d7d20_2792,11749.19909255473
000d7d20_2793,11749.187362130975
000d7d20_2794,11749.172314310272
000d7d20_2795,11749.14377134896
000d7d20_2796,11749.125865230995
000d7d20_2797,11749.109714806498
000d7d20_2798,11749.094133577415
000d7d20_2799,11749.077535875786
000d7d20_2800,11749.068163311995
000d7d20_2801,11749.061926556285
000d7d20_2802,11749.054700794542
000d7d20_2803,11749.040864774352
000d7d20_2804,11749.031740591601
000d7d20_2805,11749.018980922046
000d7d20_2806,11748.999817634118
000d7d20_2807,11748.981177347732
000d7d20_2808,11748.966894459203
000d7d20_2809,11748.942079414843
000d7d20_2810,11748.924471468905
000d7d20_2811,11748.9070354099
000d7d20_2812,11748.900459193874
000d7d20_2813,11748.880846371474
000d7d20_2814,11748.85516553092
000d7d20_2815,11748.840947104858
000d7d20_2816,11748.819912276133
000d7d20_2817,11748.809860774983
000d7d20_2818,11748.790020687873
000d7d20_2819,11748.769217310788
000d7d20_2820,11748.742685533187
000d7d20_2821,11748.719025850178
000d7d20_2822,11748.68444843638
000d7d20_2823,11748.66122646207
000d7d20_2824,11748.639850852298
000d7d20_2825,11748.628347891157
000d7d20_2826,11748.616763765365
000d7d20_2827,11748.610769654972
000d7d20_2828,11748.5973369212
000d7d20_2829,11748.59097502766
000d7d20_2830,11748.57794870688
000d7d20_2831,11748.564191388181
000d7d20_2832,11748.554856977598
000d7d20_2833,11748.543235054622
000d7d20_2834,11748.535349309386
000d7d20_2835,11748.522378200323
000d7d20_2836,11748.513216418074
000d7d20_2837,11748.500618250528
000d7d20_2838,11748.49727680823
000d7d20_2839,11748.48587178705
000d7d20_2840,11748.474986002842
000d7d20_2841,11748.469702724808
000d7d20_2842,11748.460141525376
000d7d20_2843,11748.45424111904
000d7d20_2844,11748.441197441747
000d7d20_2845,11748.438996161827
000d7d20_2846,11748.426615442866
000d7d20_2847,11748.41415224467
000d7d20_2848,11748.419078513938
000d7d20_2849,11748.411392288308
000d7d20_2850,11748.402997411262
000d7d20_2851,11748.400530411911
000d7d20_2852,11748.399597841468
000d7d20_2853,11748.395862710171
000d7d20_2854,11748.380949618413
000d7d20_2855,11748.379106892482
000d7d20_2856,11748.372956894314
000d7d20_2857,11748.359822621198
000d7d20_2858,11748.347592222362
000d7d20_2859,11748.354276808177
000d7d20_2860,11748.33886707305
000d7d20_2861,11748.333376556975
000d7d20_2862,11748.324590107735
000d7d20_2863,11748.331430715458
000d7d20_2864,11748.326214371738
000d7d20_2865,11748.312214034015
000d7d20_2866,11748.305747308843
000d7d20_2867,11748.290370672956
000d7d20_2868,11748.269756465928
000d7d20_2869,11748.253563360971
000d7d20_2870,11748.259707672156
000d7d20_2871,11748.246772720404
000d7d20_2872,11748.234015180113
000d7d20_2873,11748.222592471984
000d7d20_2874,11748.23644899006
000d7d20_2875,11748.229690450296
000d7d20_2876,11748.224291535129
000d7d20_2877,11748.225588238009
000d7d20_2878,11748.219558523626
000d7d20_2879,11748.230128618645
000d7d20_2880,11748.220092844389
000d7d20_2881,11748.210516423394
000d7d20_2882,11748.190022718169
000d7d20_2883,11748.187989491034
000d7d20_2884,11748.176685870225
000d7d20_2885,11748.162036657925
000d7d20_2886,11748.147958686808
000d7d20_2887,11748.152618751328
000d7d20_2888,11748.144875984533
000d7d20_2889,11748.13075442884
000d7d20_2890,11748.115778372661
000d7d20_2891,11748.115991247545
000d7d20_2892,11748.108113082264
000d7d20_2893,11748.090576727054
000d7d20_2894,11748.078648373456
000d7d20_2895,11748.090914740593
000d7d20_2896,11748.08811427921
000d7d20_2897,11748.09037815559
000d7d20_2898,11748.085647007236
000d7d20_2899,11748.096528131337
000d7d20_2900,11748.087768536145
000d7d20_2901,11748.083494424129
000d7d20_2902,11748.0721357393
000d7d20_2903,11748.077944526933
000d7d20_2904,11748.06205579894
000d7d20_2905,11748.042180225406
000d7d20_2906,11748.018764306544
000d7d20_2907,11748.01821714565
000d7d20_2908,11747.998606357445
000d7d20_2909,11747.980018606038
000d7d20_2910,11747.961190465927
000d7d20_2911,11747.96364010262
000d7d20_2912,11747.954261119932
000d7d20_2913,11747.939512471585
000d7d20_2914,11747.925890481507
000d7d20_2915,11747.930721851848
000d7d20_2916,11747.915295444169
000d7d20_2917,11747.905643383538
000d7d20_2918,11747.893357810384
000d7d20_2919,11747.900123040537
000d7d20_2920,11747.884043650378
000d7d20_2921,11747.868779786832
000d7d20_2922,11747.8503950603
000d7d20_2923,11747.833226061239
000d7d20_2924,11747.841964437946
000d7d20_2925,11747.827163150212
000d7d20_2926,11747.808442381973
000d7d20_2927,11747.794872638322
000d7d20_2928,11747.792408946016
000d7d20_2929,11747.779759815814
000d7d20_2930,11747.766567165054
000d7d20_2931,11747.760744179861
000d7d20_2932,11747.768481418843
000d7d20_2933,11747.76177869414
000d7d20_2934,11747.74767851269
000d7d20_2935,11747.738475990851
000d7d20_2936,11747.738980493477
000d7d20_2937,11747.723041060543
000d7d20_2938,11747.70166356556
000d7d20_2939,11747.684729091625
000d7d20_2940,11747.678021140098
000d7d20_2941,11747.660229876832
000d7d20_2942,11747.645808371939
000d7d20_2943,11747.638785474173
000d7d20_2944,11747.648918188239
000d7d20_2945,11747.649048891004
000d7d20_2946,11747.6503094437
000d7d20_2947,11747.65300635713
000d7d20_2948,11747.682996750571
000d7d20_2949,11747.689573476884
000d7d20_2950,11747.691431659745
000d7d20_2951,11747.684642173526
000d7d20_2952,11747.701732954141
000d7d20_2953,11747.695701470706
000d7d20_2954,11747.67987385775
000d7d20_2955,11747.669918448513
000d7d20_2956,11747.654398383958
000d7d20_2957,11747.653502538747
000d7d20_2958,11747.63427596979
000d7d20_2959,11747.611566879099
000d7d20_2960,11747.59821315232
000d7d20_2961,11747.602931560818
000d7d20_2962,11747.59037236337
000d7d20_2963,11747.579431049517
000d7d20_2964,11747.5638708166
000d7d20_2965,11747.573865264654
000d7d20_2966,11747.556123785303
000d7d20_2967,11747.55024688475
000d7d20_2968,11747.537629262693
000d7d20_2969,11747.538415670862
000d7d20_2970,11747.522875480103
000d7d20_2971,11747.508233765693
000d7d20_2972,11747.49289038012
000d7d20_2973,11747.49395293032
000d7d20_2974,11747.487250916809
000d7d20_2975,11747.476263179935
000d7d20_2976,11747.466768682983
000d7d20_2977,11747.47191702866
000d7d20_2978,11747.463505712396
000d7d20_2979,11747.461374085477
000d7d20_2980,11747.4572443016
000d7d20_2981,11747.452892231775
000d7d20_2982,11747.464601201335
000d7d20_2983,11747.4572495459
000d7d20_2984,11747.45030549621
000d7d20_2985,11747.448043161103
000d7d20_2986,11747.451199764215
000d7d20_2987,11747.442342002741
000d7d20_2988,11747.437179554434
000d7d20_2989,11747.426143327271
000d7d20_2990,11747.4275727725
000d7d20_2991,11747.412923377196
000d7d20_2992,11747.403942852066
000d7d20_2993,11747.388158783431
000d7d20_2994,11747.38478953404
000d7d20_2995,11747.367251338084
000d7d20_2996,11747.356795471798
000d7d20_2997,11747.341278534595
000d7d20_2998,11747.337242512996
000d7d20_2999,11747.329970936802
000d7d20_3000,11747.319655058373
000d7d20_3001,11747.318011782298
000d7d20_3002,11747.320053343461
000d7d20_3003,11747.32021325767
000d7d20_3004,11747.321980401628
000d7d20_3005,11747.324452085664
000d7d20_3006,11747.319003273493
000d7d20_3007,11747.319291833592
000d7d20_3008,11747.31730828727
000d7d20_3009,11747.311946711368
000d7d20_3010,11747.311556648554
000d7d20_3011,11747.31211063007
000d7d20_3012,11747.313795028786
000d7d20_3013,11747.311613268148
000d7d20_3014,11747.315586717334
000d7d20_3015,11747.320321470703
000d7d20_3016,11747.319590718598
000d7d20_3017,11747.324923395694
000d7d20_3018,11747.331706303994
000d7d20_3019,11747.330403018344
000d7d20_3020,11747.337363760002
000d7d20_3021,11747.33796117463
000d7d20_3022,11747.343790152447
000d7d20_3023,11747.346749541803
000d7d20_3024,11747.343704447838
000d7d20_3025,11747.341582264395
000d7d20_3026,11747.336390350456
000d7d20_3027,11747.338614351645
000d7d20_3028,11747.345609632033
000d7d20_3029,11747.35280214191
000d7d20_3030,11747.368362528823
000d7d20_3031,11747.382927778375
000d7d20_3032,11747.403490172055
000d7d20_3033,11747.41656147326
000d7d20_3034,11747.428617667883
000d7d20_3035,11747.43533640557
000d7d20_3036,11747.445623100073
000d7d20_3037,11747.448101191712
000d7d20_3038,11747.452596706995
000d7d20_3039,11747.451170185597
000d7d20_3040,11747.446880313257
000d7d20_3041,11747.430696184394
000d7d20_3042,11747.427063315556
000d7d20_3043,11747.417639500498
000d7d20_3044,11747.412524508043
000d7d20_3045,11747.401569042664
000d7d20_3046,11747.38855609165
000d7d20_3047,11747.363494705385
000d7d20_3048,11747.34090335793
000d7d20_3049,11747.329680052093
000d7d20_3050,11747.317731435887
000d7d20_3051,11747.309593355438
000d7d20_3052,11747.290277124534
000d7d20_3053,11747.274939067509
000d7d20_3054,11747.266504013329
000d7d20_3055,11747.260853015903
000d7d20_3056,11747.254427157108
000d7d20_3057,11747.241520581369
000d7d20_3058,11747.230236851929
000d7d20_3059,11747.225557711734
000d7d20_3060,11747.21187954909
000d7d20_3061,11747.195121141976
000d7d20_3062,11747.179977837175
000d7d20_3063,11747.151718873152
000d7d20_3064,11747.130144168654
000d7d20_3065,11747.123253799085
000d7d20_3066,11747.113862782808
000d7d20_3067,11747.107535218214
000d7d20_3068,11747.103118771694
000d7d20_3069,11747.106113771464
000d7d20_3070,11747.105642873852
000d7d20_3071,11747.107372915627
000d7d20_3072,11747.1087881164
000d7d20_3073,11747.113614989532
000d7d20_3074,11747.109619117056
000d7d20_3075,11747.107038897111
000d7d20_3076,11747.108080496639
000d7d20_3077,11747.112394750064
000d7d20_3078,11747.110576238558
000d7d20_3079,11747.106929986738
000d7d20_3080,11747.113792339947
000d7d20_3081,11747.11920851366
000d7d20_3082,11747.12362640744
000d7d20_3083,11747.134288613592
000d7d20_3084,11747.141940961112
000d7d20_3085,11747.14175573773
000d7d20_3086,11747.147644591501
000d7d20_3087,11747.16421870156
000d7d20_3088,11747.183261394744
000d7d20_3089,11747.189640576076
000d7d20_3090,11747.188525208252
000d7d20_3091,11747.191840314314
000d7d20_3092,11747.1917462245
000d7d20_3093,11747.194257220683
000d7d20_3094,11747.19153767656
000d7d20_3095,11747.188639781425
000d7d20_3096,11747.177665620204
000d7d20_3097,11747.165841651395
000d7d20_3098,11747.156076016545
000d7d20_3099,11747.156489081457
000d7d20_3100,11747.152317326032
000d7d20_3101,11747.149368545855
000d7d20_3102,11747.158283809782
000d7d20_3103,11747.190467034998
000d7d20_3104,11747.2141636819
000d7d20_3105,11747.23887317337
000d7d20_3106,11747.261267721202
000d7d20_3107,11747.294738150322
000d7d20_3108,11747.319471681762
000d7d20_3109,11747.350224524613
000d7d20_3110,11747.38193530401
000d7d20_3111,11747.426535513554
000d7d20_3112,11747.46451474999
000d7d20_3113,11747.492102892804
000d7d20_3114,11747.514005986692
000d7d20_3115,11747.536579712138
000d7d20_3116,11747.55409499671
000d7d20_3117,11747.572771040155
000d7d20_3118,11747.604371147387
000d7d20_3119,11747.642714330648
000d7d20_3120,11747.66858139079
000d7d20_3121,11747.68762556729
000d7d20_3122,11747.714744281791
000d7d20_3123,11747.750471777883
000d7d20_3124,11747.793714790394
000d7d20_3125,11747.823743341527
000d7d20_3126,11747.848773745245
000d7d20_3127,11747.871138829998
000d7d20_3128,11747.889743517933
000d7d20_3129,11747.909260105062
000d7d20_3130,11747.936070647867
000d7d20_3131,11747.944757262952
000d7d20_3132,11747.940757058499
000d7d20_3133,11747.940438217529
000d7d20_3134,11747.949489812589
000d7d20_3135,11747.956789670552
000d7d20_3136,11747.947652770195
000d7d20_3137,11747.92717865769
000d7d20_3138,11747.9133907423
000d7d20_3139,11747.89840312652
000d7d20_3140,11747.890401803492
000d7d20_3141,11747.893289195841
000d7d20_3142,11747.903080882692
000d7d20_3143,11747.897315571116
000d7d20_3144,11747.886518205121
000d7d20_3145,11747.883960650775
000d7d20_3146,11747.885014757358
000d7d20_3147,11747.876258951184
000d7d20_3148,11747.869731865867
000d7d20_3149,11747.865055436958
000d7d20_3150,11747.871232029154
000d7d20_3151,11747.882961898691
000d7d20_3152,11747.907788101875
000d7d20_3153,11747.932672733148
000d7d20_3154,11747.95572749542
000d7d20_3155,11747.964327074806
000d7d20_3156,11747.972181730162
000d7d20_3157,11747.980144376463
000d7d20_3158,11747.986259939304
000d7d20_3159,11747.99754462402
000d7d20_3160,11748.001707799429
000d7d20_3161,11747.997539481572
000d7d20_3162,11747.990677509964
000d7d20_3163,11747.991114061637
000d7d20_3164,11747.977674370917
000d7d20_3165,11747.964666304553
000d7d20_3166,11747.950614011515
000d7d20_3167,11747.95780210974
000d7d20_3168,11747.947128271873
000d7d20_3169,11747.934134937928
000d7d20_3170,11747.919584313811
000d7d20_3171,11747.913710167804
000d7d20_3172,11747.896400459815
000d7d20_3173,11747.888803164611
000d7d20_3174,11747.876804582482
000d7d20_3175,11747.876914032131
000d7d20_3176,11747.867908682489
000d7d20_3177,11747.853073293181
000d7d20_3178,11747.839674305324
000d7d20_3179,11747.840858424674
000d7d20_3180,11747.832425806988
000d7d20_3181,11747.829231455537
000d7d20_3182,11747.817196019842
000d7d20_3183,11747.806876525301
000d7d20_3184,11747.774382964311
000d7d20_3185,11747.747385795223
000d7d20_3186,11747.73188545304
000d7d20_3187,11747.732924145255
000d7d20_3188,11747.718554673273
000d7d20_3189,11747.6974234813
000d7d20_3190,11747.68363783439
000d7d20_3191,11747.675224149334
000d7d20_3192,11747.658474361584
000d7d20_3193,11747.638091947818
000d7d20_3194,11747.62084033668
000d7d20_3195,11747.609566125633
000d7d20_3196,11747.596687229743
000d7d20_3197,11747.582523106823
000d7d20_3198,11747.577299539502
000d7d20_3199,11747.580534190767
000d7d20_3200,11747.591083209018
000d7d20_3201,11747.592459841573
000d7d20_3202,11747.606151380074
000d7d20_3203,11747.616721757575
000d7d20_3204,11747.639424323716
000d7d20_3205,11747.657016335215
000d7d20_3206,11747.6662869805
000d7d20_3207,11747.670003469035
000d7d20_3208,11747.682637823977
000d7d20_3209,11747.674689683165
000d7d20_3210,11747.661231168027
000d7d20_3211,11747.652433982985
000d7d20_3212,11747.644788421803
000d7d20_3213,11747.642347644365
000d7d20_3214,11747.634267123369
000d7d20_3215,11747.631761423036
000d7d20_3216,11747.630277370508
000d7d20_3217,11747.625493921674
000d7d20_3218,11747.61536624488
000d7d20_3219,11747.607582606055
000d7d20_3220,11747.605897295525
000d7d20_3221,11747.591952329603
000d7d20_3222,11747.58415017213
000d7d20_3223,11747.57030276219
000d7d20_3224,11747.561677462843
000d7d20_3225,11747.54466693557
000d7d20_3226,11747.522732506752
000d7d20_3227,11747.505904216758
000d7d20_3228,11747.4942703931
000d7d20_3229,11747.473066440461
000d7d20_3230,11747.45805674203
000d7d20_3231,11747.442700933601
000d7d20_3232,11747.428429507152
000d7d20_3233,11747.40560944454
000d7d20_3234,11747.390717796063
000d7d20_3235,11747.37683207922
000d7d20_3236,11747.365029970619
000d7d20_3237,11747.346278281917
000d7d20_3238,11747.324534598096
000d7d20_3239,11747.309425298341
000d7d20_3240,11747.291358884895
000d7d20_3241,11747.27977363003
000d7d20_3242,11747.274167837175
000d7d20_3243,11747.2722573843
000d7d20_3244,11747.270565357889
000d7d20_3245,11747.276486186032
000d7d20_3246,11747.2840006416
000d7d20_3247,11747.285637533172
000d7d20_3248,11747.280076664827
000d7d20_3249,11747.270572202051
000d7d20_3250,11747.255606145545
000d7d20_3251,11747.238509146473
000d7d20_3252,11747.212343563331
000d7d20_3253,11747.18848297353
000d7d20_3254,11747.178163910292
000d7d20_3255,11747.178914633649
000d7d20_3256,11747.170422542931
000d7d20_3257,11747.166661810088
000d7d20_3258,11747.16089856709
000d7d20_3259,11747.152983718657
000d7d20_3260,11747.141790299225
000d7d20_3261,11747.131218564304
000d7d20_3262,11747.120450072422
000d7d20_3263,11747.103022003608
000d7d20_3264,11747.094308134003
000d7d20_3265,11747.090138310885
000d7d20_3266,11747.081073868454
000d7d20_3267,11747.066318998515
000d7d20_3268,11747.060176944437
000d7d20_3269,11747.060682478244
000d7d20_3270,11747.054087254804
000d7d20_3271,11747.040941986776
000d7d20_3272,11747.037747184213
000d7d20_3273,11747.027694679598
000d7d20_3274,11747.01666010974
000d7d20_3275,11747.007243799733
000d7d20_3276,11746.995764602056
000d7d20_3277,11746.992804447991
000d7d20_3278,11746.983365906135
000d7d20_3279,11746.985556534184
000d7d20_3280,11746.983822313578
000d7d20_3281,11746.97823061263
000d7d20_3282,11746.973556150917
000d7d20_3283,11746.957455621327
000d7d20_3284,11746.957535109228
000d7d20_3285,11746.960977242106
000d7d20_3286,11746.969865596413
000d7d20_3287,11746.987535958611
000d7d20_3288,11747.004209223227
000d7d20_3289,11747.02886327975
000d7d20_3290,11747.055862155556
000d7d20_3291,11747.088085918243
000d7d20_3292,11747.123477820125
000d7d20_3293,11747.155521561826
000d7d20_3294,11747.191449439677
000d7d20_3295,11747.209281361711
000d7d20_3296,11747.230759360857
000d7d20_3297,11747.249037752019
000d7d20_3298,11747.259666558224
000d7d20_3299,11747.261138959062
000d7d20_3300,11747.268346316157
000d7d20_3301,11747.286051081783
000d7d20_3302,11747.294762829095
000d7d20_3303,11747.301695803117
000d7d20_3304,11747.315421566784
000d7d20_3305,11747.328786486743
000d7d20_3306,11747.327768551268
000d7d20_3307,11747.33268397615
000d7d20_3308,11747.332632532463
000d7d20_3309,11747.341155388933
000d7d20_3310,11747.331125568066
000d7d20_3311,11747.33268096143
000d7d20_3312,11747.330329371765
000d7d20_3313,11747.341507959478
000d7d20_3314,11747.343637311002
000d7d20_3315,11747.346983748665
000d7d20_3316,11747.367951625862
000d7d20_3317,11747.369659415088
000d7d20_3318,11747.375159267754
000d7d20_3319,11747.37906211015
000d7d20_3320,11747.404096010972
000d7d20_3321,11747.42183993999
000d7d20_3322,11747.44249198994
000d7d20_3323,11747.466813111889
000d7d20_3324,11747.502504337068
000d7d20_3325,11747.520123040778
000d7d20_3326,11747.528225702164
000d7d20_3327,11747.538668556403
000d7d20_3328,11747.565790425177
000d7d20_3329,11747.575630918433
000d7d20_3330,11747.589003414956
000d7d20_3331,11747.599131180066
000d7d20_3332,11747.619969622272
000d7d20_3333,11747.62010416841
000d7d20_3334,11747.628624322871
000d7d20_3335,11747.64316522117
000d7d20_3336,11747.671642583078
000d7d20_3337,11747.675080940293
000d7d20_3338,11747.680448367524
000d7d20_3339,11747.683923344888
000d7d20_3340,11747.700901021057
000d7d20_3341,11747.715085124146
000d7d20_3342,11747.723927207118
000d7d20_3343,11747.735816345152
000d7d20_3344,11747.746115739119
000d7d20_3345,11747.756612679561
000d7d20_3346,11747.779434609869
000d7d20_3347,11747.81188192662
000d7d20_3348,11747.820471144552
000d7d20_3349,11747.82869064776
000d7d20_3350,11747.828967722444
000d7d20_3351,11747.843332660583
000d7d20_3352,11747.833373546928
000d7d20_3353,11747.816727347215
000d7d20_3354,11747.813960073434
000d7d20_3355,11747.833020875627
000d7d20_3356,11747.840546688436
000d7d20_3357,11747.840626163856
000d7d20_3358,11747.834307057283
000d7d20_3359,11747.840418256674
000d7d20_3360,11747.828876893389
000d7d20_3361,11747.8251797356
000d7d20_3362,11747.828972770903
000d7d20_3363,11747.850906439306
000d7d20_3364,11747.852625950909
000d7d20_3365,11747.851380518126
000d7d20_3366,11747.849891424654
000d7d20_3367,11747.862953011758
000d7d20_3368,11747.86749780372
000d7d20_3369,11747.86027264081
000d7d20_3370,11747.849934933285
000d7d20_3371,11747.845760958708
000d7d20_3372,11747.827749973854
000d7d20_3373,11747.804701134415
000d7d20_3374,11747.792443817249
000d7d20_3375,11747.805802230268
000d7d20_3376,11747.79986024966
000d7d20_3377,11747.79286867403
000d7d20_3378,11747.784307394038
000d7d20_3379,11747.788760139294
000d7d20_3380,11747.782132556027
000d7d20_3381,11747.77973248441
000d7d20_3382,11747.782688788853
000d7d20_3383,11747.79300716509
000d7d20_3384,11747.7902771467
000d7d20_3385,11747.785876469212
000d7d20_3386,11747.773044528354
000d7d20_3387,11747.766682335961
000d7d20_3388,11747.742694039962
000d7d20_3389,11747.723523954422
000d7d20_3390,11747.708457269837
000d7d20_3391,11747.703809327755
000d7d20_3392,11747.68996346874
000d7d20_3393,11747.677874700892
000d7d20_3394,11747.666730635505
000d7d20_3395,11747.673324711162
000d7d20_3396,11747.66125933364
000d7d20_3397,11747.647319279404
000d7d20_3398,11747.631437340035
000d7d20_3399,11747.623059421123
000d7d20_3400,11747.603996402817
000d7d20_3401,11747.58938904298
000d7d20_3402,11747.578939086292
000d7d20_3403,11747.588377447404
000d7d20_3404,11747.57719259851
000d7d20_3405,11747.56336197607
000d7d20_3406,11747.546595224652
000d7d20_3407,11747.542459213437
000d7d20_3408,11747.5255302142
000d7d20_3409,11747.503875048333
000d7d20_3410,11747.48585026385
000d7d20_3411,11747.487285254037
000d7d20_3412,11747.476055321917
000d7d20_3413,11747.467500220253
000d7d20_3414,11747.463272647832
000d7d20_3415,11747.476443176969
000d7d20_3416,11747.474778013711
000d7d20_3417,11747.474070260529
000d7d20_3418,11747.474695967101
000d7d20_3419,11747.490824772283
000d7d20_3420,11747.494695547532
000d7d20_3421,11747.491393891674
000d7d20_3422,11747.49499758324
000d7d20_3423,11747.518303745159
000d7d20_3424,11747.538913005461
000d7d20_3425,11747.556559209177
000d7d20_3426,11747.573289211636
000d7d20_3427,11747.614113365547
000d7d20_3428,11747.62761639626
000d7d20_3429,11747.629241329723
000d7d20_3430,11747.630941689693
000d7d20_3431,11747.659489403803
000d7d20_3432,11747.66142492534
000d7d20_3433,11747.671650017866
000d7d20_3434,11747.665709336361
000d7d20_3435,11747.682239357808
000d7d20_3436,11747.689131508094
000d7d20_3437,11747.70149043062
000d7d20_3438,11747.701023633286
000d7d20_3439,11747.718456299286
000d7d20_3440,11747.717938844931
000d7d20_3441,11747.695955556992
000d7d20_3442,11747.677800962852
000d7d20_3443,11747.677587016233
000d7d20_3444,11747.66360333192
000d7d20_3445,11747.651959707062
000d7d20_3446,11747.643399539764
000d7d20_3447,11747.652413864886
000d7d20_3448,11747.647979412326
000d7d20_3449,11747.643048187589
000d7d20_3450,11747.638544626388
000d7d20_3451,11747.633611177887
000d7d20_3452,11747.644508087178
000d7d20_3453,11747.640966930816
000d7d20_3454,11747.636627616042
000d7d20_3455,11747.631174968463
000d7d20_3456,11747.641413124675
000d7d20_3457,11747.635050329758
000d7d20_3458,11747.631230395536
000d7d20_3459,11747.625089962718
000d7d20_3460,11747.64002923909
000d7d20_3461,11747.64513011653
000d7d20_3462,11747.656010089211
000d7d20_3463,11747.660177841797
000d7d20_3464,11747.671134794287
000d7d20_3465,11747.665790793817
000d7d20_3466,11747.660102414338
000d7d20_3467,11747.653363861422
000d7d20_3468,11747.660138493995
000d7d20_3469,11747.655503417016
000d7d20_3470,11747.653562711861
000d7d20_3471,11747.653370856044
000d7d20_3472,11747.661716932684
000d7d20_3473,11747.646265369596
000d7d20_3474,11747.622509881077
000d7d20_3475,11747.596586542637
000d7d20_3476,11747.59405704214
000d7d20_3477,11747.578528071786
000d7d20_3478,11747.565229670017
000d7d20_3479,11747.560106391165
000d7d20_3480,11747.561450855854
000d7d20_3481,11747.57786007633
000d7d20_3482,11747.577843747396
000d7d20_3483,11747.565777527554
000d7d20_3484,11747.554900501182
000d7d20_3485,11747.559481679673
000d7d20_3486,11747.54612983106
000d7d20_3487,11747.532176953337
000d7d20_3488,11747.516196165589
000d7d20_3489,11747.512686548907
000d7d20_3490,11747.492146731263
000d7d20_3491,11747.471170329438
000d7d20_3492,11747.450159599493
000d7d20_3493,11747.4484430176
000d7d20_3494,11747.43081742374
000d7d20_3495,11747.425727201124
000d7d20_3496,11747.424644876539
000d7d20_3497,11747.443508514225
000d7d20_3498,11747.446091922888
000d7d20_3499,11747.448078354344
000d7d20_3500,11747.441359920138
000d7d20_3501,11747.450042778586
000d7d20_3502,11747.439322344044
000d7d20_3503,11747.425803179327
000d7d20_3504,11747.402927636944
000d7d20_3505,11747.396534618469
000d7d20_3506,11747.381416489758
000d7d20_3507,11747.366105237968
000d7d20_3508,11747.341619270324
000d7d20_3509,11747.324187201937
000d7d20_3510,11747.32334168128
000d7d20_3511,11747.303472521422
000d7d20_3512,11747.294760364111
000d7d20_3513,11747.284193961666
000d7d20_3514,11747.282419641402
000d7d20_3515,11747.271321211249
000d7d20_3516,11747.259631563067
000d7d20_3517,11747.242761962309
000d7d20_3518,11747.242921356079
000d7d20_3519,11747.222107501406
000d7d20_3520,11747.211712305565
000d7d20_3521,11747.196418191565
000d7d20_3522,11747.20524743545
000d7d20_3523,11747.200006975789
000d7d20_3524,11747.190079646538
000d7d20_3525,11747.188768526361
000d7d20_3526,11747.20215154552
000d7d20_3527,11747.203688711963
000d7d20_3528,11747.194304095405
000d7d20_3529,11747.187073053321
000d7d20_3530,11747.191701839865
000d7d20_3531,11747.181244457122
000d7d20_3532,11747.17563550366
000d7d20_3533,11747.166837790766
000d7d20_3534,11747.180678032648
000d7d20_3535,11747.181011941622
000d7d20_3536,11747.190691478805
000d7d20_3537,11747.19049653776
000d7d20_3538,11747.201513196642
000d7d20_3539,11747.199999363162
000d7d20_3540,11747.197721261693
000d7d20_3541,11747.199046436104
000d7d20_3542,11747.224955599471
000d7d20_3543,11747.22854962229
000d7d20_3544,11747.230445822952
000d7d20_3545,11747.236865572371
000d7d20_3546,11747.250721292028
000d7d20_3547,11747.244997575706
000d7d20_3548,11747.243745320053
000d7d20_3549,11747.25313177192
000d7d20_3550,11747.274365785861
000d7d20_3551,11747.283170527706
000d7d20_3552,11747.289935031087
000d7d20_3553,11747.302165592746
000d7d20_3554,11747.31762266452
000d7d20_3555,11747.324847747343
000d7d20_3556,11747.335779611389
000d7d20_3557,11747.348455830852
000d7d20_3558,11747.377134143653
000d7d20_3559,11747.398058190238
000d7d20_3560,11747.416774795309
000d7d20_3561,11747.431490275892
000d7d20_3562,11747.455715193715
000d7d20_3563,11747.456167685903
000d7d20_3564,11747.460480987345
000d7d20_3565,11747.462432044835
000d7d20_3566,11747.475297252759
000d7d20_3567,11747.469228836226
000d7d20_3568,11747.452995568785
000d7d20_3569,11747.441252083398
000d7d20_3570,11747.446665785803
000d7d20_3571,11747.4399715481
000d7d20_3572,11747.429193931104
000d7d20_3573,11747.415629970683
000d7d20_3574,11747.413429287466
000d7d20_3575,11747.394340276871
000d7d20_3576,11747.372443547953
000d7d20_3577,11747.353470250458
000d7d20_3578,11747.339936703202
000d7d20_3579,11747.302767835548
000d7d20_3580,11747.260102969442
000d7d20_3581,11747.21974463171
000d7d20_3582,11747.197566419025
000d7d20_3583,11747.16069182009
000d7d20_3584,11747.125360333961
000d7d20_3585,11747.094168082835
000d7d20_3586,11747.078088062379
000d7d20_3587,11747.048136759538
000d7d20_3588,11747.018490564129
000d7d20_3589,11746.994259247775
000d7d20_3590,11746.986507874415
000d7d20_3591,11746.958940999524
000d7d20_3592,11746.934158825865
000d7d20_3593,11746.91641127449
000d7d20_3594,11746.911139373273
000d7d20_3595,11746.887543098535
000d7d20_3596,11746.860555869223
000d7d20_3597,11746.83587919131
000d7d20_3598,11746.82186639272
000d7d20_3599,11746.791817417232
000d7d20_3600,11746.769351247636
000d7d20_3601,11746.744222326846
000d7d20_3602,11746.733924916212
000d7d20_3603,11746.696821402713
000d7d20_3604,11746.65333662966
000d7d20_3605,11746.618642124771
000d7d20_3606,11746.599185881685
000d7d20_3607,11746.566728754491
000d7d20_3608,11746.535956128075
000d7d20_3609,11746.501400514042
000d7d20_3610,11746.488838914145
000d7d20_3611,11746.457205534505
000d7d20_3612,11746.42714384415
000d7d20_3613,11746.395220595463
000d7d20_3614,11746.381333093183
000d7d20_3615,11746.349685432919
000d7d20_3616,11746.318866375941
000d7d20_3617,11746.292642975468
000d7d20_3618,11746.29434778582
000d7d20_3619,11746.274860260663
000d7d20_3620,11746.249873513962
000d7d20_3621,11746.217566323074
000d7d20_3622,11746.208484422279
000d7d20_3623,11746.181086653236
000d7d20_3624,11746.155380363805
000d7d20_3625,11746.130309636925
000d7d20_3626,11746.121295688012
000d7d20_3627,11746.096346476801
000d7d20_3628,11746.069767730563
000d7d20_3629,11746.042566494129
000d7d20_3630,11746.037937118566
000d7d20_3631,11746.023813261383
000d7d20_3632,11746.008433545921
000d7d20_3633,11745.993410272531
000d7d20_3634,11746.003445288781
000d7d20_3635,11745.987295146138
000d7d20_3636,11745.961277595508
000d7d20_3637,11745.957713713926
000d7d20_3638,11745.961406919105
000d7d20_3639,11745.961690822083
000d7d20_3640,11745.959864624043
000d7d20_3641,11745.95816851618
000d7d20_3642,11745.978402117264
000d7d20_3643,11745.974962316597
000d7d20_3644,11745.977008470696
000d7d20_3645,11745.98106718224
000d7d20_3646,11745.99094252644
000d7d20_3647,11745.987377999916
000d7d20_3648,11745.978224604532
000d7d20_3649,11745.97430727651
000d7d20_3650,11745.97169972325
000d7d20_3651,11745.943861106685
000d7d20_3652,11745.92429951479
000d7d20_3653,11745.923039716272
000d7d20_3654,11745.903850414987
000d7d20_3655,11745.881534990105
000d7d20_3656,11745.861283912594
000d7d20_3657,11745.86183942546
000d7d20_3658,11745.83853523257
000d7d20_3659,11745.819239524184
000d7d20_3660,11745.803154870073
000d7d20_3661,11745.801956693516
000d7d20_3662,11745.796210635257
000d7d20_3663,11745.790019237611
000d7d20_3664,11745.78243731536
000d7d20_3665,11745.787571512343
000d7d20_3666,11745.776106859907
000d7d20_3667,11745.758808074186
000d7d20_3668,11745.73065173768
000d7d20_3669,11745.715056534986
000d7d20_3670,11745.683996497482
000d7d20_3671,11745.657118594336
000d7d20_3672,11745.628825176354
000d7d20_3673,11745.618520231375
000d7d20_3674,11745.591740453448
000d7d20_3675,11745.568090900697
000d7d20_3676,11745.551919961974
000d7d20_3677,11745.555625244695
000d7d20_3678,11745.544563215677
000d7d20_3679,11745.53418898534
000d7d20_3680,11745.525825825718
000d7d20_3681,11745.542876619225
000d7d20_3682,11745.541430759331
000d7d20_3683,11745.539545509782
000d7d20_3684,11745.539156597457
000d7d20_3685,11745.555189151426
000d7d20_3686,11745.561169453182
000d7d20_3687,11745.568574801227
000d7d20_3688,11745.576050570317
000d7d20_3689,11745.597012520017
000d7d20_3690,11745.598626768719
000d7d20_3691,11745.603370403855
000d7d20_3692,11745.606630193011
000d7d20_3693,11745.61925083508
000d7d20_3694,11745.61676044577
000d7d20_3695,11745.6102112249
000d7d20_3696,11745.603614595519
000d7d20_3697,11745.611981738215
000d7d20_3698,11745.605630675966
000d7d20_3699,11745.599669730911
000d7d20_3700,11745.594857553497
000d7d20_3701,11745.605012366977
000d7d20_3702,11745.592740974393
000d7d20_3703,11745.576058323983
000d7d20_3704,11745.559135695454
000d7d20_3705,11745.55292272979
000d7d20_3706,11745.536039718883
000d7d20_3707,11745.52282432065
000d7d20_3708,11745.507070990321
000d7d20_3709,11745.495774531302
000d7d20_3710,11745.506764331629
000d7d20_3711,11745.504558192733
000d7d20_3712,11745.502960352493
000d7d20_3713,11745.487083551878
000d7d20_3714,11745.50947649426
000d7d20_3715,11745.532752706724
000d7d20_3716,11745.57006056909
000d7d20_3717,11745.616981475261
000d7d20_3718,11745.694337566048
000d7d20_3719,11745.755825277485
000d7d20_3720,11745.822253227665
000d7d20_3721,11745.8944722204
000d7d20_3722,11745.971158458406
000d7d20_3723,11746.05917666934
000d7d20_3724,11746.117961304393
000d7d20_3725,11746.183988527704
000d7d20_3726,11746.227288159029
000d7d20_3727,11746.258145556745
000d7d20_3728,11746.247339444906
000d7d20_3729,11746.210623320774
000d7d20_3730,11746.184038087536
000d7d20_3731,11746.16139163446
000d7d20_3732,11746.10862354152
000d7d20_3733,11746.043858557832
000d7d20_3734,11745.97527691376
000d7d20_3735,11745.900725787224
000d7d20_3736,11745.845367344804
000d7d20_3737,11745.778356650468
000d7d20_3738,11745.712464062564
000d7d20_3739,11745.657514906829
000d7d20_3740,11745.629650121771
000d7d20_3741,11745.5964276847
000d7d20_3742,11745.55426688202
000d7d20_3743,11745.499674785602
000d7d20_3744,11745.450719266031
000d7d20_3745,11745.401993784375
000d7d20_3746,11745.32702654895
000d7d20_3747,11745.247307811294
000d7d20_3748,11745.125464465182
000d7d20_3749,11744.989002559983
000d7d20_3750,11744.807647352614
000d7d20_3751,11744.608172374039
000d7d20_3752,11744.397647775571
000d7d20_3753,11744.189427239062
000d7d20_3754,11744.003576045747
000d7d20_3755,11743.815712658212
000d7d20_3756,11743.654222696801
000d7d20_3757,11743.497698658017
000d7d20_3758,11743.371541461727
000d7d20_3759,11743.229592355003
000d7d20_3760,11743.116581549873
000d7d20_3761,11743.020065470055
000d7d20_3762,11742.955647433384
000d7d20_3763,11742.917984576803
000d7d20_3764,11742.848537547674
000d7d20_3765,11742.779207846597
000d7d20_3766,11742.702227978198
000d7d20_3767,11742.650567242083
000d7d20_3768,11742.593200380925
000d7d20_3769,11742.543506828728
000d7d20_3770,11742.501854990302
000d7d20_3771,11742.457691576743
000d7d20_3772,11742.435446726251
000d7d20_3773,11742.392947514667
000d7d20_3774,11742.35635660946
000d7d20_3775,11742.321946543761
000d7d20_3776,11742.30050834927
000d7d20_3777,11742.265159770397
000d7d20_3778,11742.231185936953
000d7d20_3779,11742.195572368026
000d7d20_3780,11742.156768620149
000d7d20_3781,11742.133709704556
000d7d20_3782,11742.093870335151
000d7d20_3783,11742.053892968937
000d7d20_3784,11742.018494557426
000d7d20_3785,11741.99513834664
000d7d20_3786,11741.95352050981
000d7d20_3787,11741.900246507483
000d7d20_3788,11741.847711013108
000d7d20_3789,11741.795817633852
000d7d20_3790,11741.761436718878
000d7d20_3791,11741.706476702548
000d7d20_3792,11741.646118128416
000d7d20_3793,11741.601739702486
000d7d20_3794,11741.576134625975
000d7d20_3795,11741.535597372082
000d7d20_3796,11741.495507176904
000d7d20_3797,11741.456692695103
000d7d20_3798,11741.433899171143
000d7d20_3799,11741.401347126543
000d7d20_3800,11741.377749082338
000d7d20_3801,11741.355623579171
000d7d20_3802,11741.333472639653
000d7d20_3803,11741.324287218957
000d7d20_3804,11741.291971802426
000d7d20_3805,11741.241520363352
000d7d20_3806,11741.192987195296
000d7d20_3807,11741.16659362577
000d7d20_3808,11741.120799760549
000d7d20_3809,11741.078258271893
000d7d20_3810,11741.040278100405
000d7d20_3811,11741.010309584035
000d7d20_3812,11740.94808698559
000d7d20_3813,11740.910680434274
000d7d20_3814,11740.897757833285
000d7d20_3815,11740.886681898253
000d7d20_3816,11740.897417605944
000d7d20_3817,11740.881968566664
000d7d20_3818,11740.856023558406
000d7d20_3819,11740.823061683903
000d7d20_3820,11740.803314179118
000d7d20_3821,11740.755329920526
000d7d20_3822,11740.702889365919
000d7d20_3823,11740.659035679924
000d7d20_3824,11740.629883666272
000d7d20_3825,11740.591632614123
000d7d20_3826,11740.552438114615
000d7d20_3827,11740.514111098299
000d7d20_3828,11740.490697734882
000d7d20_3829,11740.475846397949
000d7d20_3830,11740.461975131708
000d7d20_3831,11740.44174692794
000d7d20_3832,11740.442204576068
000d7d20_3833,11740.426308473237
000d7d20_3834,11740.414296062452
000d7d20_3835,11740.403387174912
000d7d20_3836,11740.409308456474
000d7d20_3837,11740.402675162824
000d7d20_3838,11740.393332337026
000d7d20_3839,11740.388438609616
000d7d20_3840,11740.387939318516
000d7d20_3841,11740.399964447115
000d7d20_3842,11740.386485564375
000d7d20_3843,11740.373258319007
000d7d20_3844,11740.35592082902
000d7d20_3845,11740.349955147018
000d7d20_3846,11740.32269663359
000d7d20_3847,11740.296848418391
000d7d20_3848,11740.278016930642
000d7d20_3849,11740.264150535948
000d7d20_3850,11740.232585919814
000d7d20_3851,11740.200091436054
000d7d20_3852,11740.169906651798
000d7d20_3853,11740.161722001185
000d7d20_3854,11740.140103933412
000d7d20_3855,11740.117374617146
000d7d20_3856,11740.093839119358
000d7d20_3857,11740.087683288994
000d7d20_3858,11740.056848236249
000d7d20_3859,11740.033287196153
000d7d20_3860,11740.00611033295
000d7d20_3861,11739.989699571903
000d7d20_3862,11739.958545579471
000d7d20_3863,11739.930586525192
000d7d20_3864,11739.892796123055
000d7d20_3865,11739.864286712997
000d7d20_3866,11739.819856583783
000d7d20_3867,11739.786405442166
000d7d20_3868,11739.750428291454
000d7d20_3869,11739.733424221231
000d7d20_3870,11739.70686719217
000d7d20_3871,11739.673419620163
000d7d20_3872,11739.644737233102
000d7d20_3873,11739.621328701161
000d7d20_3874,11739.612862148679
000d7d20_3875,11739.594633490855
000d7d20_3876,11739.573818773459
000d7d20_3877,11739.553116084953
000d7d20_3878,11739.557371365652
000d7d20_3879,11739.540942612946
000d7d20_3880,11739.529082860681
000d7d20_3881,11739.513810069577
000d7d20_3882,11739.502548659631
000d7d20_3883,11739.47856607858
000d7d20_3884,11739.461949913893
000d7d20_3885,11739.439639437634
000d7d20_3886,11739.442576061325
000d7d20_3887,11739.420334043063
000d7d20_3888,11739.384321015003
000d7d20_3889,11739.345664879187
000d7d20_3890,11739.31175693003
000d7d20_3891,11739.258405855919
000d7d20_3892,11739.197341567271
000d7d20_3893,11739.128007465104
000d7d20_3894,11739.085685982438
000d7d20_3895,11739.021354958226
000d7d20_3896,11738.94857318269
000d7d20_3897,11738.8833042898
000d7d20_3898,11738.830198000196
000d7d20_3899,11738.763823481071
000d7d20_3900,11738.704068415205
000d7d20_3901,11738.668411892853
000d7d20_3902,11738.654669094058
000d7d20_3903,11738.6364391981
000d7d20_3904,11738.621442357144
000d7d20_3905,11738.612482393413
000d7d20_3906,11738.613091580333
000d7d20_3907,11738.606768872272
000d7d20_3908,11738.60114259935
000d7d20_3909,11738.599583245872
000d7d20_3910,11738.610101598475
000d7d20_3911,11738.593519437876
000d7d20_3912,11738.57037313875
000d7d20_3913,11738.5378624252
000d7d20_3914,11738.512546373408
000d7d20_3915,11738.472903389134
000d7d20_3916,11738.443275073334
000d7d20_3917,11738.42258593439
000d7d20_3918,11738.422983953411
000d7d20_3919,11738.41479441815
000d7d20_3920,11738.396959018104
000d7d20_3921,11738.378763644358
000d7d20_3922,11738.372090640176
000d7d20_3923,11738.343356361554
000d7d20_3924,11738.316493362829
000d7d20_3925,11738.279994637778
000d7d20_3926,11738.259100098769
000d7d20_3927,11738.223081842274
000d7d20_3928,11738.186732507706
000d7d20_3929,11738.161121688943
000d7d20_3930,11738.124842662908
000d7d20_3931,11738.083483035902
000d7d20_3932,11738.046286602133
000d7d20_3933,11738.021218589629
000d7d20_3934,11737.988905270677
000d7d20_3935,11737.951755481105
000d7d20_3936,11737.918237900227
000d7d20_3937,11737.915943053855
000d7d20_3938,11737.888036478294
000d7d20_3939,11737.857187436397
000d7d20_3940,11737.828195410655
000d7d20_3941,11737.821641946377
000d7d20_3942,11737.811226629503
000d7d20_3943,11737.804753899416
000d7d20_3944,11737.80300941986
000d7d20_3945,11737.785883113655
000d7d20_3946,11737.76461271774
000d7d20_3947,11737.74612989596
000d7d20_3948,11737.737439366429
000d7d20_3949,11737.711628898809
000d7d20_3950,11737.67985956396
000d7d20_3951,11737.648020110792
000d7d20_3952,11737.620395861257
000d7d20_3953,11737.590234056182
000d7d20_3954,11737.551974155029
000d7d20_3955,11737.515632607929
000d7d20_3956,11737.486098563973
000d7d20_3957,11737.449046243228
000d7d20_3958,11737.41248343029
000d7d20_3959,11737.372145939731
000d7d20_3960,11737.355335209053
000d7d20_3961,11737.321823108508
000d7d20_3962,11737.295633937976
000d7d20_3963,11737.28553762292
000d7d20_3964,11737.254635829777
000d7d20_3965,11737.2283303744
000d7d20_3966,11737.202613133053
000d7d20_3967,11737.190260322936
000d7d20_3968,11737.164547317487
000d7d20_3969,11737.14039770528
000d7d20_3970,11737.107262509086
000d7d20_3971,11737.088834812188
000d7d20_3972,11737.054537033242
000d7d20_3973,11737.01442828304
000d7d20_3974,11736.969019405098
000d7d20_3975,11736.947055866298
000d7d20_3976,11736.920179673922
000d7d20_3977,11736.897878234195
000d7d20_3978,11736.873460656585
000d7d20_3979,11736.878947291178
000d7d20_3980,11736.879332432443
000d7d20_3981,11736.891581207668
000d7d20_3982,11736.913636419202
000d7d20_3983,11736.910662631415
000d7d20_3984,11736.901338475087
000d7d20_3985,11736.889623899913
000d7d20_3986,11736.895418670256
000d7d20_3987,11736.884640910135
000d7d20_3988,11736.863223014814
000d7d20_3989,11736.82765268428
000d7d20_3990,11736.837443588063
000d7d20_3991,11736.852983698062
000d7d20_3992,11736.885909492612
000d7d20_3993,11736.944259351565
000d7d20_3994,11737.002525977383
000d7d20_3995,11737.07245732078
000d7d20_3996,11737.149518623413
000d7d20_3997,11737.240557249117
000d7d20_3998,11737.295758614184
000d7d20_3999,11737.330496972638
000d7d20_4000,11737.36634189622
000d7d20_4001,11737.377831838861
000d7d20_4002,11737.384868417703
000d7d20_4003,11737.384439339561
000d7d20_4004,11737.391405741106
000d7d20_4005,11737.378901640448
000d7d20_4006,11737.380024982347
000d7d20_4007,11737.402437610364
000d7d20_4008,11737.408455244347
000d7d20_4009,11737.417552113184
000d7d20_4010,11737.421335736346
000d7d20_4011,11737.4401257622
000d7d20_4012,11737.442813092608
000d7d20_4013,11737.441291082581
000d7d20_4014,11737.459466973098
000d7d20_4015,11737.458111800033
000d7d20_4016,11737.459918373997
000d7d20_4017,11737.450818162517
000d7d20_4018,11737.455873619825
000d7d20_4019,11737.446105533203
000d7d20_4020,11737.436573484847
000d7d20_4021,11737.444743428161
000d7d20_4022,11737.44441914217
000d7d20_4023,11737.4444913459
000d7d20_4024,11737.444704011281
000d7d20_4025,11737.45879649166
000d7d20_4026,11737.455348912468
000d7d20_4027,11737.456894090923
000d7d20_4028,11737.461079804823
000d7d20_4029,11737.442774546875
000d7d20_4030,11737.427393918915
000d7d20_4031,11737.429946088932
000d7d20_4032,11737.413745290694
000d7d20_4033,11737.391693425066
000d7d20_4034,11737.367474904679
000d7d20_4035,11737.363775878757
000d7d20_4036,11737.346155886735
000d7d20_4037,11737.33284847681
000d7d20_4038,11737.337149808644
000d7d20_4039,11737.324521658273
000d7d20_4040,11737.308693685614
000d7d20_4041,11737.301983723653
000d7d20_4042,11737.308314006677
000d7d20_4043,11737.309208112643
000d7d20_4044,11737.307313468784
000d7d20_4045,11737.319373629189
000d7d20_4046,11737.323457557044
000d7d20_4047,11737.318748183352
000d7d20_4048,11737.322978961245
000d7d20_4049,11737.319726878399
000d7d20_4050,11737.307935076999
000d7d20_4051,11737.29925102676
000d7d20_4052,11737.307488977474
000d7d20_4053,11737.299228821917
000d7d20_4054,11737.290265100357
000d7d20_4055,11737.298300138094
000d7d20_4056,11737.289426577201
000d7d20_4057,11737.281916183803
000d7d20_4058,11737.273335591637
000d7d20_4059,11737.284645100779
000d7d20_4060,11737.285615391062
000d7d20_4061,11737.291394644597
000d7d20_4062,11737.304149003425
000d7d20_4063,11737.31226226021
000d7d20_4064,11737.303369526253
000d7d20_4065,11737.30086776787
000d7d20_4066,11737.316835315996
000d7d20_4067,11737.324223895743
000d7d20_4068,11737.327975427115
000d7d20_4069,11737.337476773191
000d7d20_4070,11737.335746365252
000d7d20_4071,11737.331186681147
000d7d20_4072,11737.327241058823
000d7d20_4073,11737.34504323068
000d7d20_4074,11737.356712083436
000d7d20_4075,11737.368519774509
000d7d20_4076,11737.382974875578
000d7d20_4077,11737.408482136594
000d7d20_4078,11737.42625357365
000d7d20_4079,11737.44006926129
000d7d20_4080,11737.454805529198
000d7d20_4081,11737.469622877788
000d7d20_4082,11737.475300839007
000d7d20_4083,11737.47550060953
000d7d20_4084,11737.470596831241
000d7d20_4085,11737.46908444359
000d7d20_4086,11737.468874812112
000d7d20_4087,11737.473157808005
000d7d20_4088,11737.47369024858
000d7d20_4089,11737.492080938524
000d7d20_4090,11737.49910643578
000d7d20_4091,11737.503219394584
000d7d20_4092,11737.506019265533
000d7d20_4093,11737.50677221415
000d7d20_4094,11737.516604688673
000d7d20_4095,11737.516950056914
000d7d20_4096,11737.514417108445
000d7d20_4097,11737.514607075753
000d7d20_4098,11737.529426338491
000d7d20_4099,11737.524676453208
000d7d20_4100,11737.522118874464
000d7d20_4101,11737.522125273426
000d7d20_4102,11737.527932660998
000d7d20_4103,11737.539227619784
000d7d20_4104,11737.54238574306
000d7d20_4105,11737.540614193282
000d7d20_4106,11737.531143132057
000d7d20_4107,11737.54696730728
000d7d20_4108,11737.552122562249
000d7d20_4109,11737.565321477621
000d7d20_4110,11737.58028775457
000d7d20_4111,11737.596329845299
000d7d20_4112,11737.622455229408
000d7d20_4113,11737.633822410007
000d7d20_4114,11737.642962585582
000d7d20_4115,11737.645005618542
000d7d20_4116,11737.655969534006
000d7d20_4117,11737.65964494606
000d7d20_4118,11737.659404555154
000d7d20_4119,11737.656815915036
000d7d20_4120,11737.64827573598
000d7d20_4121,11737.64516861106
000d7d20_4122,11737.630076181169
000d7d20_4123,11737.624008162775
000d7d20_4124,11737.616282718893
000d7d20_4125,11737.623262547495
000d7d20_4126,11737.607492671554
000d7d20_4127,11737.599113064498
000d7d20_4128,11737.587602138203
000d7d20_4129,11737.576499680697
000d7d20_4130,11737.57739290875
000d7d20_4131,11737.569328688702
000d7d20_4132,11737.560413619707
000d7d20_4133,11737.555292034496
000d7d20_4134,11737.564756359185
000d7d20_4135,11737.56468687765
000d7d20_4136,11737.56255404726
000d7d20_4137,11737.558113924488
000d7d20_4138,11737.557796713287
000d7d20_4139,11737.57557816849
000d7d20_4140,11737.565389327268
000d7d20_4141,11737.561270922073
000d7d20_4142,11737.555332438757
000d7d20_4143,11737.570721075916
000d7d20_4144,11737.5629427732
000d7d20_4145,11737.561357171502
000d7d20_4146,11737.558038819472
000d7d20_4147,11737.556788420778
000d7d20_4148,11737.572598852346
000d7d20_4149,11737.577980162161
000d7d20_4150,11737.586685460716
000d7d20_4151,11737.596930459049
000d7d20_4152,11737.629909057296
000d7d20_4153,11737.64038084343
000d7d20_4154,11737.637798050517
000d7d20_4155,11737.640160790561
000d7d20_4156,11737.643016059521
000d7d20_4157,11737.669132269235
000d7d20_4158,11737.669010931733
000d7d20_4159,11737.66859733757
000d7d20_4160,11737.666739938413
000d7d20_4161,11737.689135459395
000d7d20_4162,11737.691929013865
000d7d20_4163,11737.687523948798
000d7d20_4164,11737.679896133424
000d7d20_4165,11737.667270977707
000d7d20_4166,11737.682348770384
000d7d20_4167,11737.664854996676
000d7d20_4168,11737.64179552258
000d7d20_4169,11737.6069824089
000d7d20_4170,11737.591078728601
000d7d20_4171,11737.540717737304
000d7d20_4172,11737.47763486043
000d7d20_4173,11737.400844302276
000d7d20_4174,11737.335773856783
000d7d20_4175,11737.243520064663
000d7d20_4176,11737.148130439287
000d7d20_4177,11737.058136870208
000d7d20_4178,11736.97151463113
000d7d20_4179,11736.903369929378
000d7d20_4180,11736.810729538647
000d7d20_4181,11736.719828054414
000d7d20_4182,11736.640569684181
000d7d20_4183,11736.589226715396
000d7d20_4184,11736.524728221408
000d7d20_4185,11736.47026772063
000d7d20_4186,11736.42177402195
000d7d20_4187,11736.404977065074
000d7d20_4188,11736.34550905982
000d7d20_4189,11736.284158814567
000d7d20_4190,11736.242024013853
000d7d20_4191,11736.202676554823
000d7d20_4192,11736.200427589403
000d7d20_4193,11736.176535276882
000d7d20_4194,11736.148930642528
000d7d20_4195,11736.128456345194
000d7d20_4196,11736.129318752366
000d7d20_4197,11736.104589422805
000d7d20_4198,11736.088269835946
000d7d20_4199,11736.084228694057
000d7d20_4200,11736.110108341192
000d7d20_4201,11736.105253625901
000d7d20_4202,11736.100816951155
000d7d20_4203,11736.098299624413
000d7d20_4204,11736.087358717608
000d7d20_4205,11736.10763455135
000d7d20_4206,11736.098072407096
000d7d20_4207,11736.080742518021
000d7d20_4208,11736.06284947483
000d7d20_4209,11736.082362267876
000d7d20_4210,11736.058325317996
000d7d20_4211,11736.03191517616
000d7d20_4212,11736.009997807669
000d7d20_4213,11736.02950135136
000d7d20_4214,11736.014750182294
000d7d20_4215,11736.008897353662
000d7d20_4216,11735.995252604422
000d7d20_4217,11736.031340553276
000d7d20_4218,11736.02183071737
000d7d20_4219,11736.01755855914
000d7d20_4220,11736.006489601117
000d7d20_4221,11736.00254229978
000d7d20_4222,11736.033434835217
000d7d20_4223,11736.02461953314
000d7d20_4224,11736.022153162054
000d7d20_4225,11736.013105449834
000d7d20_4226,11736.051171262223
000d7d20_4227,11736.04225734064
000d7d20_4228,11736.037683943927
000d7d20_4229,11736.031505322042
000d7d20_4230,11736.064034115694
000d7d20_4231,11736.061351208555
000d7d20_4232,11736.05453986695
000d7d20_4233,11736.053730613174
000d7d20_4234,11736.088251443596
000d7d20_4235,11736.084582257232
000d7d20_4236,11736.07900128206
000d7d20_4237,11736.069180990033
000d7d20_4238,11736.109995362536
000d7d20_4239,11736.10517795917
000d7d20_4240,11736.091941634417
000d7d20_4241,11736.086637782322
000d7d20_4242,11736.084773890474
000d7d20_4243,11736.130402410492
000d7d20_4244,11736.131975951956
000d7d20_4245,11736.129555533358
000d7d20_4246,11736.135032299986
000d7d20_4247,11736.188268067206
000d7d20_4248,11736.195396065214
000d7d20_4249,11736.202714636245
000d7d20_4250,11736.207751649932
000d7d20_4251,11736.259235895563
000d7d20_4252,11736.260906346752
000d7d20_4253,11736.262067567823
000d7d20_4254,11736.262158238864
000d7d20_4255,11736.308879700833
000d7d20_4256,11736.303218815057
000d7d20_4257,11736.302389419856
000d7d20_4258,11736.301282736364
000d7d20_4259,11736.30242626632
000d7d20_4260,11736.353292851887
000d7d20_4261,11736.354199360838
000d7d20_4262,11736.357951746788
000d7d20_4263,11736.356354747695
000d7d20_4264,11736.403586726372
000d7d20_4265,11736.401643265324
000d7d20_4266,11736.398523730397
000d7d20_4267,11736.398782006143
000d7d20_4268,11736.443599481274
000d7d20_4269,11736.433639211118
000d7d20_4270,11736.439772383783
000d7d20_4271,11736.446545264504
000d7d20_4272,11736.496801919178
000d7d20_4273,11736.508378426319
000d7d20_4274,11736.5133333616
000d7d20_4275,11736.524341005086
000d7d20_4276,11736.567706669563
000d7d20_4277,11736.576543127601
000d7d20_4278,11736.577610719916
000d7d20_4279,11736.583720568375
000d7d20_4280,11736.579123603982
000d7d20_4281,11736.617949636973
000d7d20_4282,11736.611475721826
000d7d20_4283,11736.607475560042
000d7d20_4284,11736.600586726221
000d7d20_4285,11736.631834949842
000d7d20_4286,11736.6408649557
000d7d20_4287,11736.647879126644
000d7d20_4288,11736.658139995861
000d7d20_4289,11736.710675652967
000d7d20_4290,11736.723301787577
000d7d20_4291,11736.732675780098
000d7d20_4292,11736.747313883072
000d7d20_4293,11736.80201722962
000d7d20_4294,11736.815413757467
000d7d20_4295,11736.824863328944
000d7d20_4296,11736.825523172505
000d7d20_4297,11736.866963355775
000d7d20_4298,11736.872619618203
000d7d20_4299,11736.869765242122
000d7d20_4300,11736.86394418723
000d7d20_4301,11736.889732027263
000d7d20_4302,11736.88807047137
000d7d20_4303,11736.885758382607
000d7d20_4304,11736.88344774716
000d7d20_4305,11736.913295920762
000d7d20_4306,11736.909478045553
000d7d20_4307,11736.907349399873
000d7d20_4308,11736.903789420834
000d7d20_4309,11736.901365765123
000d7d20_4310,11736.935778610847
000d7d20_4311,11736.934469100297
000d7d20_4312,11736.93349126416
000d7d20_4313,11736.930037110134
000d7d20_4314,11736.957513974661
000d7d20_4315,11736.960853823552
000d7d20_4316,11736.957752254193
000d7d20_4317,11736.95697492529
000d7d20_4318,11736.98483860603
000d7d20_4319,11736.989385410081
000d7d20_4320,11736.988311024648
000d7d20_4321,11736.991565050115
000d7d20_4322,11737.019191138337
000d7d20_4323,11737.017922270563
000d7d20_4324,11737.023093626292
000d7d20_4325,11737.024467174828
000d7d20_4326,11737.055592212982
000d7d20_4327,11737.056903922321
000d7d20_4328,11737.06837740376
000d7d20_4329,11737.077752396326
000d7d20_4330,11737.125714178164
000d7d20_4331,11737.149112529421
000d7d20_4332,11737.16665911776
000d7d20_4333,11737.1908344265
000d7d20_4334,11737.240588182496
000d7d20_4335,11737.259727421319
000d7d20_4336,11737.282224804188
000d7d20_4337,11737.295159498277
000d7d20_4338,11737.3409405491
000d7d20_4339,11737.34601356979
000d7d20_4340,11737.350096743972
000d7d20_4341,11737.356763178665
000d7d20_4342,11737.384149253687
000d7d20_4343,11737.385613905744
000d7d20_4344,11737.387874815748
000d7d20_4345,11737.395124928564
000d7d20_4346,11737.428702841084
000d7d20_4347,11737.431226195498
000d7d20_4348,11737.434711783137
000d7d20_4349,11737.44029546358
000d7d20_4350,11737.441839396395
000d7d20_4351,11737.476878948119
000d7d20_4352,11737.480416956796
000d7d20_4353,11737.480933556475
000d7d20_4354,11737.483139736405
000d7d20_4355,11737.514208209184
000d7d20_4356,11737.516620347862
000d7d20_4357,11737.517618879512
000d7d20_4358,11737.514545781782
000d7d20_4359,11737.543227603564
000d7d20_4360,11737.541207561326
000d7d20_4361,11737.537212351444
000d7d20_4362,11737.541790331969
000d7d20_4363,11737.569019957871
000d7d20_4364,11737.568415609283
000d7d20_4365,11737.565966817709
000d7d20_4366,11737.566664851045
000d7d20_4367,11737.591875356327
000d7d20_4368,11737.589803798726
000d7d20_4369,11737.583364509052
000d7d20_4370,11737.579506115631
000d7d20_4371,11737.605835388735
000d7d20_4372,11737.605295917268
000d7d20_4373,11737.60524651815
000d7d20_4374,11737.60645733056
000d7d20_4375,11737.626063693393
000d7d20_4376,11737.631381288005
000d7d20_4377,11737.637155695964
000d7d20_4378,11737.649662759046
000d7d20_4379,11737.694291387112
000d7d20_4380,11737.715447395707
000d7d20_4381,11737.74050527374
000d7d20_4382,11737.764504160594
000d7d20_4383,11737.807307679675
000d7d20_4384,11737.82594126621
000d7d20_4385,11737.837575117612
000d7d20_4386,11737.853686991792
000d7d20_4387,11737.886088410582
000d7d20_4388,11737.889800509625
000d7d20_4389,11737.886080294822
000d7d20_4390,11737.893077935545
000d7d20_4391,11737.875720554059
000d7d20_4392,11737.871464904103
000d7d20_4393,11737.860611254702
000d7d20_4394,11737.863497116548
000d7d20_4395,11737.857686976495
000d7d20_4396,11737.849882050568
000d7d20_4397,11737.83933912206
000d7d20_4398,11737.843228775944
000d7d20_4399,11737.830516931903
000d7d20_4400,11737.81688692647
000d7d20_4401,11737.814670173782
000d7d20_4402,11737.838275417122
000d7d20_4403,11737.836302909542
000d7d20_4404,11737.840887131279
000d7d20_4405,11737.84380335247
000d7d20_4406,11737.870585611232
000d7d20_4407,11737.86825937539
000d7d20_4408,11737.862740306677
000d7d20_4409,11737.8658018407
000d7d20_4410,11737.889969399695
000d7d20_4411,11737.89159731261
000d7d20_4412,11737.890467479772
000d7d20_4413,11737.922416323998
000d7d20_4414,11737.911731929586
000d7d20_4415,11737.912551068808
000d7d20_4416,11737.906792981365
000d7d20_4417,11737.935441710164
000d7d20_4418,11737.930541126383
000d7d20_4419,11737.931536351864
000d7d20_4420,11737.927021812302
000d7d20_4421,11737.953378297676
000d7d20_4422,11737.94278374085
000d7d20_4423,11737.933376486355
000d7d20_4424,11737.930654843572
000d7d20_4425,11737.952727835875
000d7d20_4426,11737.951764893496
000d7d20_4427,11737.947392419159
000d7d20_4428,11737.939013252542
000d7d20_4429,11737.961647485821
000d7d20_4430,11737.972015560828
000d7d20_4431,11737.98532630905
000d7d20_4432,11738.005820288547
000d7d20_4433,11738.064184603758
000d7d20_4434,11738.09378065129
000d7d20_4435,11738.122593505199
000d7d20_4436,11738.17372859157
000d7d20_4437,11738.202087599708
000d7d20_4438,11738.226008564367
000d7d20_4439,11738.250438216273
000d7d20_4440,11738.291445867486
000d7d20_4441,11738.308860566818
000d7d20_4442,11738.312065030457
000d7d20_4443,11738.331146167993
000d7d20_4444,11738.343133245897
000d7d20_4445,11738.342061823485
000d7d20_4446,11738.348262150057
000d7d20_4447,11738.34957589042
000d7d20_4448,11738.377977986209
000d7d20_4449,11738.377870376475
000d7d20_4450,11738.381286954576
000d7d20_4451,11738.37320053017
000d7d20_4452,11738.395231632983
000d7d20_4453,11738.393492764579
000d7d20_4454,11738.396395629632
000d7d20_4455,11738.393405911238
000d7d20_4456,11738.41384189652
000d7d20_4457,11738.411993170528
000d7d20_4458,11738.409042322211
000d7d20_4459,11738.405148391394
000d7d20_4460,11738.426552166557
000d7d20_4461,11738.430898437367
000d7d20_4462,11738.442832479683
000d7d20_4463,11738.446276476934
000d7d20_4464,11738.47473330586
000d7d20_4465,11738.485110999754
000d7d20_4466,11738.502864664775
000d7d20_4467,11738.515584294773
000d7d20_4468,11738.545222783448
000d7d20_4469,11738.55692196969
000d7d20_4470,11738.572832075624
000d7d20_4471,11738.57925315954
000d7d20_4472,11738.598467418115
000d7d20_4473,11738.601014159229
000d7d20_4474,11738.592840387035
000d7d20_4475,11738.594120589305
000d7d20_4476,11738.605091508609
000d7d20_4477,11738.60514838
000d7d20_4478,11738.600034379338
000d7d20_4479,11738.595427089258
000d7d20_4480,11738.599877811152
000d7d20_4481,11738.594750982014
000d7d20_4482,11738.58463557153
000d7d20_4483,11738.580996514283
000d7d20_4484,11738.571153079967
000d7d20_4485,11738.58423902782
000d7d20_4486,11738.586359823277
000d7d20_4487,11738.580222821089
000d7d20_4488,11738.5807744074
000d7d20_4489,11738.58693955284
000d7d20_4490,11738.583206627709
000d7d20_4491,11738.571916145143
000d7d20_4492,11738.566728853624
000d7d20_4493,11738.554727769784
000d7d20_4494,11738.56043768298
000d7d20_4495,11738.553842807074
000d7d20_4496,11738.544397915013
000d7d20_4497,11738.540634548488
000d7d20_4498,11738.545500574432
000d7d20_4499,11738.544221037691
000d7d20_4500,11738.5407061736
000d7d20_4501,11738.54629244947
000d7d20_4502,11738.567274420493
000d7d20_4503,11738.567768255307
000d7d20_4504,11738.573210528271
000d7d20_4505,11738.570563866735
000d7d20_4506,11738.574150378498
000d7d20_4507,11738.59212311472
000d7d20_4508,11738.590097731174
000d7d20_4509,11738.582706780653
000d7d20_4510,11738.573465500389
000d7d20_4511,11738.590534107716
000d7d20_4512,11738.596381128029
000d7d20_4513,11738.599769217046
000d7d20_4514,11738.611189736925
000d7d20_4515,11738.620149960554
000d7d20_4516,11738.653574868256
000d7d20_4517,11738.670857384897
000d7d20_4518,11738.68548686102
000d7d20_4519,11738.704140719667
000d7d20_4520,11738.729943193419
000d7d20_4521,11738.74262649473
000d7d20_4522,11738.748140919026
000d7d20_4523,11738.756982228557
000d7d20_4524,11738.75767774029
000d7d20_4525,11738.759266855976
000d7d20_4526,11738.756502155305
000d7d20_4527,11738.75067803491
000d7d20_4528,11738.75165190756
000d7d20_4529,11738.770012610377
000d7d20_4530,11738.768899613908
000d7d20_4531,11738.77335089674
000d7d20_4532,11738.77254567455
000d7d20_4533,11738.794037141082
000d7d20_4534,11738.794927708863
000d7d20_4535,11738.799340581614
000d7d20_4536,11738.8023988727
000d7d20_4537,11738.799697511751
000d7d20_4538,11738.823182666265
000d7d20_4539,11738.824612026303
000d7d20_4540,11738.82588269213
000d7d20_4541,11738.822252921575
000d7d20_4542,11738.843976318612
000d7d20_4543,11738.83984807021
000d7d20_4544,11738.840903045113
000d7d20_4545,11738.840738912308
000d7d20_4546,11738.836769511216
000d7d20_4547,11738.859183566576
000d7d20_4548,11738.854765154072
000d7d20_4549,11738.857665135467
000d7d20_4550,11738.85421438138
000d7d20_4551,11738.880605442931
000d7d20_4552,11738.87706616208
000d7d20_4553,11738.879221962372
000d7d20_4554,11738.87673039497
000d7d20_4555,11738.879348321008
000d7d20_4556,11738.897134526122
000d7d20_4557,11738.897585669065
000d7d20_4558,11738.893228716228
000d7d20_4559,11738.89416003046
000d7d20_4560,11738.922243050083
000d7d20_4561,11738.913833462359
000d7d20_4562,11738.917519376047
000d7d20_4563,11738.918831563566
000d7d20_4564,11738.955271194365
000d7d20_4565,11738.961028209413
000d7d20_4566,11738.973123725642
000d7d20_4567,11738.981278794798
000d7d20_4568,11738.996901710716
000d7d20_4569,11739.036231590413
000d7d20_4570,11739.051486800987
000d7d20_4571,11739.058759830208
000d7d20_4572,11739.067255811462
000d7d20_4573,11739.10023848536
000d7d20_4574,11739.107243186425
000d7d20_4575,11739.104206134642
000d7d20_4576,11739.104648179058
000d7d20_4577,11739.096445816249
000d7d20_4578,11739.132296764885
000d7d20_4579,11739.132118368983
000d7d20_4580,11739.135751226704
000d7d20_4581,11739.134439245627
000d7d20_4582,11739.162599843125
000d7d20_4583,11739.163861569
000d7d20_4584,11739.160408594087
000d7d20_4585,11739.160501598592
000d7d20_4586,11739.1547397336
000d7d20_4587,11739.185838402223
000d7d20_4588,11739.180569811648
000d7d20_4589,11739.181106942233
000d7d20_4590,11739.17416053816
000d7d20_4591,11739.20363130152
000d7d20_4592,11739.198218059288
000d7d20_4593,11739.197724593963
000d7d20_4594,11739.194506879609
000d7d20_4595,11739.227327983137
000d7d20_4596,11739.22400814345
000d7d20_4597,11739.22176780489
000d7d20_4598,11739.224634345954
000d7d20_4599,11739.221440494346
000d7d20_4600,11739.251796590015
000d7d20_4601,11739.252213550926
000d7d20_4602,11739.258380507225
000d7d20_4603,11739.259015433907
000d7d20_4604,11739.290354579667
000d7d20_4605,11739.291438503187
000d7d20_4606,11739.29449475294
000d7d20_4607,11739.30276506101
000d7d20_4608,11739.303473084265
000d7d20_4609,11739.328623584008
000d7d20_4610,11739.327738206695
000d7d20_4611,11739.325828829522
000d7d20_4612,11739.326046904182
000d7d20_4613,11739.340485025552
000d7d20_4614,11739.33581190025
000d7d20_4615,11739.336294149873
000d7d20_4616,11739.331887043669
000d7d20_4617,11739.328930723603
000d7d20_4618,11739.349983805147
000d7d20_4619,11739.345193440333
000d7d20_4620,11739.341712146273
000d7d20_4621,11739.340147125577
000d7d20_4622,11739.358126795047
000d7d20_4623,11739.36058056806
000d7d20_4624,11739.35665075336
000d7d20_4625,11739.352503757818
000d7d20_4626,11739.36910881517
000d7d20_4627,11739.36522916271
000d7d20_4628,11739.357527817852
000d7d20_4629,11739.350700729006
000d7d20_4630,11739.348339393468
000d7d20_4631,11739.359717239815
000d7d20_4632,11739.356663716391
000d7d20_4633,11739.354210859401
000d7d20_4634,11739.351471388005
000d7d20_4635,11739.365168154547
000d7d20_4636,11739.36491436202
000d7d20_4637,11739.365869547655
000d7d20_4638,11739.366745957508
000d7d20_4639,11739.368304380747
000d7d20_4640,11739.346054714253
000d7d20_4641,11739.345171248498
000d7d20_4642,11739.345746418781
000d7d20_4643,11739.344327392442
000d7d20_4644,11739.33027960929
000d7d20_4645,11739.324429599234
000d7d20_4646,11739.327471541339
000d7d20_4647,11739.327277867482
000d7d20_4648,11739.33083879708
000d7d20_4649,11739.315961717137
000d7d20_4650,11739.319888951262
000d7d20_4651,11739.32305980223
000d7d20_4652,11739.321867743523
000d7d20_4653,11739.309060537606
000d7d20_4654,11739.301763069643
000d7d20_4655,11739.298604097634
000d7d20_4656,11739.284132514334
000d7d20_4657,11739.265902000281
000d7d20_4658,11739.263134063802
000d7d20_4659,11739.253738225376
000d7d20_4660,11739.247501302376
000d7d20_4661,11739.242388798408
000d7d20_4662,11739.215254523182
000d7d20_4663,11739.204514186793
000d7d20_4664,11739.189589662787
000d7d20_4665,11739.177959608947
000d7d20_4666,11739.143077905694
000d7d20_4667,11739.122564744466
000d7d20_4668,11739.109620900093
000d7d20_4669,11739.093924183242
000d7d20_4670,11739.065851552576
000d7d20_4671,11739.049923092012
000d7d20_4672,11739.041786026792
000d7d20_4673,11739.029218538573
000d7d20_4674,11739.01501886338
000d7d20_4675,11738.993146602807
000d7d20_4676,11738.988470613556
000d7d20_4677,11738.979297488815
000d7d20_4678,11738.969391856108
000d7d20_4679,11738.943405184542
000d7d20_4680,11738.931735011083
000d7d20_4681,11738.917915317714
000d7d20_4682,11738.902849088996
000d7d20_4683,11738.882329131846
000d7d20_4684,11738.88338300394
000d7d20_4685,11738.879087984547
000d7d20_4686,11738.871761613926
000d7d20_4687,11738.856091370599
000d7d20_4688,11738.862397717132
000d7d20_4689,11738.8627193702
000d7d20_4690,11738.854756893463
000d7d20_4691,11738.868004152151
000d7d20_4692,11738.866715321978
000d7d20_4693,11738.868415512427
000d7d20_4694,11738.869103792593
000d7d20_4695,11738.872478431247
000d7d20_4696,11738.867363712761
000d7d20_4697,11738.869545382528
000d7d20_4698,11738.874498680976
000d7d20_4699,11738.884189706328
000d7d20_4700,11738.885943511821
000d7d20_4701,11738.890086234502
000d7d20_4702,11738.890582853344
000d7d20_4703,11738.892851167033
000d7d20_4704,11738.920219643247
000d7d20_4705,11738.932990782323
000d7d20_4706,11738.942712944705
000d7d20_4707,11738.959770526963
000d7d20_4708,11738.982202422818
000d7d20_4709,11738.992801531493
000d7d20_4710,11739.002659515103
000d7d20_4711,11739.005227929963
000d7d20_4712,11739.028826888758
000d7d20_4713,11739.03407692818
000d7d20_4714,11739.034513587989
000d7d20_4715,11739.033306661067
000d7d20_4716,11739.047816640816
000d7d20_4717,11739.047317883991
000d7d20_4718,11739.041912067525
000d7d20_4719,11739.042042299252
000d7d20_4720,11739.053210423215
000d7d20_4721,11739.047938590258
000d7d20_4722,11739.042741812762
000d7d20_4723,11739.03655267588
000d7d20_4724,11739.044173748021
000d7d20_4725,11739.039632595377
000d7d20_4726,11739.035401691563
000d7d20_4727,11739.033599329534
000d7d20_4728,11739.054426969135
000d7d20_4729,11739.052701237779
000d7d20_4730,11739.055371512768
000d7d20_4731,11739.060676093897
000d7d20_4732,11739.069634049927
000d7d20_4733,11739.066655340304
000d7d20_4734,11739.058758919547
000d7d20_4735,11739.053003671812
000d7d20_4736,11739.061596055402
000d7d20_4737,11739.04986627756
000d7d20_4738,11739.038304808337
000d7d20_4739,11739.019874123896
000d7d20_4740,11739.019993959282
000d7d20_4741,11739.012110560749
000d7d20_4742,11738.998108958214
000d7d20_4743,11738.974780915223
000d7d20_4744,11738.98516890663
000d7d20_4745,11738.969393505758
000d7d20_4746,11738.95522685213
000d7d20_4747,11738.945174179025
000d7d20_4748,11738.926301675441
000d7d20_4749,11738.896215707637
000d7d20_4750,11738.885030041289
000d7d20_4751,11738.873812684986
000d7d20_4752,11738.863562421348
000d7d20_4753,11738.854002720234
000d7d20_4754,11738.838950388412
000d7d20_4755,11738.816320899034
000d7d20_4756,11738.794578970505
000d7d20_4757,11738.764895508588
000d7d20_4758,11738.729157097725
000d7d20_4759,11738.70656570552
000d7d20_4760,11738.683545682017
000d7d20_4761,11738.651384254319
000d7d20_4762,11738.62049006071
000d7d20_4763,11738.597758033506
000d7d20_4764,11738.572112405644
000d7d20_4765,11738.5420650954
000d7d20_4766,11738.534082668491
000d7d20_4767,11738.528364612182
000d7d20_4768,11738.525706137923
000d7d20_4769,11738.515422610457
000d7d20_4770,11738.500643855014
000d7d20_4771,11738.48644358021
000d7d20_4772,11738.474171485856
000d7d20_4773,11738.468080830942
000d7d20_4774,11738.464528135333
000d7d20_4775,11738.46961361708
000d7d20_4776,11738.472559588421
000d7d20_4777,11738.467208619937
000d7d20_4778,11738.464263792313
000d7d20_4779,11738.463622302044
000d7d20_4780,11738.464414766833
000d7d20_4781,11738.474065703018
000d7d20_4782,11738.47532305859
000d7d20_4783,11738.475613000104
000d7d20_4784,11738.474512806815
000d7d20_4785,11738.469522371426
000d7d20_4786,11738.461248389922
000d7d20_4787,11738.462157906744
000d7d20_4788,11738.458818566383
000d7d20_4789,11738.459600281814
000d7d20_4790,11738.463489457228
000d7d20_4791,11738.455611314143
000d7d20_4792,11738.443224702081
000d7d20_4793,11738.434808277249
000d7d20_4794,11738.423630658679
000d7d20_4795,11738.414031177655
000d7d20_4796,11738.41282531811
000d7d20_4797,11738.410187583791
000d7d20_4798,11738.413485615638
000d7d20_4799,11738.414752479359
000d7d20_4800,11738.424027648894
000d7d20_4801,11738.430549190129
000d7d20_4802,11738.43816362392
000d7d20_4803,11738.453972541038
000d7d20_4804,11738.466352714775
000d7d20_4805,11738.476630696849
000d7d20_4806,11738.488432788405
000d7d20_4807,11738.489532995252
000d7d20_4808,11738.489686273888
000d7d20_4809,11738.494853913367
000d7d20_4810,11738.495583877477
000d7d20_4811,11738.495671875604
000d7d20_4812,11738.502466083137
000d7d20_4813,11738.505962787243
000d7d20_4814,11738.510653296224
000d7d20_4815,11738.522078909484
000d7d20_4816,11738.529108813716
000d7d20_4817,11738.536760809007
000d7d20_4818,11738.55085262659
000d7d20_4819,11738.561305461728
000d7d20_4820,11738.565195798008
000d7d20_4821,11738.568543103005
000d7d20_4822,11738.583357849617
000d7d20_4823,11738.595528349832
000d7d20_4824,11738.606707944882
000d7d20_4825,11738.616988995134
000d7d20_4826,11738.629790848041
000d7d20_4827,11738.641019519553
000d7d20_4828,11738.640439449662
000d7d20_4829,11738.636064058102
000d7d20_4830,11738.6289731721
000d7d20_4831,11738.619533664329
000d7d20_4832,11738.61259385779
000d7d20_4833,11738.601327740449
000d7d20_4834,11738.589914314489
000d7d20_4835,11738.575745587583
000d7d20_4836,11738.559526541165
000d7d20_4837,11738.550234766453
000d7d20_4838,11738.539851797135
000d7d20_4839,11738.529339002262
000d7d20_4840,11738.51271863084
000d7d20_4841,11738.496081704876
000d7d20_4842,11738.486011843403
000d7d20_4843,11738.47836105023
000d7d20_4844,11738.474225025779
000d7d20_4845,11738.470527455627
000d7d20_4846,11738.469704091181
000d7d20_4847,11738.465827868924
000d7d20_4848,11738.460601675984
000d7d20_4849,11738.459236346165
000d7d20_4850,11738.46016873151
000d7d20_4851,11738.462140846916
000d7d20_4852,11738.462465635615
000d7d20_4853,11738.453569510562
000d7d20_4854,11738.43148580768
000d7d20_4855,11738.405178918121
000d7d20_4856,11738.373641313035
000d7d20_4857,11738.337649535692
000d7d20_4858,11738.309390964592
000d7d20_4859,11738.281772814584
000d7d20_4860,11738.253640789451
000d7d20_4861,11738.227576168514
000d7d20_4862,11738.20211006921
000d7d20_4863,11738.177872269025
000d7d20_4864,11738.164711545262
000d7d20_4865,11738.159312147951
000d7d20_4866,11738.158721004933
000d7d20_4867,11738.153074401465
000d7d20_4868,11738.14767131977
000d7d20_4869,11738.142849672076
000d7d20_4870,11738.131693936057
000d7d20_4871,11738.129786873827
000d7d20_4872,11738.12517363354
000d7d20_4873,11738.121601959192
000d7d20_4874,11738.122079892812
000d7d20_4875,11738.11801030821
000d7d20_4876,11738.113994926936
000d7d20_4877,11738.097535243263
000d7d20_4878,11738.073190496605
000d7d20_4879,11738.063131589477
000d7d20_4880,11738.0596057484
000d7d20_4881,11738.054684075154
000d7d20_4882,11738.046908524517
000d7d20_4883,11738.030319920836
000d7d20_4884,11738.01648858844
000d7d20_4885,11738.00541239025
000d7d20_4886,11737.996040976317
000d7d20_4887,11737.978359232253
000d7d20_4888,11737.963710524193
000d7d20_4889,11737.945588913304
000d7d20_4890,11737.933705153479
000d7d20_4891,11737.917284393443
000d7d20_4892,11737.90675442435
000d7d20_4893,11737.888617288776
000d7d20_4894,11737.8782440383
000d7d20_4895,11737.874716054024
000d7d20_4896,11737.864537737652
000d7d20_4897,11737.858060205717
000d7d20_4898,11737.851040484624
000d7d20_4899,11737.844595697292
000d7d20_4900,11737.837250171047
000d7d20_4901,11737.827144886367
000d7d20_4902,11737.815836743237
000d7d20_4903,11737.804920844968
000d7d20_4904,11737.794089490279
000d7d20_4905,11737.783677604017
000d7d20_4906,11737.779347706377
000d7d20_4907,11737.773712907174
000d7d20_4908,11737.770771148142
000d7d20_4909,11737.772236113191
000d7d20_4910,11737.778649806382
000d7d20_4911,11737.790813156644
000d7d20_4912,11737.80689548252
000d7d20_4913,11737.83349801139
000d7d20_4914,11737.860905915055
000d7d20_4915,11737.88408456801
000d7d20_4916,11737.902674372952
000d7d20_4917,11737.91103144211
000d7d20_4918,11737.918453140057
000d7d20_4919,11737.911787174622
000d7d20_4920,11737.898006198462
000d7d20_4921,11737.883287386645
000d7d20_4922,11737.859288467533
000d7d20_4923,11737.833640404628
000d7d20_4924,11737.813041414674
000d7d20_4925,11737.788351884104
000d7d20_4926,11737.772673634361
000d7d20_4927,11737.75497596559
000d7d20_4928,11737.751550068355
000d7d20_4929,11737.747216284184
000d7d20_4930,11737.75060530143
000d7d20_4931,11737.743635223469
000d7d20_4932,11737.74483344897
000d7d20_4933,11737.73963272446
000d7d20_4934,11737.74057910761
000d7d20_4935,11737.736298921332
000d7d20_4936,11737.739169092245
000d7d20_4937,11737.740120817225
000d7d20_4938,11737.738976708388
000d7d20_4939,11737.741447414099
000d7d20_4940,11737.742111345557
000d7d20_4941,11737.742752876436
000d7d20_4942,11737.736445908176
000d7d20_4943,11737.733014669562
000d7d20_4944,11737.735898780504
000d7d20_4945,11737.738501226413
000d7d20_4946,11737.74483445624
000d7d20_4947,11737.745372776173
000d7d20_4948,11737.752673644136
000d7d20_4949,11737.766148373285
000d7d20_4950,11737.773069477736
000d7d20_4951,11737.774005207924
000d7d20_4952,11737.775266281444
000d7d20_4953,11737.77907902867
000d7d20_4954,11737.7849425855
000d7d20_4955,11737.788018264591
000d7d20_4956,11737.794798470726
000d7d20_4957,11737.801802072612
000d7d20_4958,11737.808802089805
000d7d20_4959,11737.817853771763
000d7d20_4960,11737.836242145853
000d7d20_4961,11737.849328307932
000d7d20_4962,11737.862203099265
000d7d20_4963,11737.870714763996
000d7d20_4964,11737.881205738722
000d7d20_4965,11737.891396194364
000d7d20_4966,11737.896581151792
000d7d20_4967,11737.897699328487
000d7d20_4968,11737.901385779971
000d7d20_4969,11737.910237990118
000d7d20_4970,11737.910588777899
000d7d20_4971,11737.91299566194
000d7d20_4972,11737.92292458792
000d7d20_4973,11737.92678187606
000d7d20_4974,11737.936869608546
000d7d20_4975,11737.940924502056
000d7d20_4976,11737.943408464558
000d7d20_4977,11737.948062103815
000d7d20_4978,11737.948875002941
000d7d20_4979,11737.956842622898
000d7d20_4980,11737.962480851002
000d7d20_4981,11737.970941500107
000d7d20_4982,11737.9801943337
000d7d20_4983,11737.985554609533
000d7d20_4984,11737.993947775898
000d7d20_4985,11737.99694891635
000d7d20_4986,11738.0056165342
000d7d20_4987,11738.015229044608
000d7d20_4988,11738.019010489308
000d7d20_4989,11738.034288742258
000d7d20_4990,11738.040938796734
000d7d20_4991,11738.057220873206
000d7d20_4992,11738.068239070579
000d7d20_4993,11738.073901749342
000d7d20_4994,11738.086933817962
000d7d20_4995,11738.097275513168
000d7d20_4996,11738.116214479807
000d7d20_4997,11738.126724474125
000d7d20_4998,11738.132874271821
000d7d20_4999,11738.146850372454
000d7d20_5000,11738.151688394506
000d7d20_5001,11738.165885339746
000d7d20_5002,11738.177719386873
000d7d20_5003,11738.19164956136
000d7d20_5004,11738.216333604854
000d7d20_5005,11738.233339963546
000d7d20_5006,11738.243667221224
000d7d20_5007,11738.26684697223
000d7d20_5008,11738.280462249597
000d7d20_5009,11738.296269876995
000d7d20_5010,11738.310582133956
000d7d20_5011,11738.331581975559
000d7d20_5012,11738.34201442753
000d7d20_5013,11738.345352276456
000d7d20_5014,11738.348365253223
000d7d20_5015,11738.35199391108
000d7d20_5016,11738.363942381437
000d7d20_5017,11738.373950154357
000d7d20_5018,11738.378875699724
000d7d20_5019,11738.380016842384
000d7d20_5020,11738.38251812453
000d7d20_5021,11738.382644768015
000d7d20_5022,11738.381532303714
000d7d20_5023,11738.379226708625
000d7d20_5024,11738.374428445553
000d7d20_5025,11738.370154985474
000d7d20_5026,11738.364422472167
000d7d20_5027,11738.354625707841
000d7d20_5028,11738.342949545287
000d7d20_5029,11738.333583552476
000d7d20_5030,11738.326375969964
000d7d20_5031,11738.319846965915
000d7d20_5032,11738.319899259259
000d7d20_5033,11738.31585300042
000d7d20_5034,11738.317836905113
000d7d20_5035,11738.320599479392
000d7d20_5036,11738.329369185718
000d7d20_5037,11738.338563623092
000d7d20_5038,11738.34564987
000d7d20_5039,11738.361563293445
000d7d20_5040,11738.377144398064
000d7d20_5041,11738.391630956767
000d7d20_5042,11738.400795074629
000d7d20_5043,11738.415457982946
000d7d20_5044,11738.42506242582
000d7d20_5045,11738.433346395783
000d7d20_5046,11738.447856225972
000d7d20_5047,11738.460466942488
000d7d20_5048,11738.469171066023
000d7d20_5049,11738.479970696968
000d7d20_5050,11738.479213412706
000d7d20_5051,11738.476014159842
000d7d20_5052,11738.470627540668
000d7d20_5053,11738.461004930625
000d7d20_5054,11738.456599823472
000d7d20_5055,11738.4481320856
000d7d20_5056,11738.446619760627
000d7d20_5057,11738.441132462412
000d7d20_5058,11738.44056163238
000d7d20_5059,11738.449314067942
000d7d20_5060,11738.44696190409
000d7d20_5061,11738.4500084994
000d7d20_5062,11738.45134833477
000d7d20_5063,11738.45352291803
000d7d20_5064,11738.458918804568
000d7d20_5065,11738.458526226976
000d7d20_5066,11738.458123585418
000d7d20_5067,11738.469558591296
000d7d20_5068,11738.471169251066
000d7d20_5069,11738.471473905867
000d7d20_5070,11738.464486647134
000d7d20_5071,11738.468986610987
000d7d20_5072,11738.467602894534
000d7d20_5073,11738.465310445265
000d7d20_5074,11738.470947337282
000d7d20_5075,11738.483205153781
000d7d20_5076,11738.498371714717
000d7d20_5077,11738.5225526729
000d7d20_5078,11738.53552817631
000d7d20_5079,11738.547388488845
000d7d20_5080,11738.555630588467
000d7d20_5081,11738.568668002452
000d7d20_5082,11738.581116681067
000d7d20_5083,11738.592998574684
000d7d20_5084,11738.601109850737
000d7d20_5085,11738.60549220804
000d7d20_5086,11738.602315843054
000d7d20_5087,11738.598346473958
000d7d20_5088,11738.598752285534
000d7d20_5089,11738.588560064902
000d7d20_5090,11738.578632947523
000d7d20_5091,11738.576880592344
000d7d20_5092,11738.57620452989
000d7d20_5093,11738.574297824285
000d7d20_5094,11738.564553292395
000d7d20_5095,11738.559444895038
000d7d20_5096,11738.556015151116
000d7d20_5097,11738.555186600943
000d7d20_5098,11738.545025960402
000d7d20_5099,11738.533575705578
000d7d20_5100,11738.519353621381
000d7d20_5101,11738.501448047806
000d7d20_5102,11738.48148293869
000d7d20_5103,11738.462063007742
000d7d20_5104,11738.436779156697
000d7d20_5105,11738.407759797088
000d7d20_5106,11738.389388453003
000d7d20_5107,11738.3715432059
000d7d20_5108,11738.350876721062
000d7d20_5109,11738.33424128967
000d7d20_5110,11738.316454086127
000d7d20_5111,11738.301957054076
000d7d20_5112,11738.289220169096
000d7d20_5113,11738.280519493237
000d7d20_5114,11738.26797326079
000d7d20_5115,11738.252954827603
000d7d20_5116,11738.239482524139
000d7d20_5117,11738.222235945392
000d7d20_5118,11738.207137201265
000d7d20_5119,11738.19302454853
000d7d20_5120,11738.188114568537
000d7d20_5121,11738.180442957517
000d7d20_5122,11738.172036951722
000d7d20_5123,11738.167712972345
000d7d20_5124,11738.15591225898
000d7d20_5125,11738.134272940972
000d7d20_5126,11738.115090984686
000d7d20_5127,11738.088897345482
000d7d20_5128,11738.063057450378
000d7d20_5129,11738.043062369676
000d7d20_5130,11738.030617902943
000d7d20_5131,11738.024879689001
000d7d20_5132,11738.033531705209
000d7d20_5133,11738.034314679006
000d7d20_5134,11738.033790979633
000d7d20_5135,11738.029662762841
000d7d20_5136,11738.02696282024
000d7d20_5137,11738.03074770929
000d7d20_5138,11738.026373171133
000d7d20_5139,11738.033958743757
000d7d20_5140,11738.04298871355
000d7d20_5141,11738.048690085328
000d7d20_5142,11738.060356878497
000d7d20_5143,11738.067212506949
000d7d20_5144,11738.072858847805
000d7d20_5145,11738.081274101376
000d7d20_5146,11738.085875255632
000d7d20_5147,11738.097701078328
000d7d20_5148,11738.101750122622
000d7d20_5149,11738.10502250009
000d7d20_5150,11738.107702856862
000d7d20_5151,11738.105792698545
000d7d20_5152,11738.10968018285
000d7d20_5153,11738.110412316346
000d7d20_5154,11738.104621050577
000d7d20_5155,11738.108280597742
000d7d20_5156,11738.116761395668
000d7d20_5157,11738.13671465994
000d7d20_5158,11738.154166764007
000d7d20_5159,11738.161017105227
000d7d20_5160,11738.1624512536
000d7d20_5161,11738.177280913764
000d7d20_5162,11738.193684515565
000d7d20_5163,11738.20272805771
000d7d20_5164,11738.206377670798
000d7d20_5165,11738.210014367121
000d7d20_5166,11738.210543247325
000d7d20_5167,11738.216443386118
000d7d20_5168,11738.226813625108
000d7d20_5169,11738.242766532469
000d7d20_5170,11738.263124776911
000d7d20_5171,11738.281116069917
000d7d20_5172,11738.29631740406
000d7d20_5173,11738.31370573242
000d7d20_5174,11738.32312535293
000d7d20_5175,11738.331190385914
000d7d20_5176,11738.335402863342
000d7d20_5177,11738.34414069023
000d7d20_5178,11738.346686501436
000d7d20_5179,11738.346826750008
000d7d20_5180,11738.346508616209
000d7d20_5181,11738.351508372107
000d7d20_5182,11738.363318066262
000d7d20_5183,11738.370427256463
000d7d20_5184,11738.377846101244
000d7d20_5185,11738.385346787576
000d7d20_5186,11738.394360359032
000d7d20_5187,11738.394284331178
000d7d20_5188,11738.392100981242
000d7d20_5189,11738.394113340084
000d7d20_5190,11738.401659557256
000d7d20_5191,11738.406650313225
000d7d20_5192,11738.413617153634
000d7d20_5193,11738.421164467689
000d7d20_5194,11738.429086682721
000d7d20_5195,11738.440648869013
000d7d20_5196,11738.44576921899
000d7d20_5197,11738.45223895106
000d7d20_5198,11738.456338947002
000d7d20_5199,11738.45835201989
000d7d20_5200,11738.462395322302
000d7d20_5201,11738.455329300863
000d7d20_5202,11738.445336548295
000d7d20_5203,11738.432943978194
000d7d20_5204,11738.418742226442
000d7d20_5205,11738.409677799702
000d7d20_5206,11738.398650937566
000d7d20_5207,11738.395083741176
000d7d20_5208,11738.3869923555
000d7d20_5209,11738.375504763279
000d7d20_5210,11738.372719073826
000d7d20_5211,11738.366046662992
000d7d20_5212,11738.361002994965
000d7d20_5213,11738.35535796506
000d7d20_5214,11738.355249070453
000d7d20_5215,11738.357926708468
000d7d20_5216,11738.362330364958
000d7d20_5217,11738.367163589093
000d7d20_5218,11738.368722359533
000d7d20_5219,11738.367633623575
000d7d20_5220,11738.366911232815
000d7d20_5221,11738.367836779795
000d7d20_5222,11738.374681099971
000d7d20_5223,11738.369534806343
000d7d20_5224,11738.365370673342
000d7d20_5225,11738.362189982681
000d7d20_5226,11738.360731697809
000d7d20_5227,11738.361962669407
000d7d20_5228,11738.361706422422
000d7d20_5229,11738.366722890172
000d7d20_5230,11738.366882224711
000d7d20_5231,11738.368857590602
000d7d20_5232,11738.370691953165
000d7d20_5233,11738.37303879061
000d7d20_5234,11738.37738153607
000d7d20_5235,11738.385787281712
000d7d20_5236,11738.39049883205
000d7d20_5237,11738.384570231547
000d7d20_5238,11738.385918111948
000d7d20_5239,11738.3867768409
000d7d20_5240,11738.388580793238
000d7d20_5241,11738.391965322839
000d7d20_5242,11738.39600105907
000d7d20_5243,11738.395699457633
000d7d20_5244,11738.396735414402
000d7d20_5245,11738.391978985746
000d7d20_5246,11738.39407401777
000d7d20_5247,11738.396647002832
000d7d20_5248,11738.402678535509
000d7d20_5249,11738.405885264185
000d7d20_5250,11738.404993606957
000d7d20_5251,11738.401999725771
000d7d20_5252,11738.393524801484
000d7d20_5253,11738.389055890875
000d7d20_5254,11738.393038970094
000d7d20_5255,11738.396325323138
000d7d20_5256,11738.402873328108
000d7d20_5257,11738.408170381977
000d7d20_5258,11738.408132520304
000d7d20_5259,11738.409154526746
000d7d20_5260,11738.41171903309
000d7d20_5261,11738.41609202726
000d7d20_5262,11738.421231066379
000d7d20_5263,11738.42414798607
000d7d20_5264,11738.43160210698
000d7d20_5265,11738.434014529535
000d7d20_5266,11738.441109955604
000d7d20_5267,11738.44235480384
000d7d20_5268,11738.443125140395
000d7d20_5269,11738.44611937433
000d7d20_5270,11738.448093288212
000d7d20_5271,11738.451624052472
000d7d20_5272,11738.457819890024
000d7d20_5273,11738.465421732426
000d7d20_5274,11738.474269211207
000d7d20_5275,11738.483680359846
000d7d20_5276,11738.498125348051
000d7d20_5277,11738.518132409343
00bbac68_1545,12223.530089018785
00bbac68_1546,12223.587734138551
00bbac68_1547,12223.616886024201
00bbac68_1548,12223.65343093525
00bbac68_1549,12223.691792807533
00bbac68_1550,12223.70928241237
00bbac68_1551,12223.728073705874
00bbac68_1552,12223.745379961134
00bbac68_1553,12223.761377302297
00bbac68_1554,12223.785812942915
00bbac68_1555,12223.798620215379
00bbac68_1556,12223.810906296176
00bbac68_1557,12223.821492939658
00bbac68_1558,12223.839592165275
00bbac68_1559,12223.850364590275
00bbac68_1560,12223.866608765387
00bbac68_1561,12223.876272816051
00bbac68_1562,12223.892030199862
00bbac68_1563,12223.900293706474
00bbac68_1564,12223.908469776317
00bbac68_1565,12223.92222259895
00bbac68_1566,12223.93391257701
00bbac68_1567,12223.942073858856
00bbac68_1568,12223.956889072804
00bbac68_1569,12223.967173572619
00bbac68_1570,12223.974754081537
00bbac68_1571,12223.988585986486
00bbac68_1572,12223.99605508141
00bbac68_1573,12224.007266824643
00bbac68_1574,12224.013293641161
00bbac68_1575,12224.019953093062
00bbac68_1576,12224.03074143064
00bbac68_1577,12224.046279834392
00bbac68_1578,12224.05427409708
00bbac68_1579,12224.068485433663
00bbac68_1580,12224.072068750638
00bbac68_1581,12224.085398000738
00bbac68_1582,12224.091336500542
00bbac68_1583,12224.089062056584
00bbac68_1584,12224.09418803105
00bbac68_1585,12224.099474847588
00bbac68_1586,12224.109551989659
00bbac68_1587,12224.128393060551
00bbac68_1588,12224.14981240476
00bbac68_1589,12224.163328814877
00bbac68_1590,12224.191258679264
00bbac68_1591,12224.224044477607
00bbac68_1592,12224.249919944643
00bbac68_1593,12224.280492700129
00bbac68_1594,12224.321290652437
00bbac68_1595,12224.348033753458
00bbac68_1596,12224.365007412629
00bbac68_1597,12224.39453269308
00bbac68_1598,12224.413540097827
00bbac68_1599,12224.437729928837
00bbac68_1600,12224.462914914215
00bbac68_1601,12224.488075366171
00bbac68_1602,12224.50764795005
00bbac68_1603,12224.532975969509
00bbac68_1604,12224.547562554584
00bbac68_1605,12224.56838474852
00bbac68_1606,12224.599343929523
00bbac68_1607,12224.626084755497
00bbac68_1608,12224.6415700677
00bbac68_1609,12224.660488022024
00bbac68_1610,12224.679088347108
00bbac68_1611,12224.703597105257
00bbac68_1612,12224.729371908657
00bbac68_1613,12224.75993663118
00bbac68_1614,12224.804196903651
00bbac68_1615,12224.83951076804
00bbac68_1616,12224.879290323013
00bbac68_1617,12224.908889347003
00bbac68_1618,12224.939114076991
00bbac68_1619,12224.978440754488
00bbac68_1620,12225.003490993402
00bbac68_1621,12225.03660279735
00bbac68_1622,12225.084639657603
00bbac68_1623,12225.119824966574
00bbac68_1624,12225.157342992268
00bbac68_1625,12225.190162733139
00bbac68_1626,12225.229027605299
00bbac68_1627,12225.26845542387
00bbac68_1628,12225.290106319328
00bbac68_1629,12225.311516268575
00bbac68_1630,12225.325655530485
00bbac68_1631,12225.344024600501
00bbac68_1632,12225.361616182243
00bbac68_1633,12225.3491883363
00bbac68_1634,12225.361429165063
00bbac68_1635,12225.395365659957
00bbac68_1636,12225.425695351574
00bbac68_1637,12225.444797745935
00bbac68_1638,12225.442397979305
00bbac68_1639,12225.451929420688
00bbac68_1640,12225.475648441623
00bbac68_1641,12225.495005536111
00bbac68_1642,12225.500827981035
00bbac68_1643,12225.483592189137
00bbac68_1644,12225.48410787424
00bbac68_1645,12225.529935451668
00bbac68_1646,12225.539543004477
00bbac68_1647,12225.53112564246
00bbac68_1648,12225.54554492891
00bbac68_1649,12225.528792095887
00bbac68_1650,12225.552402199966
00bbac68_1651,12225.622586011748
00bbac68_1652,12225.756614063153
00bbac68_1653,12225.768490235425
00bbac68_1654,12225.734440085647
00bbac68_1655,12225.70419202738
00bbac68_1656,12225.629825239957
00bbac68_1657,12225.620664737957
00bbac68_1658,12225.655919187055
00bbac68_1659,12225.6704740969
00bbac68_1660,12225.710256993614
00bbac68_1661,12225.742990522063
00bbac68_1662,12225.794669264882
00bbac68_1663,12225.814530081683
00bbac68_1664,12225.821062679115
00bbac68_1665,12225.841033930054
00bbac68_1666,12225.835155623668
00bbac68_1667,12225.889202912647
00bbac68_1668,12225.908685179511
00bbac68_1669,12225.928465320525
00bbac68_1670,12225.923649989454
00bbac68_1671,12225.915217658243
00bbac68_1672,12225.934589217712
00bbac68_1673,12225.925697994991
00bbac68_1674,12225.948345088615
00bbac68_1675,12225.974772168765
00bbac68_1676,12225.992649199703
00bbac68_1677,12225.971466743986
00bbac68_1678,12225.960230338418
00bbac68_1679,12225.934324782225
00bbac68_1680,12225.947870704682
00bbac68_1681,12225.962400024166
00bbac68_1682,12225.970831463503
00bbac68_1683,12225.989392278385
00bbac68_1684,12226.003395133266
00bbac68_1685,12226.033290672642
00bbac68_1686,12226.042684327364
00bbac68_1687,12226.060572249984
00bbac68_1688,12226.096748092918
00bbac68_1689,12226.114110218225
00bbac68_1690,12226.14616507925
00bbac68_1691,12226.162979084971
00bbac68_1692,12226.185022647804
00bbac68_1693,12226.2312934018
00bbac68_1694,12226.252284406939
00bbac68_1695,12226.26073265925
00bbac68_1696,12226.277809521065
00bbac68_1697,12226.286384917119
00bbac68_1698,12226.32687011899
00bbac68_1699,12226.392755929279
00bbac68_1700,12226.449636794023
00bbac68_1701,12226.488895192244
00bbac68_1702,12226.557959017933
00bbac68_1703,12226.608081823084
00bbac68_1704,12226.67630862945
00bbac68_1705,12226.756518725044
00bbac68_1706,12226.872467291756
00bbac68_1707,12226.978068917932
00bbac68_1708,12227.05613232497
00bbac68_1709,12227.131886983452
00bbac68_1710,12227.18483875264
00bbac68_1711,12227.227006502104
00bbac68_1712,12227.273142693866
00bbac68_1713,12227.331041565594
00bbac68_1714,12227.375542243302
00bbac68_1715,12227.39970891277
00bbac68_1716,12227.390695571263
00bbac68_1717,12227.416587719388
00bbac68_1718,12227.447771825886
00bbac68_1719,12227.461968896781
00bbac68_1720,12227.476453038522
00bbac68_1721,12227.46972747901
00bbac68_1722,12227.459764694057
00bbac68_1723,12227.448049137814
00bbac68_1724,12227.461983748835
00bbac68_1725,12227.463722141722
00bbac68_1726,12227.474257582116
00bbac68_1727,12227.474375712312
00bbac68_1728,12227.478567499289
00bbac68_1729,12227.469828114728
00bbac68_1730,12227.47099219062
00bbac68_1731,12227.470693676558
00bbac68_1732,12227.504161452467
00bbac68_1733,12227.522669419133
00bbac68_1734,12227.56965003105
00bbac68_1735,12227.61794627259
00bbac68_1736,12227.62967745957
00bbac68_1737,12227.636083785006
00bbac68_1738,12227.610292786001
00bbac68_1739,12227.576974424908
00bbac68_1740,12227.480400296667
00bbac68_1741,12227.305703842314
00bbac68_1742,12227.17729725211
00bbac68_1743,12227.129424906963
00bbac68_1744,12227.093740456428
00bbac68_1745,12227.092060262263
00bbac68_1746,12227.105755347911
00bbac68_1747,12227.110366290097
00bbac68_1748,12227.146718399525
00bbac68_1749,12227.21088296196
00bbac68_1750,12227.316196398535
00bbac68_1751,12227.376263918251
00bbac68_1752,12227.43919017236
00bbac68_1753,12227.515560755726
00bbac68_1754,12227.574187677425
00bbac68_1755,12227.622214674233
00bbac68_1756,12227.647796626483
00bbac68_1757,12227.674813410751
00bbac68_1758,12227.665129224388
00bbac68_1759,12227.65619818068
00bbac68_1760,12227.70281934427
00bbac68_1761,12227.73054804458
00bbac68_1762,12227.751485328741
00bbac68_1763,12227.777986091256
00bbac68_1764,12227.815525528607
00bbac68_1765,12227.81884281
00bbac68_1766,12227.78979318233
00bbac68_1767,12227.725661198729
00bbac68_1768,12227.704023870672
00bbac68_1769,12227.68264468834
00bbac68_1770,12227.690040007246
00bbac68_1771,12227.721412559504
00bbac68_1772,12227.750760007548
00bbac68_1773,12227.754883466487
00bbac68_1774,12227.749082426251
00bbac68_1775,12227.777647044466
00bbac68_1776,12227.782594961373
00bbac68_1777,12227.788300421578
00bbac68_1778,12227.825557119624
00bbac68_1779,12227.848026129686
00bbac68_1780,12227.876794879043
00bbac68_1781,12227.909770789223
00bbac68_1782,12227.961312248219
00bbac68_1783,12227.992525168445
00bbac68_1784,12228.01068314299
00bbac68_1785,12228.012732580653
00bbac68_1786,12228.039077764242
00bbac68_1787,12228.05126022144
00bbac68_1788,12228.053841891176
00bbac68_1789,12228.062158398663
00bbac68_1790,12228.060728921444
00bbac68_1791,12228.061466787074
00bbac68_1792,12228.067552890396
00bbac68_1793,12228.089301444485
00bbac68_1794,12228.104613858031
00bbac68_1795,12228.117981063424
00bbac68_1796,12228.133571558647
00bbac68_1797,12228.15427246213
00bbac68_1798,12228.152313036451
00bbac68_1799,12228.147257533863
00bbac68_1800,12228.145246666341
00bbac68_1801,12228.1260899447
00bbac68_1802,12228.10647298706
00bbac68_1803,12228.091945400596
00bbac68_1804,12228.09679491481
00bbac68_1805,12228.07727747166
00bbac68_1806,12228.060100295885
00bbac68_1807,12228.048851206146
00bbac68_1808,12228.048217840573
00bbac68_1809,12228.028348653084
00bbac68_1810,12228.010471766725
00bbac68_1811,12228.002778794791
00bbac68_1812,12227.984893725434
00bbac68_1813,12227.976281378302
00bbac68_1814,12227.980938224944
00bbac68_1815,12228.021218358312
00bbac68_1816,12228.044101559337
00bbac68_1817,12228.063896219748
00bbac68_1818,12228.082228633597
00bbac68_1819,12228.125738168854
00bbac68_1820,12228.14527385139
00bbac68_1821,12228.14565198419
00bbac68_1822,12228.136414785571
00bbac68_1823,12228.153442726096
00bbac68_1824,12228.14221446
00bbac68_1825,12228.127387780045
00bbac68_1826,12228.11549426184
00bbac68_1827,12228.122050094105
00bbac68_1828,12228.11741326719
00bbac68_1829,12228.107873308325
00bbac68_1830,12228.097464995451
00bbac68_1831,12228.11883350137
00bbac68_1832,12228.136635415942
00bbac68_1833,12228.136654045089
00bbac68_1834,12228.130649427863
00bbac68_1835,12228.14812571269
00bbac68_1836,12228.144420173829
00bbac68_1837,12228.121218310114
00bbac68_1838,12228.092650122358
00bbac68_1839,12228.082579386324
00bbac68_1840,12228.098985295761
00bbac68_1841,12228.104635034448
00bbac68_1842,12228.101408740846
00bbac68_1843,12228.114172124462
00bbac68_1844,12228.105916813083
00bbac68_1845,12228.095463629092
00bbac68_1846,12228.087856197602
00bbac68_1847,12228.098259119384
00bbac68_1848,12228.097083709863
00bbac68_1849,12228.097754209159
00bbac68_1850,12228.103341397842
00bbac68_1851,12228.118460938826
00bbac68_1852,12228.108934009435
00bbac68_1853,12228.112431168747
00bbac68_1854,12228.12827131675
00bbac68_1855,12228.155859973183
00bbac68_1856,12228.162366200379
00bbac68_1857,12228.155674165399
00bbac68_1858,12228.142712305198
00bbac68_1859,12228.152652065168
00bbac68_1860,12228.157513551687
00bbac68_1861,12228.158067684415
00bbac68_1862,12228.160164277771
00bbac68_1863,12228.1422765059
00bbac68_1864,12228.135081861958
00bbac68_1865,12228.133831229683
00bbac68_1866,12228.155009644273
00bbac68_1867,12228.163335895679
00bbac68_1868,12228.162109676694
00bbac68_1869,12228.151782672632
00bbac68_1870,12228.159150460107
00bbac68_1871,12228.160594966777
00bbac68_1872,12228.172716530407
00bbac68_1873,12228.179419782053
00bbac68_1874,12228.194082821512
00bbac68_1875,12228.185634667449
00bbac68_1876,12228.178936245877
00bbac68_1877,12228.1785383201
00bbac68_1878,12228.199915518804
00bbac68_1879,12228.20725144606
00bbac68_1880,12228.218543680838
00bbac68_1881,12228.24869179719
00bbac68_1882,12228.267678499842
00bbac68_1883,12228.303681039532
00bbac68_1884,12228.347600393186
00bbac68_1885,12228.403821164713
00bbac68_1886,12228.430726533179
00bbac68_1887,12228.441538745748
00bbac68_1888,12228.440587144773
00bbac68_1889,12228.454635943517
00bbac68_1890,12228.45596311906
00bbac68_1891,12228.432797883603
00bbac68_1892,12228.394487632615
00bbac68_1893,12228.394579811811
00bbac68_1894,12228.399258885896
00bbac68_1895,12228.39210860368
00bbac68_1896,12228.373864358644
00bbac68_1897,12228.363941230453
00bbac68_1898,12228.331473249342
00bbac68_1899,12228.305179014105
00bbac68_1900,12228.303528614531
00bbac68_1901,12228.286105610941
00bbac68_1902,12228.263267708322
00bbac68_1903,12228.244727296526
00bbac68_1904,12228.253991508578
00bbac68_1905,12228.250796746812
00bbac68_1906,12228.25279231075
00bbac68_1907,12228.262057429696
00bbac68_1908,12228.287791679191
00bbac68_1909,12228.284020622239
00bbac68_1910,12228.246614862297
00bbac68_1911,12228.185585516294
00bbac68_1912,12228.146018074185
00bbac68_1913,12228.09113118222
00bbac68_1914,12228.044172164975
00bbac68_1915,12228.010435187027
00bbac68_1916,12228.008995084343
00bbac68_1917,12227.991147537567
00bbac68_1918,12227.984542868064
00bbac68_1919,12228.017514276191
00bbac68_1920,12228.02672515402
00bbac68_1921,12228.026971345247
00bbac68_1922,12228.028131509367
00bbac68_1923,12228.037876395778
00bbac68_1924,12228.026431681752
00bbac68_1925,12228.023078928889
00bbac68_1926,12228.019020394535
00bbac68_1927,12228.037450410267
00bbac68_1928,12228.032968112464
00bbac68_1929,12228.028632469264
00bbac68_1930,12228.030319362992
00bbac68_1931,12228.035362252102
00bbac68_1932,12228.021339740479
00bbac68_1933,12228.007274443717
00bbac68_1934,12228.03487626911
00bbac68_1935,12228.047624109133
00bbac68_1936,12228.057879185999
00bbac68_1937,12228.05765029879
00bbac68_1938,12228.078718777271
00bbac68_1939,12228.076533027706
00bbac68_1940,12228.081328610626
00bbac68_1941,12228.082752393833
00bbac68_1942,12228.110594866961
00bbac68_1943,12228.117616267113
00bbac68_1944,12228.129490157815
00bbac68_1945,12228.134264623986
00bbac68_1946,12228.15451300324
00bbac68_1947,12228.139188638992
00bbac68_1948,12228.1252854751
00bbac68_1949,12228.122634768732
00bbac68_1950,12228.133737211821
00bbac68_1951,12228.13553570548
00bbac68_1952,12228.145582952115
00bbac68_1953,12228.159488954596
00bbac68_1954,12228.194211444565
00bbac68_1955,12228.212655635634
00bbac68_1956,12228.223854241134
00bbac68_1957,12228.23884955038
00bbac68_1958,12228.26703873778
00bbac68_1959,12228.268667124603
00bbac68_1960,12228.275340770242
00bbac68_1961,12228.277579614421
00bbac68_1962,12228.279362383266
00bbac68_1963,12228.254397179653
00bbac68_1964,12228.249143159797
00bbac68_1965,12228.250282541234
00bbac68_1966,12228.283615195684
00bbac68_1967,12228.300382848436
00bbac68_1968,12228.317179740508
00bbac68_1969,12228.329206410794
00bbac68_1970,12228.351710599862
00bbac68_1971,12228.353880214947
00bbac68_1972,12228.347528524002
00bbac68_1973,12228.352646617268
00bbac68_1974,12228.382079725243
00bbac68_1975,12228.398188097413
00bbac68_1976,12228.420333791399
00bbac68_1977,12228.441067734728
00bbac68_1978,12228.47070545511
00bbac68_1979,12228.487157211845
00bbac68_1980,12228.496633539453
00bbac68_1981,12228.508712702727
00bbac68_1982,12228.527056797091
00bbac68_1983,12228.51728601757
00bbac68_1984,12228.50619598685
00bbac68_1985,12228.496427210926
00bbac68_1986,12228.5114737236
00bbac68_1987,12228.51778262053
00bbac68_1988,12228.526180440142
00bbac68_1989,12228.527198387463
00bbac68_1990,12228.538515829276
00bbac68_1991,12228.526577453966
00bbac68_1992,12228.512339966812
00bbac68_1993,12228.50058592155
00bbac68_1994,12228.518343530644
00bbac68_1995,12228.518707941266
00bbac68_1996,12228.51830953914
00bbac68_1997,12228.525977532221
00bbac68_1998,12228.563892469705
00bbac68_1999,12228.588749637762
00bbac68_2000,12228.606017132448
00bbac68_2001,12228.620245711125
00bbac68_2002,12228.650660550902
00bbac68_2003,12228.66282867601
00bbac68_2004,12228.66869394493
00bbac68_2005,12228.667683655684
00bbac68_2006,12228.674841081805
00bbac68_2007,12228.668225751415
00bbac68_2008,12228.657493418204
00bbac68_2009,12228.667310254546
00bbac68_2010,12228.660426888264
00bbac68_2011,12228.654813577206
00bbac68_2012,12228.648774851146
00bbac68_2013,12228.657125690392
00bbac68_2014,12228.646286628478
00bbac68_2015,12228.643650047925
00bbac68_2016,12228.663883811738
00bbac68_2017,12228.658787734768
00bbac68_2018,12228.645114158826
00bbac68_2019,12228.639091555717
00bbac68_2020,12228.647917675931
00bbac68_2021,12228.594714584662
00bbac68_2022,12228.512243709756
00bbac68_2023,12228.438817755692
00bbac68_2024,12228.415584460741
00bbac68_2025,12228.419704397473
00bbac68_2026,12228.442476620809
00bbac68_2027,12228.478339480771
00bbac68_2028,12228.495947954172
00bbac68_2029,12228.519165653499
00bbac68_2030,12228.54560920041
00bbac68_2031,12228.583815206899
00bbac68_2032,12228.581147825584
00bbac68_2033,12228.56501310292
00bbac68_2034,12228.553453808621
00bbac68_2035,12228.564219786693
00bbac68_2036,12228.559009638038
00bbac68_2037,12228.550146474949
00bbac68_2038,12228.565129362647
00bbac68_2039,12228.571325661687
00bbac68_2040,12228.581598894832
00bbac68_2041,12228.592764550101
00bbac68_2042,12228.617634513335
00bbac68_2043,12228.618150266604
00bbac68_2044,12228.62061194223
00bbac68_2045,12228.641275830412
00bbac68_2046,12228.652985482135
00bbac68_2047,12228.655590117914
00bbac68_2048,12228.655638914614
00bbac68_2049,12228.668145150621
00bbac68_2050,12228.659920673093
00bbac68_2051,12228.652354883965
00bbac68_2052,12228.644838891434
00bbac68_2053,12228.656405842423
00bbac68_2054,12228.656307195522
00bbac68_2055,12228.658970279455
00bbac68_2056,12228.675659990038
00bbac68_2057,12228.665655744919
00bbac68_2058,12228.645249691252
00bbac68_2059,12228.63157811043
00bbac68_2060,12228.639801236322
00bbac68_2061,12228.637030016323
00bbac68_2062,12228.636374286758
00bbac68_2063,12228.635364356302
00bbac68_2064,12228.652553077221
00bbac68_2065,12228.650157433518
00bbac68_2066,12228.648663447997
00bbac68_2067,12228.647569982202
00bbac68_2068,12228.662694131508
00bbac68_2069,12228.65886175607
00bbac68_2070,12228.646627922979
00bbac68_2071,12228.62264543899
00bbac68_2072,12228.616588082648
00bbac68_2073,12228.586445732313
00bbac68_2074,12228.557323942225
00bbac68_2075,12228.541022785686
00bbac68_2076,12228.549121299378
00bbac68_2077,12228.539449477117
00bbac68_2078,12228.528391466942
00bbac68_2079,12228.514921649072
00bbac68_2080,12228.52247842028
00bbac68_2081,12228.5273742087
00bbac68_2082,12228.536131954867
00bbac68_2083,12228.534470641463
00bbac68_2084,12228.534555700526
00bbac68_2085,12228.512731939734
00bbac68_2086,12228.503478854802
00bbac68_2087,12228.499692760448
00bbac68_2088,12228.503307927782
00bbac68_2089,12228.532865884185
00bbac68_2090,12228.546823578467
00bbac68_2091,12228.568297947388
00bbac68_2092,12228.590853148038
00bbac68_2093,12228.629104844775
00bbac68_2094,12228.639772531209
00bbac68_2095,12228.6341049468
00bbac68_2096,12228.635045858115
00bbac68_2097,12228.636791930538
00bbac68_2098,12228.654315803877
00bbac68_2099,12228.65168751462
00bbac68_2100,12228.63607794785
00bbac68_2101,12228.618640189597
00bbac68_2102,12228.629406634464
00bbac68_2103,12228.627321116348
00bbac68_2104,12228.625323412538
00bbac68_2105,12228.633794025372
00bbac68_2106,12228.644462724333
00bbac68_2107,12228.673583236165
00bbac68_2108,12228.677298933368
00bbac68_2109,12228.6799770092
00bbac68_2110,12228.675714408953
00bbac68_2111,12228.656539613505
00bbac68_2112,12228.659907645831
00bbac68_2113,12228.646789448541
00bbac68_2114,12228.62876007423
00bbac68_2115,12228.619541915981
00bbac68_2116,12228.610130460882
00bbac68_2117,12228.60768340412
00bbac68_2118,12228.599567196252
00bbac68_2119,12228.591112324535
00bbac68_2120,12228.578428821353
00bbac68_2121,12228.588133750001
00bbac68_2122,12228.586426348269
00bbac68_2123,12228.586099119599
00bbac68_2124,12228.592821706008
00bbac68_2125,12228.592150277933
00bbac68_2126,12228.621146695938
00bbac68_2127,12228.630708445904
00bbac68_2128,12228.635347672222
00bbac68_2129,12228.642513799383
00bbac68_2130,12228.638014763488
00bbac68_2131,12228.648474548698
00bbac68_2132,12228.63052384756
00bbac68_2133,12228.627121401016
00bbac68_2134,12228.633604645185
00bbac68_2135,12228.623369501649
00bbac68_2136,12228.642367287179
00bbac68_2137,12228.632264801294
00bbac68_2138,12228.616463992925
00bbac68_2139,12228.617492808202
00bbac68_2140,12228.633039196373
00bbac68_2141,12228.645725481849
00bbac68_2142,12228.644634315726
00bbac68_2143,12228.634960294352
00bbac68_2144,12228.634515521457
00bbac68_2145,12228.641746246367
00bbac68_2146,12228.636279383909
00bbac68_2147,12228.625995321863
00bbac68_2148,12228.620822284201
00bbac68_2149,12228.613249931914
00bbac68_2150,12228.622660923407
00bbac68_2151,12228.624527294298
00bbac68_2152,12228.640231569552
00bbac68_2153,12228.654582727933
00bbac68_2154,12228.659302182103
00bbac68_2155,12228.68119505613
00bbac68_2156,12228.692573371975
00bbac68_2157,12228.698912235679
00bbac68_2158,12228.707791565776
00bbac68_2159,12228.708196450018
00bbac68_2160,12228.726680880922
00bbac68_2161,12228.732442731462
00bbac68_2162,12228.726888771502
00bbac68_2163,12228.726566354855
00bbac68_2164,12228.728884738372
00bbac68_2165,12228.757085829757
00bbac68_2166,12228.76985419261
00bbac68_2167,12228.768723161107
00bbac68_2168,12228.768984385215
00bbac68_2169,12228.790869803646
00bbac68_2170,12228.787765886464
00bbac68_2171,12228.784088590239
00bbac68_2172,12228.779034772946
00bbac68_2173,12228.77868879151
00bbac68_2174,12228.785056540974
00bbac68_2175,12228.77098930378
00bbac68_2176,12228.758487327317
00bbac68_2177,12228.74315273698
00bbac68_2178,12228.730919456315
00bbac68_2179,12228.738275926917
00bbac68_2180,12228.732073133799
00bbac68_2181,12228.716376600962
00bbac68_2182,12228.701300859093
00bbac68_2183,12228.71314140705
00bbac68_2184,12228.696941428563
00bbac68_2185,12228.665894193986
00bbac68_2186,12228.640798292801
00bbac68_2187,12228.635497370778
00bbac68_2188,12228.636272753616
00bbac68_2189,12228.615758450376
00bbac68_2190,12228.587345824793
00bbac68_2191,12228.538566581847
00bbac68_2192,12228.474349899996
00bbac68_2193,12228.432771935953
00bbac68_2194,12228.440953676058
00bbac68_2195,12228.5235201148
00bbac68_2196,12228.649364743027
00bbac68_2197,12228.716349062344
00bbac68_2198,12228.75704382348
00bbac68_2199,12228.793924183325
00bbac68_2200,12228.812581755328
00bbac68_2201,12228.81031158858
00bbac68_2202,12228.778134856577
00bbac68_2203,12228.755906911512
00bbac68_2204,12228.742017520946
00bbac68_2205,12228.743770980172
00bbac68_2206,12228.715310804228
00bbac68_2207,12228.670248340859
00bbac68_2208,12228.625178058619
00bbac68_2209,12228.613817809535
00bbac68_2210,12228.611871372796
00bbac68_2211,12228.60543830734
00bbac68_2212,12228.590558649812
00bbac68_2213,12228.583405358087
00bbac68_2214,12228.555001504368
00bbac68_2215,12228.52816799618
00bbac68_2216,12228.441790087556
00bbac68_2217,12228.309783552862
00bbac68_2218,12228.220143544138
00bbac68_2219,12228.201323563826
00bbac68_2220,12228.178563308555
00bbac68_2221,12228.176181624664
00bbac68_2222,12228.176214585566
00bbac68_2223,12228.199288234176
00bbac68_2224,12228.250235017256
00bbac68_2225,12228.295689269233
00bbac68_2226,12228.341172007571
00bbac68_2227,12228.355749849858
00bbac68_2228,12228.399107726564
00bbac68_2229,12228.425562027574
00bbac68_2230,12228.449047786062
00bbac68_2231,12228.464733701689
00bbac68_2232,12228.497046043654
00bbac68_2233,12228.522429082377
00bbac68_2234,12228.553580888232
00bbac68_2235,12228.580850477681
00bbac68_2236,12228.621704591113
00bbac68_2237,12228.616918671229
00bbac68_2238,12228.613946773712
00bbac68_2239,12228.61516820883
00bbac68_2240,12228.638524344484
00bbac68_2241,12228.655262090113
00bbac68_2242,12228.673591772204
00bbac68_2243,12228.688423366193
00bbac68_2244,12228.714800547628
00bbac68_2245,12228.71478494309
00bbac68_2246,12228.716782475534
00bbac68_2247,12228.723201951338
00bbac68_2248,12228.742299337613
00bbac68_2249,12228.731702261004
00bbac68_2250,12228.721017064083
00bbac68_2251,12228.723736278429
00bbac68_2252,12228.705586857643
00bbac68_2253,12228.685576249396
00bbac68_2254,12228.669799547519
00bbac68_2255,12228.645208381495
00bbac68_2256,12228.61999836489
00bbac68_2257,12228.61368445705
00bbac68_2258,12228.637933755988
00bbac68_2259,12228.716035823485
00bbac68_2260,12228.794033571263
00bbac68_2261,12228.880408444478
00bbac68_2262,12228.970429323625
00bbac68_2263,12229.078053849638
00bbac68_2264,12229.162822913138
00bbac68_2265,12229.260103023633
00bbac68_2266,12229.356591891608
00bbac68_2267,12229.447143570931
00bbac68_2268,12229.495059115567
00bbac68_2269,12229.553479664966
00bbac68_2270,12229.640937341206
00bbac68_2271,12229.754773644148
00bbac68_2272,12229.857139568716
00bbac68_2273,12229.948693801558
00bbac68_2274,12230.048101763146
00bbac68_2275,12230.053816029991
00bbac68_2276,12229.936934651314
00bbac68_2277,12229.833745393118
00bbac68_2278,12229.933038528921
00bbac68_2279,12229.991525720514
00bbac68_2280,12230.003188794399
00bbac68_2281,12230.007311672312
00bbac68_2282,12230.033033926034
00bbac68_2283,12230.046396066256
00bbac68_2284,12230.060038743803
00bbac68_2285,12230.09338889998
00bbac68_2286,12230.107788691726
00bbac68_2287,12230.121014653136
00bbac68_2288,12230.129001546185
00bbac68_2289,12230.149039853568
00bbac68_2290,12230.149078637825
00bbac68_2291,12230.144748304268
00bbac68_2292,12230.165870252313
00bbac68_2293,12230.172890990814
00bbac68_2294,12230.185130533217
00bbac68_2295,12230.194344691745
00bbac68_2296,12230.218080854043
00bbac68_2297,12230.221239850092
00bbac68_2298,12230.227006386365
00bbac68_2299,12230.264020132216
00bbac68_2300,12230.293430734637
00bbac68_2301,12230.317517225536
00bbac68_2302,12230.345052855468
00bbac68_2303,12230.368647848642
00bbac68_2304,12230.355704586396
00bbac68_2305,12230.337232135782
00bbac68_2306,12230.344693950035
00bbac68_2307,12230.330929071002
00bbac68_2308,12230.323622989314
00bbac68_2309,12230.341036373511
00bbac68_2310,12230.356773019146
00bbac68_2311,12230.373945294388
00bbac68_2312,12230.42082318335
00bbac68_2313,12230.619421936704
00bbac68_2314,12230.821017370738
00bbac68_2315,12230.981593478124
00bbac68_2316,12231.085517072246
00bbac68_2317,12231.114763107076
00bbac68_2318,12231.083036947377
00bbac68_2319,12230.985065944971
00bbac68_2320,12230.82289691051
00bbac68_2321,12230.582767538983
00bbac68_2322,12230.34844516885
00bbac68_2323,12230.169197167317
00bbac68_2324,12230.041633867228
00bbac68_2325,12229.99343633956
00bbac68_2326,12229.993503690786
00bbac68_2327,12230.015901117806
00bbac68_2328,12230.074682352399
00bbac68_2329,12230.183031402012
00bbac68_2330,12230.3710272234
00bbac68_2331,12230.52192663671
00bbac68_2332,12230.486844661604
00bbac68_2333,12230.336965764911
00bbac68_2334,12230.191622338596
00bbac68_2335,12230.07054468056
00bbac68_2336,12229.970121727001
00bbac68_2337,12229.905040549495
00bbac68_2338,12229.8292599354
00bbac68_2339,12229.481798795594
00bbac68_2340,12228.854335590198
00bbac68_2341,12228.546056626476
00bbac68_2342,12228.515913318624
00bbac68_2343,12228.49545319628
00bbac68_2344,12228.441463077943
00bbac68_2345,12228.405003299873
00bbac68_2346,12228.347670534036
00bbac68_2347,12228.289436832354
00bbac68_2348,12228.233462256674
00bbac68_2349,12228.196419776814
00bbac68_2350,12228.139982099883
00bbac68_2351,12228.091587790446
00bbac68_2352,12228.050405556356
00bbac68_2353,12228.047775720861
00bbac68_2354,12228.024717877553
00bbac68_2355,12227.997991251563
00bbac68_2356,12227.985977669872
00bbac68_2357,12227.998173627864
00bbac68_2358,12227.992124384307
00bbac68_2359,12227.981626993738
00bbac68_2360,12227.966770518791
00bbac68_2361,12227.97546024683
00bbac68_2362,12227.966187789925
00bbac68_2363,12227.953704631122
00bbac68_2364,12227.937760768458
00bbac68_2365,12227.941744594822
00bbac68_2366,12227.933194577992
00bbac68_2367,12227.92283667995
00bbac68_2368,12227.909858111236
00bbac68_2369,12227.89649346836
00bbac68_2370,12227.900015973644
00bbac68_2371,12227.878788887758
00bbac68_2372,12227.87428453576
00bbac68_2373,12227.86568568158
00bbac68_2374,12227.877787096792
00bbac68_2375,12227.874519244197
00bbac68_2376,12227.867304500767
00bbac68_2377,12227.842220489192
00bbac68_2378,12227.842377724195
00bbac68_2379,12227.815774738947
00bbac68_2380,12227.787029533914
00bbac68_2381,12227.755389413314
00bbac68_2382,12227.748534175085
00bbac68_2383,12227.718101637309
00bbac68_2384,12227.689941757935
00bbac68_2385,12227.663728248279
00bbac68_2386,12227.662980636827
00bbac68_2387,12227.64609210843
00bbac68_2388,12227.640821048113
00bbac68_2389,12227.63229224812
00bbac68_2390,12227.646713359067
00bbac68_2391,12227.637216784595
00bbac68_2392,12227.627617971406
00bbac68_2393,12227.62570740454
00bbac68_2394,12227.644644792403
00bbac68_2395,12227.626441842129
00bbac68_2396,12227.611283371845
00bbac68_2397,12227.59969254313
00bbac68_2398,12227.608804372236
00bbac68_2399,12227.59401242911
00bbac68_2400,12227.575851022784
00bbac68_2401,12227.558472379067
00bbac68_2402,12227.5490908891
00bbac68_2403,12227.516286851758
00bbac68_2404,12227.480622023231
00bbac68_2405,12227.457687704129
00bbac68_2406,12227.458463025554
00bbac68_2407,12227.447646585813
00bbac68_2408,12227.43170536829
00bbac68_2409,12227.414629506155
00bbac68_2410,12227.398721711032
00bbac68_2411,12227.32231573883
00bbac68_2412,12227.288164244363
00bbac68_2413,12227.31294884527
00bbac68_2414,12227.372536396824
00bbac68_2415,12227.435051215363
00bbac68_2416,12227.468640746876
00bbac68_2417,12227.479355032787
00bbac68_2418,12227.51035464823
00bbac68_2419,12227.51194365881
00bbac68_2420,12227.460565975978
00bbac68_2421,12227.392213335737
00bbac68_2422,12227.352074889111
00bbac68_2423,12227.320925517482
00bbac68_2424,12227.297739157022
00bbac68_2425,12227.294070931335
00bbac68_2426,12227.325997955473
00bbac68_2427,12227.343149096534
00bbac68_2428,12227.368803457668
00bbac68_2429,12227.372317126692
00bbac68_2430,12227.389580697174
00bbac68_2431,12227.399066464284
00bbac68_2432,12227.412179411007
00bbac68_2433,12227.432387538134
00bbac68_2434,12227.441646422614
00bbac68_2435,12227.484148622294
00bbac68_2436,12227.513495616777
00bbac68_2437,12227.534643853074
00bbac68_2438,12227.55191626189
00bbac68_2439,12227.578896179897
00bbac68_2440,12227.58182962988
00bbac68_2441,12227.57731140835
00bbac68_2442,12227.589945010339
00bbac68_2443,12227.564843332104
00bbac68_2444,12227.531696051008
00bbac68_2445,12227.486800897539
00bbac68_2446,12227.4607126487
00bbac68_2447,12227.393503755658
00bbac68_2448,12227.309274926192
00bbac68_2449,12227.225997539705
00bbac68_2450,12227.184216655143
00bbac68_2451,12227.195014679568
00bbac68_2452,12227.180681157259
00bbac68_2453,12227.165109456375
00bbac68_2454,12227.158480763519
00bbac68_2455,12227.194199776264
00bbac68_2456,12227.21721535845
00bbac68_2457,12227.2359696529
00bbac68_2458,12227.270686795056
00bbac68_2459,12227.285928425026
00bbac68_2460,12227.292077610986
00bbac68_2461,12227.30211636919
00bbac68_2462,12227.318606281762
00bbac68_2463,12227.364507716065
00bbac68_2464,12227.409097314177
00bbac68_2465,12227.466975749916
00bbac68_2466,12227.555344222023
00bbac68_2467,12227.620235659535
00bbac68_2468,12227.683991298838
00bbac68_2469,12227.748903825219
00bbac68_2470,12227.801128041347
00bbac68_2471,12227.860412848724
00bbac68_2472,12227.877157106268
00bbac68_2473,12227.870474090718
00bbac68_2474,12227.881838821815
00bbac68_2475,12227.94544017055
00bbac68_2476,12227.983382887927
00bbac68_2477,12228.033039284726
00bbac68_2478,12228.124043397514
00bbac68_2479,12228.203135606534
00bbac68_2480,12228.28674947365
00bbac68_2481,12228.339332076679
00bbac68_2482,12228.36532027402
00bbac68_2483,12228.39727697372
00bbac68_2484,12228.414613243478
00bbac68_2485,12228.426599499418
00bbac68_2486,12228.448873721154
00bbac68_2487,12228.497604886614
00bbac68_2488,12228.523113117293
00bbac68_2489,12228.54508352639
00bbac68_2490,12228.559720846979
00bbac68_2491,12228.604905509694
00bbac68_2492,12228.641775082027
00bbac68_2493,12228.701732189962
00bbac68_2494,12228.738829129334
00bbac68_2495,12228.698471480184
00bbac68_2496,12228.679356274733
00bbac68_2497,12228.642242265894
00bbac68_2498,12228.61475100048
00bbac68_2499,12228.560462308284
00bbac68_2500,12228.520782682548
00bbac68_2501,12228.476221153434
00bbac68_2502,12228.46576942429
00bbac68_2503,12228.417791426757
00bbac68_2504,12228.381179738331
00bbac68_2505,12228.349833932993
00bbac68_2506,12228.348880143121
00bbac68_2507,12228.317099942436
00bbac68_2508,12228.273869999486
00bbac68_2509,12228.262920369178
00bbac68_2510,12228.305866872954
00bbac68_2511,12228.312227929038
00bbac68_2512,12228.293881251222
00bbac68_2513,12228.311798672788
00bbac68_2514,12228.313565035709
00bbac68_2515,12228.291083966782
00bbac68_2516,12228.272515367842
00bbac68_2517,12228.314995584908
00bbac68_2518,12228.33023959191
00bbac68_2519,12228.340307707454
00bbac68_2520,12228.382506939419
00bbac68_2521,12228.372088317272
00bbac68_2522,12228.349522701687
00bbac68_2523,12228.33128200536
00bbac68_2524,12228.349637160147
00bbac68_2525,12228.34163437983
00bbac68_2526,12228.322350042203
00bbac68_2527,12228.299305799586
00bbac68_2528,12228.25622954164
00bbac68_2529,12228.239024416953
00bbac68_2530,12228.251191737501
00bbac68_2531,12228.235360655191
00bbac68_2532,12228.205180780971
00bbac68_2533,12228.206096178255
00bbac68_2534,12228.17959795206
00bbac68_2535,12228.159841536146
00bbac68_2536,12228.147295146464
00bbac68_2537,12228.154792709815
00bbac68_2538,12228.11211328295
00bbac68_2539,12228.104097288877
00bbac68_2540,12228.071349970465
00bbac68_2541,12228.065520953536
00bbac68_2542,12228.059576542833
00bbac68_2543,12228.017786655728
00bbac68_2544,12227.978039011236
00bbac68_2545,12227.963227835515
00bbac68_2546,12227.933529084217
00bbac68_2547,12227.914639484894
00bbac68_2548,12227.904654872009
00bbac68_2549,12227.870018904465
00bbac68_2550,12227.839864409867
00bbac68_2551,12227.818246277682
00bbac68_2552,12227.83006014617
00bbac68_2553,12227.828686840345
00bbac68_2554,12227.838775509495
00bbac68_2555,12227.848415019302
00bbac68_2556,12227.704540946497
00bbac68_2557,12227.572227613102
00bbac68_2558,12227.589213294807
00bbac68_2559,12227.621073814678
00bbac68_2560,12227.661631185832
00bbac68_2561,12227.665729136259
00bbac68_2562,12227.641812545276
00bbac68_2563,12227.616798264551
00bbac68_2564,12227.621144815626
00bbac68_2565,12227.61443048369
00bbac68_2566,12227.629499730512
00bbac68_2567,12227.637923806169
00bbac68_2568,12227.619241430793
00bbac68_2569,12227.599107488306
00bbac68_2570,12227.631765714568
00bbac68_2571,12227.640836761815
00bbac68_2572,12227.641451348027
00bbac68_2573,12227.643228702414
00bbac68_2574,12227.638256036542
00bbac68_2575,12227.612735766643
00bbac68_2576,12227.5872344914
00bbac68_2577,12227.544837875019
00bbac68_2578,12227.528903191882
00bbac68_2579,12227.534725179416
00bbac68_2580,12227.521548885465
00bbac68_2581,12227.511105521624
00bbac68_2582,12227.510343914037
00bbac68_2583,12227.524564298372
00bbac68_2584,12227.53247579458
00bbac68_2585,12227.548504756574
00bbac68_2586,12227.56872703227
00bbac68_2587,12227.560106919158
00bbac68_2588,12227.554201790677
00bbac68_2589,12227.557600831638
00bbac68_2590,12227.584585387744
00bbac68_2591,12227.584613574574
00bbac68_2592,12227.578471918354
00bbac68_2593,12227.60367670221
00bbac68_2594,12227.617281364164
00bbac68_2595,12227.628986223262
00bbac68_2596,12227.63110736959
00bbac68_2597,12227.65583008721
00bbac68_2598,12227.646845650603
00bbac68_2599,12227.632521256206
00bbac68_2600,12227.622412164024
00bbac68_2601,12227.614569467525
00bbac68_2602,12227.592133738453
00bbac68_2603,12227.575554490282
00bbac68_2604,12227.55748872662
00bbac68_2605,12227.569509377956
00bbac68_2606,12227.579563250429
00bbac68_2607,12227.59693232757
00bbac68_2608,12227.6152147547
00bbac68_2609,12227.657759809043
00bbac68_2610,12227.685393652824
00bbac68_2611,12227.69733966823
00bbac68_2612,12227.699370027498
00bbac68_2613,12227.724391018663
00bbac68_2614,12227.749556599681
00bbac68_2615,12227.781164925771
00bbac68_2616,12227.792985329706
00bbac68_2617,12227.79796879264
00bbac68_2618,12227.786944678293
00bbac68_2619,12227.768983828211
00bbac68_2620,12227.766441854918
00bbac68_2621,12227.791654156681
00bbac68_2622,12227.792678690788
00bbac68_2623,12227.786405221892
00bbac68_2624,12227.786344686841
00bbac68_2625,12227.790454962531
00bbac68_2626,12227.81496364333
00bbac68_2627,12227.824707775033
00bbac68_2628,12227.818638955845
00bbac68_2629,12227.811496526918
00bbac68_2630,12227.81962038939
00bbac68_2631,12227.810750445175
00bbac68_2632,12227.808412503458
00bbac68_2633,12227.793212994253
00bbac68_2634,12227.781047616081
00bbac68_2635,12227.756535334696
00bbac68_2636,12227.728944837192
00bbac68_2637,12227.738920650669
00bbac68_2638,12227.765492490686
00bbac68_2639,12227.753381309274
00bbac68_2640,12227.754201690062
00bbac68_2641,12227.752642391639
00bbac68_2642,12227.756117654359
00bbac68_2643,12227.745732882375
00bbac68_2644,12227.727798490738
00bbac68_2645,12227.712244345497
00bbac68_2646,12227.718675647133
00bbac68_2647,12227.710779540155
00bbac68_2648,12227.722981548255
00bbac68_2649,12227.714462387925
00bbac68_2650,12227.718155408307
00bbac68_2651,12227.70379236697
00bbac68_2652,12227.68871153093
00bbac68_2653,12227.674367766147
00bbac68_2654,12227.653728048357
00bbac68_2655,12227.639317122017
00bbac68_2656,12227.615936152382
00bbac68_2657,12227.576353870207
00bbac68_2658,12227.547738639514
00bbac68_2659,12227.550670514802
00bbac68_2660,12227.53441558686
00bbac68_2661,12227.51811759944
00bbac68_2662,12227.497524228014
00bbac68_2663,12227.478226669846
00bbac68_2664,12227.460630775695
00bbac68_2665,12227.446311689308
00bbac68_2666,12227.435548506612
00bbac68_2667,12227.449202273368
00bbac68_2668,12227.42978043185
00bbac68_2669,12227.427894658678
00bbac68_2670,12227.407053817073
00bbac68_2671,12227.398119541607
00bbac68_2672,12227.385117521992
00bbac68_2673,12227.37920041739
00bbac68_2674,12227.375954386465
00bbac68_2675,12227.41234338026
00bbac68_2676,12227.41494191232
00bbac68_2677,12227.409145164704
00bbac68_2678,12227.396030558777
00bbac68_2679,12227.36434792016
00bbac68_2680,12227.36575715945
00bbac68_2681,12227.370805726492
00bbac68_2682,12227.369522906358
00bbac68_2683,12227.363752485435
00bbac68_2684,12227.371368787708
00bbac68_2685,12227.365112115202
00bbac68_2686,12227.353927243681
00bbac68_2687,12227.343193594057
00bbac68_2688,12227.360988651908
00bbac68_2689,12227.363892396237
00bbac68_2690,12227.363387482586
00bbac68_2691,12227.370266922522
00bbac68_2692,12227.388356143201
00bbac68_2693,12227.379303764832
00bbac68_2694,12227.37091914147
00bbac68_2695,12227.364658326735
00bbac68_2696,12227.370305834052
00bbac68_2697,12227.354126327667
00bbac68_2698,12227.339947987579
00bbac68_2699,12227.326962317413
00bbac68_2700,12227.33827517176
00bbac68_2701,12227.32935998024
00bbac68_2702,12227.325362859603
00bbac68_2703,12227.318010075069
00bbac68_2704,12227.319463014343
00bbac68_2705,12227.296018203006
00bbac68_2706,12227.26199387615
00bbac68_2707,12227.22926633209
00bbac68_2708,12227.229381242534
00bbac68_2709,12227.219907873461
00bbac68_2710,12227.213936762446
00bbac68_2711,12227.212773490975
00bbac68_2712,12227.24347529782
00bbac68_2713,12227.238366159387
00bbac68_2714,12227.224747222055
00bbac68_2715,12227.20998349781
00bbac68_2716,12227.227052211087
00bbac68_2717,12227.22415987058
00bbac68_2718,12227.216825319478
00bbac68_2719,12227.214819258887
00bbac68_2720,12227.225385718148
00bbac68_2721,12227.220079379838
00bbac68_2722,12227.210667926556
00bbac68_2723,12227.202176598474
00bbac68_2724,12227.221023179212
00bbac68_2725,12227.212350552601
00bbac68_2726,12227.205512178827
00bbac68_2727,12227.196331110381
00bbac68_2728,12227.203242962036
00bbac68_2729,12227.202962524254
00bbac68_2730,12227.20761233525
00bbac68_2731,12227.208902302731
00bbac68_2732,12227.218050192225
00bbac68_2733,12227.20054886915
00bbac68_2734,12227.18488453008
00bbac68_2735,12227.160373627237
00bbac68_2736,12227.162606151567
00bbac68_2737,12227.13557708998
00bbac68_2738,12227.11235052316
00bbac68_2739,12227.083283157574
00bbac68_2740,12227.091864598857
00bbac68_2741,12227.089926550178
00bbac68_2742,12227.080287930228
00bbac68_2743,12227.066974177149
00bbac68_2744,12227.077270409172
00bbac68_2745,12227.078834312673
00bbac68_2746,12227.0687872237
00bbac68_2747,12227.041745074213
00bbac68_2748,12226.97371568207
00bbac68_2749,12226.79271429201
00bbac68_2750,12226.623665174424
00bbac68_2751,12226.50539414752
00bbac68_2752,12226.453298471572
00bbac68_2753,12226.414181721379
00bbac68_2754,12226.370512239795
00bbac68_2755,12226.341035010912
00bbac68_2756,12226.348960682068
00bbac68_2757,12226.317032871337
00bbac68_2758,12226.292814666733
00bbac68_2759,12226.261510922011
00bbac68_2760,12226.254253173072
00bbac68_2761,12226.222719321173
00bbac68_2762,12226.17939921297
00bbac68_2763,12226.145191464617
00bbac68_2764,12226.137162519131
00bbac68_2765,12226.098614738998
00bbac68_2766,12226.066942261603
00bbac68_2767,12226.02426024881
00bbac68_2768,12226.011861703677
00bbac68_2769,12225.96461118319
00bbac68_2770,12225.919552177033
00bbac68_2771,12225.891993578132
00bbac68_2772,12225.879758349776
00bbac68_2773,12225.832164816433
00bbac68_2774,12225.79179676902
00bbac68_2775,12225.76149586915
00bbac68_2776,12225.771226482997
00bbac68_2777,12225.742804532483
00bbac68_2778,12225.716386337099
00bbac68_2779,12225.681327040253
00bbac68_2780,12225.675207600929
00bbac68_2781,12225.643229322335
00bbac68_2782,12225.607353375346
00bbac68_2783,12225.577092176307
00bbac68_2784,12225.573824025709
00bbac68_2785,12225.545610910956
00bbac68_2786,12225.524880070288
00bbac68_2787,12225.500494158412
00bbac68_2788,12225.518994363352
00bbac68_2789,12225.502534545603
00bbac68_2790,12225.489877402033
00bbac68_2791,12225.481793947341
00bbac68_2792,12225.491470434732
00bbac68_2793,12225.471756709601
00bbac68_2794,12225.445930715945
00bbac68_2795,12225.450872238747
00bbac68_2796,12225.44440980862
00bbac68_2797,12225.443207037759
00bbac68_2798,12225.434263601466
00bbac68_2799,12225.4300266999
00bbac68_2800,12225.385752473047
00bbac68_2801,12225.343323623832
00bbac68_2802,12225.292824339902
00bbac68_2803,12225.275519645602
00bbac68_2804,12225.226900703761
00bbac68_2805,12225.183975415282
00bbac68_2806,12225.150820215857
00bbac68_2807,12225.146928555158
00bbac68_2808,12225.109895068339
00bbac68_2809,12225.056086002112
00bbac68_2810,12225.02438240011
00bbac68_2811,12225.033029748629
00bbac68_2812,12225.01180108882
00bbac68_2813,12224.993259491126
00bbac68_2814,12224.959512854184
00bbac68_2815,12224.94351127046
00bbac68_2816,12224.902704188962
00bbac68_2817,12224.863153018488
00bbac68_2818,12224.858885912417
00bbac68_2819,12224.827914358195
00bbac68_2820,12224.798265740763
00bbac68_2821,12224.768592452454
00bbac68_2822,12224.762007008689
00bbac68_2823,12224.736139430997
00bbac68_2824,12224.696875441812
00bbac68_2825,12224.661811995033
00bbac68_2826,12224.661608237264
00bbac68_2827,12224.624132895115
00bbac68_2828,12224.591838230706
00bbac68_2829,12224.56160298332
00bbac68_2830,12224.549004166314
00bbac68_2831,12224.512801595138
00bbac68_2832,12224.47781362734
00bbac68_2833,12224.451207357888
00bbac68_2834,12224.447676802896
00bbac68_2835,12224.441408429693
00bbac68_2836,12224.420820369922
00bbac68_2837,12224.40704958362
00bbac68_2838,12224.418526549334
00bbac68_2839,12224.39418530256
00bbac68_2840,12224.379010142915
00bbac68_2841,12224.362777124403
00bbac68_2842,12224.358194908447
00bbac68_2843,12224.319573618606
00bbac68_2844,12224.283714601626
00bbac68_2845,12224.287564460255
00bbac68_2846,12224.270084598878
00bbac68_2847,12224.250696643754
00bbac68_2848,12224.23413395469
00bbac68_2849,12224.267882039569
00bbac68_2850,12224.27856150634
00bbac68_2851,12224.281900480413
00bbac68_2852,12224.281640761148
00bbac68_2853,12224.299740343977
00bbac68_2854,12224.28749738681
00bbac68_2855,12224.277075678632
00bbac68_2856,12224.268419352433
00bbac68_2857,12224.283036600695
00bbac68_2858,12224.268465973348
00bbac68_2859,12224.257993714367
00bbac68_2860,12224.27043185703
00bbac68_2861,12224.316177082434
00bbac68_2862,12224.310445967283
00bbac68_2863,12224.296310077207
00bbac68_2864,12224.284022725456
00bbac68_2865,12224.313572460716
00bbac68_2866,12224.304301805894
00bbac68_2867,12224.296834330744
00bbac68_2868,12224.28269671531
00bbac68_2869,12224.270962115355
00bbac68_2870,12224.242191692067
00bbac68_2871,12224.243696235528
00bbac68_2872,12224.239271590564
00bbac68_2873,12224.261079678226
00bbac68_2874,12224.208263388198
00bbac68_2875,12224.136667514682
00bbac68_2876,12224.057473962264
00bbac68_2877,12224.037828057599
00bbac68_2878,12224.00278077158
00bbac68_2879,12223.986010137485
00bbac68_2880,12223.986992656939
00bbac68_2881,12224.03223606092
00bbac68_2882,12224.137687448225
00bbac68_2883,12224.217341126194
00bbac68_2884,12224.280259721267
00bbac68_2885,12224.328619287548
00bbac68_2886,12224.397019011816
00bbac68_2887,12224.437138924528
00bbac68_2888,12224.482311622547
00bbac68_2889,12224.519103580335
00bbac68_2890,12224.568478286896
00bbac68_2891,12224.597112718147
00bbac68_2892,12224.622758126625
00bbac68_2893,12224.64487436166
00bbac68_2894,12224.684072598746
00bbac68_2895,12224.692593742164
00bbac68_2896,12224.702442283053
00bbac68_2897,12224.721705852151
00bbac68_2898,12224.732688422935
00bbac68_2899,12224.76821236845
00bbac68_2900,12224.778335681942
00bbac68_2901,12224.784259756772
00bbac68_2902,12224.795547988302
00bbac68_2903,12224.827565742955
00bbac68_2904,12224.836622245828
00bbac68_2905,12224.842543754641
00bbac68_2906,12224.842621490823
00bbac68_2907,12224.88097923141
00bbac68_2908,12224.892745999572
00bbac68_2909,12224.904471124559
00bbac68_2910,12224.907914662224
00bbac68_2911,12224.918458633203
00bbac68_2912,12224.952254916232
00bbac68_2913,12224.956141676996
00bbac68_2914,12224.953895889814
00bbac68_2915,12224.94875940711
00bbac68_2916,12224.965880645037
00bbac68_2917,12224.961506285827
00bbac68_2918,12224.956247071903
00bbac68_2919,12224.962543936073
00bbac68_2920,12224.993901349035
00bbac68_2921,12225.001787855295
00bbac68_2922,12224.999832337715
00bbac68_2923,12224.994652474483
00bbac68_2924,12224.989915864237
00bbac68_2925,12225.00850289398
00bbac68_2926,12225.006231326115
00bbac68_2927,12225.011427694943
00bbac68_2928,12225.03142700936
00bbac68_2929,12225.067167387358
00bbac68_2930,12225.060670765695
00bbac68_2931,12225.059780414558
00bbac68_2932,12225.04847205415
00bbac68_2933,12225.070006555525
00bbac68_2934,12225.065785953626
00bbac68_2935,12225.088311924865
00bbac68_2936,12225.098240828254
00bbac68_2937,12225.081297377428
00bbac68_2938,12225.108583434148
00bbac68_2939,12225.118097216531
00bbac68_2940,12225.118624392351
00bbac68_2941,12225.110576416972
00bbac68_2942,12225.116474974388
00bbac68_2943,12225.111511327785
00bbac68_2944,12225.108823667118
00bbac68_2945,12228.88884485828
00bbac68_2946,12228.883342698706
00bbac68_2947,12228.867369987674
00bbac68_2948,12228.867466063763
00bbac68_2949,12228.876232223196
00bbac68_2950,12228.867631444451
00bbac68_2951,12228.862797089236
00bbac68_2952,12228.86380500014
00bbac68_2953,12228.853256516939
00bbac68_2954,12228.844986486092
00bbac68_2955,12228.851184947585
00bbac68_2956,12228.868227787487
00bbac68_2957,12228.908344305504
00bbac68_2958,12228.933315879725
00bbac68_2959,12228.946184815266
00bbac68_2960,12228.952832656958
00bbac68_2961,12228.9452347844
00bbac68_2962,12228.922344236393
00bbac68_2963,12228.906780337078
00bbac68_2964,12228.897977881748
00bbac68_2965,12228.889409905436
00bbac68_2966,12228.898095035083
00bbac68_2967,12228.9288054813
00bbac68_2968,12228.952685760285
00bbac68_2969,12228.972421672122
00bbac68_2970,12228.987635187095
00bbac68_2971,12229.011706312387
00bbac68_2972,12229.042989069154
00bbac68_2973,12229.073142622328
00bbac68_2974,12229.087354552152
00bbac68_2975,12229.095493744604
00bbac68_2976,12229.099697083762
00bbac68_2977,12229.103350518684
00bbac68_2978,12229.104585647256
00bbac68_2979,12229.126532259694
00bbac68_2980,12229.146060997648
00bbac68_2981,12229.153263435304
00bbac68_2982,12229.150819398605
00bbac68_2983,12229.144111096226
00bbac68_2984,12229.14751257077
00bbac68_2985,12229.150921149914
00bbac68_2986,12229.163549585852
00bbac68_2987,12229.172761262149
00bbac68_2988,12229.178350853012
00bbac68_2989,12229.17248496637
00bbac68_2990,12229.166068345086
00bbac68_2991,12229.1670210985
00bbac68_2992,12229.18468320125
00bbac68_2993,12229.248287892802
00bbac68_2994,12229.287224928923
00bbac68_2995,12229.319519724566
00bbac68_2996,12229.344943215323
00bbac68_2997,12229.353616262391
00bbac68_2998,12229.353157796797
00bbac68_2999,12229.354608806332
00bbac68_3000,12229.358856410447
00bbac68_3001,12229.37489752068
00bbac68_3002,12229.388116736693
00bbac68_3003,12229.39796458468
00bbac68_3004,12229.396361216151
00bbac68_3005,12229.39571694374
00bbac68_3006,12229.417596606167
00bbac68_3007,12229.441842609775
00bbac68_3008,12229.458002873245
00bbac68_3009,12229.445736621477
00bbac68_3010,12229.440345717254
00bbac68_3011,12229.485284692679
00bbac68_3012,12229.518920619576
00bbac68_3013,12229.527166611915
00bbac68_3014,12229.541237241512
00bbac68_3015,12229.548972804409
00bbac68_3016,12229.537898798706
00bbac68_3017,12229.531382094017
00bbac68_3018,12229.543208040428
00bbac68_3019,12229.570722006352
00bbac68_3020,12229.601360207807
00bbac68_3021,12229.630501024663
00bbac68_3022,12229.639361447047
00bbac68_3023,12229.622740613573
00bbac68_3024,12229.615632245834
00bbac68_3025,12229.629299642964
00bbac68_3026,12229.653754848723
00bbac68_3027,12229.678927293908
00bbac68_3028,12229.701528652571
00bbac68_3029,12229.721947963943
00bbac68_3030,12229.74281608149
00bbac68_3031,12229.751488687818
00bbac68_3032,12229.756988239465
00bbac68_3033,12229.754775376165
00bbac68_3034,12229.749085844154
00bbac68_3035,12229.763637252863
00bbac68_3036,12229.78044280901
00bbac68_3037,12229.77273544963
00bbac68_3038,12229.767755325349
00bbac68_3039,12229.779854674141
00bbac68_3040,12229.778125156761
00bbac68_3041,12229.767330322366
00bbac68_3042,12229.776444569337
00bbac68_3043,12229.794847094752
00bbac68_3044,12229.820376722259
00bbac68_3045,12229.83897450046
00bbac68_3046,12229.862898663288
00bbac68_3047,12229.865608551623
00bbac68_3048,12229.864784651494
00bbac68_3049,12229.909755099035
00bbac68_3050,12229.948384542351
00bbac68_3051,12229.935761527597
00bbac68_3052,12229.975383764026
00bbac68_3053,12230.009313328457
00bbac68_3054,12230.034493344883
00bbac68_3055,12230.042202163617
00bbac68_3056,12230.040845974077
00bbac68_3057,12230.036126628649
00bbac68_3058,12230.032896752706
00bbac68_3059,12230.026564487918
00bbac68_3060,12230.060781342061
00bbac68_3061,12230.117207577237
00bbac68_3062,12230.171298286554
00bbac68_3063,12230.229936140962
00bbac68_3064,12230.30519146421
00bbac68_3065,12230.389090759716
00bbac68_3066,12230.453326249422
00bbac68_3067,12230.479521615358
00bbac68_3068,12230.491673183633
00bbac68_3069,12230.518655545213
00bbac68_3070,12230.530264699762
00bbac68_3071,12230.541538987838
00bbac68_3072,12230.563461030562
00bbac68_3073,12230.523152365284
00bbac68_3074,12230.425337662035
00bbac68_3075,12230.283086554022
00bbac68_3076,12230.20793281437
00bbac68_3077,12230.19404126844
00bbac68_3078,12230.193842381128
00bbac68_3079,12230.202437522781
00bbac68_3080,12230.225204621973
00bbac68_3081,12230.25814451842
00bbac68_3082,12230.294852670038
00bbac68_3083,12230.3402352417
00bbac68_3084,12230.36238375518
00bbac68_3085,12230.374148221097
00bbac68_3086,12230.356055889233
00bbac68_3087,12230.348265309109
00bbac68_3088,12230.567844955514
00bbac68_3089,12230.90752896126
00bbac68_3090,12231.343571735095
00bbac68_3091,12231.738229457384
00bbac68_3092,12232.09161527277
00bbac68_3093,12232.119207646203
00bbac68_3094,12232.153770911511
00bbac68_3095,12232.173068122813
00bbac68_3096,12232.183836762411
00bbac68_3097,12232.18777596941
00bbac68_3098,12232.187550934836
00bbac68_3099,12232.164584578895
00bbac68_3100,12232.148213495002
00bbac68_3101,12232.151740331477
00bbac68_3102,12232.145533865772
00bbac68_3103,12232.124992327483
00bbac68_3104,12232.105043583773
00bbac68_3105,12232.12215118316
00bbac68_3106,12232.173762634131
00bbac68_3107,12232.197561620012
00bbac68_3108,12232.194804808098
00bbac68_3109,12232.196265515166
00bbac68_3110,12232.204652336646
00bbac68_3111,12232.18688172531
00bbac68_3112,12232.158471103572
00bbac68_3113,12232.132172894191
00bbac68_3114,12232.179813287477
00bbac68_3115,12232.239017958309
00bbac68_3116,12232.296384126541
00bbac68_3117,12232.361368660177
00bbac68_3118,12232.448333924829
00bbac68_3119,12232.554852620531
00bbac68_3120,12232.62559214126
00bbac68_3121,12232.688630989698
00bbac68_3122,12232.805150237846
00bbac68_3123,12232.927379856685
00bbac68_3124,12233.050911178401
00bbac68_3125,12233.1743014098
00bbac68_3126,12233.29261329702
00bbac68_3127,12233.413183190294
00bbac68_3128,12233.509344742764
00bbac68_3129,12233.581360800588
00bbac68_3130,12233.667343847414
00bbac68_3131,12233.80639584931
00bbac68_3132,12233.910078138397
00bbac68_3133,12233.974838804772
00bbac68_3134,12234.042083265878
00bbac68_3135,12234.081008017321
00bbac68_3136,12234.116975448256
00bbac68_3137,12234.158476711335
00bbac68_3138,12234.203359790095
00bbac68_3139,12234.245273241173
00bbac68_3140,12234.291501897836
00bbac68_3141,12234.333201129148
00bbac68_3142,12234.377351231135
00bbac68_3143,12234.423544577783
00bbac68_3144,12234.457840610008
00bbac68_3145,12234.489773927127
00bbac68_3146,12234.505218188893
00bbac68_3147,12234.514486142063
00bbac68_3148,12234.503663654405
00bbac68_3149,12234.483341903313
00bbac68_3150,12234.46742692802
00bbac68_3151,12234.450558648297
00bbac68_3152,12234.43347210924
00bbac68_3153,12234.421134551318
00bbac68_3154,12234.400896874737
00bbac68_3155,12234.386160937234
00bbac68_3156,12234.370283430173
00bbac68_3157,12234.369535095402
00bbac68_3158,12234.359221745066
00bbac68_3159,12234.344568461405
00bbac68_3160,12234.333969779998
00bbac68_3161,12234.332382925464
00bbac68_3162,12234.316438037811
00bbac68_3163,12234.297657258358
00bbac68_3164,12234.295976580714
00bbac68_3165,12234.321943973944
00bbac68_3166,12234.335805628363
00bbac68_3167,12234.352306271885
00bbac68_3168,12234.377940759961
00bbac68_3169,12234.406018239992
00bbac68_3170,12234.447517667415
00bbac68_3171,12234.489361440425
00bbac68_3172,12234.545013711408
00bbac68_3173,12234.600405347881
00bbac68_3174,12234.655345649157
00bbac68_3175,12234.67139965421
00bbac68_3176,12234.648887062162
00bbac68_3177,12234.660218688117
00bbac68_3178,12234.69605644263
00bbac68_3179,12234.737347573004
00bbac68_3180,12234.763065993662
00bbac68_3181,12234.785187243024
00bbac68_3182,12234.843588526264
00bbac68_3183,12234.931953381743
00bbac68_3184,12235.036137674922
00bbac68_3185,12235.100269782102
00bbac68_3186,12235.127753972432
00bbac68_3187,12235.123019311226
00bbac68_3188,12235.13616088136
00bbac68_3189,12235.167103979875
00bbac68_3190,12235.21249045475
00bbac68_3191,12235.344460178148
00bbac68_3192,12235.536699077633
00bbac68_3193,12235.732981823316
00bbac68_3194,12235.87919681833
00bbac68_3195,12235.98611793592
00bbac68_3196,12236.059223746954
00bbac68_3197,12236.102483002294
00bbac68_3198,12236.148258236311
00bbac68_3199,12236.184962961219
00bbac68_3200,12236.218002403139
00bbac68_3201,12236.236197419916
00bbac68_3202,12236.257704218922
00bbac68_3203,12236.27795166133
00bbac68_3204,12236.287011202465
00bbac68_3205,12236.301747984126
00bbac68_3206,12236.313478066268
00bbac68_3207,12236.322926607501
00bbac68_3208,12236.323172518325
00bbac68_3209,12236.324775694431
00bbac68_3210,12236.329809113224
00bbac68_3211,12236.339098042763
00bbac68_3212,12236.347683836999
00bbac68_3213,12236.339071227796
00bbac68_3214,12236.344009741739
00bbac68_3215,12236.356123366526
00bbac68_3216,12236.366982203539
00bbac68_3217,12236.372900917757
00bbac68_3218,12236.384215091453
00bbac68_3219,12236.401429538017
00bbac68_3220,12236.420129392529
00bbac68_3221,12236.437713257394
00bbac68_3222,12236.464654232952
00bbac68_3223,12236.496380585118
00bbac68_3224,12236.51947789155
00bbac68_3225,12236.533617810472
00bbac68_3226,12236.535861801176
00bbac68_3227,12236.53345317333
00bbac68_3228,12236.523993939456
00bbac68_3229,12236.51711310461
00bbac68_3230,12236.512676548107
00bbac68_3231,12236.508476329176
00bbac68_3232,12236.508948815885
00bbac68_3233,12236.511007415398
00bbac68_3234,12236.500548523733
00bbac68_3235,12236.497416914035
00bbac68_3236,12236.504702520468
00bbac68_3237,12236.524521643449
00bbac68_3238,12236.54229260155
00bbac68_3239,12236.560060624286
00bbac68_3240,12236.577168622189
00bbac68_3241,12236.56949811062
00bbac68_3242,12236.56078610984
00bbac68_3243,12236.56271302112
00bbac68_3244,12236.574008689066
00bbac68_3245,12236.600862467172
00bbac68_3246,12236.625735063042
00bbac68_3247,12236.663538520397
00bbac68_3248,12236.709076827145
00bbac68_3249,12236.747559420324
00bbac68_3250,12236.791128523086
00bbac68_3251,12236.832971716667
00bbac68_3252,12236.873643010958
00bbac68_3253,12236.91389597363
00bbac68_3254,12236.951621679984
00bbac68_3255,12236.97328960997
00bbac68_3256,12236.991608449358
00bbac68_3257,12236.995028619385
00bbac68_3258,12236.996120635813
00bbac68_3259,12237.003671221895
00bbac68_3260,12237.001980428975
00bbac68_3261,12237.02547465689
00bbac68_3262,12237.0389850667
00bbac68_3263,12237.045354540951
00bbac68_3264,12237.05175689282
00bbac68_3265,12237.053465749383
00bbac68_3266,12237.073027032096
00bbac68_3267,12237.072196001325
00bbac68_3268,12237.066779157976
00bbac68_3269,12237.079773881433
00bbac68_3270,12237.104849342652
00bbac68_3271,12237.119066386054
00bbac68_3272,12237.132677513815
00bbac68_3273,12237.155171499782
00bbac68_3274,12237.159171455603
00bbac68_3275,12237.181729706428
00bbac68_3276,12237.192688108988
00bbac68_3277,12237.203109303096
00bbac68_3278,12237.20002057259
00bbac68_3279,12237.201975113265
00bbac68_3280,12237.20794436807
00bbac68_3281,12237.21349117919
00bbac68_3282,12237.223083701343
00bbac68_3283,12237.226350892359
00bbac68_3284,12237.24359255753
00bbac68_3285,12237.267892317443
00bbac68_3286,12237.283675518507
00bbac68_3287,12237.290155565539
00bbac68_3288,12237.313834100765
00bbac68_3289,12237.3330894978
00bbac68_3290,12237.346363536511
00bbac68_3291,12237.342055437335
00bbac68_3292,12237.350319522606
00bbac68_3293,12237.351791452253
00bbac68_3294,12237.377109109431
00bbac68_3295,12237.393953332907
00bbac68_3296,12237.403879160853
00bbac68_3297,12237.425168601701
00bbac68_3298,12237.470737928224
00bbac68_3299,12237.524255420603
00bbac68_3300,12237.592249822394
00bbac68_3301,12237.658061277813
00bbac68_3302,12237.723823534056
00bbac68_3303,12237.77997356978
00bbac68_3304,12237.837636720238
00bbac68_3305,12237.901141006954
00bbac68_3306,12237.950094900007
00bbac68_3307,12237.991595738265
00bbac68_3308,12238.024847228882
00bbac68_3309,12238.054755775911
00bbac68_3310,12238.076848947792
00bbac68_3311,12238.089823598017
00bbac68_3312,12238.107412420402
00bbac68_3313,12238.12202541136
00bbac68_3314,12238.142753988717
00bbac68_3315,12238.152826854526
00bbac68_3316,12238.16540848619
00bbac68_3317,12238.175676769533
00bbac68_3318,12238.186751816687
00bbac68_3319,12238.206227076269
00bbac68_3320,12238.215530844078
00bbac68_3321,12238.224130408167
00bbac68_3322,12238.233882798037
00bbac68_3323,12238.242286508561
00bbac68_3324,12238.252164941401
00bbac68_3325,12238.270483731427
00bbac68_3326,12238.263516524943
00bbac68_3327,12238.257213864035
00bbac68_3328,12238.262585299311
00bbac68_3329,12238.268056585508
00bbac68_3330,12238.274196451306
00bbac68_3331,12238.280086524344
00bbac68_3332,12238.29418053672
00bbac68_3333,12238.294924519994
00bbac68_3334,12238.307605005015
00bbac68_3335,12238.329133647081
00bbac68_3336,12238.354738560929
00bbac68_3337,12238.384157734223
00bbac68_3338,12238.39713024379
00bbac68_3339,12238.424340178311
00bbac68_3340,12238.459216277693
00bbac68_3341,12238.488572663251
00bbac68_3342,12238.50975286994
00bbac68_3343,12238.533604884022
00bbac68_3344,12238.568227913429
00bbac68_3345,12238.612325439999
00bbac68_3346,12238.630073859307
00bbac68_3347,12238.636884834517
00bbac68_3348,12238.644213187277
00bbac68_3349,12238.639522141131
00bbac68_3350,12238.637146006567
00bbac68_3351,12238.657115408241
00bbac68_3352,12238.696360418791
00bbac68_3353,12238.732919348335
00bbac68_3354,12238.739709665844
00bbac68_3355,12238.754148090098
00bbac68_3356,12238.775515787904
00bbac68_3357,12238.812413590778
00bbac68_3358,12238.829058781945
00bbac68_3359,12238.853938663977
00bbac68_3360,12238.885375388103
00bbac68_3361,12238.919443665753
00bbac68_3362,12238.943263803822
00bbac68_3363,12238.953487662902
00bbac68_3364,12238.962728342874
00bbac68_3365,12238.980204750576
00bbac68_3366,12239.00465825398
00bbac68_3367,12239.040235697837
00bbac68_3368,12239.07713923301
00bbac68_3369,12239.106040376773
00bbac68_3370,12239.134279605498
00bbac68_3371,12239.168727488817
00bbac68_3372,12239.215084949765
00bbac68_3373,12239.26776705019
00bbac68_3374,12239.308003297008
00bbac68_3375,12239.365182207286
00bbac68_3376,12239.421660769653
00bbac68_3377,12239.468129136465
00bbac68_3378,12239.512247432802
00bbac68_3379,12239.551052519615
00bbac68_3380,12239.611612057064
00bbac68_3381,12239.67512421889
00bbac68_3382,12239.72208194047
00bbac68_3383,12239.759945075577
00bbac68_3384,12239.786906990334
00bbac68_3385,12239.808198303705
00bbac68_3386,12239.834117859338
00bbac68_3387,12239.85859565815
00bbac68_3388,12239.897826256889
00bbac68_3389,12239.930849626373
00bbac68_3390,12239.966705343188
00bbac68_3391,12240.007395739989
00bbac68_3392,12240.04499626428
00bbac68_3393,12240.084571351694
00bbac68_3394,12240.122313514956
00bbac68_3395,12240.147892465711
00bbac68_3396,12240.167808758333
00bbac68_3397,12240.167741294683
00bbac68_3398,12240.160199366366
00bbac68_3399,12240.142443661734
00bbac68_3400,12240.116230693427
00bbac68_3401,12240.07935447333
00bbac68_3402,12240.043467180087
00bbac68_3403,12240.002151588928
00bbac68_3404,12239.970343920133
00bbac68_3405,12239.942012887092
00bbac68_3406,12239.917028704902
00bbac68_3407,12239.89235192459
00bbac68_3408,12239.872303209986
00bbac68_3409,12239.862610652124
00bbac68_3410,12239.847602435779
00bbac68_3411,12239.829706014383
00bbac68_3412,12239.817121700964
00bbac68_3413,12239.796863964135
00bbac68_3414,12239.76986984675
00bbac68_3415,12239.748452607531
00bbac68_3416,12239.721406200728
00bbac68_3417,12239.697116621684
00bbac68_3418,12239.669183490136
00bbac68_3419,12239.648056520602
00bbac68_3420,12239.632948870103
00bbac68_3421,12239.619311649558
00bbac68_3422,12239.607272390243
00bbac68_3423,12239.598558378095
00bbac68_3424,12239.586195912332
00bbac68_3425,12239.5812774532
00bbac68_3426,12239.568887618541
00bbac68_3427,12239.558782681
00bbac68_3428,12239.552480790213
00bbac68_3429,12239.554141232256
00bbac68_3430,12239.551380110162
00bbac68_3431,12239.549658390233
00bbac68_3432,12239.542525019593
00bbac68_3433,12239.541982989216
00bbac68_3434,12239.5349776844
00bbac68_3435,12239.522770769161
00bbac68_3436,12239.513389720767
00bbac68_3437,12239.498547636555
00bbac68_3438,12239.485999329507
00bbac68_3439,12239.470966291441
00bbac68_3440,12239.455329407067
00bbac68_3441,12239.443003191547
00bbac68_3442,12239.427298854578
00bbac68_3443,12239.41149141158
00bbac68_3444,12239.397092868516
00bbac68_3445,12239.371817621699
00bbac68_3446,12239.350927189284
00bbac68_3447,12239.329546167519
00bbac68_3448,12239.32326998143
00bbac68_3449,12239.31827284713
00bbac68_3450,12239.319198243438
00bbac68_3451,12239.316851874979
00bbac68_3452,12239.32588599531
00bbac68_3453,12239.324762475033
00bbac68_3454,12239.319919911108
00bbac68_3455,12239.319179615037
00bbac68_3456,12239.314083521691
00bbac68_3457,12239.300333445713
00bbac68_3458,12239.273028051863
00bbac68_3459,12239.22248675685
00bbac68_3460,12239.15611700932
00bbac68_3461,12239.0957989912
00bbac68_3462,12239.051077006146
00bbac68_3463,12239.004430772546
00bbac68_3464,12238.949530462118
00bbac68_3465,12238.903698904005
00bbac68_3466,12238.879496854115
00bbac68_3467,12238.84780081865
00bbac68_3468,12238.824861581337
00bbac68_3469,12238.79762659076
00bbac68_3470,12238.777922925168
00bbac68_3471,12238.783848265544
00bbac68_3472,12238.847493966958
00bbac68_3473,12238.891724522517
00bbac68_3474,12238.886052945925
00bbac68_3475,12238.88283667168
00bbac68_3476,12238.924579514836
00bbac68_3477,12238.981244692002
00bbac68_3478,12239.067811641522
00bbac68_3479,12239.168821530362
00bbac68_3480,12239.282713641915
00bbac68_3481,12239.391318262813
00bbac68_3482,12239.473178582566
00bbac68_3483,12239.545936590712
00bbac68_3484,12239.63036148102
00bbac68_3485,12239.69800127225
00bbac68_3486,12239.74572163972
00bbac68_3487,12239.77497433174
00bbac68_3488,12239.791351299675
00bbac68_3489,12239.81057208648
00bbac68_3490,12239.824092021081
00bbac68_3491,12239.82737150743
00bbac68_3492,12239.835206505324
00bbac68_3493,12239.851577733672
00bbac68_3494,12239.877885867518
00bbac68_3495,12239.892513780716
00bbac68_3496,12239.908396990664
00bbac68_3497,12239.910701350002
00bbac68_3498,12239.908650307389
00bbac68_3499,12239.913771259187
00bbac68_3500,12239.92367929005
00bbac68_3501,12239.924319869691
00bbac68_3502,12239.905634589033
00bbac68_3503,12239.859768352266
00bbac68_3504,12239.903675247464
00bbac68_3505,12240.009469659974
00bbac68_3506,12240.000329504475
00bbac68_3507,12239.881108966609
00bbac68_3508,12239.94237275292
00bbac68_3509,12240.137993393488
00bbac68_3510,12240.279139886987
00bbac68_3511,12240.31479163792
00bbac68_3512,12240.30773093944
00bbac68_3513,12240.30342220171
00bbac68_3514,12240.293452869031
00bbac68_3515,12240.27639364301
00bbac68_3516,12240.275533584545
00bbac68_3517,12240.274548520616
00bbac68_3518,12240.310744449824
00bbac68_3519,12240.35182645841
00bbac68_3520,12240.404072698726
00bbac68_3521,12240.440206059757
00bbac68_3522,12240.463477764115
00bbac68_3523,12240.494417629097
00bbac68_3524,12240.52564463624
00bbac68_3525,12240.544989297112
00bbac68_3526,12240.56415388777
00bbac68_3527,12240.576385157437
00bbac68_3528,12240.597860777354
00bbac68_3529,12240.618631015115
00bbac68_3530,12240.632693291464
00bbac68_3531,12240.64166272353
00bbac68_3532,12240.658089224225
00bbac68_3533,12240.660471285344
00bbac68_3534,12240.669235881376
00bbac68_3535,12240.66476161714
00bbac68_3536,12240.683226716103
00bbac68_3537,12240.706793371624
00bbac68_3538,12240.728604594835
00bbac68_3539,12240.740756338439
00bbac68_3540,12240.742789060198
00bbac68_3541,12240.74616004491
00bbac68_3542,12240.753778126718
00bbac68_3543,12240.745319140035
00bbac68_3544,12240.728492880937
00bbac68_3545,12240.697203082642
00bbac68_3546,12240.649359076639
00bbac68_3547,12240.60409052635
00bbac68_3548,12240.543520216084
00bbac68_3549,12240.474041025622
00bbac68_3550,12240.404379852296
00bbac68_3551,12240.334604188047
00bbac68_3552,12240.252821342336
00bbac68_3553,12240.14875994792
00bbac68_3554,12240.107280880537
00bbac68_3555,12240.12877983583
00bbac68_3556,12240.128295438495
00bbac68_3557,12240.110525695349
00bbac68_3558,12239.840049771208
00bbac68_3559,12239.623612820988
00bbac68_3560,12239.530860652383
00bbac68_3561,12239.312417860747
00bbac68_3562,12239.146197717444
00bbac68_3563,12239.11479152211
00bbac68_3564,12239.183433108992
00bbac68_3565,12239.081656674782
00bbac68_3566,12238.888289224973
00bbac68_3567,12238.765926203434
00bbac68_3568,12238.705896326166
00bbac68_3569,12238.684362379701
00bbac68_3570,12238.624787067696
00bbac68_3571,12238.5388189531
00bbac68_3572,12238.415583050097
00bbac68_3573,12238.203176311634
00bbac68_3574,12238.064729663718
00bbac68_3575,12237.91046676512
00bbac68_3576,12237.73662150148
00bbac68_3577,12237.576683927835
00bbac68_3578,12237.42667977612
00bbac68_3579,12237.300309889295
00bbac68_3580,12237.181417981801
00bbac68_3581,12237.066847349324
00bbac68_3582,12236.959035150727
00bbac68_3583,12236.85144832318
00bbac68_3584,12236.777647721474
00bbac68_3585,12236.731006513135
00bbac68_3586,12236.656477920853
00bbac68_3587,12236.551810068284
00bbac68_3588,12236.447967857763
00bbac68_3589,12236.399782241246
00bbac68_3590,12236.330700166945
00bbac68_3591,12236.24895887142
00bbac68_3592,12236.154170113554
00bbac68_3593,12236.04658705908
00bbac68_3594,12235.987088401405
00bbac68_3595,12235.925660598732
00bbac68_3596,12235.860615087027
00bbac68_3597,12235.803345422224
00bbac68_3598,12235.74622937889
00bbac68_3599,12235.685230790874
00bbac68_3600,12235.621539303935
00bbac68_3601,12235.577358081295
00bbac68_3602,12235.552120348511
00bbac68_3603,12235.526014508749
00bbac68_3604,12235.505443610113
00bbac68_3605,12235.495454999871
00bbac68_3606,12235.479939955605
00bbac68_3607,12235.471151844511
00bbac68_3608,12235.47036339451
00bbac68_3609,12235.458901000802
00bbac68_3610,12235.455427181874
00bbac68_3611,12235.448386535061
00bbac68_3612,12235.440407348908
00bbac68_3613,12235.434760998487
00bbac68_3614,12235.423802809939
00bbac68_3615,12235.410732667517
00bbac68_3616,12235.406089247235
00bbac68_3617,12235.39368600852
00bbac68_3618,12235.384921364306
00bbac68_3619,12235.378692730708
00bbac68_3620,12235.373186796598
00bbac68_3621,12235.364906553978
00bbac68_3622,12235.35886000829
00bbac68_3623,12235.348046011779
00bbac68_3624,12235.336616392786
00bbac68_3625,12235.328453624208
00bbac68_3626,12235.317871665895
00bbac68_3627,12235.308139593655
00bbac68_3628,12235.307512462377
00bbac68_3629,12235.300918848661
00bbac68_3630,12235.295625308028
00bbac68_3631,12235.29134974973
00bbac68_3632,12235.28190937687
00bbac68_3633,12235.278019689578
00bbac68_3634,12235.276086110158
00bbac68_3635,12235.269280440776
00bbac68_3636,12235.265550672415
00bbac68_3637,12235.257374814913
00bbac68_3638,12235.255797217511
00bbac68_3639,12235.250043337102
00bbac68_3640,12235.241414824692
00bbac68_3641,12235.2385368639
00bbac68_3642,12235.231237366595
00bbac68_3643,12235.222440519723
00bbac68_3644,12235.220758442025
00bbac68_3645,12235.21200715214
00bbac68_3646,12235.205366943625
00bbac68_3647,12235.201861453585
00bbac68_3648,12235.195699236598
00bbac68_3649,12235.19022700957
00bbac68_3650,12235.182836694781
00bbac68_3651,12235.180526171338
00bbac68_3652,12235.173019317892
00bbac68_3653,12235.164789196433
00bbac68_3654,12235.161900012714
00bbac68_3655,12235.153982637374
00bbac68_3656,12235.14465000566
00bbac68_3657,12235.137882500654
00bbac68_3658,12235.134688661823
00bbac68_3659,12235.125678116845
00bbac68_3660,12235.117079138161
00bbac68_3661,12235.114922443963
00bbac68_3662,12235.106844622702
00bbac68_3663,12235.098083679262
00bbac68_3664,12235.090412157202
00bbac68_3665,12235.09042954213
00bbac68_3666,12235.08222762373
00bbac68_3667,12235.070329761027
00bbac68_3668,12235.06201775166
00bbac68_3669,12235.05926202057
00bbac68_3670,12235.046056121077
00bbac68_3671,12235.0335677269
00bbac68_3672,12235.023315745848
00bbac68_3673,12235.016754141681
00bbac68_3674,12235.004335050857
00bbac68_3675,12234.995998238603
00bbac68_3676,12234.99524251139
00bbac68_3677,12234.988916367553
00bbac68_3678,12234.981009334453
00bbac68_3679,12234.96925576957
00bbac68_3680,12234.966123679736
00bbac68_3681,12234.961517087368
00bbac68_3682,12234.958293935972
00bbac68_3683,12234.958122037486
00bbac68_3684,12234.96075608387
00bbac68_3685,12234.966737532139
00bbac68_3686,12234.964896781506
00bbac68_3687,12234.96696560708
00bbac68_3688,12234.969306293295
00bbac68_3689,12234.966922144322
00bbac68_3690,12234.965500757551
00bbac68_3691,12234.964626616136
00bbac68_3692,12234.963927074858
00bbac68_3693,12234.955729096864
00bbac68_3694,12234.941579403072
00bbac68_3695,12234.923986581558
00bbac68_3696,12234.912473999946
00bbac68_3697,12234.90163588796
00bbac68_3698,12234.893050395043
00bbac68_3699,12234.879769730745
00bbac68_3700,12234.874017116166
00bbac68_3701,12234.869334919948
00bbac68_3702,12234.86283329476
00bbac68_3703,12234.85927484262
00bbac68_3704,12234.847818265154
00bbac68_3705,12234.828658562126
00bbac68_3706,12234.802508693358
00bbac68_3707,12234.77941655791
00bbac68_3708,12234.75970593687
00bbac68_3709,12234.739798457922
00bbac68_3710,12234.709120770907
00bbac68_3711,12234.687868419043
00bbac68_3712,12234.665715024961
00bbac68_3713,12234.643626122028
00bbac68_3714,12234.611905698985
00bbac68_3715,12234.594256023256
00bbac68_3716,12234.58188566102
00bbac68_3717,12234.560022321299
00bbac68_3718,12234.539082878815
00bbac68_3719,12234.522582982168
00bbac68_3720,12234.4949710946
00bbac68_3721,12234.476892151752
00bbac68_3722,12234.44664694257
00bbac68_3723,12234.440458620906
00bbac68_3724,12234.427385417373
00bbac68_3725,12234.397302061301
00bbac68_3726,12234.382596980797
00bbac68_3727,12234.371673478432
00bbac68_3728,12234.360726292634
00bbac68_3729,12234.34895847278
00bbac68_3730,12234.335026773326
00bbac68_3731,12234.324650576695
00bbac68_3732,12234.317942534337
00bbac68_3733,12234.301712198836
00bbac68_3734,12234.301397580588
00bbac68_3735,12234.275096170915
00bbac68_3736,12234.243639410317
00bbac68_3737,12234.213153477864
00bbac68_3738,12234.170312434366
00bbac68_3739,12234.139644236506
00bbac68_3740,12234.090488575
00bbac68_3741,12234.028859183589
00bbac68_3742,12233.993180206762
00bbac68_3743,12233.940155027733
00bbac68_3744,12233.902656101818
00bbac68_3745,12233.873278336783
00bbac68_3746,12233.838262723188
00bbac68_3747,12233.810649301693
00bbac68_3748,12233.791829091108
00bbac68_3749,12233.767613938095
00bbac68_3750,12233.744580932054
00bbac68_3751,12233.707533904877
00bbac68_3752,12233.679271655681
00bbac68_3753,12233.656002662274
00bbac68_3754,12233.618592042109
00bbac68_3755,12233.574457265773
00bbac68_3756,12233.517149697236
00bbac68_3757,12233.471747727132
00bbac68_3758,12233.424388856465
00bbac68_3759,12233.371964078697
00bbac68_3760,12233.330855931505
00bbac68_3761,12233.30057903343
00bbac68_3762,12233.273995098669
00bbac68_3763,12233.229582026232
00bbac68_3764,12233.177917627627
00bbac68_3765,12233.151194658563
00bbac68_3766,12233.164522503797
00bbac68_3767,12233.207793627389
00bbac68_3768,12233.257566097798
00bbac68_3769,12233.324171632437
00bbac68_3770,12233.39831336002
00bbac68_3771,12233.459050648436
00bbac68_3772,12233.626404523444
00bbac68_3773,12234.310355938233
00bbac68_3774,12234.579987910936
00bbac68_3775,12234.657928375054
00bbac68_3776,12234.690819286167
00bbac68_3777,12234.709665315584
00bbac68_3778,12234.713257672605
00bbac68_3779,12234.664662959369
00bbac68_3780,12234.602397097904
00bbac68_3781,12234.558207912034
00bbac68_3782,12234.517475148661
00bbac68_3783,12234.456020186586
00bbac68_3784,12234.398123685696
00bbac68_3785,12234.351563882943
00bbac68_3786,12234.325678663303
00bbac68_3787,12234.310458388534
00bbac68_3788,12234.289790949051
00bbac68_3789,12234.284674026172
00bbac68_3790,12234.290637626413
00bbac68_3791,12234.293390156168
00bbac68_3792,12234.29028766669
00bbac68_3793,12234.247071010504
00bbac68_3794,12234.146214662142
00bbac68_3795,12234.01523830149
00bbac68_3796,12233.973553969987
00bbac68_3797,12233.979431639465
00bbac68_3798,12234.001912224081
00bbac68_3799,12234.05217084624
00bbac68_3800,12234.137599766655
00bbac68_3801,12234.193354084873
00bbac68_3802,12234.25864343925
00bbac68_3803,12234.377927773268
00bbac68_3804,12234.486654457942
00bbac68_3805,12234.579672915557
00bbac68_3806,12234.672320923077
00bbac68_3807,12234.713585378613
00bbac68_3808,12234.728543613755
00bbac68_3809,12234.736363510265
00bbac68_3810,12234.739913305584
00bbac68_3811,12234.747204434341
00bbac68_3812,12234.725491778914
00bbac68_3813,12234.716379149628
00bbac68_3814,12234.708598332705
00bbac68_3815,12234.711004620132
00bbac68_3816,12234.700255501411
00bbac68_3817,12234.70266631071
00bbac68_3818,12234.70481218682
00bbac68_3819,12234.70092022451
00bbac68_3820,12234.683850135016
00bbac68_3821,12234.673691559743
00bbac68_3822,12234.66488026944
00bbac68_3823,12234.662166498143
00bbac68_3824,12234.63657553774
00bbac68_3825,12234.62864357627
00bbac68_3826,12234.616033020906
00bbac68_3827,12234.594798560107
00bbac68_3828,12234.579024300976
00bbac68_3829,12234.549406909035
00bbac68_3830,12234.510435802491
00bbac68_3831,12234.486310558717
00bbac68_3832,12234.47544984506
00bbac68_3833,12234.482670840416
00bbac68_3834,12234.467916682104
00bbac68_3835,12234.436063712727
00bbac68_3836,12234.436201604643
00bbac68_3837,12234.416803500997
00bbac68_3838,12234.407693234145
00bbac68_3839,12234.3861190219
00bbac68_3840,12234.366692460335
00bbac68_3841,12234.344483879258
00bbac68_3842,12234.328827478088
00bbac68_3843,12234.306344382147
00bbac68_3844,12234.291235025325
00bbac68_3845,12234.266257984025
00bbac68_3846,12234.228543242594
00bbac68_3847,12234.18439099846
00bbac68_3848,12234.161417355392
00bbac68_3849,12234.140870876476
00bbac68_3850,12234.128176669827
00bbac68_3851,12234.110912899254
00bbac68_3852,12234.103324184745
00bbac68_3853,12234.086211633166
00bbac68_3854,12234.069818173439
00bbac68_3855,12234.054334280128
00bbac68_3856,12234.039028798672
00bbac68_3857,12234.019421838533
00bbac68_3858,12234.007698387375
00bbac68_3859,12233.991936187944
00bbac68_3860,12233.977088904277
00bbac68_3861,12233.963781261516
00bbac68_3862,12233.949183984076
00bbac68_3863,12233.93717281607
00bbac68_3864,12233.925742143825
00bbac68_3865,12233.918266961085
00bbac68_3866,12233.912204012802
00bbac68_3867,12233.903001862862
00bbac68_3868,12233.895548192173
00bbac68_3869,12233.891298418454
00bbac68_3870,12233.890378800195
00bbac68_3871,12233.887795936165
00bbac68_3872,12233.88679937525
00bbac68_3873,12233.88811182108
00bbac68_3874,12233.893618223612
00bbac68_3875,12233.906337551767
00bbac68_3876,12233.923903142011
00bbac68_3877,12233.931320482101
00bbac68_3878,12233.925946900148
00bbac68_3879,12233.903085354028
00bbac68_3880,12233.867820586023
00bbac68_3881,12233.832068576849
00bbac68_3882,12233.807708390601
00bbac68_3883,12233.834943586768
00bbac68_3884,12233.845463365298
00bbac68_3885,12233.833089654836
00bbac68_3886,12233.798696619762
00bbac68_3887,12233.744977346554
00bbac68_3888,12233.694407827757
00bbac68_3889,12233.664094626212
00bbac68_3890,12233.655803279073
00bbac68_3891,12233.637374654252
00bbac68_3892,12233.636499834582
00bbac68_3893,12233.619442358067
00bbac68_3894,12233.602984986208
00bbac68_3895,12233.672063624104
00bbac68_3896,12233.72079815622
00bbac68_3897,12233.668596490093
00bbac68_3898,12233.636015020174
00bbac68_3899,12233.619534423518
00bbac68_3900,12233.710769989975
00bbac68_3901,12233.792237365155
00bbac68_3902,12233.742412679987
00bbac68_3903,12233.680041719665
00bbac68_3904,12233.619391234832
00bbac68_3905,12233.57723538214
00bbac68_3906,12233.539734343089
00bbac68_3907,12233.498425590582
00bbac68_3908,12233.457025254653
00bbac68_3909,12233.405629665773
00bbac68_3910,12233.364148768385
00bbac68_3911,12233.340277534653
00bbac68_3912,12233.32664007131
00bbac68_3913,12233.307863304182
00bbac68_3914,12233.289214670584
00bbac68_3915,12233.275114130245
00bbac68_3916,12233.276303641536
00bbac68_3917,12233.267635532997
00bbac68_3918,12233.268006867978
00bbac68_3919,12233.254861272337
00bbac68_3920,12233.255749296713
00bbac68_3921,12233.254946069297
00bbac68_3922,12233.250186814113
00bbac68_3923,12233.262459070078
00bbac68_3924,12233.263970804219
00bbac68_3925,12233.245254703104
00bbac68_3926,12233.23619355609
00bbac68_3927,12233.230879403638
00bbac68_3928,12233.238852324153
00bbac68_3929,12233.252712700792
00bbac68_3930,12233.258463146638
00bbac68_3931,12233.266258279431
00bbac68_3932,12233.285890387075
00bbac68_3933,12233.296708015545
00bbac68_3934,12233.27236175582
00bbac68_3935,12233.250336986117
00bbac68_3936,12233.23674227522
00bbac68_3937,12233.221409208934
00bbac68_3938,12233.206426471543
00bbac68_3939,12233.188399037108
00bbac68_3940,12233.177183119305
00bbac68_3941,12233.212514316556
00bbac68_3942,12233.42601047486
00bbac68_3943,12233.819219821924
00bbac68_3944,12233.920371854398
00bbac68_3945,12233.806404986537
00bbac68_3946,12233.681045432946
00bbac68_3947,12233.570457945158
00bbac68_3948,12233.486830498483
00bbac68_3949,12233.413178528404
00bbac68_3950,12233.384264987824
00bbac68_3951,12233.38623281111
00bbac68_3952,12233.381853101342
00bbac68_3953,12233.366981017549
00bbac68_3954,12233.334717530797
00bbac68_3955,12233.308284950428
00bbac68_3956,12233.278617338889
00bbac68_3957,12233.256643270322
00bbac68_3958,12233.234672094288
00bbac68_3959,12233.200211923655
00bbac68_3960,12233.14661947474
00bbac68_3961,12233.104826253028
00bbac68_3962,12233.050750760425
00bbac68_3963,12233.012903213275
00bbac68_3964,12232.962542135996
00bbac68_3965,12232.922128522263
00bbac68_3966,12232.85281147194
00bbac68_3967,12232.801896602014
00bbac68_3968,12232.727544524801
00bbac68_3969,12232.657437410375
00bbac68_3970,12232.56355059997
00bbac68_3971,12232.485213680196
00bbac68_3972,12232.39113310292
00bbac68_3973,12232.32799202323
00bbac68_3974,12232.259064301667
00bbac68_3975,12232.204349419762
00bbac68_3976,12232.155678959938
00bbac68_3977,12232.132262934934
00bbac68_3978,12232.095228325512
00bbac68_3979,12232.072765135323
00bbac68_3980,12232.058758294108
00bbac68_3981,12232.063104416065
00bbac68_3982,12232.070550563345
00bbac68_3983,12232.09218642127
00bbac68_3984,12232.1055204052
00bbac68_3985,12232.104451665013
00bbac68_3986,12232.083008544816
00bbac68_3987,12232.066248070996
00bbac68_3988,12232.036676660242
00bbac68_3989,12232.03327775457
00bbac68_3990,12232.033022462509
00bbac68_3991,12232.050976631128
00bbac68_3992,12232.090884165218
00bbac68_3993,12232.125710846974
00bbac68_3994,12232.169463254158
00bbac68_3995,12232.206416258854
00bbac68_3996,12232.249078791014
00bbac68_3997,12232.27408891343
00bbac68_3998,12232.279303635556
00bbac68_3999,12232.27253841353
00bbac68_4000,12232.242733170444
00bbac68_4001,12232.175993567465
00bbac68_4002,12232.105114176047
00bbac68_4003,12232.02583919186
00bbac68_4004,12231.952053382098
00bbac68_4005,12231.89446019862
00bbac68_4006,12231.81314659891
00bbac68_4007,12231.756408061094
00bbac68_4008,12231.713847880103
00bbac68_4009,12231.673661285065
00bbac68_4010,12231.668348790996
00bbac68_4011,12231.651218723839
00bbac68_4012,12231.653316346128
00bbac68_4013,12231.675269180978
00bbac68_4014,12231.695359455878
00bbac68_4015,12231.71591995149
00bbac68_4016,12231.745494214627
00bbac68_4017,12231.774691059874
00bbac68_4018,12231.817687527571
00bbac68_4019,12231.865188116464
00bbac68_4020,12231.911461249178
00bbac68_4021,12231.94319276507
00bbac68_4022,12231.965517989258
00bbac68_4023,12231.981715946373
00bbac68_4024,12232.001291351413
00bbac68_4025,12232.019999240345
00bbac68_4026,12232.024647819837
00bbac68_4027,12232.00818531789
00bbac68_4028,12231.976785619798
00bbac68_4029,12231.950374223285
00bbac68_4030,12231.909497323537
00bbac68_4031,12231.850933117285
00bbac68_4032,12231.819425913169
00bbac68_4033,12231.79532479391
00bbac68_4034,12231.763740556476
00bbac68_4035,12231.718487659165
00bbac68_4036,12231.671488382373
00bbac68_4037,12231.635879140867
00bbac68_4038,12231.611790275861
00bbac68_4039,12231.581452686332
00bbac68_4040,12231.559886751089
00bbac68_4041,12231.550239109973
00bbac68_4042,12231.571576638862
00bbac68_4043,12231.619898339835
00bbac68_4044,12231.687839400305
00bbac68_4045,12231.76638077728
00bbac68_4046,12231.83999926162
00bbac68_4047,12231.803426079257
00bbac68_4048,12231.813185064873
00bbac68_4049,12231.709791908175
00bbac68_4050,12231.626581879533
00bbac68_4051,12231.472966368228
00bbac68_4052,12231.524492671771
00bbac68_4053,12231.542946980324
00bbac68_4054,12231.541615398552
00bbac68_4055,12231.519499134798
00bbac68_4056,12231.500306589942
00bbac68_4057,12231.446608777771
00bbac68_4058,12231.396326841685
00bbac68_4059,12231.345554717695
00bbac68_4060,12231.283123671754
00bbac68_4061,12231.231931480386
00bbac68_4062,12231.233959211051
00bbac68_4063,12231.212293244607
00bbac68_4064,12231.189060128414
00bbac68_4065,12231.198773273656
00bbac68_4066,12231.192430442883
00bbac68_4067,12231.22564777069
00bbac68_4068,12231.252628317117
00bbac68_4069,12231.363474855789
00bbac68_4070,12231.383398377142
00bbac68_4071,12231.578446554722
00bbac68_4072,12231.801544237025
00bbac68_4073,12231.792875821378
00bbac68_4074,12232.003901766975
00bbac68_4075,12231.99805835606
00bbac68_4076,12232.216227139872
00bbac68_4077,12232.211724848628
00bbac68_4078,12232.441994254763
00bbac68_4079,12232.463633788504
00bbac68_4080,12232.690810678208
00bbac68_4081,12232.709880349106
00bbac68_4082,12232.948133319438
00bbac68_4083,12232.96005944769
00bbac68_4084,12233.184582318307
00bbac68_4085,12233.197619275388
00bbac68_4086,12233.209133051818
00bbac68_4087,12233.42730674318
00bbac68_4088,12233.433285231527
00bbac68_4089,12233.640796221876
00bbac68_4090,12233.624272488669
00bbac68_4091,12233.789188554189
00bbac68_4092,12233.769952808825
00bbac68_4093,12233.754350209781
00bbac68_4094,12233.839289964159
00bbac68_4095,12233.825492472622
00bbac68_4096,12233.815665966416
00bbac68_4097,12233.793195953176
00bbac68_4098,12233.752864030368
00bbac68_4099,12233.740991704211
00bbac68_4100,12233.73740528978
00bbac68_4101,12233.678405131399
00bbac68_4102,12233.660273437996
00bbac68_4103,12233.611198361708
00bbac68_4104,12233.60320876019
00bbac68_4105,12233.586833880738
00bbac68_4106,12233.539341072861
00bbac68_4107,12233.538318356337
00bbac68_4108,12233.535117313124
00bbac68_4109,12233.48951897368
00bbac68_4110,12233.492096921776
00bbac68_4111,12233.50300710387
00bbac68_4112,12233.474666648977
00bbac68_4113,12233.475790616265
00bbac68_4114,12233.468517777363
00bbac68_4115,12233.424275673939
00bbac68_4116,12233.41245715456
00bbac68_4117,12233.344073792041
00bbac68_4118,12233.318054424508
00bbac68_4119,12233.269946471219
00bbac68_4120,12233.188911293833
00bbac68_4121,12233.142843628782
00bbac68_4122,12233.087151489304
00bbac68_4123,12232.995378916543
00bbac68_4124,12232.942579303002
00bbac68_4125,12232.889395798922
00bbac68_4126,12232.807742574847
00bbac68_4127,12232.771569597497
00bbac68_4128,12232.73581238785
00bbac68_4129,12232.701906093245
00bbac68_4130,12232.634368472189
00bbac68_4131,12232.603817397663
00bbac68_4132,12232.567187066765
00bbac68_4133,12232.479386286732
00bbac68_4134,12232.432705103916
00bbac68_4135,12232.402981610874
00bbac68_4136,12232.353995986945
00bbac68_4137,12232.351419354267
00bbac68_4138,12232.37704468534
00bbac68_4139,12232.36976110232
00bbac68_4140,12232.41801521104
00bbac68_4141,12232.46253050224
00bbac68_4142,12232.451358921164
00bbac68_4143,12232.453378016493
00bbac68_4144,12232.440675097889
00bbac68_4145,12232.366944813284
00bbac68_4146,12232.308024314538
00bbac68_4147,12232.232372400276
00bbac68_4148,12232.105227923359
00bbac68_4149,12232.013106810404
00bbac68_4150,12231.919827759397
00bbac68_4151,12231.821683239279
00bbac68_4152,12231.76471812804
00bbac68_4153,12231.725222019648
00bbac68_4154,12231.68850745606
00bbac68_4155,12231.665638031862
00bbac68_4156,12231.642555515991
00bbac68_4157,12231.601908273993
00bbac68_4158,12231.59466190188
00bbac68_4159,12231.594131761316
00bbac68_4160,12231.576301114075
00bbac68_4161,12231.573240842345
00bbac68_4162,12231.559537113208
00bbac68_4163,12231.539397463166
00bbac68_4164,12231.518741189107
00bbac68_4165,12231.507339035883
00bbac68_4166,12231.493557937862
00bbac68_4167,12231.47321601846
00bbac68_4168,12231.465809409165
00bbac68_4169,12231.461362632837
00bbac68_4170,12231.465730912994
00bbac68_4171,12231.46523420438
00bbac68_4172,12231.463095288438
00bbac68_4173,12231.480916889264
00bbac68_4174,12231.490957452603
00bbac68_4175,12231.481134216894
00bbac68_4176,12231.494969253594
00bbac68_4177,12231.504204999059
00bbac68_4178,12231.528028211253
00bbac68_4179,12231.55357953698
00bbac68_4180,12231.623477306593
00bbac68_4181,12231.671955277536
00bbac68_4182,12231.720940015577
00bbac68_4183,12231.826364260789
00bbac68_4184,12231.904276721774
00bbac68_4185,12231.972619414108
00bbac68_4186,12232.025376813568
00bbac68_4187,12232.09551316616
00bbac68_4188,12232.128749262349
00bbac68_4189,12232.150362715822
00bbac68_4190,12232.164016581775
00bbac68_4191,12232.198098907935
00bbac68_4192,12232.198825270789
00bbac68_4193,12232.188992284911
00bbac68_4194,12232.211756527311
00bbac68_4195,12232.210237814614
00bbac68_4196,12232.224649007525
00bbac68_4197,12232.246852862998
00bbac68_4198,12232.317985525551
00bbac68_4199,12232.346494763653
00bbac68_4200,12232.383962219785
00bbac68_4201,12232.463892353195
00bbac68_4202,12232.515883374486
00bbac68_4203,12232.565518310977
00bbac68_4204,12232.618777409225
00bbac68_4205,12232.709643273129
00bbac68_4206,12232.746812128995
00bbac68_4207,12232.780736234496
00bbac68_4208,12232.815318021809
00bbac68_4209,12232.867906005038
00bbac68_4210,12232.895050689016
00bbac68_4211,12232.923902499417
00bbac68_4212,12232.991814325169
00bbac68_4213,12233.011981566367
00bbac68_4214,12232.967314240585
00bbac68_4215,12232.923690858528
00bbac68_4216,12232.91866374141
00bbac68_4217,12232.944783223242
00bbac68_4218,12232.983027541864
00bbac68_4219,12233.032704789985
00bbac68_4220,12233.02148881968
00bbac68_4221,12233.00210340206
00bbac68_4222,12233.008474782895
00bbac68_4223,12233.007742093503
00bbac68_4224,12233.011881016577
00bbac68_4225,12233.014885901137
00bbac68_4226,12233.04930861122
00bbac68_4227,12233.053073352674
00bbac68_4228,12233.060029429005
00bbac68_4229,12233.080880069532
00bbac68_4230,12233.106299875422
00bbac68_4231,12233.129984045014
00bbac68_4232,12233.150321282421
00bbac68_4233,12233.151834909928
00bbac68_4234,12233.154792334492
00bbac68_4235,12233.152350933577
00bbac68_4236,12233.155334390176
00bbac68_4237,12233.145211002196
00bbac68_4238,12233.15181949973
00bbac68_4239,12233.150843769126
00bbac68_4240,12233.145171745542
00bbac68_4241,12233.163648683796
00bbac68_4242,12233.176663471751
00bbac68_4243,12233.17016162337
00bbac68_4244,12233.187360246056
00bbac68_4245,12233.164397748611
00bbac68_4246,12233.173168903544
00bbac68_4247,12233.146701950633
00bbac68_4248,12233.147494506504
00bbac68_4249,12233.1648065054
00bbac68_4250,12233.128582372428
00bbac68_4251,12233.13203597849
00bbac68_4252,12233.100879110198
00bbac68_4253,12233.100812714943
00bbac68_4254,12233.061448811675
00bbac68_4255,12233.058653512466
00bbac68_4256,12233.033298760643
00bbac68_4257,12233.051569127492
00bbac68_4258,12233.028642484474
00bbac68_4259,12233.03010258503
00bbac68_4260,12233.028225971482
00bbac68_4261,12232.995576695841
00bbac68_4262,12232.990958266048
00bbac68_4263,12232.95552623325
00bbac68_4264,12232.944022295167
00bbac68_4265,12232.922097623106
00bbac68_4266,12232.919158857312
00bbac68_4267,12232.886922703707
00bbac68_4268,12232.873599883384
00bbac68_4269,12232.83547481482
00bbac68_4270,12232.820284893027
00bbac68_4271,12232.791754937976
00bbac68_4272,12232.775767168994
00bbac68_4273,12232.75840032362
00bbac68_4274,12232.726890515027
00bbac68_4275,12232.707205005116
00bbac68_4276,12232.672104645413
00bbac68_4277,12232.651779715125
00bbac68_4278,12232.614804180588
00bbac68_4279,12232.607653559897
00bbac68_4280,12232.61203702398
00bbac68_4281,12232.616074597081
00bbac68_4282,12232.633136057335
00bbac68_4283,12232.640508815392
00bbac68_4284,12232.645445037808
00bbac68_4285,12232.636723486334
00bbac68_4286,12232.629255519292
00bbac68_4287,12232.62956506686
00bbac68_4288,12232.615680774148
00bbac68_4289,12232.62384517543
00bbac68_4290,12232.61802914513
00bbac68_4291,12232.634542894628
00bbac68_4292,12232.649046249488
00bbac68_4293,12232.653374882946
00bbac68_4294,12232.66730837321
00bbac68_4295,12232.667690185197
00bbac68_4296,12232.658480279766
00bbac68_4297,12232.66287226289
00bbac68_4298,12232.649615901699
00bbac68_4299,12232.64654853384
00bbac68_4300,12232.63876748409
00bbac68_4301,12232.608015486421
00bbac68_4302,12232.58372866943
00bbac68_4303,12232.55636541838
00bbac68_4304,12232.539463710995
00bbac68_4305,12232.561943220957
00bbac68_4306,12232.60299948571
00bbac68_4307,12232.596849367246
00bbac68_4308,12232.566192205975
00bbac68_4309,12232.508413264184
00bbac68_4310,12232.443944816412
00bbac68_4311,12232.358575116576
00bbac68_4312,12232.306703917488
00bbac68_4313,12232.282744757333
00bbac68_4314,12232.264222528585
00bbac68_4315,12232.276867078395
00bbac68_4316,12232.301047892775
00bbac68_4317,12232.314303313015
00bbac68_4318,12232.307954287611
00bbac68_4319,12232.31003097935
00bbac68_4320,12232.32052237827
00bbac68_4321,12232.320739245224
00bbac68_4322,12232.332677934242
00bbac68_4323,12232.343592522066
00bbac68_4324,12232.351102769995
00bbac68_4325,12232.345946441696
00bbac68_4326,12232.350279628776
00bbac68_4327,12232.361566132868
00bbac68_4328,12232.360926756426
00bbac68_4329,12232.346884837583
00bbac68_4330,12232.33256242537
00bbac68_4331,12232.326912296898
00bbac68_4332,12232.31974947476
00bbac68_4333,12232.31105374447
00bbac68_4334,12232.305055887722
00bbac68_4335,12232.305034715428
00bbac68_4336,12232.305415146348
00bbac68_4337,12232.294857370287
00bbac68_4338,12232.290261033537
00bbac68_4339,12232.29260679202
00bbac68_4340,12232.290813296771
00bbac68_4341,12232.301717135297
00bbac68_4342,12232.314842198006
00bbac68_4343,12232.334214449143
00bbac68_4344,12232.354303442138
00bbac68_4345,12232.363733032264
00bbac68_4346,12232.36429767765
00bbac68_4347,12232.370255257343
00bbac68_4348,12232.375557961685
00bbac68_4349,12232.387598385165
00bbac68_4350,12232.400096052872
00bbac68_4351,12232.406932440428
00bbac68_4352,12232.406000653034
00bbac68_4353,12232.407961725881
00bbac68_4354,12232.408181280456
00bbac68_4355,12232.409913042815
00bbac68_4356,12232.4110803156
00bbac68_4357,12232.40140070486
00bbac68_4358,12232.396555481158
00bbac68_4359,12232.388860678244
00bbac68_4360,12232.381983529485
00bbac68_4361,12232.37583000613
00bbac68_4362,12232.366104399538
00bbac68_4363,12232.358946728691
00bbac68_4364,12232.344026866453
00bbac68_4365,12232.348649876265
00bbac68_4366,12232.34042608227
00bbac68_4367,12232.325298875723
00bbac68_4368,12232.304820613266
00bbac68_4369,12232.283128830873
00bbac68_4370,12232.26890236513
00bbac68_4371,12232.253933275608
00bbac68_4372,12232.23476837258
00bbac68_4373,12232.21495149183
00bbac68_4374,12232.20510964381
00bbac68_4375,12232.202032724424
00bbac68_4376,12232.208851732512
00bbac68_4377,12232.223779340118
00bbac68_4378,12232.225065048813
00bbac68_4379,12232.233441763932
00bbac68_4380,12232.240336876665
00bbac68_4381,12232.247021066683
00bbac68_4382,12232.239876184896
00bbac68_4383,12232.236777269205
00bbac68_4384,12232.220172470075
00bbac68_4385,12232.198685553865
00bbac68_4386,12232.17328818421
00bbac68_4387,12232.140837182906
00bbac68_4388,12232.121935275036
00bbac68_4389,12232.092844177714
00bbac68_4390,12232.063548808823
00bbac68_4391,12232.025781729624
00bbac68_4392,12231.996777025815
00bbac68_4393,12231.971305877776
00bbac68_4394,12231.948797344603
00bbac68_4395,12231.93838043439
00bbac68_4396,12231.921090652098
00bbac68_4397,12231.916378167152
00bbac68_4398,12231.915231162446
00bbac68_4399,12231.912421933008
00bbac68_4400,12231.90088185454
00bbac68_4401,12231.887680154023
00bbac68_4402,12231.882767595303
00bbac68_4403,12231.87700728369
00bbac68_4404,12231.879229339898
00bbac68_4405,12231.86690485793
00bbac68_4406,12231.860803914473
00bbac68_4407,12231.85483807143
00bbac68_4408,12231.834778832092
00bbac68_4409,12231.816953565478
00bbac68_4410,12231.8050442731
00bbac68_4411,12231.798242317904
00bbac68_4412,12231.788976743246
00bbac68_4413,12231.779613511726
00bbac68_4414,12231.778142867262
00bbac68_4415,12231.77752855455
00bbac68_4416,12231.771741016215
00bbac68_4417,12231.765733515203
00bbac68_4418,12231.762689860756
00bbac68_4419,12231.764246487548
00bbac68_4420,12231.767117153908
00bbac68_4421,12231.765390530378
00bbac68_4422,12231.748437139926
00bbac68_4423,12231.750477437607
00bbac68_4424,12231.763132420885
00bbac68_4425,12231.776477378502
00bbac68_4426,12231.808371212115
00bbac68_4427,12231.835346174776
00bbac68_4428,12231.874136237262
00bbac68_4429,12231.914032198609
00bbac68_4430,12231.954660081363
00bbac68_4431,12231.993809934884
00bbac68_4432,12232.026739434206
00bbac68_4433,12232.04831464662
00bbac68_4434,12232.063553538508
00bbac68_4435,12232.067636018648
00bbac68_4436,12232.064744527584
00bbac68_4437,12232.036163076536
00bbac68_4438,12232.005127332908
00bbac68_4439,12231.987799511144
00bbac68_4440,12231.971234446579
00bbac68_4441,12231.965610840014
00bbac68_4442,12231.952402458406
00bbac68_4443,12231.939804414562
00bbac68_4444,12231.932208870514
00bbac68_4445,12231.923856838952
00bbac68_4446,12231.91901232811
00bbac68_4447,12231.937280809847
00bbac68_4448,12231.978515171322
00bbac68_4449,12232.015276633301
00bbac68_4450,12232.052784602256
00bbac68_4451,12232.0967396435
00bbac68_4452,12232.119645555613
00bbac68_4453,12232.105386583627
00bbac68_4454,12232.081772876383
00bbac68_4455,12232.06025134947
00bbac68_4456,12232.083216804562
00bbac68_4457,12232.07875587409
00bbac68_4458,12232.066857444896
00bbac68_4459,12232.062729115194
00bbac68_4460,12232.058510182074
00bbac68_4461,12232.050837223573
00bbac68_4462,12232.034416485225
00bbac68_4463,12232.024687772835
00bbac68_4464,12232.016797961516
00bbac68_4465,12232.026047765163
00bbac68_4466,12232.031849379351
00bbac68_4467,12232.038631739855
00bbac68_4468,12232.05072095258
00bbac68_4469,12232.077469521026
00bbac68_4470,12232.096514434217
00bbac68_4471,12232.113766477409
00bbac68_4472,12232.133252521837
00bbac68_4473,12232.162649284754
00bbac68_4474,12232.178620559176
00bbac68_4475,12232.190257999697
00bbac68_4476,12232.201204830613
00bbac68_4477,12232.22610007983
00bbac68_4478,12232.234935851988
00bbac68_4479,12232.250668916146
00bbac68_4480,12232.267158889823
00bbac68_4481,12232.286984696897
00bbac68_4482,12232.290162585135
00bbac68_4483,12232.287172609982
00bbac68_4484,12232.277815187721
00bbac68_4485,12232.265201548176
00bbac68_4486,12232.257465712146
00bbac68_4487,12232.231312102456
00bbac68_4488,12232.193258851088
00bbac68_4489,12232.1569311542
00bbac68_4490,12232.142437801962
00bbac68_4491,12232.137166185954
00bbac68_4492,12232.132983921145
00bbac68_4493,12232.140569998777
00bbac68_4494,12232.16346700786
00bbac68_4495,12232.171599932908
00bbac68_4496,12232.156880314418
00bbac68_4497,12232.138443440563
00bbac68_4498,12232.126577591254
00bbac68_4499,12232.104109787475
00bbac68_4500,12232.088246299623
00bbac68_4501,12232.081376643353
00bbac68_4502,12232.093250618005
00bbac68_4503,12232.087996116039
00bbac68_4504,12232.083139278388
00bbac68_4505,12232.096219916648
00bbac68_4506,12232.115055630922
00bbac68_4507,12232.117363303705
00bbac68_4508,12232.121720880328
00bbac68_4509,12232.12944734954
00bbac68_4510,12232.141848697782
00bbac68_4511,12232.14890719735
00bbac68_4512,12232.140705676635
00bbac68_4513,12232.12326539197
00bbac68_4514,12232.116448774503
00bbac68_4515,12232.087557839532
00bbac68_4516,12232.045538387025
00bbac68_4517,12232.013510704135
00bbac68_4518,12231.989786093889
00bbac68_4519,12231.953890934008
00bbac68_4520,12231.918731846568
00bbac68_4521,12231.880404542393
00bbac68_4522,12231.852027019133
00bbac68_4523,12231.811729929623
00bbac68_4524,12231.779867153899
00bbac68_4525,12231.752149185355
00bbac68_4526,12231.739402607265
00bbac68_4527,12231.726382567464
00bbac68_4528,12231.70682410863
00bbac68_4529,12231.690329232963
00bbac68_4530,12231.674732168505
00bbac68_4531,12231.632227326105
00bbac68_4532,12231.600146382469
00bbac68_4533,12231.568491173472
00bbac68_4534,12231.548943213458
00bbac68_4535,12231.531580221532
00bbac68_4536,12231.49177885349
00bbac68_4537,12231.44796535072
00bbac68_4538,12231.417918613277
00bbac68_4539,12231.3914703158
00bbac68_4540,12231.355940744928
00bbac68_4541,12231.30978429362
00bbac68_4542,12231.285948664956
00bbac68_4543,12231.269951407741
00bbac68_4544,12231.2244021657
00bbac68_4545,12231.189141493942
00bbac68_4546,12231.176797124512
00bbac68_4547,12231.183591394434
00bbac68_4548,12231.193428639908
00bbac68_4549,12231.174193017432
00bbac68_4550,12231.1421951507
00bbac68_4551,12231.127532348215
00bbac68_4552,12231.093138053337
00bbac68_4553,12231.061879514757
00bbac68_4554,12231.032721972937
00bbac68_4555,12230.995451759583
00bbac68_4556,12230.953259484468
00bbac68_4557,12230.921420483752
00bbac68_4558,12230.917691351577
00bbac68_4559,12230.926648451059
00bbac68_4560,12230.913925235076
00bbac68_4561,12230.901689419154
00bbac68_4562,12230.889629017467
00bbac68_4563,12230.873029849929
00bbac68_4564,12230.844961093437
00bbac68_4565,12230.818293528198
00bbac68_4566,12230.795591870696
00bbac68_4567,12230.78139258696
00bbac68_4568,12230.747340152855
00bbac68_4569,12230.699868995622
00bbac68_4570,12230.660496613451
00bbac68_4571,12230.619528278583
00bbac68_4572,12230.579757588219
00bbac68_4573,12230.540208098151
00bbac68_4574,12230.500270888664
00bbac68_4575,12230.472178514241
00bbac68_4576,12230.4392572117
00bbac68_4577,12230.390168727
00bbac68_4578,12230.344000586963
00bbac68_4579,12230.273933017168
00bbac68_4580,12230.197911797928
00bbac68_4581,12230.153847703932
00bbac68_4582,12230.145491045494
00bbac68_4583,12230.110189255505
00bbac68_4584,12230.068673718948
00bbac68_4585,12230.04578440232
00bbac68_4586,12230.050859905283
00bbac68_4587,12230.073394241901
00bbac68_4588,12230.071005925492
00bbac68_4589,12230.030332281545
00bbac68_4590,12229.932375352033
00bbac68_4591,12229.832661747287
00bbac68_4592,12229.73275015184
00bbac68_4593,12229.649836482033
00bbac68_4594,12229.65538148196
00bbac68_4595,12229.941893136629
00bbac68_4596,12230.110606438073
00bbac68_4597,12229.955999416965
00bbac68_4598,12229.800932595388
00bbac68_4599,12229.653429884987
00bbac68_4600,12229.57275268625
00bbac68_4601,12229.51084306478
00bbac68_4602,12229.472922607687
00bbac68_4603,12229.47078636679
00bbac68_4604,12229.429877307424
00bbac68_4605,12229.38814710684
00bbac68_4606,12229.335359721059
00bbac68_4607,12229.25341311166
00bbac68_4608,12229.15040834032
00bbac68_4609,12229.038468923638
00bbac68_4610,12228.947364855241
00bbac68_4611,12228.874289735671
00bbac68_4612,12228.817404335387
00bbac68_4613,12228.77569876022
00bbac68_4614,12228.746333616185
00bbac68_4615,12228.710835586922
00bbac68_4616,12228.681453064746
00bbac68_4617,12228.636467344506
00bbac68_4618,12228.57615212098
00bbac68_4619,12228.518052570253
00bbac68_4620,12228.458976027492
00bbac68_4621,12228.407824643866
00bbac68_4622,12228.37176978966
00bbac68_4623,12228.336473466965
00bbac68_4624,12228.300067862876
00bbac68_4625,12228.282932661376
00bbac68_4626,12228.260871052207
00bbac68_4627,12228.245353740183
00bbac68_4628,12228.23601545474
00bbac68_4629,12228.230295925501
00bbac68_4630,12228.225329183648
00bbac68_4631,12228.255021263682
00bbac68_4632,12228.280818367954
00bbac68_4633,12228.244640909785
00bbac68_4634,12228.192992728764
00bbac68_4635,12228.16148420157
00bbac68_4636,12228.123415607197
00bbac68_4637,12228.103706689351
00bbac68_4638,12228.103959863703
00bbac68_4639,12228.122519888866
00bbac68_4640,12228.120306037717
00bbac68_4641,12228.114936406382
00bbac68_4642,12228.141252455418
00bbac68_4643,12228.135471368627
00bbac68_4644,12228.060210267775
00bbac68_4645,12228.017962792253
00bbac68_4646,12227.965448820618
00bbac68_4647,12227.880166031295
00bbac68_4648,12227.819140624853
00bbac68_4649,12227.782807568079
00bbac68_4650,12227.745982649194
00bbac68_4651,12227.717695416406
00bbac68_4652,12227.669306606742
00bbac68_4653,12227.572384439994
00bbac68_4654,12227.393965281392
00bbac68_4655,12227.32463764854
00bbac68_4656,12227.302977461719
00bbac68_4657,12227.288511604002
00bbac68_4658,12227.303169658684
00bbac68_4659,12227.305039853969
00bbac68_4660,12227.304734725745
00bbac68_4661,12227.31050512742
00bbac68_4662,12227.297122377235
00bbac68_4663,12227.279414275265
00bbac68_4664,12227.276372897872
00bbac68_4665,12227.264763934942
00bbac68_4666,12227.24292620091
00bbac68_4667,12227.231745076138
00bbac68_4668,12227.232386134958
00bbac68_4669,12227.222644258069
00bbac68_4670,12227.168789640025
00bbac68_4671,12227.064419711958
00bbac68_4672,12227.004542386258
00bbac68_4673,12226.991547334641
00bbac68_4674,12226.973737510822
00bbac68_4675,12226.959699839133
00bbac68_4676,12226.933193546607
00bbac68_4677,12226.919625558536
00bbac68_4678,12226.88962742182
00bbac68_4679,12226.87403904118
00bbac68_4680,12226.852125456806
00bbac68_4681,12226.844229665767
00bbac68_4682,12226.822595363748
00bbac68_4683,12226.805675171743
00bbac68_4684,12226.78861642385
00bbac68_4685,12226.791648128386
00bbac68_4686,12226.771376545841
00bbac68_4687,12226.764117452782
00bbac68_4688,12226.75234220497
00bbac68_4689,12226.769853366184
00bbac68_4690,12226.76725952747
00bbac68_4691,12226.767261425555
00bbac68_4692,12226.75419338529
00bbac68_4693,12226.747786066484
00bbac68_4694,12226.728003639264
00bbac68_4695,12226.713772961588
00bbac68_4696,12226.693050574791
00bbac68_4697,12226.686665229498
00bbac68_4698,12226.671789536853
00bbac68_4699,12226.67809332767
00bbac68_4700,12226.686749848546
00bbac68_4701,12226.667275088841
00bbac68_4702,12226.659599925079
00bbac68_4703,12226.652496971996
00bbac68_4704,12226.662256726753
00bbac68_4705,12226.670273302736
00bbac68_4706,12226.673811045444
00bbac68_4707,12226.6797153997
00bbac68_4708,12226.694325181554
00bbac68_4709,12226.696267224514
00bbac68_4710,12226.691727396663
00bbac68_4711,12226.682213118474
00bbac68_4712,12226.705157141583
00bbac68_4713,12226.721985332604
00bbac68_4714,12226.731282458879
00bbac68_4715,12226.719449278567
00bbac68_4716,12226.71162506329
00bbac68_4717,12226.682654490725
00bbac68_4718,12226.645344910597
00bbac68_4719,12226.616661078207
00bbac68_4720,12226.608423274618
00bbac68_4721,12226.592165762726
00bbac68_4722,12226.570788417192
00bbac68_4723,12226.553406675463
00bbac68_4724,12226.554011125792
00bbac68_4725,12226.530008195685
00bbac68_4726,12226.494398922458
00bbac68_4727,12226.478968244915
00bbac68_4728,12226.512976496733
00bbac68_4729,12226.525224114866
00bbac68_4730,12226.537290512795
00bbac68_4731,12226.54048032212
00bbac68_4732,12226.569057256322
00bbac68_4733,12226.591570083894
00bbac68_4734,12226.481126801547
00bbac68_4735,12226.523949973262
00bbac68_4736,12226.518256014739
00bbac68_4737,12226.492991518193
00bbac68_4738,12226.466877762825
00bbac68_4739,12226.427825587905
00bbac68_4740,12226.415972080693
00bbac68_4741,12226.379310642875
00bbac68_4742,12226.339260854329
00bbac68_4743,12226.312621928111
00bbac68_4744,12226.328382298256
00bbac68_4745,12226.313946805874
00bbac68_4746,12226.302531934347
00bbac68_4747,12226.290835946555
00bbac68_4748,12226.305798870202
00bbac68_4749,12226.296437105397
00bbac68_4750,12226.278312133232
00bbac68_4751,12226.251341346977
00bbac68_4752,12226.242538757782
00bbac68_4753,12226.215671888414
00bbac68_4754,12226.191891038281
00bbac68_4755,12226.170733681993
00bbac68_4756,12226.183780896174
00bbac68_4757,12226.182022339332
00bbac68_4758,12226.168522489585
00bbac68_4759,12226.156951077164
00bbac68_4760,12226.176356157051
00bbac68_4761,12226.167204306723
00bbac68_4762,12226.155048784123
00bbac68_4763,12226.134085758415
00bbac68_4764,12226.139765858134
00bbac68_4765,12226.116440210802
00bbac68_4766,12226.08526645941
00bbac68_4767,12226.058559276691
00bbac68_4768,12226.0610512221
00bbac68_4769,12226.035077091576
00bbac68_4770,12226.018513796924
00bbac68_4771,12225.999409106364
00bbac68_4772,12226.004274747032
00bbac68_4773,12225.983015484315
00bbac68_4774,12225.965527012158
00bbac68_4775,12225.9498195194
00bbac68_4776,12225.959230190743
00bbac68_4777,12225.948508841955
00bbac68_4778,12225.945977766194
00bbac68_4779,12225.95497823883
00bbac68_4780,12225.938611885624
00bbac68_4781,12225.9276541664
00bbac68_4782,12225.912105437264
00bbac68_4783,12225.92133556937
00bbac68_4784,12225.910523455532
00bbac68_4785,12225.898935537536
00bbac68_4786,12225.889305346793
00bbac68_4787,12225.913541150254
00bbac68_4788,12225.914283292443
00bbac68_4789,12225.941022259669
00bbac68_4790,12225.97235491825
00bbac68_4791,12226.001722590887
00bbac68_4792,12226.002771085457
00bbac68_4793,12226.003096057804
00bbac68_4794,12226.005366616184
00bbac68_4795,12226.021209476701
00bbac68_4796,12226.008655862443
00bbac68_4797,12225.99607707932
00bbac68_4798,12225.976900647995
00bbac68_4799,12225.978555074711
00bbac68_4800,12225.969281384409
00bbac68_4801,12226.015365752202
00bbac68_4802,12226.060849433718
00bbac68_4803,12226.107446069323
00bbac68_4804,12226.111895192415
00bbac68_4805,12226.119576176803
00bbac68_4806,12226.106686086181
00bbac68_4807,12226.072112441307
00bbac68_4808,12226.023186507466
00bbac68_4809,12225.999849206692
00bbac68_4810,12225.985573979984
00bbac68_4811,12225.999230777239
00bbac68_4812,12225.987587394364
00bbac68_4813,12226.002042661192
00bbac68_4814,12226.016987709227
00bbac68_4815,12226.03509419903
00bbac68_4816,12226.003441909499
00bbac68_4817,12225.938798355408
00bbac68_4818,12225.88400439967
00bbac68_4819,12225.895548263165
00bbac68_4820,12225.88588459135
00bbac68_4821,12225.878012868554
00bbac68_4822,12225.86708433161
00bbac68_4823,12225.874970484676
00bbac68_4824,12225.861299453993
00bbac68_4825,12225.838522620303
00bbac68_4826,12225.815212789696
00bbac68_4827,12225.81520158648
00bbac68_4828,12225.798120759711
00bbac68_4829,12225.780157787383
00bbac68_4830,12225.748740641224
00bbac68_4831,12225.741899104287
00bbac68_4832,12225.716646338084
00bbac68_4833,12225.68559710199
00bbac68_4834,12225.661394440809
00bbac68_4835,12225.655564820687
00bbac68_4836,12225.634911629322
00bbac68_4837,12225.610271664951
00bbac68_4838,12225.595143542714
00bbac68_4839,12225.599337293366
00bbac68_4840,12225.584929856941
00bbac68_4841,12225.565292683003
00bbac68_4842,12225.552460935189
00bbac68_4843,12225.552516318823
00bbac68_4844,12225.543469661896
00bbac68_4845,12225.532590764222
00bbac68_4846,12225.517951492757
00bbac68_4847,12225.521887473902
00bbac68_4848,12225.516127014916
00bbac68_4849,12225.514881234454
00bbac68_4850,12225.513037666939
00bbac68_4851,12225.516160501482
00bbac68_4852,12225.515591594538
00bbac68_4853,12225.516736889975
00bbac68_4854,12225.515973241918
00bbac68_4855,12225.521110229813
00bbac68_4856,12225.508854205938
00bbac68_4857,12225.499824697261
00bbac68_4858,12225.493004356218
00bbac68_4859,12225.495775900652
00bbac68_4860,12225.507151764781
00bbac68_4861,12225.518535648636
00bbac68_4862,12225.542574575511
00bbac68_4863,12225.556293976031
00bbac68_4864,12225.549644049852
00bbac68_4865,12225.553843875143
00bbac68_4866,12225.569227589938
00bbac68_4867,12225.590378571062
00bbac68_4868,12225.606632623425
00bbac68_4869,12225.615260836283
00bbac68_4870,12225.608924765434
00bbac68_4871,12225.597170724817
00bbac68_4872,12225.585635840189
00bbac68_4873,12225.556203140924
00bbac68_4874,12225.520605529384
00bbac68_4875,12225.465069323778
00bbac68_4876,12225.431856328003
00bbac68_4877,12225.403943347286
00bbac68_4878,12225.388951959792
00bbac68_4879,12225.364211041731
00bbac68_4880,12225.334794800368
00bbac68_4881,12225.318519386445
00bbac68_4882,12225.29979245614
00bbac68_4883,12225.272802810467
00bbac68_4884,12225.252076396018
00bbac68_4885,12225.228433881404
00bbac68_4886,12225.205224248935
00bbac68_4887,12225.180010706892
00bbac68_4888,12225.161329209364
00bbac68_4889,12225.157554206295
00bbac68_4890,12225.155542248933
00bbac68_4891,12225.15908048515
00bbac68_4892,12225.137772236745
00bbac68_4893,12225.105048446709
00bbac68_4894,12225.090613568607
00bbac68_4895,12225.080367039594
00bbac68_4896,12225.06330460865
00bbac68_4897,12225.055179336718
00bbac68_4898,12225.046362634814
00bbac68_4899,12225.027823253957
00bbac68_4900,12225.018417045649
00bbac68_4901,12225.029913305687
00bbac68_4902,12225.034623266523
00bbac68_4903,12225.028268969934
00bbac68_4904,12225.0148618931
00bbac68_4905,12224.9978487901
00bbac68_4906,12224.978483633358
00bbac68_4907,12224.969495074583
00bbac68_4908,12224.96529016766
00bbac68_4909,12224.950822395096
00bbac68_4910,12224.94288196608
00bbac68_4911,12224.95227519712
00bbac68_4912,12224.960259784755
00bbac68_4913,12224.965471619082
00bbac68_4914,12224.972264799128
00bbac68_4915,12224.953537533043
00bbac68_4916,12224.891656144253
00bbac68_4917,12224.844313984984
00bbac68_4918,12224.853207315784
00bbac68_4919,12224.862593229831
00bbac68_4920,12224.86711389186
00bbac68_4921,12224.871741408822
00bbac68_4922,12224.874028990349
00bbac68_4923,12224.868799377191
00bbac68_4924,12224.864031684008
00bbac68_4925,12224.873192270365
00bbac68_4926,12224.938132406814
00bbac68_4927,12224.988923438006
00bbac68_4928,12225.00457930178
00bbac68_4929,12225.015041554245
00bbac68_4930,12225.042215914578
00bbac68_4931,12225.06264402855
00bbac68_4932,12225.064577429439
00bbac68_4933,12225.072837327776
00bbac68_4934,12225.082602751321
00bbac68_4935,12225.096426251801
00bbac68_4936,12225.106845925506
00bbac68_4937,12225.111053159986
00bbac68_4938,12225.113210223735
00bbac68_4939,12225.11451799256
00bbac68_4940,12225.097208365574
00bbac68_4941,12225.089907839585
00bbac68_4942,12225.101302041698
00bbac68_4943,12225.110972331759
00bbac68_4944,12225.107523282273
00bbac68_4945,12225.11098670377
00bbac68_4946,12225.121638372877
00bbac68_4947,12225.151232241611
00bbac68_4948,12225.172039380483
00bbac68_4949,12225.173955584925
00bbac68_4950,12225.178070150858
00bbac68_4951,12225.19141210728
00bbac68_4952,12225.206154357633
00bbac68_4953,12225.208559455961
00bbac68_4954,12225.219309914199
00bbac68_4955,12225.225984298837
00bbac68_4956,12225.243005115415
00bbac68_4957,12225.262333360137
00bbac68_4958,12225.29783273425
00bbac68_4959,12225.31538253127
00bbac68_4960,12225.330784239397
00bbac68_4961,12225.3356645172
00bbac68_4962,12225.352699677533
00bbac68_4963,12225.371356370579
00bbac68_4964,12225.387325674295
00bbac68_4965,12225.40803605171
00bbac68_4966,12225.437944617883
00bbac68_4967,12225.472975538178
00bbac68_4968,12225.500586884365
00bbac68_4969,12225.54033169249
00bbac68_4970,12225.583266891757
00bbac68_4971,12225.640096722163
00bbac68_4972,12225.703572598897
00bbac68_4973,12225.755855239728
00bbac68_4974,12225.810177946263
00bbac68_4975,12225.85084178005
00bbac68_4976,12225.891601425283
00bbac68_4977,12225.920347782841
00bbac68_4978,12225.920438098752
00bbac68_4979,12225.9371830319
00bbac68_4980,12225.968750685062
00bbac68_4981,12225.998984683318
00bbac68_4982,12226.047600142552
00bbac68_4983,12226.110757170889
00bbac68_4984,12226.187482935304
00bbac68_4985,12226.257729957284
00bbac68_4986,12226.338280963062
00bbac68_4987,12226.420624974266
00bbac68_4988,12226.506646727104
00bbac68_4989,12226.57136763813
00bbac68_4990,12226.62750429828
00bbac68_4991,12226.666029375298
00bbac68_4992,12226.688504541537
00bbac68_4993,12226.686501084798
00bbac68_4994,12226.68088166511
00bbac68_4995,12226.689039996672
00bbac68_4996,12226.695482086205
00bbac68_4997,12226.69838646116
00bbac68_4998,12226.697254880723
00bbac68_4999,12226.70064615269
00bbac68_5000,12226.696601481884
00bbac68_5001,12226.69211244063
00bbac68_5002,12226.692724305853
00bbac68_5003,12226.706224011241
00bbac68_5004,12226.719359366536
00bbac68_5005,12226.714237414466
00bbac68_5006,12226.694234173898
00bbac68_5007,12226.664876224319
00bbac68_5008,12226.582754110714
00bbac68_5009,12226.667279656673
00bbac68_5010,12226.950910800788
00bbac68_5011,12226.80614888016
00bbac68_5012,12226.719675425553
00bbac68_5013,12226.664371060295
00bbac68_5014,12226.628032117942
00bbac68_5015,12226.599851239444
00bbac68_5016,12226.587338398287
00bbac68_5017,12226.607892860664
00bbac68_5018,12226.633273201227
00bbac68_5019,12226.64655130653
00bbac68_5020,12226.655520657847
00bbac68_5021,12226.662484021714
00bbac68_5022,12226.663951428109
00bbac68_5023,12226.67170534993
00bbac68_5024,12226.682033492172
00bbac68_5025,12226.6917474363
00bbac68_5026,12226.703019875686
00bbac68_5027,12226.70916964302
00bbac68_5028,12226.72250087131
00bbac68_5029,12226.732740467398
00bbac68_5030,12226.744173240544
00bbac68_5031,12226.757183913278
00bbac68_5032,12226.768925229666
00bbac68_5033,12226.781963762738
00bbac68_5034,12226.793604294082
00bbac68_5035,12226.79865417405
00bbac68_5036,12226.798194438199
00bbac68_5037,12226.793214130563
00bbac68_5038,12226.79614534033
00bbac68_5039,12226.800024614951
00bbac68_5040,12226.808891528286
00bbac68_5041,12226.811005204841
00bbac68_5042,12226.822829648458
00bbac68_5043,12226.844612231489
00bbac68_5044,12226.875547015632
00bbac68_5045,12226.906543813102
00bbac68_5046,12226.928221853284
00bbac68_5047,12226.948656725557
00bbac68_5048,12226.96355718141
00bbac68_5049,12226.970949796867
00bbac68_5050,12226.963868201363
00bbac68_5051,12226.933277491746
00bbac68_5052,12226.8996493872
00bbac68_5053,12226.868400406496
00bbac68_5054,12226.846881243842
00bbac68_5055,12226.834099791595
00bbac68_5056,12226.827115363736
00bbac68_5057,12226.821143069195
00bbac68_5058,12226.821009401281
00bbac68_5059,12226.821185641738
00bbac68_5060,12226.824704518885
00bbac68_5061,12226.822725559341
00bbac68_5062,12226.820101570733
00bbac68_5063,12226.81268909462
00bbac68_5064,12226.81135017606
00bbac68_5065,12226.79783310898
00bbac68_5066,12226.790410602749
00bbac68_5067,12226.802924623911
00bbac68_5068,12226.82318524162
00bbac68_5069,12226.826030370406
00bbac68_5070,12226.813315699572
00bbac68_5071,12226.800563678038
00bbac68_5072,12226.804577468862
00bbac68_5073,12226.816761059601
00bbac68_5074,12226.807370067138
00bbac68_5075,12226.788935823784
00bbac68_5076,12226.778871399178
00bbac68_5077,12226.773715313757
00bbac68_5078,12226.76219821957
00bbac68_5079,12226.748606336343
00bbac68_5080,12226.729133650426
00bbac68_5081,12226.699390355647
00bbac68_5082,12226.687025278006
00bbac68_5083,12226.6837128524
00bbac68_5084,12226.691612550489
00bbac68_5085,12226.67911923639
00bbac68_5086,12226.66293635306
00bbac68_5087,12226.657422916625
00bbac68_5088,12226.657124634117
00bbac68_5089,12226.652690612425
00bbac68_5090,12226.643841790265
00bbac68_5091,12226.62883479671
00bbac68_5092,12226.622790433925
00bbac68_5093,12226.613625839878
00bbac68_5094,12226.621956630759
00bbac68_5095,12226.626041086267
00bbac68_5096,12226.639165087661
00bbac68_5097,12226.646034628498
00bbac68_5098,12226.648241450808
00bbac68_5099,12226.659891837564
00bbac68_5100,12226.67872495129
00bbac68_5101,12226.668991704466
00bbac68_5102,12226.64870696419
00bbac68_5103,12226.616316535612
00bbac68_5104,12226.584441384066
00bbac68_5105,12226.533381706386
00bbac68_5106,12226.438793789357
00bbac68_5107,12226.26742009718
00bbac68_5108,12226.21398843473
00bbac68_5109,12226.249184179238
00bbac68_5110,12226.327682692714
00bbac68_5111,12226.424733322168
00bbac68_5112,12226.493138116362
00bbac68_5113,12226.564141897687
00bbac68_5114,12226.625544169252
00bbac68_5115,12226.680256038795
00bbac68_5116,12226.718901560203
00bbac68_5117,12226.744440961833
00bbac68_5118,12226.766372961301
00bbac68_5119,12226.779527974013
00bbac68_5120,12226.805350935698
00bbac68_5121,12226.841847972039
00bbac68_5122,12226.863111185407
00bbac68_5123,12226.879932473126
00bbac68_5124,12226.886060123717
00bbac68_5125,12226.887511704264
00bbac68_5126,12226.889772939037
00bbac68_5127,12226.909182840851
00bbac68_5128,12226.933218949303
00bbac68_5129,12226.951489001194
00bbac68_5130,12226.957028692952
00bbac68_5131,12226.954980572507
00bbac68_5132,12226.951809113518
00bbac68_5133,12226.944996551074
00bbac68_5134,12226.940938160698
00bbac68_5135,12226.94419010493
00bbac68_5136,12226.94790397259
00bbac68_5137,12226.947024548976
00bbac68_5138,12226.944572329807
00bbac68_5139,12226.950370520732
00bbac68_5140,12226.953856344262
00bbac68_5141,12226.964641007493
00bbac68_5142,12226.969719166329
00bbac68_5143,12226.968711742495
00bbac68_5144,12226.969788422959
00bbac68_5145,12226.9729965021
00bbac68_5146,12226.965321610025
00bbac68_5147,12226.960635186806
00bbac68_5148,12226.959804399017
00bbac68_5149,12226.96455288129
00bbac68_5150,12226.957203572374
00bbac68_5151,12226.96349562117
00bbac68_5152,12226.975407024509
00bbac68_5153,12227.019705527602
00bbac68_5154,12227.054451188898
00bbac68_5155,12227.065811355546
00bbac68_5156,12227.041080557616
00bbac68_5157,12227.00233857884
00bbac68_5158,12226.94440512285
00bbac68_5159,12226.831558407006
00bbac68_5160,12226.722225411928
00bbac68_5161,12226.471485637074
00bbac68_5162,12226.40137538629
00bbac68_5163,12226.434966132681
00bbac68_5164,12226.468864847964
00bbac68_5165,12226.4854781619
00bbac68_5166,12226.51039783572
00bbac68_5167,12226.560491866327
00bbac68_5168,12226.633557489944
00bbac68_5169,12226.721843607616
00bbac68_5170,12226.786259979088
00bbac68_5171,12226.808912921244
00bbac68_5172,12226.815962003118
00bbac68_5173,12226.82179854877
00bbac68_5174,12226.833543821604
00bbac68_5175,12226.827807324025
00bbac68_5176,12226.83852888373
00bbac68_5177,12226.843833137456
00bbac68_5178,12226.862310695053
00bbac68_5179,12226.876297847457
00bbac68_5180,12226.89447681894
00bbac68_5181,12226.900224937981
00bbac68_5182,12226.891889504011
00bbac68_5183,12226.854225291252
00bbac68_5184,12226.804705637329
00bbac68_5185,12226.736564427116
00bbac68_5186,12226.616047585965
00bbac68_5187,12226.237191699118
00bbac68_5188,12225.910476698844
00bbac68_5189,12225.872671351914
00bbac68_5190,12225.938636878043
00bbac68_5191,12226.005501442929
00bbac68_5192,12226.0617309679
00bbac68_5193,12226.112874775974
00bbac68_5194,12226.157785533846
00bbac68_5195,12226.256156837084
00bbac68_5196,12226.358357701296
00bbac68_5197,12226.427230828413
00bbac68_5198,12226.474939257496
00bbac68_5199,12226.54104619945
00bbac68_5200,12226.623440256457
00bbac68_5201,12226.691336895397
00bbac68_5202,12226.73660827465
00bbac68_5203,12226.752031642272
00bbac68_5204,12226.730823113197
00bbac68_5205,12226.695197814824
00bbac68_5206,12226.659585334974
00bbac68_5207,12226.557190079635
00bbac68_5208,12226.342408956836
00bbac68_5209,12226.181105822303
00bbac68_5210,12226.135323278317
00bbac68_5211,12226.14480388853
00bbac68_5212,12226.162533933035
00bbac68_5213,12226.100110387857
00bbac68_5214,12226.031799559425
00bbac68_5215,12226.097047495221
00bbac68_5216,12226.220073421058
00bbac68_5217,12226.293641775022
00bbac68_5218,12226.347262044128
00bbac68_5219,12226.401211240607
00bbac68_5220,12226.47891904299
00bbac68_5221,12226.550639858133
00bbac68_5222,12226.611187888204
00bbac68_5223,12226.649755273069
00bbac68_5224,12226.69862461212
00bbac68_5225,12226.728464629972
00bbac68_5226,12226.753587346491
00bbac68_5227,12226.769512174133
00bbac68_5228,12226.789888356423
00bbac68_5229,12226.799684694346
00bbac68_5230,12226.807623990473
00bbac68_5231,12226.806353020784
00bbac68_5232,12226.822342061321
00bbac68_5233,12226.827720712743
00bbac68_5234,12226.837001827977
00bbac68_5235,12226.838320791252
00bbac68_5236,12226.85846803537
00bbac68_5237,12226.868551617556
00bbac68_5238,12226.881608523356
00bbac68_5239,12226.885222491044
00bbac68_5240,12226.911151088127
00bbac68_5241,12226.916380196963
00bbac68_5242,12226.91582800582
00bbac68_5243,12226.918315647845
00bbac68_5244,12226.938037061389
00bbac68_5245,12226.944831974624
00bbac68_5246,12226.952473970701
00bbac68_5247,12226.959448605317
00bbac68_5248,12226.981989588627
00bbac68_5249,12226.98882582638
00bbac68_5250,12226.991188803324
00bbac68_5251,12226.992924398626
00bbac68_5252,12227.009835238194
00bbac68_5253,12227.015017817166
00bbac68_5254,12227.010057663761
00bbac68_5255,12227.010243428
00bbac68_5256,12227.019878863954
00bbac68_5257,12227.014953372345
00bbac68_5258,12226.999671366422
00bbac68_5259,12226.992206909512
00bbac68_5260,12226.98815489638
00bbac68_5261,12226.976324146639
00bbac68_5262,12226.962868478915
00bbac68_5263,12226.961550472031
00bbac68_5264,12226.96352834443
00bbac68_5265,12226.942069304094
00bbac68_5266,12226.922589145233
00bbac68_5267,12226.895191715501
00bbac68_5268,12226.872349918454
00bbac68_5269,12226.817185891952
00bbac68_5270,12226.727061164891
00bbac68_5271,12226.625244737845
00bbac68_5272,12226.5973700533
00bbac68_5273,12226.59279984895
00bbac68_5274,12226.590843897244
00bbac68_5275,12226.586469824573
00bbac68_5276,12226.594225027275
00bbac68_5277,12226.589955891593
00bbac68_5278,12226.597336067663
00bbac68_5279,12226.607744316481
00bbac68_5280,12226.619294377899
00bbac68_5281,12226.584938636468
00bbac68_5282,12226.53424659644
00bbac68_5283,12226.479380301385
00bbac68_5284,12226.438527637458
00bbac68_5285,12226.387331317923
00bbac68_5286,12226.36139713635
00bbac68_5287,12226.343941995987
00bbac68_5288,12226.356504542653
00bbac68_5289,12226.368445935082
00bbac68_5290,12226.386812850955
00bbac68_5291,12226.402626266363
00bbac68_5292,12226.42060989046
00bbac68_5293,12226.416762312352
00bbac68_5294,12226.40552825686
00bbac68_5295,12226.422871974166
00bbac68_5296,12226.427501912913
00bbac68_5297,12226.413990702582
00bbac68_5298,12226.400691866256
00bbac68_5299,12226.435377326732
00bbac68_5300,12226.470536827157
00bbac68_5301,12226.470266988696
00bbac68_5302,12226.474997086465
00bbac68_5303,12226.482292379049
00bbac68_5304,12226.488986891387
00bbac68_5305,12226.500912962165
00bbac68_5306,12226.502314505908
00bbac68_5307,12226.51098400632
00bbac68_5308,12226.502977787864
00bbac68_5309,12226.494868681539
00bbac68_5310,12226.485424939223
00bbac68_5311,12226.487864296976
00bbac68_5312,12226.48011493956
00bbac68_5313,12226.485559827128
00bbac68_5314,12226.476509600381
00bbac68_5315,12226.47589471059
00bbac68_5316,12226.468685902733
00bbac68_5317,12226.45513663564
00bbac68_5318,12226.432776412981
00bbac68_5319,12226.420521651897
00bbac68_5320,12226.398104415288
00bbac68_5321,12226.383892043215
00bbac68_5322,12226.382981004639
00bbac68_5323,12226.399219073175
00bbac68_5324,12226.397359698334
00bbac68_5325,12226.378163611787
00bbac68_5326,12226.366484803544
00bbac68_5327,12226.38401922252
00bbac68_5328,12226.418071443251
00bbac68_5329,12226.447582395702
00bbac68_5330,12226.448982164198
00bbac68_5331,12226.470639788162
00bbac68_5332,12226.482493087306
00bbac68_5333,12226.490406845483
00bbac68_5334,12226.493711643685
00bbac68_5335,12226.508762955102
00bbac68_5336,12226.498296075213
00bbac68_5337,12226.48969667123
00bbac68_5338,12226.489832982263
00bbac68_5339,12226.501162014854
00bbac68_5340,12226.492853983076
00bbac68_5341,12226.484953153584
00bbac68_5342,12226.48492048111
00bbac68_5343,12226.492637206204
00bbac68_5344,12226.482264846763
00bbac68_5345,12226.480945777093
00bbac68_5346,12226.46947305031
00bbac68_5347,12226.474933688023
00bbac68_5348,12226.483208043146
00bbac68_5349,12226.489971575562
00bbac68_5350,12226.503787155161
00bbac68_5351,12226.533787499258
00bbac68_5352,12226.545407472875
00bbac68_5353,12226.55695821128
00bbac68_5354,12226.588010734848
00bbac68_5355,12226.63940610494
00bbac68_5356,12226.668447885633
00bbac68_5357,12226.693324272512
00bbac68_5358,12226.70779029779
00bbac68_5359,12226.73522704077
00bbac68_5360,12226.732598822644
00bbac68_5361,12226.723904517627
00bbac68_5362,12226.709171258392
00bbac68_5363,12226.709576618245
00bbac68_5364,12226.705389277404
00bbac68_5365,12226.69292864618
00bbac68_5366,12226.677645771893
00bbac68_5367,12226.689119627692
00bbac68_5368,12226.685779752153
00bbac68_5369,12226.690860820752
00bbac68_5370,12226.692926801688
00bbac68_5371,12226.708144163622
00bbac68_5372,12226.717139033117
00bbac68_5373,12226.721642697834
00bbac68_5374,12226.724234615258
00bbac68_5375,12226.748901547839
00bbac68_5376,12226.773289383165
00bbac68_5377,12226.788014942711
00bbac68_5378,12226.803402739062
00bbac68_5379,12226.823258901499
00bbac68_5380,12226.832194035713
00bbac68_5381,12226.846299587109
00bbac68_5382,12226.837199685295
00bbac68_5383,12226.844650955016
00bbac68_5384,12226.841430940567
00bbac68_5385,12226.835159470342
00bbac68_5386,12226.82886348186
00bbac68_5387,12226.836273046003
00bbac68_5388,12226.80924262291
00bbac68_5389,12226.77626818544
00bbac68_5390,12226.741364992618
00bbac68_5391,12226.731489757674
00bbac68_5392,12226.707981446869
00bbac68_5393,12226.68653797479
00bbac68_5394,12226.666971668832
00bbac68_5395,12226.660512632914
00bbac68_5396,12226.644814787394
00bbac68_5397,12226.63257909425
00bbac68_5398,12226.612376596728
00bbac68_5399,12226.613751336161
00bbac68_5400,12226.59829679179
00bbac68_5401,12226.582273374412
00bbac68_5402,12226.561228116056
00bbac68_5403,12226.563832741245
00bbac68_5404,12226.550477946466
00bbac68_5405,12226.541064371118
00bbac68_5406,12226.527007262768
00bbac68_5407,12226.527457988548
00bbac68_5408,12226.50898296558
00bbac68_5409,12226.492486220654
00bbac68_5410,12226.467431283016
00bbac68_5411,12226.461198935709
00bbac68_5412,12226.445402220732
00bbac68_5413,12226.407309715732
00bbac68_5414,12226.365845441414
00bbac68_5415,12226.333503934064
00bbac68_5416,12226.304159487312
00bbac68_5417,12226.27097879995
00bbac68_5418,12226.231773710277
00bbac68_5419,12226.209856387655
00bbac68_5420,12226.174664109
00bbac68_5421,12226.151560914033
00bbac68_5422,12226.130580713476
00bbac68_5423,12226.1090706631
00bbac68_5424,12226.07648628359
00bbac68_5425,12226.039062268486
00bbac68_5426,12225.991967645894
00bbac68_5427,12225.96206292772
00bbac68_5428,12225.902490141827
00bbac68_5429,12225.86190989743
00bbac68_5430,12225.803153425024
00bbac68_5431,12225.752243776333
00bbac68_5432,12225.719303658163
00bbac68_5433,12225.675697302677
00bbac68_5434,12225.619734522037
00bbac68_5435,12225.578914481259
00bbac68_5436,12225.524979978543
00bbac68_5437,12225.470968371887
00bbac68_5438,12225.43406664651
00bbac68_5439,12225.456021640415
00bbac68_5440,12225.475048078975
00bbac68_5441,12225.494964638405
00bbac68_5442,12225.535148079072
00bbac68_5443,12225.615846785742
00bbac68_5444,12225.66376953261
00bbac68_5445,12225.676022900272
00bbac68_5446,12225.645548163155
00bbac68_5447,12225.618436608953
00bbac68_5448,12225.609473377826
00bbac68_5449,12225.58768338457
00bbac68_5450,12225.542753552443
00bbac68_5451,12225.5027181384
00bbac68_5452,12225.459766360147
00bbac68_5453,12225.425184334583
00bbac68_5454,12225.410723943227
00bbac68_5455,12225.408131114831
00bbac68_5456,12225.382180148543
00bbac68_5457,12225.367360099637
00bbac68_5458,12225.370261353559
00bbac68_5459,12225.39283016649
00bbac68_5460,12225.418208527575
00bbac68_5461,12225.425387057385
00bbac68_5462,12225.42321622042
00bbac68_5463,12225.449205673978
00bbac68_5464,12225.454246611116
00bbac68_5465,12225.4578284437
00bbac68_5466,12225.445123279218
00bbac68_5467,12225.436606268942
00bbac68_5468,12225.428265337834
00bbac68_5469,12225.410956394611
00bbac68_5470,12225.372595028424
00bbac68_5471,12225.350136920477
00bbac68_5472,12225.327164448696
00bbac68_5473,12225.288451525948
00bbac68_5474,12225.171545917878
00bbac68_5475,12225.002102370407
00bbac68_5476,12224.859352062924
00bbac68_5477,12224.789826386183
00bbac68_5478,12224.81774460464
00bbac68_5479,12224.890623701642
00bbac68_5480,12224.878585547589
00bbac68_5481,12224.842157450821
00bbac68_5482,12224.796130392771
00bbac68_5483,12224.784569080706
00bbac68_5484,12224.755385822762
00bbac68_5485,12224.703482737628
00bbac68_5486,12224.627624113955
00bbac68_5487,12224.529591016917
00bbac68_5488,12224.403369132448
00bbac68_5489,12224.24735782112
00bbac68_5490,12224.083672255156
00bbac68_5491,12224.008091282536
00bbac68_5492,12223.917117467445
00bbac68_5493,12223.84457769586
00bbac68_5494,12223.795402131045
00bbac68_5495,12223.747699627686
00bbac68_5496,12223.658960334857
00bbac68_5497,12223.566216199584
00bbac68_5498,12223.521649954597
00bbac68_5499,12223.536562273432
00bbac68_5500,12223.551648649564
00bbac68_5501,12223.56146441576
00bbac68_5502,12223.581051526402
00bbac68_5503,12223.619256247357
00bbac68_5504,12223.636929202541
00bbac68_5505,12223.64499746752
00bbac68_5506,12223.645781499516
00bbac68_5507,12223.648973926673
00bbac68_5508,12223.625783546016
00bbac68_5509,12223.591790780712
00bbac68_5510,12223.57582591171
00bbac68_5511,12223.550830271462
00bbac68_5512,12223.525008853905
00bbac68_5513,12223.476219066804
00bbac68_5514,12223.444005510832
00bbac68_5515,12223.436539461514
00bbac68_5516,12223.398663446584
00bbac68_5517,12223.354369271465
00bbac68_5518,12223.298911712744
00bbac68_5519,12223.234133256969
00bbac68_5520,12223.17119913208
00bbac68_5521,12223.081238877334
00bbac68_5522,12222.982661904813
00bbac68_5523,12222.86739823537
00bbac68_5524,12222.723980262397
00bbac68_5525,12222.599363290461
00bbac68_5526,12222.574257741817
00bbac68_5527,12222.397085309076
00bbac68_5528,12222.256937635742
00bbac68_5529,12222.088654742565
00bbac68_5530,12221.923296146015
00bbac68_5531,12221.761396253049
00bbac68_5532,12221.673418837723
00bbac68_5533,12221.58562814014
00bbac68_5534,12221.498255711895
00bbac68_5535,12221.400159128361
00bbac68_5536,12221.303005141704
00bbac68_5537,12221.19880942794
00bbac68_5538,12221.114747808453
00bbac68_5539,12221.044003316962
00bbac68_5540,12221.00255177994
00bbac68_5541,12220.956605585176
00bbac68_5542,12220.919634741882
00bbac68_5543,12220.897752592382
00bbac68_5544,12220.908863689932
00bbac68_5545,12220.907283155035
00bbac68_5546,12220.901771104922
00bbac68_5547,12220.892755021774
00bbac68_5548,12220.892169125442
00bbac68_5549,12220.85008944887
00bbac68_5550,12220.792386291962
00bbac68_5551,12220.725992395093
00bbac68_5552,12220.67197185824
00bbac68_5553,12220.606911120409
00bbac68_5554,12220.554183552726
00bbac68_5555,12220.51165148628
00bbac68_5556,12220.490667138147
00bbac68_5557,12220.51907115003
00bbac68_5558,12220.541648472297
00bbac68_5559,12220.54942561055
00bbac68_5560,12220.57070120221
00bbac68_5561,12220.566176813529
00bbac68_5562,12220.524025633795
00bbac68_5563,12220.462300679821
00bbac68_5564,12220.391449023473
00bbac68_5565,12220.32264479374
00bbac68_5566,12220.228253135816
00bbac68_5567,12220.184866972935
00bbac68_5568,12220.173869820685
00bbac68_5569,12220.162292690255
00bbac68_5570,12220.13844048639
00bbac68_5571,12220.121499815528
00bbac68_5572,12220.10706653747
00bbac68_5573,12220.105340390997
00bbac68_5574,12220.075306867107
00bbac68_5575,12220.043321666926
00bbac68_5576,12220.00840854587
00bbac68_5577,12219.979017528989
00bbac68_5578,12219.930712849793
00bbac68_5579,12219.883076418582
00bbac68_5580,12219.834459584292
00bbac68_5581,12219.786764006965
00bbac68_5582,12219.721856340033
00bbac68_5583,12219.667324095835
00bbac68_5584,12219.617133012456
00bbac68_5585,12219.581858015983
00bbac68_5586,12219.529096278675
00bbac68_5587,12219.479153596132
00bbac68_5588,12219.430378141034
00bbac68_5589,12219.419027895945
00bbac68_5590,12219.401924284564
00bbac68_5591,12219.363619698213
00bbac68_5592,12219.32123740243
00bbac68_5593,12219.292396020244
00bbac68_5594,12219.266073655215
00bbac68_5595,12219.23647387453
00bbac68_5596,12219.2115092618
00bbac68_5597,12219.191817365014
00bbac68_5598,12219.159316410172
00bbac68_5599,12219.134341068162
00bbac68_5600,12219.106244664938
00bbac68_5601,12219.08096716602
00bbac68_5602,12219.069598723814
00bbac68_5603,12219.046690629166
00bbac68_5604,12219.01799558505
00bbac68_5605,12218.9990689646
00bbac68_5606,12218.986259843161
00bbac68_5607,12218.96190805116
00bbac68_5608,12218.909845240754
00bbac68_5609,12218.863157503823
00bbac68_5610,12218.894386632794
00bbac68_5611,12218.910163762457
00bbac68_5612,12218.923298332682
00bbac68_5613,12218.921958979541
00bbac68_5614,12218.95724986266
00bbac68_5615,12219.026754734516
00bbac68_5616,12219.116515534515
00bbac68_5617,12219.187918231817
00bbac68_5618,12219.26225965899
00bbac68_5619,12219.330998177868
00bbac68_5620,12219.380680504239
00bbac68_5621,12219.428010696389
00bbac68_5622,12219.50794511748
00bbac68_5623,12219.537186192798
00bbac68_5624,12219.495767812234
00bbac68_5625,12219.424396393986
00bbac68_5626,12219.39834849847
00bbac68_5627,12219.27504607524
00bbac68_5628,12219.15410752079
00bbac68_5629,12219.07683655572
00bbac68_5630,12219.026092151598
00bbac68_5631,12218.990421885304
00bbac68_5632,12218.973036919628
00bbac68_5633,12218.678082459239
00bbac68_5634,12218.33936804524
00bbac68_5635,12218.1182102361
00bbac68_5636,12218.0160704122
00bbac68_5637,12218.018005391204
00bbac68_5638,12218.02254886906
00bbac68_5639,12217.919960704934
00bbac68_5640,12217.810452747119
00bbac68_5641,12217.744466290977
00bbac68_5642,12217.711692665891
00bbac68_5643,12217.681187569058
00bbac68_5644,12217.642324904198
00bbac68_5645,12217.60962302518
00bbac68_5646,12217.586939592165
00bbac68_5647,12217.555539202493
00bbac68_5648,12217.532493851082
00bbac68_5649,12217.5237291608
00bbac68_5650,12217.526231385891
00bbac68_5651,12217.526228362796
00bbac68_5652,12217.53207775773
00bbac68_5653,12217.542597894566
00bbac68_5654,12217.567762336865
00bbac68_5655,12217.582748662977
00bbac68_5656,12217.582011528357
00bbac68_5657,12217.538146263876
00bbac68_5658,12217.447341798794
00bbac68_5659,12217.348624670403
00bbac68_5660,12217.250342927966
00bbac68_5661,12217.015345887063
00bbac68_5662,12216.642929463382
00bbac68_5663,12216.281148380742
00bbac68_5664,12216.04868969178
00bbac68_5665,12215.885996668516
00bbac68_5666,12215.756987340133
00bbac68_5667,12215.641096260151
00bbac68_5668,12215.535676901449
00bbac68_5669,12215.440489096967
00bbac68_5670,12215.358348613767
00bbac68_5671,12215.262528128798
00bbac68_5672,12215.177826941148
00bbac68_5673,12215.090747080852
00bbac68_5674,12215.027363375251
00bbac68_5675,12214.950695217742
00bbac68_5676,12214.884407301854
00bbac68_5677,12214.830314984578
00bbac68_5678,12214.7910513167
00bbac68_5679,12214.736069540617
00bbac68_5680,12214.687971663969
00bbac68_5681,12214.630051017375
00bbac68_5682,12214.588394110491
00bbac68_5683,12214.541067514152
00bbac68_5684,12214.510116122594
00bbac68_5685,12214.469976661801
00bbac68_5686,12214.427265868417
00bbac68_5687,12214.359120723435
00bbac68_5688,12214.28553341728
00bbac68_5689,12214.21044041571
00bbac68_5690,12214.151195476445
00bbac68_5691,12214.071036970374
00bbac68_5692,12214.0189467796
00bbac68_5693,12213.960005461737
00bbac68_5694,12213.910623617268
00bbac68_5695,12213.842206911739
00bbac68_5696,12213.758206620052
00bbac68_5697,12213.682492488722
00bbac68_5698,12213.631374005116
00bbac68_5699,12213.560954866614
00bbac68_5700,12213.499564431559
00bbac68_5701,12213.442404291009
00bbac68_5702,12213.391563994775
00bbac68_5703,12213.342221954728
00bbac68_5704,12213.299294951637
00bbac68_5705,12213.251916433072
00bbac68_5706,12213.212128127949
00bbac68_5707,12213.15993814133
00bbac68_5708,12213.09709499242
00bbac68_5709,12213.030815380806
00bbac68_5710,12212.977539519552
00bbac68_5711,12212.915874455926
00bbac68_5712,12212.8578502034
00bbac68_5713,12212.812013176637
00bbac68_5714,12212.766987718196
00bbac68_5715,12212.710589275017
00bbac68_5716,12212.648315979302
00bbac68_5717,12212.60494578402
00bbac68_5718,12212.545666040187
00bbac68_5719,12212.490076860498
00bbac68_5720,12212.434241179715
00bbac68_5721,12212.389813634334
00bbac68_5722,12212.339299760215
00bbac68_5723,12212.290319404547
00bbac68_5724,12212.236031339698
00bbac68_5725,12212.195526672844
00bbac68_5726,12212.146536804417
00bbac68_5727,12212.098121097311
00bbac68_5728,12212.03473120513
00bbac68_5729,12211.988976368833
00bbac68_5730,12211.91517802804
00bbac68_5731,12211.853507913393
00bbac68_5732,12211.796137089039
00bbac68_5733,12211.755914579591
00bbac68_5734,12211.691249385802
00bbac68_5735,12211.643885573641
00bbac68_5736,12211.589599806099
00bbac68_5737,12211.554362035507
00bbac68_5738,12211.497555414444
00bbac68_5739,12211.457674397663
00bbac68_5740,12211.418967794252
00bbac68_5741,12211.40260352006
00bbac68_5742,12211.367166818169
00bbac68_5743,12211.332516265982
00bbac68_5744,12211.292598237367
00bbac68_5745,12211.252926781051
00bbac68_5746,12211.19454678087
00bbac68_5747,12211.138233353904
00bbac68_5748,12211.07747599265
00bbac68_5749,12211.031404621177
00bbac68_5750,12210.95552178502
00bbac68_5751,12210.889070875759
00bbac68_5752,12210.828334491358
00bbac68_5753,12210.790026248224
00bbac68_5754,12210.742202445423
00bbac68_5755,12210.722408348995
00bbac68_5756,12210.703952373946
00bbac68_5757,12210.696041746887
00bbac68_5758,12210.665137815815
00bbac68_5759,12210.63005420369
00bbac68_5760,12210.618478848432
00bbac68_5761,12210.633481532797
00bbac68_5762,12210.600265575598
00bbac68_5763,12210.55777713807
00bbac68_5764,12210.528441344939
00bbac68_5765,12210.490244804087
00bbac68_5766,12210.466195959398
00bbac68_5767,12210.493439989203
00bbac68_5768,12210.55270950138
00bbac68_5769,12210.604733425878
00bbac68_5770,12210.638951453217
00bbac68_5771,12210.654056927231
00bbac68_5772,12210.639252851504
00bbac68_5773,12210.605703345915
00bbac68_5774,12210.58632900966
00bbac68_5775,12210.58791086464
00bbac68_5776,12210.603209142851
00bbac68_5777,12210.608389864079
00bbac68_5778,12210.610483188782
00bbac68_5779,12210.607854714708
00bbac68_5780,12210.607672541455
00bbac68_5781,12210.58602348506
00bbac68_5782,12210.5278327481
00bbac68_5783,12210.433793820659
00bbac68_5784,12210.38413009608
00bbac68_5785,12210.350328982293
00bbac68_5786,12210.283753748601
00bbac68_5787,12210.1825303404
00bbac68_5788,12210.067722001362
00bbac68_5789,12209.9343259651
00bbac68_5790,12209.813622596517
00bbac68_5791,12209.711535080094
00bbac68_5792,12209.639499305975
00bbac68_5793,12209.566223517395
00bbac68_5794,12209.495858210794
00bbac68_5795,12209.431192432605
00bbac68_5796,12209.384030045268
00bbac68_5797,12209.320163447228
00bbac68_5798,12209.25964308505
00bbac68_5799,12209.208878561598
00bbac68_5800,12209.179303312347
00bbac68_5801,12209.148904906953
00bbac68_5802,12209.116916341382
00bbac68_5803,12209.080812424036
00bbac68_5804,12209.036713456002
00bbac68_5805,12208.98206419688
00bbac68_5806,12208.921077587038
00bbac68_5807,12208.852694935234
00bbac68_5808,12208.764550671218
00bbac68_5809,12208.675113288864
00bbac68_5810,12208.590779466671
00bbac68_5811,12208.530050593403
00bbac68_5812,12208.459066366766
00bbac68_5813,12208.392664843761
00bbac68_5814,12208.344997602997
00bbac68_5815,12208.325198413513
00bbac68_5816,12208.31306309811
00bbac68_5817,12208.298802142981
00bbac68_5818,12208.289952371253
00bbac68_5819,12208.294021990994
00bbac68_5820,12208.286607898342
00bbac68_5821,12208.27864530735
00bbac68_5822,12208.269968726141
00bbac68_5823,12208.270364852819
00bbac68_5824,12208.272075077472
00bbac68_5825,12208.27068591172
00bbac68_5826,12208.267857085455
00bbac68_5827,12208.273956727675
00bbac68_5828,12208.255258911931
00bbac68_5829,12208.220076692809
00bbac68_5830,12208.196602269612
00bbac68_5831,12208.177676777252
00bbac68_5832,12208.155599469223
00bbac68_5833,12208.124476594508
00bbac68_5834,12208.091619412373
00bbac68_5835,12208.06926325889
00bbac68_5836,12208.031003660417
00bbac68_5837,12207.975289285392
00bbac68_5838,12207.921931001005
00bbac68_5839,12207.89361322818
00bbac68_5840,12207.86480839355
00bbac68_5841,12207.82931952261
00bbac68_5842,12207.79752350449
00bbac68_5843,12207.77852657281
00bbac68_5844,12207.748913024005
00bbac68_5845,12207.71551774556
00bbac68_5846,12207.687996243349
00bbac68_5847,12207.676282661996
00bbac68_5848,12207.637311824048
00bbac68_5849,12207.585271097934
00bbac68_5850,12207.552338505655
00bbac68_5851,12207.505710427497
00bbac68_5852,12207.472381414158
00bbac68_5853,12207.423935203167
00bbac68_5854,12207.383368456129
00bbac68_5855,12207.339350228964
00bbac68_5856,12207.291807935557
00bbac68_5857,12207.25101043709
00bbac68_5858,12207.216309450776
00bbac68_5859,12207.171774463635
00bbac68_5860,12207.126003339445
00bbac68_5861,12207.078738798995
00bbac68_5862,12207.041369727142
00bbac68_5863,12207.005572842125
00bbac68_5864,12206.958887931389
00bbac68_5865,12206.910987942267
00bbac68_5866,12206.872426330814
00bbac68_5867,12206.835164472352
00bbac68_5868,12206.809295414805
00bbac68_5869,12206.789196749156
00bbac68_5870,12206.772178635258
00bbac68_5871,12206.747930548301
00bbac68_5872,12206.729061619455
00bbac68_5873,12206.717957844936
00bbac68_5874,12206.713472304964
00bbac68_5875,12206.691905394278
00bbac68_5876,12206.664793871803
00bbac68_5877,12206.631602098161
00bbac68_5878,12206.610737390522
00bbac68_5879,12206.575129359533
00bbac68_5880,12206.55184885065
00bbac68_5881,12206.53512085959
00bbac68_5882,12206.546722630426
00bbac68_5883,12206.54270610451
00bbac68_5884,12206.53347230767
00bbac68_5885,12206.512221573887
00bbac68_5886,12206.509342682497
00bbac68_5887,12206.495956162975
00bbac68_5888,12206.48410952478
00bbac68_5889,12206.473009401312
00bbac68_5890,12206.450804360258
00bbac68_5891,12206.412050712486
00bbac68_5892,12206.37800103735
00bbac68_5893,12206.331782170044
00bbac68_5894,12206.292617299405
00bbac68_5895,12206.237335260346
00bbac68_5896,12206.192848017328
00bbac68_5897,12206.15602778067
00bbac68_5898,12206.115155780688
00bbac68_5899,12206.058529930828
00bbac68_5900,12205.99640304159
00bbac68_5901,12205.956262473781
00bbac68_5902,12205.917744440287
00bbac68_5903,12205.878724482816
00bbac68_5904,12205.840515841654
00bbac68_5905,12205.81367944268
00bbac68_5906,12205.787749098354
00bbac68_5907,12205.766981903053
00bbac68_5908,12205.75700297346
00bbac68_5909,12205.764490180862
00bbac68_5910,12205.777202048548
00bbac68_5911,12205.7872297382
00bbac68_5912,12205.803883359153
00bbac68_5913,12205.83256326441
00bbac68_5914,12205.847310782032
00bbac68_5915,12205.856234020632
00bbac68_5916,12205.844953189153
00bbac68_5917,12205.828340949905
00bbac68_5918,12205.787634309716
00bbac68_5919,12205.744160048102
00bbac68_5920,12205.705633049598
00bbac68_5921,12205.669423766614
00bbac68_5922,12205.616245698793
00bbac68_5923,12205.566895863909
00bbac68_5924,12205.531355554878
00bbac68_5925,12205.511512187402
00bbac68_5926,12205.493668655496
00bbac68_5927,12205.461094081491
00bbac68_5928,12205.439101597678
00bbac68_5929,12205.421264539224
00bbac68_5930,12205.391888706952
00bbac68_5931,12205.372795480478
00bbac68_5932,12205.337333941092
00bbac68_5933,12205.306761033444
00bbac68_5934,12205.257922242772
00bbac68_5935,12205.216709177288
00bbac68_5936,12205.172592024517
00bbac68_5937,12205.136098314682
00bbac68_5938,12205.089442191733
00bbac68_5939,12205.046123661336
00bbac68_5940,12205.005571906951
00bbac68_5941,12204.984758691147
00bbac68_5942,12204.953481735634
00bbac68_5943,12204.915953491289
00bbac68_5944,12204.881865468911
00bbac68_5945,12204.853757871857
00bbac68_5946,12204.829098184124
00bbac68_5947,12204.799962576968
00bbac68_5948,12204.766699273812
00bbac68_5949,12204.754990879659
00bbac68_5950,12204.724920591048
00bbac68_5951,12204.697271835515
00bbac68_5952,12204.671200827055
00bbac68_5953,12204.657307591995
00bbac68_5954,12204.625252297516
00bbac68_5955,12204.59573086648
00bbac68_5956,12204.553032687587
00bbac68_5957,12204.529483566748
00bbac68_5958,12204.514543791724
00bbac68_5959,12204.486656614958
00bbac68_5960,12204.460061063046
00bbac68_5961,12204.456185329314
00bbac68_5962,12204.432242890034
00bbac68_5963,12204.41797878165
00bbac68_5964,12204.41027253859
00bbac68_5965,12204.407137232061
00bbac68_5966,12204.39108663224
00bbac68_5967,12204.363310237997
00bbac68_5968,12204.309651951131
00bbac68_5969,12204.280104107054
00bbac68_5970,12204.242900005242
00bbac68_5971,12204.196338572196
00bbac68_5972,12204.156240064009
00bbac68_5973,12204.134071272145
00bbac68_5974,12204.090150097865
00bbac68_5975,12204.044215957569
00bbac68_5976,12204.0039248845
00bbac68_5977,12203.978011785868
00bbac68_5978,12203.958086182372
00bbac68_5979,12203.951958683061
00bbac68_5980,12203.950459235348
00bbac68_5981,12203.927759833332
00bbac68_5982,12203.902578127187
00bbac68_5983,12203.87708246329
00bbac68_5984,12203.87534077523
00bbac68_5985,12203.859630578849
00bbac68_5986,12203.840937251533
00bbac68_5987,12203.817295725812
00bbac68_5988,12203.806290152048
00bbac68_5989,12203.786695465311
00bbac68_5990,12203.764940065263
00bbac68_5991,12203.739359150768
00bbac68_5992,12203.711007523507
00bbac68_5993,12203.683827644614
00bbac68_5994,12203.66300048542
00bbac68_5995,12203.646483783352
00bbac68_5996,12203.644039697165
00bbac68_5997,12203.646458511408
00bbac68_5998,12203.64490311298
00bbac68_5999,12203.652409392955
00bbac68_6000,12203.668644255273
00bbac68_6001,12203.673966864892
00bbac68_6002,12203.66907602374
00bbac68_6003,12203.671585972947
00bbac68_6004,12203.695398088494
00bbac68_6005,12203.703272396413
00bbac68_6006,12203.705595865156
00bbac68_6007,12203.696316445463
00bbac68_6008,12203.683489640314
00bbac68_6009,12203.653907515827
00bbac68_6010,12203.625451086808
00bbac68_6011,12203.604903071002
00bbac68_6012,12203.608596292503
00bbac68_6013,12203.603844425532
00bbac68_6014,12203.589696235065
00bbac68_6015,12203.578985096725
00bbac68_6016,12203.568880209883
00bbac68_6017,12203.54122487319
00bbac68_6018,12203.5206641914
00bbac68_6019,12203.495093563246
00bbac68_6020,12203.485307514606
00bbac68_6021,12203.47055501441
00bbac68_6022,12203.454276842422
00bbac68_6023,12203.429414507482
00bbac68_6024,12203.412893065997
00bbac68_6025,12203.381172250225
00bbac68_6026,12203.346455182333
00bbac68_6027,12203.317055351383
00bbac68_6028,12203.311092450433
00bbac68_6029,12203.297541148586
00bbac68_6030,12203.284182699968
00bbac68_6031,12203.267894462304
00bbac68_6032,12203.258358034665
00bbac68_6033,12203.232243324312
00bbac68_6034,12203.210880756636
00bbac68_6035,12203.184536094326
00bbac68_6036,12203.161834222326
00bbac68_6037,12203.125637539319
00bbac68_6038,12203.091821696853
00bbac68_6039,12203.056357052574
00bbac68_6040,12203.02998207918
00bbac68_6041,12202.99482234237
00bbac68_6042,12202.962400905844
00bbac68_6043,12202.931614625279
00bbac68_6044,12202.913085252845
00bbac68_6045,12202.892781681538
00bbac68_6046,12202.885734630685
00bbac68_6047,12202.884416862205
00bbac68_6048,12202.8927053094
00bbac68_6049,12202.885737466335
00bbac68_6050,12202.872548807954
00bbac68_6051,12202.849689084418
00bbac68_6052,12202.827901842487
00bbac68_6053,12202.811024995859
00bbac68_6054,12202.790349605502
00bbac68_6055,12202.763617554026
00bbac68_6056,12202.752531905651
00bbac68_6057,12202.731735522939
00bbac68_6058,12202.716370462122
00bbac68_6059,12202.699943463092
00bbac68_6060,12202.705301520575
00bbac68_6061,12202.697302246317
00bbac68_6062,12202.660527058051
00bbac68_6063,12202.62789222009
00bbac68_6064,12202.602687029603
00bbac68_6065,12202.559438044347
00bbac68_6066,12202.530125737323
00bbac68_6067,12202.507030668026
00bbac68_6068,12202.466924972783
00bbac68_6069,12202.438559600856
00bbac68_6070,12202.442295659877
00bbac68_6071,12202.430266809548
00bbac68_6072,12202.42778118179
00bbac68_6073,12202.415632474933
00bbac68_6074,12202.408564368674
00bbac68_6075,12202.391075011843
00bbac68_6076,12202.381719386642
00bbac68_6077,12202.358363198124
00bbac68_6078,12202.320889139184
00bbac68_6079,12202.278508896106
00bbac68_6080,12202.250361125538
00bbac68_6081,12202.230554631902
00bbac68_6082,12202.20050796968
00bbac68_6083,12202.168329019561
00bbac68_6084,12202.156164215923
00bbac68_6085,12202.137233791656
00bbac68_6086,12202.107433448899
00bbac68_6087,12202.08084616324
00bbac68_6088,12202.058755484839
00bbac68_6089,12202.049265482068
00bbac68_6090,12202.046468988514
00bbac68_6091,12202.05716146643
00bbac68_6092,12202.062581554728
00bbac68_6093,12202.05817719415
00bbac68_6094,12202.044296382212
00bbac68_6095,12202.03587198785
00bbac68_6096,12202.02034734022
00bbac68_6097,12202.00005391658
00bbac68_6098,12201.974216985516
00bbac68_6099,12201.96655616166
00bbac68_6100,12201.95299023484
00bbac68_6101,12201.946106938485
00bbac68_6102,12201.941310869717
00bbac68_6103,12201.924842957535
00bbac68_6104,12201.894715416849
00bbac68_6105,12201.858234128998
00bbac68_6106,12201.818346227801
00bbac68_6107,12201.809242240039
00bbac68_6108,12201.786439840522
00bbac68_6109,12201.760313825405
00bbac68_6110,12201.742371359787
00bbac68_6111,12201.72251481859
00bbac68_6112,12201.699216466566
00bbac68_6113,12201.681201341304
00bbac68_6114,12201.673221658464
00bbac68_6115,12201.683935211075
00bbac68_6116,12201.69456561784
00bbac68_6117,12201.715105606017
00bbac68_6118,12201.73831296565
00bbac68_6119,12201.766013283332
00bbac68_6120,12201.77798272545
00bbac68_6121,12201.779469757032
00bbac68_6122,12201.78126125898
00bbac68_6123,12201.78463599816
00bbac68_6124,12201.762814634678
00bbac68_6125,12201.741805608071
00bbac68_6126,12201.714598897615
00bbac68_6127,12201.671610758945
00bbac68_6128,12201.634289101463
00bbac68_6129,12201.601426222152
00bbac68_6130,12201.57033545271
00bbac68_6131,12201.556982777976
00bbac68_6132,12201.533653601931
00bbac68_6133,12201.511989090006
00bbac68_6134,12201.494209127826
00bbac68_6135,12201.484892949858
00bbac68_6136,12201.467706941192
00bbac68_6137,12201.451268900692
00bbac68_6138,12201.430031548809
00bbac68_6139,12201.421682609871
00bbac68_6140,12201.410220174408
00bbac68_6141,12201.39935589346
00bbac68_6142,12201.379782193593
00bbac68_6143,12201.37348140085
00bbac68_6144,12201.368582788189
00bbac68_6145,12201.349588184383
00bbac68_6146,12201.3286582915
00bbac68_6147,12201.323940810054
00bbac68_6148,12201.290944877159
00bbac68_6149,12201.256270315138
00bbac68_6150,12201.224414036742
00bbac68_6151,12201.189807405413
00bbac68_6152,12201.148095213155
00bbac68_6153,12201.114000999205
00bbac68_6154,12201.100644964048
00bbac68_6155,12201.091242245697
00bbac68_6156,12201.082444241067
00bbac68_6157,12201.06243825764
00bbac68_6158,12201.052408008682
00bbac68_6159,12201.050989928242
00bbac68_6160,12201.056564781002
00bbac68_6161,12201.05179515145
00bbac68_6162,12201.040935482144
00bbac68_6163,12201.026129357002
00bbac68_6164,12201.01262672285
00bbac68_6165,12201.007567987303
00bbac68_6166,12201.026239526687
00bbac68_6167,12201.059555838492
00bbac68_6168,12201.076134020348
00bbac68_6169,12201.113852776372
00bbac68_6170,12201.17500567442
00bbac68_6171,12201.249027711261
00bbac68_6172,12201.316760296259
00bbac68_6173,12201.374632431276
00bbac68_6174,12201.42655223318
00bbac68_6175,12201.480829537586
00bbac68_6176,12201.51234138084
00bbac68_6177,12201.527779927932
00bbac68_6178,12201.539161830966
00bbac68_6179,12201.548967638159
00bbac68_6180,12201.54411407831
00bbac68_6181,12201.531851368298
00bbac68_6182,12201.520413582879
00bbac68_6183,12201.514370122506
00bbac68_6184,12201.495309368409
00bbac68_6185,12201.466581282866
00bbac68_6186,12201.440962929604
00bbac68_6187,12201.41676696505
00bbac68_6188,12201.410579203159
00bbac68_6189,12201.390562347753
00bbac68_6190,12201.368684333549
00bbac68_6191,12201.35135589451
00bbac68_6192,12201.346073267488
00bbac68_6193,12201.322765233313
00bbac68_6194,12201.30050505023
00bbac68_6195,12201.266291356893
00bbac68_6196,12201.244736843712
00bbac68_6197,12201.2127410559
00bbac68_6198,12201.195142330862
00bbac68_6199,12201.184132687553
00bbac68_6200,12201.198872707468
00bbac68_6201,12201.186159696717
00bbac68_6202,12201.187593616416
00bbac68_6203,12201.186148729643
00bbac68_6204,12201.196179238037
00bbac68_6205,12201.211880959709
00bbac68_6206,12201.216051414262
00bbac68_6207,12201.215113529917
00bbac68_6208,12201.207237492055
00bbac68_6209,12201.194787217017
00bbac68_6210,12201.180784796019
00bbac68_6211,12201.150054405265
00bbac68_6212,12201.132477832929
00bbac68_6213,12201.146062227948
00bbac68_6214,12201.141205838232
00bbac68_6215,12201.151978410913
00bbac68_6216,12201.14929461237
00bbac68_6217,12201.16572902411
00bbac68_6218,12201.167952069134
00bbac68_6219,12201.151591058957
00bbac68_6220,12201.141051403267
00bbac68_6221,12201.161341150291
00bbac68_6222,12201.145582509285
00bbac68_6223,12201.13102014033
00bbac68_6224,12201.107573137138
00bbac68_6225,12201.09533494581
00bbac68_6226,12201.092958860705
00bbac68_6227,12201.080067551708
00bbac68_6228,12201.078990619046
00bbac68_6229,12201.074073313239
00bbac68_6230,12201.076115694623
00bbac68_6231,12201.074553599403
00bbac68_6232,12201.067225676037
00bbac68_6233,12201.060420758535
00bbac68_6234,12201.058609073827
00bbac68_6235,12201.061564720307
00bbac68_6236,12201.050260872325
00bbac68_6237,12201.04171536201
00bbac68_6238,12201.045545828709
00bbac68_6239,12201.042889240172
00bbac68_6240,12201.052582725682
00bbac68_6241,12201.073219941642
00bbac68_6242,12201.086386386445
00bbac68_6243,12201.110791985444
00bbac68_6244,12201.127656719165
00bbac68_6245,12201.138698751245
00bbac68_6246,12201.147445513796
00bbac68_6247,12201.171834715191
00bbac68_6248,12201.175090151166
00bbac68_6249,12201.178915048138
00bbac68_6250,12201.172850630646
00bbac68_6251,12201.180281279261
00bbac68_6252,12201.160727034814
00bbac68_6253,12201.154204396813
00bbac68_6254,12201.147535920789
00bbac68_6255,12201.158590042796
00bbac68_6256,12201.162443053281
00bbac68_6257,12201.155164794873
00bbac68_6258,12201.149558503483
00bbac68_6259,12201.158275226895
00bbac68_6260,12201.153247176708
00bbac68_6261,12201.143928802088
00bbac68_6262,12201.139573496142
00bbac68_6263,12201.134544926166
00bbac68_6264,12201.13974861705
00bbac68_6265,12201.13748353156
00bbac68_6266,12201.133346570516
00bbac68_6267,12201.13103288023
00bbac68_6268,12201.14171475112
00bbac68_6269,12201.141978521182
00bbac68_6270,12201.141455676747
00bbac68_6271,12201.139009079985
00bbac68_6272,12201.147133674276
00bbac68_6273,12201.138802217734
00bbac68_6274,12201.122912960816
00bbac68_6275,12201.109098700395
00bbac68_6276,12201.097987259194
00bbac68_6277,12201.081080487596
00bbac68_6278,12201.065977595787
00bbac68_6279,12201.048790501529
00bbac68_6280,12201.040466137703
00bbac68_6281,12201.03088749339
00bbac68_6282,12201.014074246834
00bbac68_6283,12201.004232796991
00bbac68_6284,12201.01384779592
00bbac68_6285,12201.008197390747
00bbac68_6286,12201.003781760968
00bbac68_6287,12200.997868186183
00bbac68_6288,12200.992853705755
00bbac68_6289,12200.992964383735
00bbac68_6290,12200.982323037902
00bbac68_6291,12200.97979187759
00bbac68_6292,12200.975956387629
00bbac68_6293,12200.977498870843
00bbac68_6294,12200.963963398488
00bbac68_6295,12200.952707012013
00bbac68_6296,12200.94900722834
00bbac68_6297,12200.959088406018
00bbac68_6298,12200.958651120907
00bbac68_6299,12200.954524912097
00bbac68_6300,12200.958728294849
00bbac68_6301,12200.976302869605
00bbac68_6302,12200.975087394878
00bbac68_6303,12200.976606855427
00bbac68_6304,12200.969697208347
00bbac68_6305,12200.980750170613
00bbac68_6306,12200.976052281745
00bbac68_6307,12200.971521056514
00bbac68_6308,12200.969844458336
00bbac68_6309,12200.975798791966
00bbac68_6310,12200.966108507406
00bbac68_6311,12200.973040145498
00bbac68_6312,12200.965823241495
00bbac68_6313,12200.967035785514
00bbac68_6314,12200.966145900802
00bbac68_6315,12200.958904615218
00bbac68_6316,12200.95765378569
00bbac68_6317,12200.964776894554
00bbac68_6318,12200.958211433288
00bbac68_6319,12200.955537639707
00bbac68_6320,12200.947399062867
00bbac68_6321,12200.953220627527
00bbac68_6322,12200.947620223527
00bbac68_6323,12200.947349777094
00bbac68_6324,12200.941437910284
00bbac68_6325,12200.944334415602
00bbac68_6326,12200.935338936824
00bbac68_6327,12200.929960366968
00bbac68_6328,12200.922162837238
00bbac68_6329,12200.930408328291
00bbac68_6330,12200.924111215221
00bbac68_6331,12200.914342700058
00bbac68_6332,12200.9100708589
00bbac68_6333,12200.90399254364
00bbac68_6334,12200.896786067275
00bbac68_6335,12200.883177519394
00bbac68_6336,12200.876407288006
00bbac68_6337,12200.877079388532
00bbac68_6338,12200.875084255224
00bbac68_6339,12200.872242062866
00bbac68_6340,12200.876970230567
00bbac68_6341,12200.884837935202
00bbac68_6342,12200.88780721055
00bbac68_6343,12200.884415638106
00bbac68_6344,12200.8849532222
00bbac68_6345,12200.889524325325
00bbac68_6346,12200.8804075779
00bbac68_6347,12200.874389646553
00bbac68_6348,12200.871724093913
00bbac68_6349,12200.86325060264
00bbac68_6350,12200.85621148154
00bbac68_6351,12200.84933794752
00bbac68_6352,12200.843233604695
00bbac68_6353,12200.837641240352
00bbac68_6354,12200.834616837868
00bbac68_6355,12200.833099832931
00bbac68_6356,12200.833832755634
00bbac68_6357,12200.830957589587
00bbac68_6358,12200.834576182724
00bbac68_6359,12200.835210586252
00bbac68_6360,12200.83346327908
00bbac68_6361,12200.83592902254
00bbac68_6362,12200.839126970235
00bbac68_6363,12200.843662186018
00bbac68_6364,12200.855731671705
00bbac68_6365,12200.85720417475
00bbac68_6366,12200.84466490446
00bbac68_6367,12200.850461115413
00bbac68_6368,12200.87593453782
00bbac68_6369,12200.895225372858
00bbac68_6370,12200.911656156983
00bbac68_6371,12200.916474032825
00bbac68_6372,12200.91180542704
00bbac68_6373,12200.899407000303
00bbac68_6374,12200.870905407133
00bbac68_6375,12200.84098924931
00bbac68_6376,12200.81180222155
00bbac68_6377,12200.783057841354
00bbac68_6378,12200.756366028752
00bbac68_6379,12200.725465245036
00bbac68_6380,12200.705543452112
00bbac68_6381,12200.686010235857
00bbac68_6382,12200.665924297698
00bbac68_6383,12200.678032667072
00bbac68_6384,12200.704186468456
00bbac68_6385,12200.72008804436
00bbac68_6386,12200.73661662907
00bbac68_6387,12200.740590349995
00bbac68_6388,12200.744437664536
00bbac68_6389,12200.742890425116
00bbac68_6390,12200.7376743805
00bbac68_6391,12200.742520427793
00bbac68_6392,12200.745415278352
00bbac68_6393,12200.75366206016
00bbac68_6394,12200.762568774786
00bbac68_6395,12200.754606304265
00bbac68_6396,12200.756815356592
00bbac68_6397,12200.751266936337
00bbac68_6398,12200.745594378519
00bbac68_6399,12200.730568651143
00bbac68_6400,12200.730131108383
00bbac68_6401,12200.723613020538
00bbac68_6402,12200.722987430523
00bbac68_6403,12200.715222495772
00bbac68_6404,12200.715147708694
00bbac68_6405,12200.707733528956
00bbac68_6406,12200.710357454247
00bbac68_6407,12200.70983972737
00bbac68_6408,12200.701828912992
00bbac68_6409,12200.702218679882
00bbac68_6410,12200.690199215129
00bbac68_6411,12200.675017223937
00bbac68_6412,12200.66754916858
00bbac68_6413,12200.684179194492
00bbac68_6414,12200.72423674867
00bbac68_6415,12200.738239747685
00bbac68_6416,12200.739955778228
00bbac68_6417,12200.734380670066
00bbac68_6418,12200.718971851362
00bbac68_6419,12200.68177744292
00bbac68_6420,12200.642538854949
00bbac68_6421,12200.605294839415
00bbac68_6422,12200.574244073254
00bbac68_6423,12200.536827569034
00bbac68_6424,12200.477726132889
00bbac68_6425,12200.425268523217
00bbac68_6426,12200.383270779648
00bbac68_6427,12200.348779858226
00bbac68_6428,12200.320055972421
00bbac68_6429,12200.321079573143
00bbac68_6430,12200.330108794795
00bbac68_6431,12200.326453549776
00bbac68_6432,12200.32643065884
00bbac68_6433,12200.325455439246
00bbac68_6434,12200.3440562386
00bbac68_6435,12200.351863298969
00bbac68_6436,12200.358439681613
00bbac68_6437,12200.387112916636
00bbac68_6438,12200.376098103125
00bbac68_6439,12200.376920510324
00bbac68_6440,12200.368240726713
00bbac68_6441,12200.375474070417
00bbac68_6442,12200.335984090154
00bbac68_6443,12200.315078260866
00bbac68_6444,12200.290063906057
00bbac68_6445,12200.303615886822
00bbac68_6446,12200.284041575916
00bbac68_6447,12200.286278813714
00bbac68_6448,12200.289632084989
00bbac68_6449,12200.301067062313
00bbac68_6450,12200.288885168156
00bbac68_6451,12200.282219012588
00bbac68_6452,12200.283894051732
00bbac68_6453,12200.303450906236
00bbac68_6454,12200.284313832984
00bbac68_6455,12200.263024648042
00bbac68_6456,12200.252352832873
00bbac68_6457,12200.252530118338
00bbac68_6458,12200.225313633255
00bbac68_6459,12200.228390818906
00bbac68_6460,12200.214603058821
00bbac68_6461,12200.238739777942
00bbac68_6462,12200.234717665628
00bbac68_6463,12200.250253352679
00bbac68_6464,12200.248926834343
00bbac68_6465,12200.26365304099
00bbac68_6466,12200.269617813756
00bbac68_6467,12200.25996852635
00bbac68_6468,12200.253797827805
00bbac68_6469,12200.239687472738
00bbac68_6470,12200.255759228403
00bbac68_6471,12200.241198155412
00bbac68_6472,12200.239780424117
00bbac68_6473,12200.237105584161
00bbac68_6474,12200.232251444118
00bbac68_6475,12200.223544456907
00bbac68_6476,12200.207226882874
00bbac68_6477,12200.210940519422
00bbac68_6478,12200.221294026607
00bbac68_6479,12200.232969096218
00bbac68_6480,12200.216098543133
00bbac68_6481,12200.214672920469
00bbac68_6482,12200.242077315266
00bbac68_6483,12200.255961749606
00bbac68_6484,12200.276028266842
00bbac68_6485,12200.267964699944
00bbac68_6486,12200.276299970206
00bbac68_6487,12200.263514423505
00bbac68_6488,12200.264818935246
00bbac68_6489,12200.262193101695
00bbac68_6490,12200.296329516697
00bbac68_6491,12200.31037396752
00bbac68_6492,12200.314647832362
00bbac68_6493,12200.33076523468
00bbac68_6494,12200.379880289724
00bbac68_6495,12200.409694720298
00bbac68_6496,12200.438621005796
00bbac68_6497,12200.45044563383
00bbac68_6498,12200.471088273742
00bbac68_6499,12200.477259396332
00bbac68_6500,12200.462207666864
00bbac68_6501,12200.44848203146
00bbac68_6502,12200.466105937696
00bbac68_6503,12200.456752923645
00bbac68_6504,12200.461559600637
00bbac68_6505,12200.455110588975
00bbac68_6506,12200.482221675222
00bbac68_6507,12200.493539232546
00bbac68_6508,12200.497465460294
00bbac68_6509,12200.521793814862
00bbac68_6510,12200.55760523675
00bbac68_6511,12200.573307010081
00bbac68_6512,12200.597690408522
00bbac68_6513,12200.600123924638
00bbac68_6514,12200.661996508705
00bbac68_6515,12200.687252990765
00bbac68_6516,12200.69331382216
00bbac68_6517,12200.70586838197
00bbac68_6518,12200.735951289735
00bbac68_6519,12200.732324330353
00bbac68_6520,12200.754056901655
00bbac68_6521,12200.76675684385
00bbac68_6522,12200.80776914828
00bbac68_6523,12200.822321875403
00bbac68_6524,12200.858917558671
00bbac68_6525,12200.910961489923
00bbac68_6526,12200.983458200206
00bbac68_6527,12201.015832570889
00bbac68_6528,12201.041757649615
00bbac68_6529,12201.069089123863
00bbac68_6530,12201.129616350605
00bbac68_6531,12201.148815135408
00bbac68_6532,12201.160812132266
00bbac68_6533,12201.154487011532
00bbac68_6534,12201.150224738345
00bbac68_6535,12201.181226727898
00bbac68_6536,12201.167345116019
00bbac68_6537,12201.149756310326
00bbac68_6538,12201.146729550443
00bbac68_6539,12201.176035873754
00bbac68_6540,12201.174116774284
00bbac68_6541,12201.171373645411
00bbac68_6542,12201.168861586459
00bbac68_6543,12201.208197876334
00bbac68_6544,12201.2077761958
00bbac68_6545,12201.204135125581
00bbac68_6546,12201.210763474375
00bbac68_6547,12201.255976472969
00bbac68_6548,12201.268033894048
00bbac68_6549,12201.273246748879
00bbac68_6550,12201.273149753082
00bbac68_6551,12201.313405745486
00bbac68_6552,12201.309259423535
00bbac68_6553,12201.30716190338
00bbac68_6554,12201.299994865049
00bbac68_6555,12201.321895380379
00bbac68_6556,12201.29716341568
00bbac68_6557,12201.277440382886
00bbac68_6558,12201.258231676511
00bbac68_6559,12201.279562005531
00bbac68_6560,12201.265590689907
00bbac68_6561,12201.255479154706
00bbac68_6562,12201.25759481897
00bbac68_6563,12201.295769806731
00bbac68_6564,12201.300043153664
00bbac68_6565,12201.311144366942
00bbac68_6566,12201.323206034573
00bbac68_6567,12201.3723207292
00bbac68_6568,12201.38513297484
00bbac68_6569,12201.405886858283
00bbac68_6570,12201.407325169403
00bbac68_6571,12201.443782527438
00bbac68_6572,12201.43756783828
00bbac68_6573,12201.431697991466
00bbac68_6574,12201.422460973754
00bbac68_6575,12201.445886424464
00bbac68_6576,12201.440958059306
00bbac68_6577,12201.43334807808
00bbac68_6578,12201.427864056759
00bbac68_6579,12201.46063774912
00bbac68_6580,12201.456958171022
00bbac68_6581,12201.449058506987
00bbac68_6582,12201.4488170773
00bbac68_6583,12201.486693773362
00bbac68_6584,12201.49714024012
00bbac68_6585,12201.498278411447
00bbac68_6586,12201.492102779206
00bbac68_6587,12201.5183909103
00bbac68_6588,12201.503394029141
00bbac68_6589,12201.494082329125
00bbac68_6590,12201.483666612241
00bbac68_6591,12201.509666284626
00bbac68_6592,12201.506161451009
00bbac68_6593,12201.503835028963
00bbac68_6594,12201.503419564408
00bbac68_6595,12201.507581445354
00bbac68_6596,12201.540320431744
00bbac68_6597,12201.544246024852
00bbac68_6598,12201.55136455484
00bbac68_6599,12201.551490741484
00bbac68_6600,12201.596726668447
00bbac68_6601,12201.59174702569
00bbac68_6602,12201.593752649469
00bbac68_6603,12201.592116975979
00bbac68_6604,12201.630058756858
00bbac68_6605,12201.629777543445
00bbac68_6606,12201.629938943175
00bbac68_6607,12201.61360813097
00bbac68_6608,12201.650435200441
00bbac68_6609,12201.651040935927
00bbac68_6610,12201.659600576719
00bbac68_6611,12201.671853626434
00bbac68_6612,12201.730492146482
00bbac68_6613,12201.753032271186
00bbac68_6614,12201.782610926915
00bbac68_6615,12201.812587251945
00bbac68_6616,12201.87261570313
00bbac68_6617,12201.897347162945
00bbac68_6618,12201.91931762056
00bbac68_6619,12201.94527843827
00bbac68_6620,12201.993061872025
00bbac68_6621,12201.996582721933
00bbac68_6622,12201.99872609849
00bbac68_6623,12201.982448687844
00bbac68_6624,12202.013317927995
00bbac68_6625,12202.01432777752
00bbac68_6626,12202.017234855804
00bbac68_6627,12202.018759865943
00bbac68_6628,12202.045375715894
00bbac68_6629,12202.035817162345
00bbac68_6630,12202.03685294502
00bbac68_6631,12202.039556515258
00bbac68_6632,12202.063000697786
00bbac68_6633,12202.053990048842
00bbac68_6634,12202.048166107637
00bbac68_6635,12202.044519341749
00bbac68_6636,12202.062514201793
00bbac68_6637,12202.05031961336
00bbac68_6638,12202.04835756487
00bbac68_6639,12202.041331858356
00bbac68_6640,12202.047362047655
00bbac68_6641,12202.036284575313
00bbac68_6642,12202.028386450937
00bbac68_6643,12202.017226290329
00bbac68_6644,12202.017795370713
00bbac68_6645,12201.998601526002
00bbac68_6646,12201.976528870742
00bbac68_6647,12201.956680258714
00bbac68_6648,12201.959730129034
00bbac68_6649,12201.930517414321
00bbac68_6650,12201.912361908137
00bbac68_6651,12201.885462258073
00bbac68_6652,12201.897195466692
00bbac68_6653,12201.89798487773
00bbac68_6654,12201.91723240244
00bbac68_6655,12201.926832316265
00bbac68_6656,12201.930491108738
00bbac68_6657,12201.955911697787
00bbac68_6658,12201.958859095803
00bbac68_6659,12201.976299029215
00bbac68_6660,12202.01358128964
00bbac68_6661,12202.020152724599
00bbac68_6662,12202.014117306504
00bbac68_6663,12202.013724528017
00bbac68_6664,12202.026288126972
00bbac68_6665,12202.011175253048
00bbac68_6666,12201.995736320414
00bbac68_6667,12201.986825812342
00bbac68_6668,12202.00580492654
00bbac68_6669,12201.99705137854
00bbac68_6670,12201.979299263221
00bbac68_6671,12201.963878152952
00bbac68_6672,12201.955736429403
00bbac68_6673,12201.928512503791
00bbac68_6674,12201.923043892171
00bbac68_6675,12201.940650469467
00bbac68_6676,12201.95746856717
00bbac68_6677,12201.947466977686
00bbac68_6678,12201.93083416539
00bbac68_6679,12201.91326636719
00bbac68_6680,12201.920107309204
00bbac68_6681,12201.896049376393
00bbac68_6682,12201.881194537082
00bbac68_6683,12201.865378601746
00bbac68_6684,12201.873464971333
00bbac68_6685,12201.8729236765
00bbac68_6686,12201.858508475474
00bbac68_6687,12201.862965445853
00bbac68_6688,12201.885017106692
00bbac68_6689,12201.90182819203
00bbac68_6690,12201.924117044859
00bbac68_6691,12201.955862086515
00bbac68_6692,12202.002478141294
00bbac68_6693,12202.033131671998
00bbac68_6694,12202.057735111317
00bbac68_6695,12202.090747649305
00bbac68_6696,12202.137697143107
00bbac68_6697,12202.16695622963
00bbac68_6698,12202.183046673295
00bbac68_6699,12202.192064060942
00bbac68_6700,12202.212666678073
00bbac68_6701,12202.200616940983
00bbac68_6702,12202.18361158477
00bbac68_6703,12202.172083330903
00bbac68_6704,12202.19027995093
00bbac68_6705,12202.189390533795
00bbac68_6706,12202.189365167118
00bbac68_6707,12202.177632185272
00bbac68_6708,12202.202958229956
00bbac68_6709,12202.220329034333
00bbac68_6710,12202.232489947693
00bbac68_6711,12202.246074766244
00bbac68_6712,12202.276248887114
00bbac68_6713,12202.288767651153
00bbac68_6714,12202.292094345676
00bbac68_6715,12202.271433710153
00bbac68_6716,12202.274820195324
00bbac68_6717,12202.26971266741
00bbac68_6718,12202.268745032563
00bbac68_6719,12202.263445362398
00bbac68_6720,12202.285760789207
00bbac68_6721,12202.283653529115
00bbac68_6722,12202.283910432578
00bbac68_6723,12202.281818020712
00bbac68_6724,12202.302013230506
00bbac68_6725,12202.308615706464
00bbac68_6726,12202.325638516013
00bbac68_6727,12202.339538385017
00bbac68_6728,12202.361606571953
00bbac68_6729,12202.37431676907
00bbac68_6730,12202.39021135007
00bbac68_6731,12202.373059634636
00bbac68_6732,12202.390301416042
00bbac68_6733,12202.395992075246
00bbac68_6734,12202.400811727804
00bbac68_6735,12202.456187289104
00bbac68_6736,12202.532026698442
00bbac68_6737,12202.560967386858
00bbac68_6738,12202.567234471333
00bbac68_6739,12202.546053656843
00bbac68_6740,12202.523153504284
00bbac68_6741,12202.456675451627
00bbac68_6742,12202.378703578559
00bbac68_6743,12202.2889268211
00bbac68_6744,12202.23207013862
00bbac68_6745,12202.145824667157
00bbac68_6746,12202.043028761565
00bbac68_6747,12201.944798813638
00bbac68_6748,12201.90441224352
00bbac68_6749,12201.869455354084
00bbac68_6750,12201.85735988812
00bbac68_6751,12201.875653461962
00bbac68_6752,12201.902512280245
00bbac68_6753,12201.893244891095
00bbac68_6754,12201.877989442086
00bbac68_6755,12201.855987036675
00bbac68_6756,12201.862102348878
00bbac68_6757,12201.83574312936
00bbac68_6758,12201.818738471105
00bbac68_6759,12201.80357544511
00bbac68_6760,12201.799018364569
00bbac68_6761,12201.76148639547
00bbac68_6762,12201.74159012636
00bbac68_6763,12201.728823796684
00bbac68_6764,12201.732113782302
00bbac68_6765,12201.71930460806
00bbac68_6766,12201.701525979179
00bbac68_6767,12201.678831659974
00bbac68_6768,12201.687785627864
00bbac68_6769,12201.686096837364
00bbac68_6770,12201.679117724485
00bbac68_6771,12201.668436292515
00bbac68_6772,12201.67003984474
00bbac68_6773,12201.65584269424
00bbac68_6774,12201.650674721259
00bbac68_6775,12201.655330735082
00bbac68_6776,12201.681396438713
00bbac68_6777,12201.694646409793
00bbac68_6778,12201.719206357151
00bbac68_6779,12201.742602602057
00bbac68_6780,12201.786243567716
00bbac68_6781,12201.813545242441
00bbac68_6782,12201.841298044781
00bbac68_6783,12201.867890296498
00bbac68_6784,12201.90743324168
00bbac68_6785,12201.923408416877
00bbac68_6786,12201.92517012628
00bbac68_6787,12201.918281541171
00bbac68_6788,12201.926257711948
00bbac68_6789,12201.895367265392
00bbac68_6790,12201.868806249116
00bbac68_6791,12201.869544748753
00bbac68_6792,12201.893615772075
00bbac68_6793,12201.89457412491
00bbac68_6794,12201.90737122764
00bbac68_6795,12201.920416986175
00bbac68_6796,12201.951724710876
00bbac68_6797,12201.974912923375
00bbac68_6798,12201.980964369737
00bbac68_6799,12202.002341418121
00bbac68_6800,12202.043472597461
00bbac68_6801,12202.054939808406
00bbac68_6802,12202.05089937399
00bbac68_6803,12202.064722351895
00bbac68_6804,12202.077126880751
00bbac68_6805,12202.105869621326
00bbac68_6806,12202.119792504127
00bbac68_6807,12202.13259760239
00bbac68_6808,12202.133336350349
00bbac68_6809,12202.1552730524
00bbac68_6810,12202.16820078639
00bbac68_6811,12202.176697964578
00bbac68_6812,12202.182001357589
00bbac68_6813,12202.211728845554
00bbac68_6814,12202.215657575822
00bbac68_6815,12202.21939906153
00bbac68_6816,12202.223935340115
00bbac68_6817,12202.241329860954
00bbac68_6818,12202.240410341274
00bbac68_6819,12202.25423253196
00bbac68_6820,12202.264071531252
00bbac68_6821,12202.29790555142
00bbac68_6822,12202.318480557196
00bbac68_6823,12202.339999146485
00bbac68_6824,12202.358434393413
00bbac68_6825,12202.412835689844
00bbac68_6826,12202.452599930462
00bbac68_6827,12202.488704113852
00bbac68_6828,12202.523793806524
00bbac68_6829,12202.5695413849
00bbac68_6830,12202.58601209516
00bbac68_6831,12202.611004497894
00bbac68_6832,12202.625317174847
00bbac68_6833,12202.65276127348
00bbac68_6834,12202.662441526529
00bbac68_6835,12202.664769514588
00bbac68_6836,12202.665555353751
00bbac68_6837,12202.691897143452
00bbac68_6838,12202.697481702737
00bbac68_6839,12202.715077908075
00bbac68_6840,12202.72634370708
00bbac68_6841,12202.74955443347
00bbac68_6842,12202.765134344027
00bbac68_6843,12202.782529274773
00bbac68_6844,12202.796811089846
00bbac68_6845,12202.81804255086
00bbac68_6846,12202.823377095057
00bbac68_6847,12202.830475093535
00bbac68_6848,12202.839035318528
00bbac68_6849,12202.868030653044
00bbac68_6850,12202.887190130825
00bbac68_6851,12202.901355285458
00bbac68_6852,12202.91665588176
00bbac68_6853,12202.948882415267
00bbac68_6854,12202.951666967887
00bbac68_6855,12202.958074103928
00bbac68_6856,12202.981597506987
00bbac68_6857,12202.973125246277
00bbac68_6858,12202.9702315203
00bbac68_6859,12202.959844263441
00bbac68_6860,12202.958707658818
00bbac68_6861,12202.942794725868
00bbac68_6862,12202.92271959176
00bbac68_6863,12202.91337207694
00bbac68_6864,12202.939959394429
00bbac68_6865,12202.957132748083
00bbac68_6866,12202.98461601634
00bbac68_6867,12203.017044192258
00bbac68_6868,12203.073879931877
00bbac68_6869,12203.11244567201
00bbac68_6870,12203.138011069685
00bbac68_6871,12203.175794296607
00bbac68_6872,12203.200771580901
00bbac68_6873,12203.220837346787
00bbac68_6874,12203.2440095002
00bbac68_6875,12203.269905767214
00bbac68_6876,12203.279316611624
00bbac68_6877,12203.28062369643
00bbac68_6878,12203.265752419775
00bbac68_6879,12203.280125803762
00bbac68_6880,12203.279082178233
00bbac68_6881,12203.27961562999
00bbac68_6882,12203.27516621288
00bbac68_6883,12203.28692612152
00bbac68_6884,12203.286087553208
00bbac68_6885,12203.274947870801
00bbac68_6886,12203.279812939527
00bbac68_6887,12203.273454067947
00bbac68_6888,12203.268891607568
00bbac68_6889,12203.271206682834
00bbac68_6890,12203.292164101656
00bbac68_6891,12203.304464016002
00bbac68_6892,12203.318170939607
00bbac68_6893,12203.328057045666
00bbac68_6894,12203.36473643086
00bbac68_6895,12203.383385696685
00bbac68_6896,12203.409287170833
00bbac68_6897,12203.447836196536
00bbac68_6898,12203.475135033188
00bbac68_6899,12203.501340209123
00bbac68_6900,12203.521791776555
00bbac68_6901,12203.560419921778
00bbac68_6902,12203.58425533445
00bbac68_6903,12203.61553469914
00bbac68_6904,12203.648030547585
00bbac68_6905,12203.690028447978
00bbac68_6906,12203.71220196754
00bbac68_6907,12203.720302145804
00bbac68_6908,12203.734977126789
00bbac68_6909,12203.730603126387
00bbac68_6910,12203.733223660018
00bbac68_6911,12203.742595816553
00bbac68_6912,12203.776995036429
00bbac68_6913,12203.79303003323
00bbac68_6914,12203.815670688173
00bbac68_6915,12203.817686046374
00bbac68_6916,12203.813564503798
00bbac68_6917,12203.802916649769
00bbac68_6918,12203.807511559362
00bbac68_6919,12203.827104904749
00bbac68_6920,12203.829111100524
00bbac68_6921,12203.835940530367
00bbac68_6922,12203.852720193301
00bbac68_6923,12203.86648622136
00bbac68_6924,12203.850543286597
00bbac68_6925,12203.844520554498
00bbac68_6926,12203.846501174869
00bbac68_6927,12203.854083682185
00bbac68_6928,12203.843916778153
00bbac68_6929,12203.840219678497
00bbac68_6930,12203.83906874822
00bbac68_6931,12203.855915712493
00bbac68_6932,12203.854245766406
00bbac68_6933,12203.855334924781
00bbac68_6934,12203.849760077714
00bbac68_6935,12203.858940440357
00bbac68_6936,12203.872293086377
00bbac68_6937,12203.879735391392
00bbac68_6938,12203.883440248228
00bbac68_6939,12203.898950245088
00bbac68_6940,12203.915103712881
00bbac68_6941,12203.931386898486
00bbac68_6942,12203.954504558766
00bbac68_6943,12203.947536224598
00bbac68_6944,12203.947062299216
00bbac68_6945,12203.943946739613
00bbac68_6946,12203.963137873592
00bbac68_6947,12203.95528134256
00bbac68_6948,12203.946392787824
00bbac68_6949,12203.940907935294
00bbac68_6950,12203.963686099853
00bbac68_6951,12203.987664305956
00bbac68_6952,12204.009958354458
00bbac68_6953,12204.027055401004
00bbac68_6954,12204.082344474085
00bbac68_6955,12204.117226795164
00bbac68_6956,12204.146369333768
00bbac68_6957,12204.157154886436
00bbac68_6958,12204.175869862824
00bbac68_6959,12204.175470689432
00bbac68_6960,12204.172502351154
00bbac68_6961,12204.168141378257
00bbac68_6962,12204.183486148642
00bbac68_6963,12204.208104905683
00bbac68_6964,12204.208432389907
00bbac68_6965,12204.203240836345
00bbac68_6966,12204.198184323694
00bbac68_6967,12204.200187922292
00bbac68_6968,12204.182296932311
00bbac68_6969,12204.164001812196
00bbac68_6970,12204.161583601852
00bbac68_6971,12204.17026969819
00bbac68_6972,12204.173201201213
00bbac68_6973,12204.16066394806
00bbac68_6974,12204.154563610824
00bbac68_6975,12204.166023147798
00bbac68_6976,12204.175186877721
00bbac68_6977,12204.183603900734
00bbac68_6978,12204.19727657028
00bbac68_6979,12204.222104583157
00bbac68_6980,12204.2264014119
00bbac68_6981,12204.220069054538
00bbac68_6982,12204.231600155523
00bbac68_6983,12204.275722806888
00bbac68_6984,12204.278630068118
00bbac68_6985,12204.29171573575
00bbac68_6986,12204.300440350704
00bbac68_6987,12204.331305661974
00bbac68_6988,12204.342162485296
00bbac68_6989,12204.33934065982
00bbac68_6990,12204.338029164393
00bbac68_6991,12204.347836505658
00bbac68_6992,12204.342497311374
00bbac68_6993,12204.342765343059
00bbac68_6994,12204.340353407442
00bbac68_6995,12204.351532502642
00bbac68_6996,12204.344860864003
00bbac68_6997,12204.343315089129
00bbac68_6998,12204.34256300167
00bbac68_6999,12204.354420344962
00bbac68_7000,12204.349926699677
00bbac68_7001,12204.35555689057
00bbac68_7002,12204.37131901693
00bbac68_7003,12204.410397312718
00bbac68_7004,12204.42081995049
00bbac68_7005,12204.438404130022
00bbac68_7006,12204.468359463159
00bbac68_7007,12204.52007742987
00bbac68_7008,12204.5453853712
00bbac68_7009,12204.580620939
00bbac68_7010,12204.619405009305
00bbac68_7011,12204.669268374273
00bbac68_7012,12204.681316570077
00bbac68_7013,12204.669122922493
00bbac68_7014,12204.639848964493
00bbac68_7015,12204.638655413946
00bbac68_7016,12204.627986361043
00bbac68_7017,12204.603474904501
00bbac68_7018,12204.565641738554
00bbac68_7019,12204.525679837318
00bbac68_7020,12204.477128265053
00bbac68_7021,12204.435376576848
00bbac68_7022,12204.43680556205
00bbac68_7023,12204.409785644533
00bbac68_7024,12204.424439653527
00bbac68_7025,12204.42797382107
00bbac68_7026,12204.44985202128
00bbac68_7027,12204.442320031243
00bbac68_7028,12204.42018288178
00bbac68_7029,12204.401759465745
00bbac68_7030,12204.31349633491
00bbac68_7031,12204.184382698486
00bbac68_7032,12204.142524600877
00bbac68_7033,12204.12530977756
00bbac68_7034,12204.0999629216
00bbac68_7035,12204.077187274463
00bbac68_7036,12204.06771242485
00bbac68_7037,12204.116511870467
00bbac68_7038,12204.303446175298
00bbac68_7039,12204.59545941147
00bbac68_7040,12204.818893048032
00bbac68_7041,12204.934388490437
00bbac68_7042,12204.975244315001
00bbac68_7043,12205.070607897731
00bbac68_7044,12205.218518657832
00bbac68_7045,12205.381917740518
00bbac68_7046,12205.5682214669
00bbac68_7047,12205.74224747148
00bbac68_7048,12205.938364034351
00bbac68_7049,12206.152745762141
00bbac68_7050,12206.315961887783
00bbac68_7051,12206.424948958891
00bbac68_7052,12206.536842267022
00bbac68_7053,12206.615681124958
00bbac68_7054,12206.651357340665
00bbac68_7055,12206.647099977408
00bbac68_7056,12206.62197183204
00bbac68_7057,12206.581492597697
00bbac68_7058,12206.541915978263
00bbac68_7059,12206.474320332829
00bbac68_7060,12206.401797554776
00bbac68_7061,12206.294666894099
00bbac68_7062,12206.171655876846
00bbac68_7063,12206.141419680258
00bbac68_7064,12206.219576685198
00bbac68_7065,12206.227083326035
00bbac68_7066,12206.247648433195
00bbac68_7067,12206.331535500385
00bbac68_7068,12206.395796392357
00bbac68_7069,12206.4031179012
00bbac68_7070,12206.364038124291
00bbac68_7071,12206.328962504054
00bbac68_7072,12206.3414272698
00bbac68_7073,12206.333653225198
00bbac68_7074,12206.304844057708
00bbac68_7075,12206.220961910574
00bbac68_7076,12206.169296327067
00bbac68_7077,12206.146994487523
00bbac68_7078,12206.107490996992
00bbac68_7079,12206.065714603854
00bbac68_7080,12206.048676719374
00bbac68_7081,12206.011918289683
00bbac68_7082,12206.001688431546
00bbac68_7083,12206.024036559744
00bbac68_7084,12206.086597180922
00bbac68_7085,12206.12784545432
00bbac68_7086,12206.164269814217
00bbac68_7087,12206.193733942611
00bbac68_7088,12206.246368694254
00bbac68_7089,12206.271597967052
00bbac68_7090,12206.285381293512
00bbac68_7091,12206.300406943614
00bbac68_7092,12206.33429730391
00bbac68_7093,12206.341913369986
00bbac68_7094,12206.3564976148
00bbac68_7095,12206.385190011717
00bbac68_7096,12206.422048274862
00bbac68_7097,12206.421889978155
00bbac68_7098,12206.419639855938
00bbac68_7099,12206.415487380487
00bbac68_7100,12206.449408561259
00bbac68_7101,12206.488176627114
00bbac68_7102,12206.508643662408
00bbac68_7103,12206.505366321517
00bbac68_7104,12206.524681209185
00bbac68_7105,12206.534363456434
00bbac68_7106,12206.521598519848
00bbac68_7107,12206.498038386062
00bbac68_7108,12206.476159398737
00bbac68_7109,12206.407655849207
00bbac68_7110,12206.347798976283
00bbac68_7111,12206.286556241794
00bbac68_7112,12206.251077815545
00bbac68_7113,12206.203465811892
00bbac68_7114,12206.175380624296
00bbac68_7115,12206.171373125995
00bbac68_7116,12206.210530834182
00bbac68_7117,12206.241177148608
00bbac68_7118,12206.270197782142
00bbac68_7119,12206.284279789463
00bbac68_7120,12206.327162983514
00bbac68_7121,12206.35641207905
00bbac68_7122,12206.358765258645
00bbac68_7123,12206.349663907738
00bbac68_7124,12206.347461992735
00bbac68_7125,12206.324838561271
00bbac68_7126,12206.29832387247
00bbac68_7127,12206.282540908198
00bbac68_7128,12206.294700565344
00bbac68_7129,12206.27580206831
00bbac68_7130,12206.264678973612
00bbac68_7131,12206.256966893536
00bbac68_7132,12206.241485832994
00bbac68_7133,12206.257590782265
00bbac68_7134,12206.250607867083
00bbac68_7135,12206.243386023782
00bbac68_7136,12206.25581686498
00bbac68_7137,12206.305568341386
00bbac68_7138,12206.34295539456
00bbac68_7139,12206.36741452671
00bbac68_7140,12206.38696424446
00bbac68_7141,12206.432792187074
00bbac68_7142,12206.436434222107
00bbac68_7143,12206.443063910034
00bbac68_7144,12206.449784398646
00bbac68_7145,12206.448855449644
00bbac68_7146,12206.437527410973
00bbac68_7147,12206.428622962152
00bbac68_7148,12206.426931449714
00bbac68_7149,12206.438747520317
00bbac68_7150,12206.468083768877
00bbac68_7151,12206.49175443664
00bbac68_7152,12206.50021928415
00bbac68_7153,12206.548802695283
00bbac68_7154,12206.564769886832
00bbac68_7155,12206.557648147595
00bbac68_7156,12206.547021910881
00bbac68_7157,12206.552586821588
00bbac68_7158,12206.522112540893
00bbac68_7159,12206.481766070869
00bbac68_7160,12206.383645479014
00bbac68_7161,12206.294967010814
00bbac68_7162,12206.216666240196
00bbac68_7163,12206.155971276992
00bbac68_7164,12206.083144524331
00bbac68_7165,12206.07324391613
00bbac68_7166,12206.077853279552
00bbac68_7167,12206.061861332142
00bbac68_7168,12206.036295613896
00bbac68_7169,12206.03846880989
00bbac68_7170,12206.031713689861
00bbac68_7171,12206.057613395946
00bbac68_7172,12206.076572587608
00bbac68_7173,12206.09788748917
00bbac68_7174,12206.066343000683
00bbac68_7175,12206.034477257457
00bbac68_7176,12206.010716625606
00bbac68_7177,12206.004083709422
00bbac68_7178,12205.977952345258
00bbac68_7179,12205.952531210318
00bbac68_7180,12205.930931956826
00bbac68_7181,12205.901474213199
00bbac68_7182,12205.852171586352
00bbac68_7183,12205.835930041432
00bbac68_7184,12205.861034849906
00bbac68_7185,12205.913228577809
00bbac68_7186,12205.972442654063
00bbac68_7187,12206.059247860176
00bbac68_7188,12206.147346736638
00bbac68_7189,12206.242657912931
00bbac68_7190,12206.339657585118
00bbac68_7191,12206.40069626866
00bbac68_7192,12206.468286012232
00bbac68_7193,12206.534379853889
00bbac68_7194,12206.57405544652
00bbac68_7195,12206.569289601359
00bbac68_7196,12206.56282021526
00bbac68_7197,12206.534765432785
00bbac68_7198,12206.526227990178
00bbac68_7199,12206.527967051317
00bbac68_7200,12206.520923965041
00bbac68_7201,12206.506762802142
00bbac68_7202,12206.508318768529
00bbac68_7203,12206.502084534146
00bbac68_7204,12206.506735038214
00bbac68_7205,12206.498458923777
00bbac68_7206,12206.505200065838
00bbac68_7207,12206.495624719906
00bbac68_7208,12206.4797289013
00bbac68_7209,12206.463292608227
00bbac68_7210,12206.452968955706
00bbac68_7211,12206.43110529598
00bbac68_7212,12206.391998149222
00bbac68_7213,12206.35832497681
00bbac68_7214,12206.339866374365
00bbac68_7215,12206.305026521675
00bbac68_7216,12206.276589505247
00bbac68_7217,12206.241097787388
00bbac68_7218,12206.237940187899
00bbac68_7219,12206.232897033207
00bbac68_7220,12206.230530344927
00bbac68_7221,12206.213342960666
00bbac68_7222,12206.217774262186
00bbac68_7223,12206.19900090863
00bbac68_7224,12206.187976857673
00bbac68_7225,12206.216430175255
00bbac68_7226,12206.249743788103
00bbac68_7227,12206.260400903826
00bbac68_7228,12206.266744137294
00bbac68_7229,12206.297133413993
00bbac68_7230,12206.386988949027
00bbac68_7231,12206.46191253852
00bbac68_7232,12206.485897070146
00bbac68_7233,12206.411160806229
00bbac68_7234,12206.392102492107
00bbac68_7235,12206.409662890122
00bbac68_7236,12206.48322475017
00bbac68_7237,12206.614916068458
00bbac68_7238,12206.681742949264
00bbac68_7239,12206.784335310154
00bbac68_7240,12206.972881764326
00bbac68_7241,12207.271134455932
00bbac68_7242,12207.74766553735
00bbac68_7243,12208.303028070499
00bbac68_7244,12208.607245489433
00bbac68_7245,12208.696730625263
00bbac68_7246,12208.69496797884
00bbac68_7247,12208.66083118723
00bbac68_7248,12208.638390146147
00bbac68_7249,12208.641442867598
00bbac68_7250,12208.743221542381
00bbac68_7251,12208.848811115626
00bbac68_7252,12208.896066503225
00bbac68_7253,12208.919691329183
00bbac68_7254,12209.163697075159
00bbac68_7255,12209.381351302727
00bbac68_7256,12209.560556143819
00bbac68_7257,12209.719141400901
00bbac68_7258,12209.808907247105
00bbac68_7259,12209.867350980301
00bbac68_7260,12209.840306661587
00bbac68_7261,12209.796341543364
00bbac68_7262,12209.789553033801
00bbac68_7263,12209.787883121267
00bbac68_7264,12209.757788403615
00bbac68_7265,12209.724740499472
00bbac68_7266,12209.70656320608
00bbac68_7267,12209.686783247382
00bbac68_7268,12209.654034553736
00bbac68_7269,12209.618400624959
00bbac68_7270,12209.583547581018
00bbac68_7271,12209.577445006442
00bbac68_7272,12209.55793946004
00bbac68_7273,12209.547387654191
00bbac68_7274,12209.559746182735
00bbac68_7275,12209.599032127018
00bbac68_7276,12209.60314411138
00bbac68_7277,12209.603775206342
00bbac68_7278,12209.61031623347
00bbac68_7279,12209.629669316642
00bbac68_7280,12209.664538852678
00bbac68_7281,12209.70685602264
00bbac68_7282,12209.73960456605
00bbac68_7283,12209.762808852172
00bbac68_7284,12209.786488850346
00bbac68_7285,12209.788569428287
00bbac68_7286,12209.792546534742
00bbac68_7287,12209.795647021772
00bbac68_7288,12209.783808947053
00bbac68_7289,12209.765463143198
00bbac68_7290,12209.765932888657
00bbac68_7291,12209.78528364072
00bbac68_7292,12209.8142826982
00bbac68_7293,12209.833798355
00bbac68_7294,12209.849072405776
00bbac68_7295,12209.854899205186
00bbac68_7296,12209.883527671462
00bbac68_7297,12209.888923922548
00bbac68_7298,12209.87855428912
00bbac68_7299,12209.867685245594
00bbac68_7300,12209.868925809475
00bbac68_7301,12209.856483347394
00bbac68_7302,12209.8600194936
00bbac68_7303,12209.860631761656
00bbac68_7304,12209.865700258493
00bbac68_7305,12209.859931213372
00bbac68_7306,12209.860460779038
00bbac68_7307,12209.851540982763
00bbac68_7308,12209.838739336841
00bbac68_7309,12209.819832451647
00bbac68_7310,12209.801372413309
00bbac68_7311,12209.773292177877
00bbac68_7312,12209.777324527517
00bbac68_7313,12209.783457736163
00bbac68_7314,12209.809832396717
00bbac68_7315,12209.844021834013
00bbac68_7316,12209.894187192269
00bbac68_7317,12209.923958164642
00bbac68_7318,12209.953330928312
00bbac68_7319,12209.992527497114
00bbac68_7320,12210.038246128552
00bbac68_7321,12210.054871992925
00bbac68_7322,12210.052984795424
00bbac68_7323,12210.033613646558
00bbac68_7324,12210.014830401102
00bbac68_7325,12210.030561803216
00bbac68_7326,12210.049436176312
00bbac68_7327,12210.068173512034
00bbac68_7328,12210.11390071216
00bbac68_7329,12210.182612223829
00bbac68_7330,12210.246299554005
00bbac68_7331,12210.297743143426
00bbac68_7332,12210.347202966828
00bbac68_7333,12210.381503484585
00bbac68_7334,12210.377115502042
00bbac68_7335,12210.349813536537
00bbac68_7336,12210.297126411255
00bbac68_7337,12210.262781311978
00bbac68_7338,12210.24121699546
00bbac68_7339,12210.20903196557
00bbac68_7340,12210.158170572136
00bbac68_7341,12210.120286458505
00bbac68_7342,12210.059602661151
00bbac68_7343,12209.974270153323
00bbac68_7344,12209.911065654767
00bbac68_7345,12209.874729802992
00bbac68_7346,12209.852295726005
00bbac68_7347,12209.851448762553
00bbac68_7348,12209.860118403749
00bbac68_7349,12209.909682037842
00bbac68_7350,12209.99863087317
00bbac68_7351,12210.127969613432
00bbac68_7352,12210.251118352839
00bbac68_7353,12210.384295460348
00bbac68_7354,12210.47102817157
00bbac68_7355,12210.529896232409
00bbac68_7356,12210.638255111427
00bbac68_7357,12210.746363731148
00bbac68_7358,12210.76659722417
00bbac68_7359,12210.792674536187
00bbac68_7360,12210.829226973246
00bbac68_7361,12210.875727532863
00bbac68_7362,12210.909962109521
00bbac68_7363,12210.928875980839
00bbac68_7364,12210.939983703935
00bbac68_7365,12210.955085620668
00bbac68_7366,12210.976844936036
00bbac68_7367,12210.980807919474
00bbac68_7368,12210.968596736551
00bbac68_7369,12210.957701025989
00bbac68_7370,12210.95060226708
00bbac68_7371,12210.970905737451
00bbac68_7372,12211.007695651666
00bbac68_7373,12211.003635773197
00bbac68_7374,12211.016093680952
00bbac68_7375,12211.01248464916
00bbac68_7376,12211.008910016508
00bbac68_7377,12211.001040129808
00bbac68_7378,12210.991676080506
00bbac68_7379,12210.957573153242
00bbac68_7380,12210.941070595502
00bbac68_7381,12210.957515456479
00bbac68_7382,12211.040900421382
00bbac68_7383,12211.124754627413
00bbac68_7384,12211.20888785816
00bbac68_7385,12211.260884014637
00bbac68_7386,12211.308649631192
00bbac68_7387,12211.323427927782
00bbac68_7388,12211.341435886605
00bbac68_7389,12211.352995998108
00bbac68_7390,12211.376686105064
00bbac68_7391,12211.384556801911
00bbac68_7392,12211.389426705013
00bbac68_7393,12211.406747516525
00bbac68_7394,12211.448678085446
00bbac68_7395,12211.478456599238
00bbac68_7396,12211.497135257534
00bbac68_7397,12211.512565979452
00bbac68_7398,12211.557826597835
00bbac68_7399,12211.591885942667
00bbac68_7400,12211.600641626123
00bbac68_7401,12211.59857833647
00bbac68_7402,12211.598324970058
00bbac68_7403,12211.59039978503
00bbac68_7404,12211.596929287949
00bbac68_7405,12211.634771877634
00bbac68_7406,12211.69751216256
00bbac68_7407,12211.744992855203
00bbac68_7408,12211.806293171272
00bbac68_7409,12211.882332788644
00bbac68_7410,12211.953979025911
00bbac68_7411,12211.990868670042
00bbac68_7412,12212.019797803
00bbac68_7413,12212.047789605227
00bbac68_7414,12212.122748045513
00bbac68_7415,12212.17476321365
00bbac68_7416,12212.24993986557
00bbac68_7417,12212.315380738737
00bbac68_7418,12212.385030175128
00bbac68_7419,12212.444518253524
00bbac68_7420,12212.49832382178
00bbac68_7421,12212.55230490772
00bbac68_7422,12212.65302118435
00bbac68_7423,12212.750994973818
00bbac68_7424,12212.826749616357
00bbac68_7425,12212.875663130266
00bbac68_7426,12212.926371480391
00bbac68_7427,12212.978406250968
00bbac68_7428,12213.023937499667
00bbac68_7429,12213.030958103693
00bbac68_7430,12213.021977078988
00bbac68_7431,12212.978029377107
00bbac68_7432,12212.956275403023
00bbac68_7433,12212.929649730844
00bbac68_7434,12212.926502019507
00bbac68_7435,12212.910313517119
00bbac68_7436,12212.905497756326
00bbac68_7437,12212.91110550175
00bbac68_7438,12212.916289474819
00bbac68_7439,12212.912362454488
00bbac68_7440,12212.919729303274
00bbac68_7441,12212.897082970889
00bbac68_7442,12212.893198025977
00bbac68_7443,12212.928010998472
00bbac68_7444,12212.891372836531
00bbac68_7445,12212.823992795813
00bbac68_7446,12212.7993493638
00bbac68_7447,12212.754864667246
00bbac68_7448,12212.707839286997
00bbac68_7449,12212.681703769276
00bbac68_7450,12212.654532441044
00bbac68_7451,12212.629021359622
00bbac68_7452,12212.595940481739
00bbac68_7453,12212.571340637172
00bbac68_7454,12212.502460733378
00bbac68_7455,12212.42528381315
00bbac68_7456,12212.365428298439
00bbac68_7457,12212.327392771387
00bbac68_7458,12212.28352574972
00bbac68_7459,12212.256675951416
00bbac68_7460,12212.267850031703
00bbac68_7461,12212.296552529264
00bbac68_7462,12212.292339117097
00bbac68_7463,12212.286095316336
00bbac68_7464,12212.279013902344
00bbac68_7465,12212.31518473669
00bbac68_7466,12212.333282364645
00bbac68_7467,12212.315489970664
00bbac68_7468,12212.285325546352
00bbac68_7469,12212.274410728045
00bbac68_7470,12212.272401482502
00bbac68_7471,12212.316105132932
00bbac68_7472,12212.437359977106
00bbac68_7473,12212.625882091314
00bbac68_7474,12212.720895845378
00bbac68_7475,12212.757988412775
00bbac68_7476,12212.794846963752
00bbac68_7477,12212.866446270005
00bbac68_7478,12212.916735987294
00bbac68_7479,12212.931420097784
00bbac68_7480,12212.942035493621
00bbac68_7481,12212.929695892573
00bbac68_7482,12212.882341435015
00bbac68_7483,12212.877424507464
00bbac68_7484,12212.954588202298
00bbac68_7485,12213.019066939514
00bbac68_7486,12213.072319041878
00bbac68_7487,12213.127749390602
00bbac68_7488,12213.18276765702
00bbac68_7489,12213.2620393922
00bbac68_7490,12213.319926794184
00bbac68_7491,12213.310261982893
00bbac68_7492,12213.300093196602
00bbac68_7493,12213.312393751985
00bbac68_7494,12213.343169940475
00bbac68_7495,12213.406267246664
00bbac68_7496,12213.43467178809
00bbac68_7497,12213.46430956948
00bbac68_7498,12213.48720863831
00bbac68_7499,12213.520266005926
00bbac68_7500,12213.533921052884
00bbac68_7501,12213.513852578277
00bbac68_7502,12213.478950290006
00bbac68_7503,12213.488422339346
00bbac68_7504,12213.481359675447
00bbac68_7505,12213.45507157087
00bbac68_7506,12213.427650843005
00bbac68_7507,12213.42163683279
00bbac68_7508,12213.402780737464
00bbac68_7509,12213.394458523862
00bbac68_7510,12213.426855394135
00bbac68_7511,12213.473244821002
00bbac68_7512,12213.493440621607
00bbac68_7513,12213.50779557911
00bbac68_7514,12213.51629613916
00bbac68_7515,12213.560092601756
00bbac68_7516,12213.62412422717
00bbac68_7517,12213.710939333943
00bbac68_7518,12213.770299520806
00bbac68_7519,12213.803469441804
00bbac68_7520,12213.798157965193
00bbac68_7521,12213.8283819379
00bbac68_7522,12213.8545976877
00bbac68_7523,12213.811140233147
00bbac68_7524,12213.74303089087
00bbac68_7525,12213.668549676462
00bbac68_7526,12213.643029550129
00bbac68_7527,12213.694712366598
00bbac68_7528,12213.68204315002
00bbac68_7529,12213.489529231969
00bbac68_7530,12213.330932183037
00bbac68_7531,12213.27028236415
00bbac68_7532,12213.236908174316
00bbac68_7533,12213.202187512725
00bbac68_7534,12213.197703686146
00bbac68_7535,12213.24057201451
00bbac68_7536,12213.255720671601
00bbac68_7537,12213.234624841563
00bbac68_7538,12213.27695417586
00bbac68_7539,12213.408375623567
00bbac68_7540,12213.625130404742
00bbac68_7541,12213.811032383375
00bbac68_7542,12213.855978988653
00bbac68_7543,12213.833585105669
00bbac68_7544,12213.83937451297
00bbac68_7545,12213.850825802361
00bbac68_7546,12213.863172312007
00bbac68_7547,12213.892933084542
00bbac68_7548,12213.909229483928
00bbac68_7549,12213.866989601973
00bbac68_7550,12213.822966161963
00bbac68_7551,12213.951295556177
00bbac68_7552,12214.185513358685
00bbac68_7553,12214.336966516019
00bbac68_7554,12214.421202246682
00bbac68_7555,12214.565875000448
00bbac68_7556,12214.750951351209
00bbac68_7557,12214.922436433602
00bbac68_7558,12215.013348514229
00e12e8b_2083,11604.740969431137
00e12e8b_2084,11604.646625375708
00e12e8b_2085,11604.627241190748
00e12e8b_2086,11604.59593334602
00e12e8b_2087,11604.567230737117
00e12e8b_2088,11604.537455994709
00e12e8b_2089,11604.54571308725
00e12e8b_2090,11604.532833053741
00e12e8b_2091,11604.4988739393
00e12e8b_2092,11604.462404270615
00e12e8b_2093,11604.466582844325
00e12e8b_2094,11604.431997063592
00e12e8b_2095,11604.397177584904
00e12e8b_2096,11604.386930847504
00e12e8b_2097,11604.401981286395
00e12e8b_2098,11604.393551088993
00e12e8b_2099,11604.393427736566
00e12e8b_2100,11604.381947668971
00e12e8b_2101,11604.409118455918
00e12e8b_2102,11604.412919790395
00e12e8b_2103,11604.417074544812
00e12e8b_2104,11604.437708700083
00e12e8b_2105,11604.482461962267
00e12e8b_2106,11604.522139100143
00e12e8b_2107,11604.547872175664
00e12e8b_2108,11604.592677501127
00e12e8b_2109,11604.71104934614
00e12e8b_2110,11604.791957180085
00e12e8b_2111,11604.928123815691
00e12e8b_2112,11605.021298778
00e12e8b_2113,11605.13692943954
00e12e8b_2114,11605.260650598411
00e12e8b_2115,11605.368891984914
00e12e8b_2116,11605.467913886343
00e12e8b_2117,11605.567011562596
00e12e8b_2118,11605.669838353131
00e12e8b_2119,11605.709679934873
00e12e8b_2120,11605.733101380887
00e12e8b_2121,11605.768595574642
00e12e8b_2122,11605.822886417902
00e12e8b_2123,11605.849781561616
00e12e8b_2124,11605.870153514523
00e12e8b_2125,11605.88457175008
00e12e8b_2126,11605.917480988392
00e12e8b_2127,11605.940057253078
00e12e8b_2128,11605.947264775881
00e12e8b_2129,11605.981386812582
00e12e8b_2130,11606.053813577259
00e12e8b_2131,11606.115950016048
00e12e8b_2132,11606.179845858014
00e12e8b_2133,11606.25460609691
00e12e8b_2134,11606.27831128941
00e12e8b_2135,11606.300010784827
00e12e8b_2136,11606.321768160762
00e12e8b_2137,11606.331437353381
00e12e8b_2138,11606.38194527035
00e12e8b_2139,11606.400558191075
00e12e8b_2140,11606.424085290824
00e12e8b_2141,11606.438452792712
00e12e8b_2142,11606.446616186297
00e12e8b_2143,11606.479251505249
00e12e8b_2144,11606.502996493702
00e12e8b_2145,11606.505574124258
00e12e8b_2146,11606.501785957611
00e12e8b_2147,11606.535212620422
00e12e8b_2148,11606.515530206298
00e12e8b_2149,11606.504336670809
00e12e8b_2150,11606.492222505025
00e12e8b_2151,11606.494772498525
00e12e8b_2152,11606.485235614142
00e12e8b_2153,11606.481434005851
00e12e8b_2154,11606.47160125347
00e12e8b_2155,11606.484614323768
00e12e8b_2156,11606.491006484313
00e12e8b_2157,11606.512786453433
00e12e8b_2158,11606.533903238085
00e12e8b_2159,11606.583915701784
00e12e8b_2160,11606.619054516566
00e12e8b_2161,11606.654564947676
00e12e8b_2162,11606.701895007773
00e12e8b_2163,11606.77853937061
00e12e8b_2164,11606.833908642975
00e12e8b_2165,11606.89071665089
00e12e8b_2166,11606.942433005777
00e12e8b_2167,11607.042925010379
00e12e8b_2168,11607.088665672936
00e12e8b_2169,11607.162893426264
00e12e8b_2170,11607.24347402282
00e12e8b_2171,11607.355194689695
00e12e8b_2172,11607.415150844008
00e12e8b_2173,11607.47706664327
00e12e8b_2174,11607.549614446294
00e12e8b_2175,11607.643403070435
00e12e8b_2176,11607.677779372645
00e12e8b_2177,11607.747216604346
00e12e8b_2178,11607.782804792896
00e12e8b_2179,11607.884225545871
00e12e8b_2180,11607.969636057112
00e12e8b_2181,11608.036780349412
00e12e8b_2182,11608.135710168544
00e12e8b_2183,11608.230068088495
00e12e8b_2184,11608.327117467572
00e12e8b_2185,11608.438380007594
00e12e8b_2186,11608.536390726955
00e12e8b_2187,11608.615271748402
00e12e8b_2188,11608.722764950613
00e12e8b_2189,11608.788636303949
00e12e8b_2190,11608.855347383069
00e12e8b_2191,11608.9012265056
00e12e8b_2192,11608.973903301934
00e12e8b_2193,11609.023233329357
00e12e8b_2194,11609.070547020132
00e12e8b_2195,11609.10724806085
00e12e8b_2196,11609.152309377536
00e12e8b_2197,11609.178816885264
00e12e8b_2198,11609.207675602076
00e12e8b_2199,11609.233742864892
00e12e8b_2200,11609.28665230839
00e12e8b_2201,11609.313523738845
00e12e8b_2202,11609.339760499144
00e12e8b_2203,11609.358724165017
00e12e8b_2204,11609.398910024149
00e12e8b_2205,11609.411953506984
00e12e8b_2206,11609.427076138822
00e12e8b_2207,11609.433217612177
00e12e8b_2208,11609.463597092657
00e12e8b_2209,11609.467199507564
00e12e8b_2210,11609.48054309617
00e12e8b_2211,11609.486725207953
00e12e8b_2212,11609.509426298577
00e12e8b_2213,11609.513845366506
00e12e8b_2214,11609.52027254451
00e12e8b_2215,11609.522384375188
00e12e8b_2216,11609.556384512143
00e12e8b_2217,11609.553726630762
00e12e8b_2218,11609.536033563663
00e12e8b_2219,11609.533166852638
00e12e8b_2220,11609.549372951195
00e12e8b_2221,11609.540053650298
00e12e8b_2222,11609.539784921573
00e12e8b_2223,11609.571643331643
00e12e8b_2224,11609.595173950658
00e12e8b_2225,11609.60794712586
00e12e8b_2226,11609.63694225359
00e12e8b_2227,11609.710495722004
00e12e8b_2228,11609.769155023349
00e12e8b_2229,11609.830515232512
00e12e8b_2230,11609.887437028723
00e12e8b_2231,11610.005256004431
00e12e8b_2232,11610.068921596381
00e12e8b_2233,11610.148536071467
00e12e8b_2234,11610.226782976868
00e12e8b_2235,11610.326653983055
00e12e8b_2236,11610.397187457349
00e12e8b_2237,11610.44411783906
00e12e8b_2238,11610.506644319526
00e12e8b_2239,11610.577018987717
00e12e8b_2240,11610.601434667016
00e12e8b_2241,11610.627873670768
00e12e8b_2242,11610.675779827932
00e12e8b_2243,11610.755557745808
00e12e8b_2244,11610.814119698296
00e12e8b_2245,11610.871388426869
00e12e8b_2246,11610.926767457539
00e12e8b_2247,11611.005303027572
00e12e8b_2248,11611.033603891312
00e12e8b_2249,11611.071255488332
00e12e8b_2250,11611.112987732506
00e12e8b_2251,11611.169613046439
00e12e8b_2252,11611.188694935589
00e12e8b_2253,11611.214556893086
00e12e8b_2254,11611.231798845181
00e12e8b_2255,11611.238211044438
00e12e8b_2256,11611.22736131568
00e12e8b_2257,11611.22619170475
00e12e8b_2258,11611.215313683704
00e12e8b_2259,11611.240929703377
00e12e8b_2260,11611.22676170506
00e12e8b_2261,11611.204892444299
00e12e8b_2262,11611.195048491656
00e12e8b_2263,11611.214527375478
00e12e8b_2264,11611.200212065156
00e12e8b_2265,11611.181304217562
00e12e8b_2266,11611.164998663347
00e12e8b_2267,11611.184734408433
00e12e8b_2268,11611.149229662145
00e12e8b_2269,11611.117134010401
00e12e8b_2270,11611.087198143621
00e12e8b_2271,11611.079034514485
00e12e8b_2272,11611.04898213722
00e12e8b_2273,11611.016560895954
00e12e8b_2274,11610.985391356924
00e12e8b_2275,11610.970351445296
00e12e8b_2276,11610.930862140554
00e12e8b_2277,11610.893282256824
00e12e8b_2278,11610.864256427889
00e12e8b_2279,11610.866168607112
00e12e8b_2280,11610.845953611877
00e12e8b_2281,11610.822904849225
00e12e8b_2282,11610.805369882508
00e12e8b_2283,11610.811405968647
00e12e8b_2284,11610.7965259277
00e12e8b_2285,11610.785038327416
00e12e8b_2286,11610.772694263396
00e12e8b_2287,11610.796774433902
00e12e8b_2288,11610.790163818607
00e12e8b_2289,11610.780960187709
00e12e8b_2290,11610.765428175095
00e12e8b_2291,11610.77933070333
00e12e8b_2292,11610.754763049845
00e12e8b_2293,11610.732034649545
00e12e8b_2294,11610.71739475095
00e12e8b_2295,11610.727357348413
00e12e8b_2296,11610.70916841313
00e12e8b_2297,11610.6783757528
00e12e8b_2298,11610.647735798513
00e12e8b_2299,11610.641206153443
00e12e8b_2300,11610.608789498498
00e12e8b_2301,11610.561554491931
00e12e8b_2302,11610.520575041053
00e12e8b_2303,11610.519500542314
00e12e8b_2304,11610.488861246495
00e12e8b_2305,11610.476508604203
00e12e8b_2306,11610.467351334364
00e12e8b_2307,11610.490096027168
00e12e8b_2308,11610.485136801944
00e12e8b_2309,11610.480945425114
00e12e8b_2310,11610.476994673167
00e12e8b_2311,11610.498806949494
00e12e8b_2312,11610.489654005896
00e12e8b_2313,11610.47987502331
00e12e8b_2314,11610.464551646037
00e12e8b_2315,11610.468188575373
00e12e8b_2316,11610.423010653783
00e12e8b_2317,11610.366196018203
00e12e8b_2318,11610.331056652953
00e12e8b_2319,11610.313466585687
00e12e8b_2320,11610.275260452701
00e12e8b_2321,11610.230673073378
00e12e8b_2322,11610.200081459809
00e12e8b_2323,11610.186509712945
00e12e8b_2324,11610.144217735986
00e12e8b_2325,11610.107190620183
00e12e8b_2326,11610.065667732157
00e12e8b_2327,11610.063198061136
00e12e8b_2328,11610.028039613682
00e12e8b_2329,11609.989806346704
00e12e8b_2330,11609.94979596598
00e12e8b_2331,11609.943296756519
00e12e8b_2332,11609.91625374219
00e12e8b_2333,11609.880813559388
00e12e8b_2334,11609.850497384565
00e12e8b_2335,11609.839859784144
00e12e8b_2336,11609.812160720723
00e12e8b_2337,11609.78276910942
00e12e8b_2338,11609.758953299159
00e12e8b_2339,11609.760151799705
00e12e8b_2340,11609.7288618915
00e12e8b_2341,11609.69946798239
00e12e8b_2342,11609.673227423309
00e12e8b_2343,11609.646497302372
00e12e8b_2344,11609.647214643892
00e12e8b_2345,11609.604854232244
00e12e8b_2346,11609.575102577852
00e12e8b_2347,11609.554613344313
00e12e8b_2348,11609.573110148674
00e12e8b_2349,11609.567491338614
00e12e8b_2350,11609.569957539452
00e12e8b_2351,11609.583865338156
00e12e8b_2352,11609.628886336313
00e12e8b_2353,11609.645568213346
00e12e8b_2354,11609.667294019908
00e12e8b_2355,11609.673253799812
00e12e8b_2356,11609.71663973865
00e12e8b_2357,11609.723991028028
00e12e8b_2358,11609.714042144336
00e12e8b_2359,11609.704623183976
00e12e8b_2360,11609.70358778992
00e12e8b_2361,11609.651002657427
00e12e8b_2362,11609.639718791248
00e12e8b_2363,11609.61889058584
00e12e8b_2364,11609.636308986484
00e12e8b_2365,11609.616109697288
00e12e8b_2366,11609.591426992029
00e12e8b_2367,11609.572634519129
00e12e8b_2368,11609.59071953782
00e12e8b_2369,11609.570724317877
00e12e8b_2370,11609.551249751372
00e12e8b_2371,11609.523716061147
00e12e8b_2372,11609.535317921447
00e12e8b_2373,11609.516057139685
00e12e8b_2374,11609.507964583088
00e12e8b_2375,11609.48998709354
00e12e8b_2376,11609.499773634003
00e12e8b_2377,11609.484971147882
00e12e8b_2378,11609.46206630178
00e12e8b_2379,11609.436294568575
00e12e8b_2380,11609.443486198483
00e12e8b_2381,11609.413469019748
00e12e8b_2382,11609.382465922172
00e12e8b_2383,11609.347505854386
00e12e8b_2384,11609.339767332262
00e12e8b_2385,11609.308742321064
00e12e8b_2386,11609.285772241341
00e12e8b_2387,11609.259187299784
00e12e8b_2388,11609.26151901986
00e12e8b_2389,11609.24402552892
00e12e8b_2390,11609.231445435855
00e12e8b_2391,11609.213864702258
00e12e8b_2392,11609.221066556345
00e12e8b_2393,11609.204930337519
00e12e8b_2394,11609.191537335573
00e12e8b_2395,11609.17641035325
00e12e8b_2396,11609.185860302781
00e12e8b_2397,11609.167924460991
00e12e8b_2398,11609.158171335062
00e12e8b_2399,11609.1474502185
00e12e8b_2400,11609.167119061916
00e12e8b_2401,11609.151060790577
00e12e8b_2402,11609.142525440013
00e12e8b_2403,11609.135714590755
00e12e8b_2404,11609.1243982407
00e12e8b_2405,11609.138541323497
00e12e8b_2406,11609.131010144263
00e12e8b_2407,11609.099773824097
00e12e8b_2408,11609.083484680485
00e12e8b_2409,11609.110261509375
00e12e8b_2410,11609.122529230715
00e12e8b_2411,11609.141518631788
00e12e8b_2412,11609.168819575536
00e12e8b_2413,11609.229712965534
00e12e8b_2414,11609.262147945583
00e12e8b_2415,11609.29450778762
00e12e8b_2416,11609.331664806186
00e12e8b_2417,11609.39081260352
00e12e8b_2418,11609.417646287544
00e12e8b_2419,11609.438533356657
00e12e8b_2420,11609.448473288989
00e12e8b_2421,11609.474304215686
00e12e8b_2422,11609.463149652343
00e12e8b_2423,11609.434370574592
00e12e8b_2424,11609.430675546097
00e12e8b_2425,11609.45390389349
00e12e8b_2426,11609.448434075475
00e12e8b_2427,11609.445893180951
00e12e8b_2428,11609.442760031321
00e12e8b_2429,11609.459153434484
00e12e8b_2430,11609.456285321276
00e12e8b_2431,11609.455787531799
00e12e8b_2432,11609.458051845735
00e12e8b_2433,11609.48432688264
00e12e8b_2434,11609.477994274992
00e12e8b_2435,11609.476393806932
00e12e8b_2436,11609.475511551824
00e12e8b_2437,11609.469035825334
00e12e8b_2438,11609.495591846626
00e12e8b_2439,11609.49452515032
00e12e8b_2440,11609.4921210564
00e12e8b_2441,11609.480084123115
00e12e8b_2442,11609.503620334397
00e12e8b_2443,11609.493024240843
00e12e8b_2444,11609.490831486908
00e12e8b_2445,11609.486350116644
00e12e8b_2446,11609.508126378108
00e12e8b_2447,11609.505776092075
00e12e8b_2448,11609.503602496632
00e12e8b_2449,11609.47663841195
00e12e8b_2450,11609.498478558418
00e12e8b_2451,11609.49454075967
00e12e8b_2452,11609.50851490868
00e12e8b_2453,11609.520663443367
00e12e8b_2454,11609.572938102734
00e12e8b_2455,11609.596435541662
00e12e8b_2456,11609.62761621357
00e12e8b_2457,11609.651397569556
00e12e8b_2458,11609.710608746698
00e12e8b_2459,11609.735673445508
00e12e8b_2460,11609.76141798047
00e12e8b_2461,11609.774370977488
00e12e8b_2462,11609.812190770392
00e12e8b_2463,11609.807076652496
00e12e8b_2464,11609.799269023291
00e12e8b_2465,11609.771148735781
00e12e8b_2466,11609.787876518521
00e12e8b_2467,11609.780855292476
00e12e8b_2468,11609.771690912956
00e12e8b_2469,11609.763649760385
00e12e8b_2470,11609.781688933495
00e12e8b_2471,11609.770559224233
00e12e8b_2472,11609.766639747813
00e12e8b_2473,11609.756131359283
00e12e8b_2474,11609.772847488313
00e12e8b_2475,11609.761936745157
00e12e8b_2476,11609.754675162458
00e12e8b_2477,11609.743086789073
00e12e8b_2478,11609.754076934016
00e12e8b_2479,11609.750206047129
00e12e8b_2480,11609.738751296001
00e12e8b_2481,11609.73235264956
00e12e8b_2482,11609.74406441715
00e12e8b_2483,11609.736368073138
00e12e8b_2484,11609.731583053788
00e12e8b_2485,11609.744593138346
00e12e8b_2486,11609.737181208366
00e12e8b_2487,11609.726066381336
00e12e8b_2488,11609.71382976045
00e12e8b_2489,11609.732701358895
00e12e8b_2490,11609.719420060137
00e12e8b_2491,11609.697865554874
00e12e8b_2492,11609.682478334435
00e12e8b_2493,11609.679862040179
00e12e8b_2494,11609.668843695668
00e12e8b_2495,11609.657808784612
00e12e8b_2496,11609.665274588378
00e12e8b_2497,11609.656256165632
00e12e8b_2498,11609.644247285569
00e12e8b_2499,11609.635464388848
00e12e8b_2500,11609.631408918265
00e12e8b_2501,11609.617742773706
00e12e8b_2502,11609.612462918407
00e12e8b_2503,11609.613953346503
00e12e8b_2504,11609.57507343781
00e12e8b_2505,11609.542890703051
00e12e8b_2506,11609.510331345657
00e12e8b_2507,11609.492808199804
00e12e8b_2508,11609.449507259586
00e12e8b_2509,11609.410582311217
00e12e8b_2510,11609.388990034777
00e12e8b_2511,11609.348521216754
00e12e8b_2512,11609.314697982618
00e12e8b_2513,11609.276414911283
00e12e8b_2514,11609.249675370007
00e12e8b_2515,11609.227157066205
00e12e8b_2516,11609.199206952335
00e12e8b_2517,11609.19946643653
00e12e8b_2518,11609.176898958616
00e12e8b_2519,11609.16093093812
00e12e8b_2520,11609.170610352623
00e12e8b_2521,11609.156800292207
00e12e8b_2522,11609.12918285411
00e12e8b_2523,11609.111861279534
00e12e8b_2524,11609.12185772076
00e12e8b_2525,11609.105914508618
00e12e8b_2526,11609.071434096088
00e12e8b_2527,11609.067397002264
00e12e8b_2528,11609.023627511151
00e12e8b_2529,11608.973273799791
00e12e8b_2530,11608.929597109269
00e12e8b_2531,11608.928557141062
00e12e8b_2532,11608.895502257019
00e12e8b_2533,11608.856666802743
00e12e8b_2534,11608.845891109466
00e12e8b_2535,11608.809246620891
00e12e8b_2536,11608.758165903797
00e12e8b_2537,11608.708122559325
00e12e8b_2538,11608.703840712149
00e12e8b_2539,11608.669412393529
00e12e8b_2540,11608.632317685173
00e12e8b_2541,11608.630466507746
00e12e8b_2542,11608.591418966891
00e12e8b_2543,11608.544494415491
00e12e8b_2544,11608.494867157608
00e12e8b_2545,11608.46269266274
00e12e8b_2546,11608.414192214943
00e12e8b_2547,11608.344999913052
00e12e8b_2548,11608.3303514923
00e12e8b_2549,11608.290550133574
00e12e8b_2550,11608.252811952394
00e12e8b_2551,11608.214246813004
00e12e8b_2552,11608.20581409526
00e12e8b_2553,11608.170008571838
00e12e8b_2554,11608.136747527184
00e12e8b_2555,11608.12520602196
00e12e8b_2556,11608.100128852782
00e12e8b_2557,11608.075950318636
00e12e8b_2558,11608.066036242657
00e12e8b_2559,11608.097487840945
00e12e8b_2560,11608.101323837203
00e12e8b_2561,11608.110214153223
00e12e8b_2562,11608.121801064144
00e12e8b_2563,11608.16762293068
00e12e8b_2564,11608.176667618956
00e12e8b_2565,11608.190298244692
00e12e8b_2566,11608.232644327207
00e12e8b_2567,11608.238287705257
00e12e8b_2568,11608.249553093696
00e12e8b_2569,11608.251587733415
00e12e8b_2570,11608.27704497837
00e12e8b_2571,11608.272066255116
00e12e8b_2572,11608.275976864645
00e12e8b_2573,11608.270689630805
00e12e8b_2574,11608.306616516376
00e12e8b_2575,11608.299350527133
00e12e8b_2576,11608.310818214148
00e12e8b_2577,11608.297221213552
00e12e8b_2578,11608.344690528264
00e12e8b_2579,11608.351288635566
00e12e8b_2580,11608.348241225087
00e12e8b_2581,11608.352788218497
00e12e8b_2582,11608.40806241952
00e12e8b_2583,11608.42742331939
00e12e8b_2584,11608.443777440369
00e12e8b_2585,11608.426991486696
00e12e8b_2586,11608.454554734379
00e12e8b_2587,11608.461546098319
00e12e8b_2588,11608.43389935884
00e12e8b_2589,11608.440902454806
00e12e8b_2590,11608.497228363427
00e12e8b_2591,11608.558986440394
00e12e8b_2592,11608.549855880121
00e12e8b_2593,11608.557201572872
00e12e8b_2594,11608.607734032516
00e12e8b_2595,11608.647238739599
00e12e8b_2596,11608.672340100173
00e12e8b_2597,11608.713995039056
00e12e8b_2598,11608.786914291728
00e12e8b_2599,11608.802033347478
00e12e8b_2600,11608.811893453472
00e12e8b_2601,11608.830873274965
00e12e8b_2602,11608.888989466364
00e12e8b_2603,11608.902211809549
00e12e8b_2604,11608.92925156209
00e12e8b_2605,11608.95515675904
00e12e8b_2606,11609.010403003334
00e12e8b_2607,11609.003351265494
00e12e8b_2608,11609.016601907875
00e12e8b_2609,11609.027958020459
00e12e8b_2610,11609.04296181393
00e12e8b_2611,11609.054524907177
00e12e8b_2612,11609.050873488046
00e12e8b_2613,11609.05373253414
00e12e8b_2614,11609.102161218136
00e12e8b_2615,11609.06932553762
00e12e8b_2616,11609.043694735163
00e12e8b_2617,11609.035458080954
00e12e8b_2618,11609.049670919521
00e12e8b_2619,11609.044766977295
00e12e8b_2620,11609.040173700561
00e12e8b_2621,11609.033752828625
00e12e8b_2622,11609.059764504538
00e12e8b_2623,11609.066868241622
00e12e8b_2624,11609.057446742789
00e12e8b_2625,11609.068669033095
00e12e8b_2626,11609.111339620471
00e12e8b_2627,11609.10653725399
00e12e8b_2628,11609.132886498302
00e12e8b_2629,11609.113250022645
00e12e8b_2630,11609.158168671267
00e12e8b_2631,11609.16271807471
00e12e8b_2632,11609.170795349855
00e12e8b_2633,11609.154756461572
00e12e8b_2634,11609.18965420962
00e12e8b_2635,11609.158947817847
00e12e8b_2636,11609.14956383296
00e12e8b_2637,11609.128483368826
00e12e8b_2638,11609.149479145792
00e12e8b_2639,11609.10790549121
00e12e8b_2640,11609.05369199278
00e12e8b_2641,11609.045196784045
00e12e8b_2642,11609.061538181879
00e12e8b_2643,11609.032656350591
00e12e8b_2644,11608.98689086498
00e12e8b_2645,11608.960265830658
00e12e8b_2646,11608.93155584455
00e12e8b_2647,11608.933232212898
00e12e8b_2648,11608.879889996966
00e12e8b_2649,11608.820522996717
00e12e8b_2650,11608.782827017325
00e12e8b_2651,11608.746290065194
00e12e8b_2652,11608.724105298808
00e12e8b_2653,11608.717313582432
00e12e8b_2654,11608.68252755316
00e12e8b_2655,11608.671038609382
00e12e8b_2656,11608.646441453036
00e12e8b_2657,11608.611896512562
00e12e8b_2658,11608.56589999829
00e12e8b_2659,11608.55909721207
00e12e8b_2660,11608.519155442382
00e12e8b_2661,11608.498054065702
00e12e8b_2662,11608.45187710366
00e12e8b_2663,11608.477062076305
00e12e8b_2664,11608.507023839516
00e12e8b_2665,11608.570877714195
00e12e8b_2666,11608.6181561415
00e12e8b_2667,11608.704538642707
00e12e8b_2668,11608.770786118894
00e12e8b_2669,11608.842514320084
00e12e8b_2670,11608.883950351536
00e12e8b_2671,11608.973789699903
00e12e8b_2672,11609.038913941306
00e12e8b_2673,11609.092981535756
00e12e8b_2674,11609.094617789411
00e12e8b_2675,11609.147159240774
00e12e8b_2676,11609.159782189729
00e12e8b_2677,11609.196822039292
00e12e8b_2678,11609.201755704878
00e12e8b_2679,11609.23706916938
00e12e8b_2680,11609.233872669107
00e12e8b_2681,11609.241603499158
00e12e8b_2682,11609.245773936715
00e12e8b_2683,11609.258031624477
00e12e8b_2684,11609.281170126003
00e12e8b_2685,11609.297017248555
00e12e8b_2686,11609.298379029566
00e12e8b_2687,11609.318086699874
00e12e8b_2688,11609.339207748344
00e12e8b_2689,11609.372125096817
00e12e8b_2690,11609.390189707006
00e12e8b_2691,11609.423755830678
00e12e8b_2692,11609.45854954238
00e12e8b_2693,11609.46762063713
00e12e8b_2694,11609.480469814489
00e12e8b_2695,11609.489838548765
00e12e8b_2696,11609.503315522321
00e12e8b_2697,11609.510666450915
00e12e8b_2698,11609.513619323023
00e12e8b_2699,11609.557731784515
00e12e8b_2700,11609.574183108576
00e12e8b_2701,11609.573808437213
00e12e8b_2702,11609.567902672361
00e12e8b_2703,11609.590887201086
00e12e8b_2704,11609.6168139906
00e12e8b_2705,11609.602839725883
00e12e8b_2706,11609.57017141597
00e12e8b_2707,11609.582651054769
00e12e8b_2708,11609.587512600761
00e12e8b_2709,11609.588081094838
00e12e8b_2710,11609.614402101743
00e12e8b_2711,11609.640483914533
00e12e8b_2712,11609.655498160928
00e12e8b_2713,11609.71518069222
00e12e8b_2714,11609.708961055056
00e12e8b_2715,11609.747608652962
00e12e8b_2716,11609.751141966111
00e12e8b_2717,11609.792138196422
00e12e8b_2718,11609.793015567559
00e12e8b_2719,11609.812935849102
00e12e8b_2720,11609.808388369773
00e12e8b_2721,11609.83229260594
00e12e8b_2722,11609.847273306477
00e12e8b_2723,11609.857545087412
00e12e8b_2724,11609.859591138898
00e12e8b_2725,11609.872887706711
00e12e8b_2726,11609.894734925936
00e12e8b_2727,11609.895639189795
00e12e8b_2728,11609.896481639074
00e12e8b_2729,11609.934868330607
00e12e8b_2730,11609.93799953779
00e12e8b_2731,11609.964670677362
00e12e8b_2732,11609.962800459769
00e12e8b_2733,11609.97119281951
00e12e8b_2734,11610.015681412464
00e12e8b_2735,11610.047902920793
00e12e8b_2736,11610.087645813663
00e12e8b_2737,11610.085606449456
00e12e8b_2738,11610.095040795417
00e12e8b_2739,11610.08303124812
00e12e8b_2740,11610.058808388545
00e12e8b_2741,11610.0720010674
00e12e8b_2742,11610.087152951952
00e12e8b_2743,11610.077585757455
00e12e8b_2744,11610.070351715201
00e12e8b_2745,11610.080475241288
00e12e8b_2746,11610.127048068603
00e12e8b_2747,11610.10506718763
00e12e8b_2748,11610.108237102088
00e12e8b_2749,11610.124313146562
00e12e8b_2750,11610.142051007653
00e12e8b_2751,11610.151846844834
00e12e8b_2752,11610.137549364696
00e12e8b_2753,11610.131869879147
00e12e8b_2754,11610.147838649213
00e12e8b_2755,11610.155531794037
00e12e8b_2756,11610.158417148095
00e12e8b_2757,11610.155399225381
00e12e8b_2758,11610.163337928288
00e12e8b_2759,11610.165272540533
00e12e8b_2760,11610.166590149913
00e12e8b_2761,11610.15109817051
00e12e8b_2762,11610.183434216762
00e12e8b_2763,11610.183383180954
00e12e8b_2764,11610.208873768564
00e12e8b_2765,11610.193020863797
00e12e8b_2766,11610.204746497675
00e12e8b_2767,11610.176888230775
00e12e8b_2768,11610.169502381374
00e12e8b_2769,11610.175563663084
00e12e8b_2770,11610.19514878354
00e12e8b_2771,11610.194732355483
00e12e8b_2772,11610.199470667505
00e12e8b_2773,11610.200757929451
00e12e8b_2774,11610.245532376166
00e12e8b_2775,11610.265999539693
00e12e8b_2776,11610.25908868394
00e12e8b_2777,11610.28265774523
00e12e8b_2778,11610.30362394093
00e12e8b_2779,11610.298926549913
00e12e8b_2780,11610.288950015145
00e12e8b_2781,11610.26343377961
00e12e8b_2782,11610.294466726136
00e12e8b_2783,11610.281352850649
00e12e8b_2784,11610.264818668044
00e12e8b_2785,11610.239777954812
00e12e8b_2786,11610.2575189588
00e12e8b_2787,11610.249320362489
00e12e8b_2788,11610.258814542962
00e12e8b_2789,11610.247463619504
00e12e8b_2790,11610.275192538084
00e12e8b_2791,11610.2828950422
00e12e8b_2792,11610.27105618445
00e12e8b_2793,11610.280209854405
00e12e8b_2794,11610.297918826593
00e12e8b_2795,11610.30189487446
00e12e8b_2796,11610.295875078504
00e12e8b_2797,11610.274688496218
00e12e8b_2798,11610.295787222387
00e12e8b_2799,11610.295010610775
00e12e8b_2800,11610.298449944326
00e12e8b_2801,11610.286486282326
00e12e8b_2802,11610.322705960327
00e12e8b_2803,11610.288802868767
00e12e8b_2804,11610.277722064331
00e12e8b_2805,11610.289964824042
00e12e8b_2806,11610.326992266348
00e12e8b_2807,11610.323626959664
00e12e8b_2808,11610.336436092297
00e12e8b_2809,11610.337840653021
00e12e8b_2810,11610.364843623956
00e12e8b_2811,11610.367257527823
00e12e8b_2812,11610.371185080829
00e12e8b_2813,11610.385131456007
00e12e8b_2814,11610.399422775978
00e12e8b_2815,11610.410590879783
00e12e8b_2816,11610.39658900117
00e12e8b_2817,11610.382747301774
00e12e8b_2818,11610.412293790443
00e12e8b_2819,11610.397868346607
00e12e8b_2820,11610.377389255742
00e12e8b_2821,11610.366918042646
00e12e8b_2822,11610.381847145312
00e12e8b_2823,11610.384813510233
00e12e8b_2824,11610.402169839364
00e12e8b_2825,11610.399338140991
00e12e8b_2826,11610.391736069185
00e12e8b_2827,11610.391037585809
00e12e8b_2828,11610.391411655582
00e12e8b_2829,11610.38985234709
00e12e8b_2830,11610.409131861636
00e12e8b_2831,11610.399541174538
00e12e8b_2832,11610.383228341176
00e12e8b_2833,11610.36304451575
00e12e8b_2834,11610.3750352187
00e12e8b_2835,11610.38425190977
00e12e8b_2836,11610.387635889423
00e12e8b_2837,11610.392798743354
00e12e8b_2838,11610.440487279659
00e12e8b_2839,11610.445873253435
00e12e8b_2840,11610.44373609244
00e12e8b_2841,11610.443584557941
00e12e8b_2842,11610.456764813543
00e12e8b_2843,11610.473638953594
00e12e8b_2844,11610.477803820657
00e12e8b_2845,11610.466819745443
00e12e8b_2846,11610.488446493682
00e12e8b_2847,11610.485448144042
00e12e8b_2848,11610.467923612494
00e12e8b_2849,11610.446246773894
00e12e8b_2850,11610.480616329542
00e12e8b_2851,11610.492637069941
00e12e8b_2852,11610.494519036894
00e12e8b_2853,11610.49695124297
00e12e8b_2854,11610.495076663128
00e12e8b_2855,11610.519702406618
00e12e8b_2856,11610.503886001554
00e12e8b_2857,11610.486466433784
00e12e8b_2858,11610.446185357649
00e12e8b_2859,11610.479926982898
00e12e8b_2860,11610.471067213743
00e12e8b_2861,11610.484782743551
00e12e8b_2862,11610.481932447183
00e12e8b_2863,11610.50062759571
00e12e8b_2864,11610.48382997567
00e12e8b_2865,11610.506409145328
00e12e8b_2866,11610.51112768059
00e12e8b_2867,11610.51224870709
00e12e8b_2868,11610.512003681362
00e12e8b_2869,11610.494457220302
00e12e8b_2870,11610.455478772492
00e12e8b_2871,11610.420542784208
00e12e8b_2872,11610.41940167132
00e12e8b_2873,11610.394894689667
00e12e8b_2874,11610.360035580046
00e12e8b_2875,11610.332485778554
00e12e8b_2876,11610.353546456181
00e12e8b_2877,11610.308328849664
00e12e8b_2878,11610.299621752896
00e12e8b_2879,11610.29327491096
00e12e8b_2880,11610.289663692953
00e12e8b_2881,11610.305421504498
00e12e8b_2882,11610.32215108299
00e12e8b_2883,11610.326958926204
00e12e8b_2884,11610.313937523819
00e12e8b_2885,11610.334105880418
00e12e8b_2886,11610.357225242073
00e12e8b_2887,11610.315939641938
00e12e8b_2888,11610.31800115419
00e12e8b_2889,11610.324766342324
00e12e8b_2890,11610.372639602403
00e12e8b_2891,11610.368253563982
00e12e8b_2892,11610.393381981092
00e12e8b_2893,11610.382909611133
00e12e8b_2894,11610.41477595449
00e12e8b_2895,11610.395620804984
00e12e8b_2896,11610.405686274898
00e12e8b_2897,11610.397700940335
00e12e8b_2898,11610.387717886215
00e12e8b_2899,11610.416032625053
00e12e8b_2900,11610.427529180717
00e12e8b_2901,11610.445707073746
00e12e8b_2902,11610.457959037509
00e12e8b_2903,11610.485770093193
00e12e8b_2904,11610.50246872686
00e12e8b_2905,11610.52926531522
00e12e8b_2906,11610.542823602129
00e12e8b_2907,11610.58477338216
00e12e8b_2908,11610.60139124198
00e12e8b_2909,11610.596970426095
00e12e8b_2910,11610.607114411141
00e12e8b_2911,11610.615298887813
00e12e8b_2912,11610.631604802033
00e12e8b_2913,11610.644560392857
00e12e8b_2914,11610.66831248962
00e12e8b_2915,11610.680502848043
00e12e8b_2916,11610.69714558517
00e12e8b_2917,11610.737359508234
00e12e8b_2918,11610.747813232989
00e12e8b_2919,11610.761706598505
00e12e8b_2920,11610.760971620302
00e12e8b_2921,11610.797783142574
00e12e8b_2922,11610.792078562845
00e12e8b_2923,11610.787638420581
00e12e8b_2924,11610.81641469477
00e12e8b_2925,11610.808899533278
00e12e8b_2926,11610.808390416325
00e12e8b_2927,11610.818257330367
00e12e8b_2928,11610.806095789909
00e12e8b_2929,11610.819275692125
00e12e8b_2930,11610.852061311249
00e12e8b_2931,11610.870041924529
00e12e8b_2932,11610.889629997419
00e12e8b_2933,11610.894580553779
00e12e8b_2934,11610.928634669837
00e12e8b_2935,11610.935793074508
00e12e8b_2936,11610.93940752754
00e12e8b_2937,11610.954813416658
00e12e8b_2938,11610.973005892545
00e12e8b_2939,11611.01160321051
00e12e8b_2940,11611.031567638336
00e12e8b_2941,11611.045918039972
00e12e8b_2942,11611.059361629303
00e12e8b_2943,11611.067316770233
00e12e8b_2944,11611.069345104956
00e12e8b_2945,11611.076504553648
00e12e8b_2946,11611.067723603845
00e12e8b_2947,11611.097025785062
00e12e8b_2948,11611.104893132559
00e12e8b_2949,11611.12111030635
00e12e8b_2950,11611.11912381568
00e12e8b_2951,11611.139168923719
00e12e8b_2952,11611.189940338794
00e12e8b_2953,11611.219235443363
00e12e8b_2954,11611.2319691732
00e12e8b_2955,11611.255606825056
00e12e8b_2956,11611.290472162102
00e12e8b_2957,11611.295197559435
00e12e8b_2958,11611.285938353503
00e12e8b_2959,11611.290717224449
00e12e8b_2960,11611.31674774897
00e12e8b_2961,11611.31853898358
00e12e8b_2962,11611.323494695836
00e12e8b_2963,11611.33100545401
00e12e8b_2964,11611.359056004621
00e12e8b_2965,11611.346272518527
00e12e8b_2966,11611.341255994328
00e12e8b_2967,11611.36496832807
00e12e8b_2968,11611.3581031442
00e12e8b_2969,11611.38978945938
00e12e8b_2970,11611.38116351279
00e12e8b_2971,11611.391515232193
00e12e8b_2972,11611.406074002049
00e12e8b_2973,11611.435332884634
00e12e8b_2974,11611.431529877313
00e12e8b_2975,11611.43570276485
00e12e8b_2976,11611.406900045473
00e12e8b_2977,11611.414402261751
00e12e8b_2978,11611.39819177963
00e12e8b_2979,11611.398940362853
00e12e8b_2980,11611.390756071984
00e12e8b_2981,11611.408670239454
00e12e8b_2982,11611.423989706494
00e12e8b_2983,11611.424777231292
00e12e8b_2984,11611.439969176525
00e12e8b_2985,11611.481700571641
00e12e8b_2986,11611.495365764797
00e12e8b_2987,11611.522746725546
00e12e8b_2988,11611.546120354124
00e12e8b_2989,11611.596403928417
00e12e8b_2990,11611.606753065855
00e12e8b_2991,11611.59613867251
00e12e8b_2992,11611.593692873097
00e12e8b_2993,11611.617512892133
00e12e8b_2994,11611.605971722063
00e12e8b_2995,11611.602802284704
00e12e8b_2996,11611.609027582806
00e12e8b_2997,11611.63168318864
00e12e8b_2998,11611.64877749103
00e12e8b_2999,11611.668388903749
00e12e8b_3000,11611.653436539007
00e12e8b_3001,11611.673316974671
00e12e8b_3002,11611.688822827495
00e12e8b_3003,11611.703908454492
00e12e8b_3004,11611.720002420312
00e12e8b_3005,11611.772211389312
00e12e8b_3006,11611.772571380698
00e12e8b_3007,11611.780702809963
00e12e8b_3008,11611.780476484617
00e12e8b_3009,11611.808674737222
00e12e8b_3010,11611.813805705951
00e12e8b_3011,11611.821824842502
00e12e8b_3012,11611.830175975058
00e12e8b_3013,11611.85837178817
00e12e8b_3014,11611.854063666671
00e12e8b_3015,11611.848135796941
00e12e8b_3016,11611.838048077927
00e12e8b_3017,11611.841879853342
00e12e8b_3018,11611.84127504443
00e12e8b_3019,11611.819693311762
00e12e8b_3020,11611.821137948933
00e12e8b_3021,11611.83378813942
00e12e8b_3022,11611.802383168548
00e12e8b_3023,11611.789084020273
00e12e8b_3024,11611.759561390116
00e12e8b_3025,11611.760606578111
00e12e8b_3026,11611.74340421554
00e12e8b_3027,11611.709433809434
00e12e8b_3028,11611.673102171171
00e12e8b_3029,11611.65496898253
00e12e8b_3030,11611.585028206842
00e12e8b_3031,11611.514745740275
00e12e8b_3032,11611.460948180786
00e12e8b_3033,11611.422420476763
00e12e8b_3034,11611.346399354015
00e12e8b_3035,11611.270797454841
00e12e8b_3036,11611.180238539579
00e12e8b_3037,11611.146835366932
00e12e8b_3038,11611.102934608867
00e12e8b_3039,11611.059057634166
00e12e8b_3040,11611.045409560325
00e12e8b_3041,11611.041564392239
00e12e8b_3042,11610.996221667498
00e12e8b_3043,11610.990774176662
00e12e8b_3044,11610.965688969689
00e12e8b_3045,11610.976481263531
00e12e8b_3046,11610.928048959853
00e12e8b_3047,11610.918511105972
00e12e8b_3048,11610.898734264358
00e12e8b_3049,11610.906718254539
00e12e8b_3050,11610.942267891334
00e12e8b_3051,11610.958561358673
00e12e8b_3052,11610.967331077038
00e12e8b_3053,11611.001889091951
00e12e8b_3054,11611.010235426138
00e12e8b_3055,11611.035042503336
00e12e8b_3056,11611.077809110666
00e12e8b_3057,11611.139545555629
00e12e8b_3058,11611.155902966315
00e12e8b_3059,11611.185909384778
00e12e8b_3060,11611.215798483598
00e12e8b_3061,11611.26396926097
00e12e8b_3062,11611.285784835092
00e12e8b_3063,11611.285012932098
00e12e8b_3064,11611.308098777448
00e12e8b_3065,11611.35383011337
00e12e8b_3066,11611.367603578481
00e12e8b_3067,11611.364037456877
00e12e8b_3068,11611.358419993376
00e12e8b_3069,11611.379398061232
00e12e8b_3070,11611.381069867848
00e12e8b_3071,11611.382585596124
00e12e8b_3072,11611.381094643975
00e12e8b_3073,11611.394240145464
00e12e8b_3074,11611.387574846456
00e12e8b_3075,11611.38331092022
00e12e8b_3076,11611.369982244243
00e12e8b_3077,11611.38340272732
00e12e8b_3078,11611.36941640533
00e12e8b_3079,11611.349905694302
00e12e8b_3080,11611.328530586055
00e12e8b_3081,11611.33734375487
00e12e8b_3082,11611.311063430583
00e12e8b_3083,11611.300590180028
00e12e8b_3084,11611.295312315213
00e12e8b_3085,11611.324600451151
00e12e8b_3086,11611.35027568506
00e12e8b_3087,11611.374645403965
00e12e8b_3088,11611.401287175699
00e12e8b_3089,11611.447582589184
00e12e8b_3090,11611.467350997365
00e12e8b_3091,11611.486289246059
00e12e8b_3092,11611.503261716378
00e12e8b_3093,11611.550222995613
00e12e8b_3094,11611.56912497448
00e12e8b_3095,11611.585431229072
00e12e8b_3096,11611.591979409375
00e12e8b_3097,11611.61838881695
00e12e8b_3098,11611.60651773278
00e12e8b_3099,11611.60123644903
00e12e8b_3100,11611.60609399462
00e12e8b_3101,11611.634235383503
00e12e8b_3102,11611.643662918048
00e12e8b_3103,11611.6557284259
00e12e8b_3104,11611.654700400966
00e12e8b_3105,11611.681862970465
00e12e8b_3106,11611.684470188822
00e12e8b_3107,11611.69074851878
00e12e8b_3108,11611.682666936511
00e12e8b_3109,11611.678783469075
00e12e8b_3110,11611.698080642362
00e12e8b_3111,11611.68843782547
00e12e8b_3112,11611.68547812509
00e12e8b_3113,11611.684473013947
00e12e8b_3114,11611.696435181333
00e12e8b_3115,11611.683267639062
00e12e8b_3116,11611.66980775256
00e12e8b_3117,11611.650218470204
00e12e8b_3118,11611.658591092119
00e12e8b_3119,11611.645810225826
00e12e8b_3120,11611.619900691361
00e12e8b_3121,11611.601028242774
00e12e8b_3122,11611.596577306076
00e12e8b_3123,11611.573955428934
00e12e8b_3124,11611.543933820189
00e12e8b_3125,11611.523576917014
00e12e8b_3126,11611.52908048071
00e12e8b_3127,11611.510988007874
00e12e8b_3128,11611.49937355968
00e12e8b_3129,11611.48459238654
00e12e8b_3130,11611.496696616356
00e12e8b_3131,11611.483063637641
00e12e8b_3132,11611.474570741477
00e12e8b_3133,11611.46182101909
00e12e8b_3134,11611.47235402278
00e12e8b_3135,11611.466436469544
00e12e8b_3136,11611.44704699672
00e12e8b_3137,11611.432835360125
00e12e8b_3138,11611.430283356822
00e12e8b_3139,11611.405383121637
00e12e8b_3140,11611.371086357114
00e12e8b_3141,11611.333646061294
00e12e8b_3142,11611.324282223522
00e12e8b_3143,11611.287836988775
00e12e8b_3144,11611.250230022306
00e12e8b_3145,11611.225644228336
00e12e8b_3146,11611.214536933463
00e12e8b_3147,11611.175302681318
00e12e8b_3148,11611.132860328515
00e12e8b_3149,11611.106968561624
00e12e8b_3150,11611.04621888452
00e12e8b_3151,11610.987598087768
00e12e8b_3152,11610.91870552797
00e12e8b_3153,11610.868906613367
00e12e8b_3154,11610.793379673376
00e12e8b_3155,11610.728309652784
00e12e8b_3156,11610.6642563048
00e12e8b_3157,11610.616899043614
00e12e8b_3158,11610.558069446673
00e12e8b_3159,11610.50343084874
00e12e8b_3160,11610.478410828104
00e12e8b_3161,11610.440023750818
00e12e8b_3162,11610.399737442274
00e12e8b_3163,11610.34859281986
00e12e8b_3164,11610.329063337234
00e12e8b_3165,11610.277498073117
00e12e8b_3166,11610.235572253558
00e12e8b_3167,11610.1872902741
00e12e8b_3168,11610.148321158338
00e12e8b_3169,11610.104100562801
00e12e8b_3170,11610.054641053024
00e12e8b_3171,11610.018559003787
00e12e8b_3172,11609.94767667036
00e12e8b_3173,11609.899263264051
00e12e8b_3174,11609.833136066743
00e12e8b_3175,11609.791684742613
00e12e8b_3176,11609.724778547814
00e12e8b_3177,11609.669670847288
00e12e8b_3178,11609.639875350167
00e12e8b_3179,11609.558647990969
00e12e8b_3180,11609.492468071974
00e12e8b_3181,11609.428959131392
00e12e8b_3182,11609.381525442153
00e12e8b_3183,11609.307666677003
00e12e8b_3184,11609.226899232382
00e12e8b_3185,11609.172147077457
00e12e8b_3186,11609.106901357962
00e12e8b_3187,11609.044454664314
00e12e8b_3188,11608.975598110523
00e12e8b_3189,11608.929333644472
00e12e8b_3190,11608.857762598544
00e12e8b_3191,11608.797771656651
00e12e8b_3192,11608.748536264211
00e12e8b_3193,11608.708838300332
00e12e8b_3194,11608.649718172981
00e12e8b_3195,11608.601854017568
00e12e8b_3196,11608.585160966932
00e12e8b_3197,11608.542234812967
00e12e8b_3198,11608.494697634691
00e12e8b_3199,11608.45883886738
00e12e8b_3200,11608.431066204601
00e12e8b_3201,11608.387685082136
00e12e8b_3202,11608.335802588032
00e12e8b_3203,11608.302313428405
00e12e8b_3204,11608.264542192825
00e12e8b_3205,11608.218587313886
00e12e8b_3206,11608.170502112736
00e12e8b_3207,11608.157077962373
00e12e8b_3208,11608.122804008253
00e12e8b_3209,11608.083628813378
00e12e8b_3210,11608.075291054407
00e12e8b_3211,11608.049954917185
00e12e8b_3212,11608.031723547718
00e12e8b_3213,11608.011735915885
00e12e8b_3214,11608.024699403542
00e12e8b_3215,11608.031454952443
00e12e8b_3216,11608.04029019104
00e12e8b_3217,11608.054676410537
00e12e8b_3218,11608.089284919779
00e12e8b_3219,11608.100283388148
00e12e8b_3220,11608.101419430197
00e12e8b_3221,11608.115377771934
00e12e8b_3222,11608.115627723844
00e12e8b_3223,11608.110959151245
00e12e8b_3224,11608.111920381953
00e12e8b_3225,11608.142336723358
00e12e8b_3226,11608.150532388046
00e12e8b_3227,11608.15367007683
00e12e8b_3228,11608.162841374418
00e12e8b_3229,11608.178858235864
00e12e8b_3230,11608.189488670427
00e12e8b_3231,11608.192383116599
00e12e8b_3232,11608.228171916171
00e12e8b_3233,11608.247762006667
00e12e8b_3234,11608.269465636748
00e12e8b_3235,11608.297014123847
00e12e8b_3236,11608.339328272614
00e12e8b_3237,11608.361715976296
00e12e8b_3238,11608.382617476193
00e12e8b_3239,11608.395705912615
00e12e8b_3240,11608.42927370688
00e12e8b_3241,11608.439901793608
00e12e8b_3242,11608.443114275395
00e12e8b_3243,11608.46239002639
00e12e8b_3244,11608.468277960961
00e12e8b_3245,11608.483117476404
00e12e8b_3246,11608.50364930822
00e12e8b_3247,11608.527777806654
00e12e8b_3248,11608.533749600912
00e12e8b_3249,11608.540657351867
00e12e8b_3250,11608.54023098751
00e12e8b_3251,11608.561678421718
00e12e8b_3252,11608.55021629074
00e12e8b_3253,11608.539413450195
00e12e8b_3254,11608.526922553137
00e12e8b_3255,11608.528678864408
00e12e8b_3256,11608.510758838713
00e12e8b_3257,11608.485197916521
00e12e8b_3258,11608.451498613784
00e12e8b_3259,11608.44980219648
00e12e8b_3260,11608.424085565628
00e12e8b_3261,11608.402145609642
00e12e8b_3262,11608.363605724333
00e12e8b_3263,11608.354070213269
00e12e8b_3264,11608.337735008221
00e12e8b_3265,11608.337867607323
00e12e8b_3266,11608.342940774237
00e12e8b_3267,11608.374423737447
00e12e8b_3268,11608.391533923485
00e12e8b_3269,11608.403384012181
00e12e8b_3270,11608.414640490804
00e12e8b_3271,11608.444217439472
00e12e8b_3272,11608.471338572952
00e12e8b_3273,11608.48277087099
00e12e8b_3274,11608.479089582657
00e12e8b_3275,11608.48585829299
00e12e8b_3276,11608.445246648691
00e12e8b_3277,11608.382664607567
00e12e8b_3278,11608.326139283641
00e12e8b_3279,11608.30192778098
00e12e8b_3280,11608.24685653167
00e12e8b_3281,11608.194031384923
00e12e8b_3282,11608.137166376431
00e12e8b_3283,11608.10277874101
00e12e8b_3284,11608.039391662704
00e12e8b_3285,11607.995440578363
00e12e8b_3286,11607.979777501298
00e12e8b_3287,11607.93731810504
00e12e8b_3288,11607.903538028046
00e12e8b_3289,11607.864137981793
00e12e8b_3290,11607.843016224902
00e12e8b_3291,11607.80643970336
00e12e8b_3292,11607.771675589685
00e12e8b_3293,11607.740321755558
00e12e8b_3294,11607.707730838225
00e12e8b_3295,11607.66979070724
00e12e8b_3296,11607.650194262189
00e12e8b_3297,11607.646386363322
00e12e8b_3298,11607.662245377076
00e12e8b_3299,11607.659034727
00e12e8b_3300,11607.6743570514
00e12e8b_3301,11607.696921295537
00e12e8b_3302,11607.730440088815
00e12e8b_3303,11607.731765801702
00e12e8b_3304,11607.73971439859
00e12e8b_3305,11607.74327390582
00e12e8b_3306,11607.77355653438
00e12e8b_3307,11607.772417150734
00e12e8b_3308,11607.750079538506
00e12e8b_3309,11607.723461799647
00e12e8b_3310,11607.690703084334
00e12e8b_3311,11607.674083130894
00e12e8b_3312,11607.650753295602
00e12e8b_3313,11607.606382673783
00e12e8b_3314,11607.605525223822
00e12e8b_3315,11607.591271176421
00e12e8b_3316,11607.566336756754
00e12e8b_3317,11607.53999238384
00e12e8b_3318,11607.531393829559
00e12e8b_3319,11607.513835222187
00e12e8b_3320,11607.484518489266
00e12e8b_3321,11607.445446901103
00e12e8b_3322,11607.451473363426
00e12e8b_3323,11607.41546281003
00e12e8b_3324,11607.388026239998
00e12e8b_3325,11607.361316899962
00e12e8b_3326,11607.360506554327
00e12e8b_3327,11607.328494161577
00e12e8b_3328,11607.3055845243
00e12e8b_3329,11607.292920972444
00e12e8b_3330,11607.29096230594
00e12e8b_3331,11607.265274702215
00e12e8b_3332,11607.233158985633
00e12e8b_3333,11607.208217276497
00e12e8b_3334,11607.220915700545
00e12e8b_3335,11607.19891325617
00e12e8b_3336,11607.175690391628
00e12e8b_3337,11607.153222162076
00e12e8b_3338,11607.16938095371
00e12e8b_3339,11607.144344750592
00e12e8b_3340,11607.138713900653
00e12e8b_3341,11607.138216794869
00e12e8b_3342,11607.148365448782
00e12e8b_3343,11607.138965328126
00e12e8b_3344,11607.131950036579
00e12e8b_3345,11607.123882207226
00e12e8b_3346,11607.125473416898
00e12e8b_3347,11607.110740855447
00e12e8b_3348,11607.09247172374
00e12e8b_3349,11607.077498374723
00e12e8b_3350,11607.073331687185
00e12e8b_3351,11607.0526203576
00e12e8b_3352,11607.022574063583
00e12e8b_3353,11606.998532900356
00e12e8b_3354,11607.008888959319
00e12e8b_3355,11606.978334063075
00e12e8b_3356,11606.960404637508
00e12e8b_3357,11606.927360129892
00e12e8b_3358,11606.91429895385
00e12e8b_3359,11606.883991129745
00e12e8b_3360,11606.844793099352
00e12e8b_3361,11606.819253699596
00e12e8b_3362,11606.804780237531
00e12e8b_3363,11606.774837718891
00e12e8b_3364,11606.767606454572
00e12e8b_3365,11606.762509878174
00e12e8b_3366,11606.79403143936
00e12e8b_3367,11606.802385580177
00e12e8b_3368,11606.825171657023
00e12e8b_3369,11606.853172105686
00e12e8b_3370,11606.905681058246
00e12e8b_3371,11606.937793749354
00e12e8b_3372,11606.968427973079
00e12e8b_3373,11606.990011464804
00e12e8b_3374,11607.023810347844
00e12e8b_3375,11607.042342922261
00e12e8b_3376,11607.031108755018
00e12e8b_3377,11607.009873154284
00e12e8b_3378,11607.015602502937
00e12e8b_3379,11606.99781993649
00e12e8b_3380,11606.99091263518
00e12e8b_3381,11606.995917962737
00e12e8b_3382,11607.02068448009
00e12e8b_3383,11607.02948170189
00e12e8b_3384,11607.01940179817
00e12e8b_3385,11607.019285369184
00e12e8b_3386,11607.041301702415
00e12e8b_3387,11607.048125548255
00e12e8b_3388,11607.03445320142
00e12e8b_3389,11607.028361538523
00e12e8b_3390,11607.041369818238
00e12e8b_3391,11607.03224897106
00e12e8b_3392,11607.018528484876
00e12e8b_3393,11607.005664014903
00e12e8b_3394,11607.023727326836
00e12e8b_3395,11607.007077468115
00e12e8b_3396,11606.989767871137
00e12e8b_3397,11606.978712759601
00e12e8b_3398,11606.977019051632
00e12e8b_3399,11606.973218515526
00e12e8b_3400,11606.945139537756
00e12e8b_3401,11606.924600489085
00e12e8b_3402,11606.900895904839
00e12e8b_3403,11606.88171670164
00e12e8b_3404,11606.872655644811
00e12e8b_3405,11606.87552384678
00e12e8b_3406,11606.902783092632
00e12e8b_3407,11606.922431655796
00e12e8b_3408,11606.951836056012
00e12e8b_3409,11606.98034401726
00e12e8b_3410,11607.027972246702
00e12e8b_3411,11607.06457924828
00e12e8b_3412,11607.09503181102
00e12e8b_3413,11607.110580100787
00e12e8b_3414,11607.145283004109
00e12e8b_3415,11607.145743773073
00e12e8b_3416,11607.140397355868
00e12e8b_3417,11607.126098757524
00e12e8b_3418,11607.116728359444
00e12e8b_3419,11607.114261235381
00e12e8b_3420,11607.114924755771
00e12e8b_3421,11607.111908533863
00e12e8b_3422,11607.13086023689
00e12e8b_3423,11607.122365712416
00e12e8b_3424,11607.102560159918
00e12e8b_3425,11607.091312011144
00e12e8b_3426,11607.10330544878
00e12e8b_3427,11607.08984230593
00e12e8b_3428,11607.061389411207
00e12e8b_3429,11607.04029761962
00e12e8b_3430,11607.03354616589
00e12e8b_3431,11607.004829155849
00e12e8b_3432,11606.970050883965
00e12e8b_3433,11606.944073762472
00e12e8b_3434,11606.951810983148
00e12e8b_3435,11606.929253617516
00e12e8b_3436,11606.916881604626
00e12e8b_3437,11606.891412615614
00e12e8b_3438,11606.895754035839
00e12e8b_3439,11606.875829248476
00e12e8b_3440,11606.851387614643
00e12e8b_3441,11606.842795322842
00e12e8b_3442,11606.833339349354
00e12e8b_3443,11606.842638768125
00e12e8b_3444,11606.821749910305
00e12e8b_3445,11606.796719898279
00e12e8b_3446,11606.768764903269
00e12e8b_3447,11606.771730450835
00e12e8b_3448,11606.749232695309
00e12e8b_3449,11606.728935644245
00e12e8b_3450,11606.706562910225
00e12e8b_3451,11606.712581795366
00e12e8b_3452,11606.677494575306
00e12e8b_3453,11606.650968654305
00e12e8b_3454,11606.626315424313
00e12e8b_3455,11606.637023678377
00e12e8b_3456,11606.609520869404
00e12e8b_3457,11606.590360810409
00e12e8b_3458,11606.55127258635
00e12e8b_3459,11606.54748417313
00e12e8b_3460,11606.500786937253
00e12e8b_3461,11606.471554072066
00e12e8b_3462,11606.421019476029
00e12e8b_3463,11606.386249705689
00e12e8b_3464,11606.356408178397
00e12e8b_3465,11606.314952052253
00e12e8b_3466,11606.284022746491
00e12e8b_3467,11606.26755547453
00e12e8b_3468,11606.28706640181
00e12e8b_3469,11606.292954092507
00e12e8b_3470,11606.295316054431
00e12e8b_3471,11606.314671239155
00e12e8b_3472,11606.345836222443
00e12e8b_3473,11606.360529885651
00e12e8b_3474,11606.366268455526
00e12e8b_3475,11606.365400030683
00e12e8b_3476,11606.380895022463
00e12e8b_3477,11606.356837560645
00e12e8b_3478,11606.32694930553
00e12e8b_3479,11606.287847399026
00e12e8b_3480,11606.242838668824
00e12e8b_3481,11606.192020493028
00e12e8b_3482,11606.160423488212
00e12e8b_3483,11606.116274401898
00e12e8b_3484,11606.078579769966
00e12e8b_3485,11606.0613206469
00e12e8b_3486,11606.02499222053
00e12e8b_3487,11605.994821417018
00e12e8b_3488,11605.95518201479
00e12e8b_3489,11605.950102269762
00e12e8b_3490,11605.926487597817
00e12e8b_3491,11605.8951547866
00e12e8b_3492,11605.877504498158
00e12e8b_3493,11605.880772745662
00e12e8b_3494,11605.864904240681
00e12e8b_3495,11605.843554675823
00e12e8b_3496,11605.82947888284
00e12e8b_3497,11605.830591482996
00e12e8b_3498,11605.811375456358
00e12e8b_3499,11605.784173168355
00e12e8b_3500,11605.761345928895
00e12e8b_3501,11605.76179250501
00e12e8b_3502,11605.741677760696
00e12e8b_3503,11605.722737789818
00e12e8b_3504,11605.701813376116
00e12e8b_3505,11605.702326420966
00e12e8b_3506,11605.681573170597
00e12e8b_3507,11605.656303056467
00e12e8b_3508,11605.633667657577
00e12e8b_3509,11605.629685573047
00e12e8b_3510,11605.586197771423
00e12e8b_3511,11605.553898549268
00e12e8b_3512,11605.530952269755
00e12e8b_3513,11605.52825505865
00e12e8b_3514,11605.517550940262
00e12e8b_3515,11605.508736712447
00e12e8b_3516,11605.508239905388
00e12e8b_3517,11605.540934998264
00e12e8b_3518,11605.555060084009
00e12e8b_3519,11605.568698264127
00e12e8b_3520,11605.603025826895
00e12e8b_3521,11605.613436998328
00e12e8b_3522,11605.612496497311
00e12e8b_3523,11605.607736122149
00e12e8b_3524,11605.613765547116
00e12e8b_3525,11605.59061542192
00e12e8b_3526,11605.552276305709
00e12e8b_3527,11605.556445892864
00e12e8b_3528,11605.53966888417
00e12e8b_3529,11605.517526426955
00e12e8b_3530,11605.494689793557
00e12e8b_3531,11605.492969023513
00e12e8b_3532,11605.47237390559
00e12e8b_3533,11605.45189074278
00e12e8b_3534,11605.44842910445
00e12e8b_3535,11605.42129482745
00e12e8b_3536,11605.399125474978
00e12e8b_3537,11605.397643560704
00e12e8b_3538,11605.371254891885
00e12e8b_3539,11605.355988087947
00e12e8b_3540,11605.337145216077
00e12e8b_3541,11605.333800665556
00e12e8b_3542,11605.316443898313
00e12e8b_3543,11605.292147721846
00e12e8b_3544,11605.297338638484
00e12e8b_3545,11605.270122998707
00e12e8b_3546,11605.247651414733
00e12e8b_3547,11605.243917629943
00e12e8b_3548,11605.220844141228
00e12e8b_3549,11605.184578253142
00e12e8b_3550,11605.190728775817
00e12e8b_3551,11605.158314730317
00e12e8b_3552,11605.144246034286
00e12e8b_3553,11605.141411912742
00e12e8b_3554,11605.123617051962
00e12e8b_3555,11605.102535838438
00e12e8b_3556,11605.109489498778
00e12e8b_3557,11605.089466467143
00e12e8b_3558,11605.074060304436
00e12e8b_3559,11605.052259724596
00e12e8b_3560,11605.059354004185
00e12e8b_3561,11605.031698322062
00e12e8b_3562,11605.021367942249
00e12e8b_3563,11605.022025787068
00e12e8b_3564,11605.005059856276
00e12e8b_3565,11604.996635216285
00e12e8b_3566,11604.999397634478
00e12e8b_3567,11604.982540943893
00e12e8b_3568,11604.97332103599
00e12e8b_3569,11604.980835899936
00e12e8b_3570,11604.977532021152
00e12e8b_3571,11604.9687267654
00e12e8b_3572,11604.984680936805
00e12e8b_3573,11604.982993740714
00e12e8b_3574,11604.972617709424
00e12e8b_3575,11604.960841546179
00e12e8b_3576,11604.972813312866
00e12e8b_3577,11604.959587054715
00e12e8b_3578,11604.947331673593
00e12e8b_3579,11604.956988137865
00e12e8b_3580,11604.934659602404
00e12e8b_3581,11604.912735022137
00e12e8b_3582,11604.902415052347
00e12e8b_3583,11604.87405777055
00e12e8b_3584,11604.85139559675
00e12e8b_3585,11604.85200161023
00e12e8b_3586,11604.828679991377
00e12e8b_3587,11604.804906395082
00e12e8b_3588,11604.768954675053
00e12e8b_3589,11604.764908311317
00e12e8b_3590,11604.726976445525
00e12e8b_3591,11604.686662292539
00e12e8b_3592,11604.669742500713
00e12e8b_3593,11604.617121981792
00e12e8b_3594,11604.55948937968
00e12e8b_3595,11604.516894044313
00e12e8b_3596,11604.443848646017
00e12e8b_3597,11604.365376438725
00e12e8b_3598,11604.280104888785
00e12e8b_3599,11604.224736551487
00e12e8b_3600,11604.14837919791
00e12e8b_3601,11604.07647047529
00e12e8b_3602,11604.029363571513
00e12e8b_3603,11603.944828847143
00e12e8b_3604,11603.863429387588
00e12e8b_3605,11603.795214944596
00e12e8b_3606,11603.708696362117
00e12e8b_3607,11603.623683868022
00e12e8b_3608,11603.553262731057
00e12e8b_3609,11603.51451114486
00e12e8b_3610,11603.475517332623
00e12e8b_3611,11603.427563723111
00e12e8b_3612,11603.402618528757
00e12e8b_3613,11603.366397137901
00e12e8b_3614,11603.34257947988
00e12e8b_3615,11603.308233426875
00e12e8b_3616,11603.282244866909
00e12e8b_3617,11603.243569431594
00e12e8b_3618,11603.223668290178
00e12e8b_3619,11603.205313765273
00e12e8b_3620,11603.19304659769
00e12e8b_3621,11603.194894943997
00e12e8b_3622,11603.212425376829
00e12e8b_3623,11603.2118034165
00e12e8b_3624,11603.221503268833
00e12e8b_3625,11603.234234541731
00e12e8b_3626,11603.272082489682
00e12e8b_3627,11603.299341852924
00e12e8b_3628,11603.34105204909
00e12e8b_3629,11603.385021302014
00e12e8b_3630,11603.44697047771
00e12e8b_3631,11603.52091987363
00e12e8b_3632,11603.59337626127
00e12e8b_3633,11603.714973548951
00e12e8b_3634,11603.83765178296
00e12e8b_3635,11603.968674894699
00e12e8b_3636,11604.167376072812
00e12e8b_3637,11604.389390362565
00e12e8b_3638,11604.60243187899
00e12e8b_3639,11604.791659477345
00e12e8b_3640,11605.00693798633
00e12e8b_3641,11605.156566301765
00e12e8b_3642,11605.270419585922
00e12e8b_3643,11605.358705903478
00e12e8b_3644,11605.435613565296
00e12e8b_3645,11605.482234957646
00e12e8b_3646,11605.510948500341
00e12e8b_3647,11605.540448631571
00e12e8b_3648,11605.552962744077
00e12e8b_3649,11605.560961328003
00e12e8b_3650,11605.569848163685
00e12e8b_3651,11605.569325031749
00e12e8b_3652,11605.563275125018
00e12e8b_3653,11605.53849013686
00e12e8b_3654,11605.519359334026
00e12e8b_3655,11605.490921880242
00e12e8b_3656,11605.458853649512
00e12e8b_3657,11605.423588474958
00e12e8b_3658,11605.403456395492
00e12e8b_3659,11605.36544023699
00e12e8b_3660,11605.331574511978
00e12e8b_3661,11605.303464786328
00e12e8b_3662,11605.263168824886
00e12e8b_3663,11605.21979157095
00e12e8b_3664,11605.190277145684
00e12e8b_3665,11605.17542675455
00e12e8b_3666,11605.161482510217
00e12e8b_3667,11605.154440949505
00e12e8b_3668,11605.145124363939
00e12e8b_3669,11605.1134893245
00e12e8b_3670,11605.062480678496
00e12e8b_3671,11605.005319912661
00e12e8b_3672,11604.965335086054
00e12e8b_3673,11604.935455050356
00e12e8b_3674,11604.884661327129
00e12e8b_3675,11604.840804225412
00e12e8b_3676,11604.795091284584
00e12e8b_3677,11604.739002208828
00e12e8b_3678,11604.670408358576
00e12e8b_3679,11604.562026719514
00e12e8b_3680,11604.408164601617
00e12e8b_3681,11604.188705333649
00e12e8b_3682,11603.978864759789
00e12e8b_3683,11603.778725313
00e12e8b_3684,11603.557292349615
00e12e8b_3685,11603.373830336874
00e12e8b_3686,11603.211027774758
00e12e8b_3687,11603.11020998048
00e12e8b_3688,11603.03917766437
00e12e8b_3689,11602.98528302447
00e12e8b_3690,11602.940953616366
00e12e8b_3691,11602.907065544736
00e12e8b_3692,11602.873182919726
00e12e8b_3693,11602.835330987235
00e12e8b_3694,11602.791913532363
00e12e8b_3695,11602.741057553609
00e12e8b_3696,11602.697091093562
00e12e8b_3697,11602.65097364016
00e12e8b_3698,11602.601329751184
00e12e8b_3699,11602.553760326937
00e12e8b_3700,11602.522216302013
00e12e8b_3701,11602.494637971049
00e12e8b_3702,11602.470935949914
00e12e8b_3703,11602.452548520465
00e12e8b_3704,11602.416705514688
00e12e8b_3705,11602.40223999903
00e12e8b_3706,11602.37921342556
00e12e8b_3707,11602.37295756113
00e12e8b_3708,11602.359711744224
00e12e8b_3709,11602.344434887858
00e12e8b_3710,11602.312570849721
00e12e8b_3711,11602.275489735792
00e12e8b_3712,11602.22793085639
00e12e8b_3713,11602.18516780517
00e12e8b_3714,11602.142477772175
00e12e8b_3715,11602.118394568854
00e12e8b_3716,11602.051015147152
00e12e8b_3717,11601.97113518638
00e12e8b_3718,11601.876757230855
00e12e8b_3719,11601.764156343888
00e12e8b_3720,11601.657191950844
00e12e8b_3721,11601.554472825092
00e12e8b_3722,11601.456028103024
00e12e8b_3723,11601.372418679992
00e12e8b_3724,11601.287826282536
00e12e8b_3725,11601.213827677298
00e12e8b_3726,11601.14585119433
00e12e8b_3727,11601.111932540782
00e12e8b_3728,11601.08111850971
00e12e8b_3729,11601.045640539533
00e12e8b_3730,11601.020531914754
00e12e8b_3731,11601.001020809737
00e12e8b_3732,11600.97935862743
00e12e8b_3733,11600.963206566392
00e12e8b_3734,11600.937921941633
00e12e8b_3735,11600.920416834188
00e12e8b_3736,11600.890584649671
00e12e8b_3737,11600.863901059201
00e12e8b_3738,11600.830481805364
00e12e8b_3739,11600.788784359167
00e12e8b_3740,11600.749552751171
00e12e8b_3741,11600.695266679151
00e12e8b_3742,11600.66295530635
00e12e8b_3743,11600.63980303131
00e12e8b_3744,11600.600712357444
00e12e8b_3745,11600.557206927777
00e12e8b_3746,11600.518804826752
00e12e8b_3747,11600.481206592467
00e12e8b_3748,11600.472033139122
00e12e8b_3749,11600.440394592935
00e12e8b_3750,11600.40853003552
00e12e8b_3751,11600.380253088728
00e12e8b_3752,11600.339826959751
00e12e8b_3753,11600.327813468937
00e12e8b_3754,11600.282779753321
00e12e8b_3755,11600.25500610747
00e12e8b_3756,11600.208870498871
00e12e8b_3757,11600.18854965619
00e12e8b_3758,11600.149968869619
00e12e8b_3759,11600.105344107073
00e12e8b_3760,11600.073576660721
00e12e8b_3761,11600.040610054431
00e12e8b_3762,11600.032332144612
00e12e8b_3763,11600.010547239483
00e12e8b_3764,11599.98379201904
00e12e8b_3765,11599.958605626924
00e12e8b_3766,11599.961497324359
00e12e8b_3767,11599.939858347778
00e12e8b_3768,11599.926003716553
00e12e8b_3769,11599.907257068422
00e12e8b_3770,11599.898162696581
00e12e8b_3771,11599.911210017783
00e12e8b_3772,11599.90211535942
00e12e8b_3773,11599.893160141546
00e12e8b_3774,11599.883630031985
00e12e8b_3775,11599.883703276297
00e12e8b_3776,11599.903077088396
00e12e8b_3777,11599.903139790144
00e12e8b_3778,11599.896700031322
00e12e8b_3779,11599.889444418968
00e12e8b_3780,11599.90903121966
00e12e8b_3781,11599.905779758856
00e12e8b_3782,11599.911779373018
00e12e8b_3783,11599.911820268362
00e12e8b_3784,11599.913527592467
00e12e8b_3785,11599.935259275888
00e12e8b_3786,11599.943604876446
00e12e8b_3787,11599.94586012858
00e12e8b_3788,11599.948686733765
00e12e8b_3789,11599.950464252837
00e12e8b_3790,11599.991065953536
00e12e8b_3791,11600.00588277671
00e12e8b_3792,11600.02780462091
00e12e8b_3793,11600.055420630726
00e12e8b_3794,11600.113175429491
00e12e8b_3795,11600.137088760197
00e12e8b_3796,11600.169527895592
00e12e8b_3797,11600.206097905488
00e12e8b_3798,11600.246430048694
00e12e8b_3799,11600.298488305896
00e12e8b_3800,11600.337069760366
00e12e8b_3801,11600.36224040168
00e12e8b_3802,11600.381933909326
00e12e8b_3803,11600.4089250228
00e12e8b_3804,11600.413632739495
00e12e8b_3805,11600.416098386715
00e12e8b_3806,11600.400783820296
00e12e8b_3807,11600.379048405619
00e12e8b_3808,11600.362765842054
00e12e8b_3809,11600.325995561194
00e12e8b_3810,11600.28707800965
00e12e8b_3811,11600.23874048525
00e12e8b_3812,11600.196433562736
00e12e8b_3813,11600.165342914734
00e12e8b_3814,11600.12524127485
00e12e8b_3815,11600.088106924988
00e12e8b_3816,11600.042389402712
00e12e8b_3817,11600.024251220351
00e12e8b_3818,11599.979704141848
00e12e8b_3819,11599.940671419023
00e12e8b_3820,11599.900915016995
00e12e8b_3821,11599.853543583627
00e12e8b_3822,11599.823295333916
00e12e8b_3823,11599.774736688523
00e12e8b_3824,11599.723532930651
00e12e8b_3825,11599.674802878311
00e12e8b_3826,11599.632607176703
00e12e8b_3827,11599.61122627757
00e12e8b_3828,11599.577271862545
00e12e8b_3829,11599.546981148434
00e12e8b_3830,11599.514196939494
00e12e8b_3831,11599.500688555892
00e12e8b_3832,11599.466770815634
00e12e8b_3833,11599.41901107261
00e12e8b_3834,11599.377244196074
00e12e8b_3835,11599.344183675741
00e12e8b_3836,11599.33967297662
00e12e8b_3837,11599.318370606212
00e12e8b_3838,11599.29721578242
00e12e8b_3839,11599.274832598541
00e12e8b_3840,11599.257156045938
00e12e8b_3841,11599.264231135294
00e12e8b_3842,11599.251748915834
00e12e8b_3843,11599.231565439084
00e12e8b_3844,11599.214587469987
00e12e8b_3845,11599.225566587147
00e12e8b_3846,11599.20187653658
00e12e8b_3847,11599.177199461805
00e12e8b_3848,11599.150938325783
00e12e8b_3849,11599.115679088975
00e12e8b_3850,11599.121285333847
00e12e8b_3851,11599.106744431785
00e12e8b_3852,11599.095016943109
00e12e8b_3853,11599.075048675048
00e12e8b_3854,11599.057781390302
00e12e8b_3855,11599.059209925517
00e12e8b_3856,11599.045418340305
00e12e8b_3857,11599.032914106712
00e12e8b_3858,11599.017745129695
00e12e8b_3859,11599.02155013755
00e12e8b_3860,11599.012027172244
00e12e8b_3861,11598.99795098982
00e12e8b_3862,11598.98525325609
00e12e8b_3863,11598.965654728929
00e12e8b_3864,11598.974271612413
00e12e8b_3865,11598.958047583747
00e12e8b_3866,11598.943974782629
00e12e8b_3867,11598.921207923466
00e12e8b_3868,11598.90666029576
00e12e8b_3869,11598.912118249622
00e12e8b_3870,11598.892802163233
00e12e8b_3871,11598.866757433938
00e12e8b_3872,11598.84562040037
00e12e8b_3873,11598.849539285793
00e12e8b_3874,11598.824866216464
00e12e8b_3875,11598.794047626061
00e12e8b_3876,11598.754219299146
00e12e8b_3877,11598.723325143625
00e12e8b_3878,11598.72644672894
00e12e8b_3879,11598.714417167936
00e12e8b_3880,11598.710018348329
00e12e8b_3881,11598.712689223772
00e12e8b_3882,11598.746032557374
00e12e8b_3883,11598.758912632693
00e12e8b_3884,11598.776458622122
00e12e8b_3885,11598.787497730606
00e12e8b_3886,11598.805915820236
00e12e8b_3887,11598.855087042948
00e12e8b_3888,11598.864119554513
00e12e8b_3889,11598.865004185998
00e12e8b_3890,11598.853311961571
00e12e8b_3891,11598.865887592712
00e12e8b_3892,11598.824492952355
00e12e8b_3893,11598.801521475634
00e12e8b_3894,11598.774864548806
00e12e8b_3895,11598.740839562852
00e12e8b_3896,11598.747199684476
00e12e8b_3897,11598.715720214663
00e12e8b_3898,11598.679655272159
00e12e8b_3899,11598.650793178742
00e12e8b_3900,11598.660366659291
00e12e8b_3901,11598.631472540857
00e12e8b_3902,11598.613371352201
00e12e8b_3903,11598.59852567851
00e12e8b_3904,11598.613438732593
00e12e8b_3905,11598.594387647903
00e12e8b_3906,11598.573266195219
00e12e8b_3907,11598.545695028639
00e12e8b_3908,11598.522742013985
00e12e8b_3909,11598.532489867228
00e12e8b_3910,11598.51138237871
00e12e8b_3911,11598.491933371899
00e12e8b_3912,11598.4690509491
00e12e8b_3913,11598.490351472297
00e12e8b_3914,11598.47705541961
00e12e8b_3915,11598.459614828053
00e12e8b_3916,11598.448958179815
00e12e8b_3917,11598.475832921737
00e12e8b_3918,11598.464685437657
00e12e8b_3919,11598.458191746757
00e12e8b_3920,11598.441455563463
00e12e8b_3921,11598.45989232398
00e12e8b_3922,11598.439972583063
00e12e8b_3923,11598.410455945968
00e12e8b_3924,11598.383909347163
00e12e8b_3925,11598.383105613162
00e12e8b_3926,11598.356487099893
00e12e8b_3927,11598.3323731341
00e12e8b_3928,11598.302447171853
00e12e8b_3929,11598.281240354478
00e12e8b_3930,11598.284305495305
00e12e8b_3931,11598.263318341138
00e12e8b_3932,11598.24366353171
00e12e8b_3933,11598.218650799781
00e12e8b_3934,11598.221554172522
00e12e8b_3935,11598.18901604122
00e12e8b_3936,11598.166211219308
00e12e8b_3937,11598.14149004222
00e12e8b_3938,11598.134905167148
00e12e8b_3939,11598.108043998927
00e12e8b_3940,11598.074838579716
00e12e8b_3941,11598.03336873404
00e12e8b_3942,11598.023660998584
00e12e8b_3943,11598.007231951293
00e12e8b_3944,11597.99612025579
00e12e8b_3945,11597.993146906967
00e12e8b_3946,11598.021303595026
00e12e8b_3947,11598.020558575812
00e12e8b_3948,11598.026681760613
00e12e8b_3949,11598.020250116424
00e12e8b_3950,11598.040612563425
00e12e8b_3951,11598.034241880274
00e12e8b_3952,11598.031379222743
00e12e8b_3953,11598.010116549376
00e12e8b_3954,11598.010051920322
00e12e8b_3955,11597.97352750821
00e12e8b_3956,11597.935141980612
00e12e8b_3957,11597.882895160454
00e12e8b_3958,11597.87674239483
00e12e8b_3959,11597.849060450733
00e12e8b_3960,11597.827698845229
00e12e8b_3961,11597.801930255486
00e12e8b_3962,11597.785937422404
00e12e8b_3963,11597.792770447688
00e12e8b_3964,11597.784977618952
00e12e8b_3965,11597.784724934892
00e12e8b_3966,11597.777169444136
00e12e8b_3967,11597.790670591477
00e12e8b_3968,11597.779672014252
00e12e8b_3969,11597.76135525967
00e12e8b_3970,11597.743623888295
00e12e8b_3971,11597.745643512124
00e12e8b_3972,11597.722700785527
00e12e8b_3973,11597.699484393346
00e12e8b_3974,11597.683212283186
00e12e8b_3975,11597.679530812595
00e12e8b_3976,11597.653236802236
00e12e8b_3977,11597.632252468547
00e12e8b_3978,11597.588562113187
00e12e8b_3979,11597.583363917958
00e12e8b_3980,11597.565123912738
00e12e8b_3981,11597.564899663952
00e12e8b_3982,11597.563832395404
00e12e8b_3983,11597.586363206445
00e12e8b_3984,11597.587749640803
00e12e8b_3985,11597.593814915697
00e12e8b_3986,11597.605083881741
00e12e8b_3987,11597.63318784149
00e12e8b_3988,11597.637949452734
00e12e8b_3989,11597.639897750947
00e12e8b_3990,11597.633018731007
00e12e8b_3991,11597.636880290407
00e12e8b_3992,11597.610981438795
00e12e8b_3993,11597.580280432408
00e12e8b_3994,11597.528249654093
00e12e8b_3995,11597.510188788123
00e12e8b_3996,11597.475324602496
00e12e8b_3997,11597.438901734033
00e12e8b_3998,11597.403332443482
00e12e8b_3999,11597.393014361436
00e12e8b_4000,11597.362262163897
00e12e8b_4001,11597.330459842886
00e12e8b_4002,11597.299940789268
00e12e8b_4003,11597.293290094862
00e12e8b_4004,11597.270559352448
00e12e8b_4005,11597.239496604145
00e12e8b_4006,11597.20221481464
00e12e8b_4007,11597.197332312824
00e12e8b_4008,11597.163467858516
00e12e8b_4009,11597.116025516507
00e12e8b_4010,11597.080910717903
00e12e8b_4011,11597.01983688384
00e12e8b_4012,11596.948942326459
00e12e8b_4013,11596.853208412824
00e12e8b_4014,11596.768664115738
00e12e8b_4015,11596.678717957086
00e12e8b_4016,11596.582257726015
00e12e8b_4017,11596.48160678372
00e12e8b_4018,11596.408350544421
00e12e8b_4019,11596.331574167696
00e12e8b_4020,11596.262965652488
00e12e8b_4021,11596.18835928668
00e12e8b_4022,11596.130888499767
00e12e8b_4023,11596.077317557912
00e12e8b_4024,11596.023849932157
00e12e8b_4025,11596.008703918093
00e12e8b_4026,11595.968728306492
00e12e8b_4027,11595.953197161802
00e12e8b_4028,11595.943205048463
00e12e8b_4029,11595.942720868596
00e12e8b_4030,11595.934229968669
00e12e8b_4031,11595.925467654139
00e12e8b_4032,11595.910111928228
00e12e8b_4033,11595.917884446464
00e12e8b_4034,11595.890694573389
00e12e8b_4035,11595.892481598177
00e12e8b_4036,11595.88434337392
00e12e8b_4037,11595.878316312597
00e12e8b_4038,11595.862101698047
00e12e8b_4039,11595.852787494334
00e12e8b_4040,11595.844275586562
00e12e8b_4041,11595.830418223686
00e12e8b_4042,11595.813388598706
00e12e8b_4043,11595.807722216985
00e12e8b_4044,11595.806208470594
00e12e8b_4045,11595.793371177846
00e12e8b_4046,11595.793335338158
00e12e8b_4047,11595.771461262937
00e12e8b_4048,11595.76578437233
00e12e8b_4049,11595.767700188626
00e12e8b_4050,11595.770333113831
00e12e8b_4051,11595.786983902022
00e12e8b_4052,11595.819615923207
00e12e8b_4053,11595.843800259536
00e12e8b_4054,11595.876337489897
00e12e8b_4055,11595.915761198392
00e12e8b_4056,11595.92477300277
00e12e8b_4057,11595.94643136835
00e12e8b_4058,11595.951280961975
00e12e8b_4059,11595.964888046094
00e12e8b_4060,11595.951052350621
00e12e8b_4061,11595.947235673277
00e12e8b_4062,11595.926342217579
00e12e8b_4063,11595.920755206582
00e12e8b_4064,11595.908024013901
00e12e8b_4065,11595.900771558763
00e12e8b_4066,11595.893825722163
00e12e8b_4067,11595.901226953538
00e12e8b_4068,11595.888572528522
00e12e8b_4069,11595.876451943019
00e12e8b_4070,11595.886721558243
00e12e8b_4071,11595.867892968792
00e12e8b_4072,11595.844577915823
00e12e8b_4073,11595.825030143806
00e12e8b_4074,11595.819866033622
00e12e8b_4075,11595.79539594987
00e12e8b_4076,11595.770615708028
00e12e8b_4077,11595.753011825522
00e12e8b_4078,11595.749862148636
00e12e8b_4079,11595.72980917885
00e12e8b_4080,11595.708092343571
00e12e8b_4081,11595.667329840566
00e12e8b_4082,11595.661829335497
00e12e8b_4083,11595.647119520096
00e12e8b_4084,11595.635888698902
00e12e8b_4085,11595.638407015398
00e12e8b_4086,11595.66443802014
00e12e8b_4087,11595.674243234087
00e12e8b_4088,11595.677880077288
00e12e8b_4089,11595.712128361702
00e12e8b_4090,11595.724600888132
00e12e8b_4091,11595.731738573035
00e12e8b_4092,11595.736774178089
00e12e8b_4093,11595.757308690818
00e12e8b_4094,11595.754507798714
00e12e8b_4095,11595.742440988553
00e12e8b_4096,11595.718118939283
00e12e8b_4097,11595.707749093885
00e12e8b_4098,11595.691681107173
00e12e8b_4099,11595.679551967673
00e12e8b_4100,11595.664525380462
00e12e8b_4101,11595.666741776235
00e12e8b_4102,11595.648915408625
00e12e8b_4103,11595.641690299837
00e12e8b_4104,11595.624360079823
00e12e8b_4105,11595.624866534272
00e12e8b_4106,11595.613672016618
00e12e8b_4107,11595.602568722503
00e12e8b_4108,11595.588935597305
00e12e8b_4109,11595.593873523585
00e12e8b_4110,11595.58700672398
00e12e8b_4111,11595.582612586892
00e12e8b_4112,11595.571172203703
00e12e8b_4113,11595.580439476405
00e12e8b_4114,11595.57083327525
00e12e8b_4115,11595.560955107405
00e12e8b_4116,11595.553317512455
00e12e8b_4117,11595.550391738721
00e12e8b_4118,11595.533167630147
00e12e8b_4119,11595.525029185488
00e12e8b_4120,11595.52187969766
00e12e8b_4121,11595.500176501475
00e12e8b_4122,11595.479368740198
00e12e8b_4123,11595.464889510316
00e12e8b_4124,11595.453851971848
00e12e8b_4125,11595.431284572078
00e12e8b_4126,11595.415293046073
00e12e8b_4127,11595.393413451637
00e12e8b_4128,11595.384448754558
00e12e8b_4129,11595.361118253186
00e12e8b_4130,11595.338436644864
00e12e8b_4131,11595.315903217755
00e12e8b_4132,11595.297420852545
00e12e8b_4133,11595.27316088084
00e12e8b_4134,11595.253697599515
00e12e8b_4135,11595.229525887136
00e12e8b_4136,11595.220429919129
00e12e8b_4137,11595.188909047882
00e12e8b_4138,11595.164745936312
00e12e8b_4139,11595.148649172912
00e12e8b_4140,11595.13418395558
00e12e8b_4141,11595.112717180305
00e12e8b_4142,11595.09689560076
00e12e8b_4143,11595.0821046201
00e12e8b_4144,11595.084784889903
00e12e8b_4145,11595.068692627661
00e12e8b_4146,11595.060676444884
00e12e8b_4147,11595.051600311976
00e12e8b_4148,11595.059523500668
00e12e8b_4149,11595.054092341941
00e12e8b_4150,11595.044978486185
00e12e8b_4151,11595.030193394681
00e12e8b_4152,11595.016563868396
00e12e8b_4153,11594.993154564605
00e12e8b_4154,11594.996083764632
00e12e8b_4155,11594.999717953635
00e12e8b_4156,11595.03683606938
00e12e8b_4157,11595.060834067413
00e12e8b_4158,11595.090461346928
00e12e8b_4159,11595.145586019366
00e12e8b_4160,11595.174697426177
00e12e8b_4161,11595.195754063083
00e12e8b_4162,11595.203032239586
00e12e8b_4163,11595.219820339282
00e12e8b_4164,11595.228236866413
00e12e8b_4165,11595.231987413763
00e12e8b_4166,11595.229633248935
00e12e8b_4167,11595.23580726116
00e12e8b_4168,11595.211045571363
00e12e8b_4169,11595.205374750882
00e12e8b_4170,11595.202840129496
00e12e8b_4171,11595.225997903113
00e12e8b_4172,11595.228194919948
00e12e8b_4173,11595.242084649411
00e12e8b_4174,11595.266820124598
00e12e8b_4175,11595.305588933426
00e12e8b_4176,11595.3109019004
00e12e8b_4177,11595.32382766737
00e12e8b_4178,11595.32414716595
00e12e8b_4179,11595.325250177555
00e12e8b_4180,11595.32884080402
00e12e8b_4181,11595.343110866514
00e12e8b_4182,11595.363538464484
00e12e8b_4183,11595.408616308818
00e12e8b_4184,11595.432913873305
00e12e8b_4185,11595.439750522683
00e12e8b_4186,11595.435452329531
00e12e8b_4187,11595.433210705507
00e12e8b_4188,11595.434676266854
00e12e8b_4189,11595.433890277205
00e12e8b_4190,11595.456234683114
00e12e8b_4191,11595.481611552126
00e12e8b_4192,11595.483764830067
00e12e8b_4193,11595.498425284974
00e12e8b_4194,11595.511148384365
00e12e8b_4195,11595.554201855077
00e12e8b_4196,11595.58094937333
00e12e8b_4197,11595.594408250508
00e12e8b_4198,11595.577991809037
00e12e8b_4199,11595.584540714619
00e12e8b_4200,11595.571343169735
00e12e8b_4201,11595.554422306292
00e12e8b_4202,11595.524898348076
00e12e8b_4203,11595.48794910578
00e12e8b_4204,11595.473417768893
00e12e8b_4205,11595.45014270912
00e12e8b_4206,11595.422841591924
00e12e8b_4207,11595.430848336911
00e12e8b_4208,11595.407337545284
00e12e8b_4209,11595.405318423927
00e12e8b_4210,11595.395373025953
00e12e8b_4211,11595.407883701699
00e12e8b_4212,11595.394629376588
00e12e8b_4213,11595.402425678187
00e12e8b_4214,11595.405916442392
00e12e8b_4215,11595.426745175388
00e12e8b_4216,11595.424984872647
00e12e8b_4217,11595.433894636339
00e12e8b_4218,11595.44387482039
00e12e8b_4219,11595.46641961799
00e12e8b_4220,11595.477529145022
00e12e8b_4221,11595.497419535928
00e12e8b_4222,11595.5090190093
00e12e8b_4223,11595.52547663829
00e12e8b_4224,11595.529832618608
00e12e8b_4225,11595.534359912075
00e12e8b_4226,11595.544160658354
00e12e8b_4227,11595.564710547536
00e12e8b_4228,11595.5692490723
00e12e8b_4229,11595.572752706837
00e12e8b_4230,11595.579404785432
00e12e8b_4231,11595.611339222043
00e12e8b_4232,11595.617245140198
00e12e8b_4233,11595.629256774937
00e12e8b_4234,11595.636154979573
00e12e8b_4235,11595.659009241863
00e12e8b_4236,11595.662462373544
00e12e8b_4237,11595.671408690423
00e12e8b_4238,11595.675521771544
00e12e8b_4239,11595.698233325975
00e12e8b_4240,11595.695241557953
00e12e8b_4241,11595.698727190596
00e12e8b_4242,11595.705308497256
00e12e8b_4243,11595.725744125906
00e12e8b_4244,11595.725010730599
00e12e8b_4245,11595.723800002927
00e12e8b_4246,11595.714505139264
00e12e8b_4247,11595.729852660315
00e12e8b_4248,11595.72799698505
00e12e8b_4249,11595.720419526999
00e12e8b_4250,11595.71726718495
00e12e8b_4251,11595.73306336133
00e12e8b_4252,11595.73441309007
00e12e8b_4253,11595.736532187715
00e12e8b_4254,11595.74485438165
00e12e8b_4255,11595.759714016025
00e12e8b_4256,11595.772179158379
00e12e8b_4257,11595.781979600353
00e12e8b_4258,11595.792119666481
00e12e8b_4259,11595.815669393967
00e12e8b_4260,11595.840287593377
00e12e8b_4261,11595.865956308598
00e12e8b_4262,11595.904133057971
00e12e8b_4263,11595.957349027798
00e12e8b_4264,11596.001762294189
00e12e8b_4265,11596.042838693575
00e12e8b_4266,11596.086366053887
00e12e8b_4267,11596.140347562445
00e12e8b_4268,11596.18132040725
00e12e8b_4269,11596.208826462906
00e12e8b_4270,11596.237812708638
00e12e8b_4271,11596.26605851973
00e12e8b_4272,11596.27384112262
00e12e8b_4273,11596.284883748185
00e12e8b_4274,11596.285394943043
00e12e8b_4275,11596.313832785083
00e12e8b_4276,11596.321950236666
00e12e8b_4277,11596.341850726632
00e12e8b_4278,11596.351930023346
00e12e8b_4279,11596.385602204202
00e12e8b_4280,11596.398050213022
00e12e8b_4281,11596.408742507187
00e12e8b_4282,11596.411664732901
00e12e8b_4283,11596.446970838404
00e12e8b_4284,11596.460737846848
00e12e8b_4285,11596.480519939149
00e12e8b_4286,11596.494764785655
00e12e8b_4287,11596.528090148311
00e12e8b_4288,11596.554403172922
00e12e8b_4289,11596.580158613675
00e12e8b_4290,11596.607367966115
00e12e8b_4291,11596.642074615987
00e12e8b_4292,11596.664736237153
00e12e8b_4293,11596.679456599559
00e12e8b_4294,11596.688930654047
00e12e8b_4295,11596.71011451645
00e12e8b_4296,11596.72231725583
00e12e8b_4297,11596.736646731457
00e12e8b_4298,11596.756460022272
00e12e8b_4299,11596.80019711641
00e12e8b_4300,11596.825848222818
00e12e8b_4301,11596.856677009117
00e12e8b_4302,11596.886372190449
00e12e8b_4303,11596.937885765461
00e12e8b_4304,11596.972843721654
00e12e8b_4305,11597.002616168827
00e12e8b_4306,11597.046687209713
00e12e8b_4307,11597.063830532445
00e12e8b_4308,11597.079099687708
00e12e8b_4309,11597.087186932456
00e12e8b_4310,11597.106501733184
00e12e8b_4311,11597.127151679473
00e12e8b_4312,11597.141829946973
00e12e8b_4313,11597.156708264936
00e12e8b_4314,11597.181214512148
00e12e8b_4315,11597.196636434612
00e12e8b_4316,11597.197595403635
00e12e8b_4317,11597.194281996824
00e12e8b_4318,11597.215751468693
00e12e8b_4319,11597.210752478006
00e12e8b_4320,11597.207307951418
00e12e8b_4321,11597.19992616564
00e12e8b_4322,11597.210021430019
00e12e8b_4323,11597.210739570908
00e12e8b_4324,11597.20699027563
00e12e8b_4325,11597.205352298775
00e12e8b_4326,11597.227921869753
00e12e8b_4327,11597.234608594734
00e12e8b_4328,11597.250589974501
00e12e8b_4329,11597.256384914508
00e12e8b_4330,11597.28052908573
00e12e8b_4331,11597.293549073118
00e12e8b_4332,11597.30098198786
00e12e8b_4333,11597.320472288508
00e12e8b_4334,11597.344672262647
00e12e8b_4335,11597.363354311105
00e12e8b_4336,11597.389877716516
00e12e8b_4337,11597.41838936071
00e12e8b_4338,11597.46557413403
00e12e8b_4339,11597.497438108208
00e12e8b_4340,11597.530194516987
00e12e8b_4341,11597.573230926891
00e12e8b_4342,11597.629610277409
00e12e8b_4343,11597.680968217865
00e12e8b_4344,11597.728836301854
00e12e8b_4345,11597.769512550489
00e12e8b_4346,11597.832190853132
00e12e8b_4347,11597.885433453235
00e12e8b_4348,11597.941741522263
00e12e8b_4349,11597.985686455137
00e12e8b_4350,11598.05555621731
00e12e8b_4351,11598.117737607876
00e12e8b_4352,11598.157704955547
00e12e8b_4353,11598.196050642084
00e12e8b_4354,11598.22842769646
00e12e8b_4355,11598.248325096076
00e12e8b_4356,11598.273838260957
00e12e8b_4357,11598.290189120708
00e12e8b_4358,11598.324505527566
00e12e8b_4359,11598.35025156147
00e12e8b_4360,11598.37949431035
00e12e8b_4361,11598.41204838197
00e12e8b_4362,11598.437640620155
00e12e8b_4363,11598.468461688606
00e12e8b_4364,11598.486600247954
00e12e8b_4365,11598.520513953166
00e12e8b_4366,11598.556767434828
00e12e8b_4367,11598.583595451151
00e12e8b_4368,11598.615571119499
00e12e8b_4369,11598.638678453806
00e12e8b_4370,11598.672632169884
00e12e8b_4371,11598.691276842697
00e12e8b_4372,11598.7066640084
00e12e8b_4373,11598.704459989414
00e12e8b_4374,11598.706419008438
00e12e8b_4375,11598.699069427992
00e12e8b_4376,11598.683689700605
00e12e8b_4377,11598.66944385405
00e12e8b_4378,11598.653252766208
00e12e8b_4379,11598.619029320702
00e12e8b_4380,11598.574617180762
00e12e8b_4381,11598.532593132459
00e12e8b_4382,11598.513424181276
00e12e8b_4383,11598.482280278477
00e12e8b_4384,11598.445126538601
00e12e8b_4385,11598.402306231146
00e12e8b_4386,11598.366544874434
00e12e8b_4387,11598.325692037186
00e12e8b_4388,11598.279060745755
00e12e8b_4389,11598.239615160717
00e12e8b_4390,11598.215104534658
00e12e8b_4391,11598.177077140297
00e12e8b_4392,11598.158012199367
00e12e8b_4393,11598.144162388084
00e12e8b_4394,11598.144631168268
00e12e8b_4395,11598.142074314568
00e12e8b_4396,11598.142459360291
00e12e8b_4397,11598.143482333646
00e12e8b_4398,11598.162434842083
00e12e8b_4399,11598.166488325181
00e12e8b_4400,11598.146979934687
00e12e8b_4401,11598.147092109142
00e12e8b_4402,11598.156320341426
00e12e8b_4403,11598.191886275534
00e12e8b_4404,11598.222712434123
00e12e8b_4405,11598.25519758108
00e12e8b_4406,11598.29981310999
00e12e8b_4407,11598.366394077455
00e12e8b_4408,11598.42089296797
00e12e8b_4409,11598.47102680786
00e12e8b_4410,11598.523369098979
00e12e8b_4411,11598.600155285452
00e12e8b_4412,11598.65571520992
00e12e8b_4413,11598.698730783088
00e12e8b_4414,11598.742273190508
00e12e8b_4415,11598.791042411889
00e12e8b_4416,11598.792436824668
00e12e8b_4417,11598.81006882937
00e12e8b_4418,11598.836295356079
00e12e8b_4419,11598.880394887154
00e12e8b_4420,11598.890225319172
00e12e8b_4421,11598.887768127279
00e12e8b_4422,11598.893843430082
00e12e8b_4423,11598.92372914419
00e12e8b_4424,11598.928327172058
00e12e8b_4425,11598.932741812781
00e12e8b_4426,11598.931720087961
00e12e8b_4427,11598.96453821518
00e12e8b_4428,11598.96462589034
00e12e8b_4429,11598.965820857587
00e12e8b_4430,11598.962420234913
00e12e8b_4431,11598.993026050774
00e12e8b_4432,11598.992912043035
00e12e8b_4433,11599.002867120429
00e12e8b_4434,11599.008349345248
00e12e8b_4435,11599.02279102579
00e12e8b_4436,11599.056879654387
00e12e8b_4437,11599.059302841812
00e12e8b_4438,11599.078808229133
00e12e8b_4439,11599.092262684633
00e12e8b_4440,11599.137654757027
00e12e8b_4441,11599.14369429157
00e12e8b_4442,11599.140195006043
00e12e8b_4443,11599.13529422358
00e12e8b_4444,11599.145753657915
00e12e8b_4445,11599.137008792857
00e12e8b_4446,11599.120606159591
00e12e8b_4447,11599.09945062799
00e12e8b_4448,11599.104443031052
00e12e8b_4449,11599.084795135435
00e12e8b_4450,11599.067764387619
00e12e8b_4451,11599.055994636694
00e12e8b_4452,11599.05630124486
00e12e8b_4453,11599.03907098871
00e12e8b_4454,11599.02646436912
00e12e8b_4455,11599.012524891006
00e12e8b_4456,11599.022322211744
00e12e8b_4457,11599.012230311422
00e12e8b_4458,11598.999407902418
00e12e8b_4459,11598.988706438857
00e12e8b_4460,11599.006626842445
00e12e8b_4461,11598.99860405617
00e12e8b_4462,11598.987904034262
00e12e8b_4463,11598.986815121894
00e12e8b_4464,11598.998385580144
00e12e8b_4465,11598.989430117184
00e12e8b_4466,11598.98130248982
00e12e8b_4467,11598.984244348143
00e12e8b_4468,11598.978074231443
00e12e8b_4469,11598.990946616297
00e12e8b_4470,11598.978244141135
00e12e8b_4471,11598.974971419068
00e12e8b_4472,11598.970968836662
00e12e8b_4473,11598.991712839299
00e12e8b_4474,11598.993909855606
00e12e8b_4475,11599.003974238625
00e12e8b_4476,11599.012629058481
00e12e8b_4477,11599.042949551902
00e12e8b_4478,11599.050837164807
00e12e8b_4479,11599.065114133886
00e12e8b_4480,11599.07113808027
00e12e8b_4481,11599.104835971253
00e12e8b_4482,11599.113681482346
00e12e8b_4483,11599.12348951627
00e12e8b_4484,11599.124677785027
00e12e8b_4485,11599.147858243503
00e12e8b_4486,11599.150296137937
00e12e8b_4487,11599.160479686727
00e12e8b_4488,11599.172114937866
00e12e8b_4489,11599.198092030992
00e12e8b_4490,11599.211950094454
00e12e8b_4491,11599.232188460333
00e12e8b_4492,11599.243654988968
00e12e8b_4493,11599.26627676049
00e12e8b_4494,11599.273402630832
00e12e8b_4495,11599.280170205762
00e12e8b_4496,11599.286256293237
00e12e8b_4497,11599.305021345164
00e12e8b_4498,11599.304308202329
00e12e8b_4499,11599.312324330751
00e12e8b_4500,11599.31360685809
00e12e8b_4501,11599.330523058936
00e12e8b_4502,11599.333980868612
00e12e8b_4503,11599.339680261734
00e12e8b_4504,11599.34146371842
00e12e8b_4505,11599.350524398606
00e12e8b_4506,11599.350981167036
00e12e8b_4507,11599.356999166175
00e12e8b_4508,11599.366218040932
00e12e8b_4509,11599.38712309108
00e12e8b_4510,11599.399982765219
00e12e8b_4511,11599.416933405359
00e12e8b_4512,11599.434746751678
00e12e8b_4513,11599.455194882443
00e12e8b_4514,11599.488743659933
00e12e8b_4515,11599.51608070583
00e12e8b_4516,11599.540599002878
00e12e8b_4517,11599.56378581445
00e12e8b_4518,11599.592327246859
00e12e8b_4519,11599.60879058568
00e12e8b_4520,11599.620051398002
00e12e8b_4521,11599.626250872332
00e12e8b_4522,11599.645681028042
00e12e8b_4523,11599.65554329615
00e12e8b_4524,11599.661782660025
00e12e8b_4525,11599.668582011855
00e12e8b_4526,11599.685685405653
00e12e8b_4527,11599.692117188912
00e12e8b_4528,11599.700801684328
00e12e8b_4529,11599.7044115262
00e12e8b_4530,11599.718206395091
00e12e8b_4531,11599.717235014421
00e12e8b_4532,11599.724678465118
00e12e8b_4533,11599.731776185803
00e12e8b_4534,11599.754527278
00e12e8b_4535,11599.767917857036
00e12e8b_4536,11599.781836698994
00e12e8b_4537,11599.793601416999
00e12e8b_4538,11599.82432479939
00e12e8b_4539,11599.843016753543
00e12e8b_4540,11599.859081250292
00e12e8b_4541,11599.873913171501
00e12e8b_4542,11599.90174901764
00e12e8b_4543,11599.9137526072
00e12e8b_4544,11599.92239127245
00e12e8b_4545,11599.915748668913
00e12e8b_4546,11599.928180224964
00e12e8b_4547,11599.92281696603
00e12e8b_4548,11599.910176654557
00e12e8b_4549,11599.901577205905
00e12e8b_4550,11599.90880084896
00e12e8b_4551,11599.89500129056
00e12e8b_4552,11599.886182431916
00e12e8b_4553,11599.875889723528
00e12e8b_4554,11599.869618798173
00e12e8b_4555,11599.8800899757
00e12e8b_4556,11599.867290119239
00e12e8b_4557,11599.864915444701
00e12e8b_4558,11599.857084031863
00e12e8b_4559,11599.87305690321
00e12e8b_4560,11599.869072558316
00e12e8b_4561,11599.868090844919
00e12e8b_4562,11599.864479292402
00e12e8b_4563,11599.880337236236
00e12e8b_4564,11599.878672774379
00e12e8b_4565,11599.884165805574
00e12e8b_4566,11599.87894571571
00e12e8b_4567,11599.894403084305
00e12e8b_4568,11599.891954741295
00e12e8b_4569,11599.88943958058
00e12e8b_4570,11599.88163060365
00e12e8b_4571,11599.886833613955
00e12e8b_4572,11599.883675578894
00e12e8b_4573,11599.877154745956
00e12e8b_4574,11599.878626790955
00e12e8b_4575,11599.87776188748
00e12e8b_4576,11599.870580483333
00e12e8b_4577,11599.87557918505
00e12e8b_4578,11599.88495373915
00e12e8b_4579,11599.911444713402
00e12e8b_4580,11599.93770312455
00e12e8b_4581,11599.958201348796
00e12e8b_4582,11599.98143213155
00e12e8b_4583,11600.022861135387
00e12e8b_4584,11600.051396834539
00e12e8b_4585,11600.067937710475
00e12e8b_4586,11600.08704608559
00e12e8b_4587,11600.115010491842
00e12e8b_4588,11600.13220443423
00e12e8b_4589,11600.134574656297
00e12e8b_4590,11600.133275497494
00e12e8b_4591,11600.137461716751
00e12e8b_4592,11600.138329807727
00e12e8b_4593,11600.13908109265
00e12e8b_4594,11600.146881720968
00e12e8b_4595,11600.158782933473
00e12e8b_4596,11600.158274231517
00e12e8b_4597,11600.154902736334
00e12e8b_4598,11600.151775659204
00e12e8b_4599,11600.159853012294
00e12e8b_4600,11600.152358367191
00e12e8b_4601,11600.146686597247
00e12e8b_4602,11600.142382398295
00e12e8b_4603,11600.135477422476
00e12e8b_4604,11600.143112814581
00e12e8b_4605,11600.13675965802
00e12e8b_4606,11600.132973521955
00e12e8b_4607,11600.130639735336
00e12e8b_4608,11600.139949237628
00e12e8b_4609,11600.137368312537
00e12e8b_4610,11600.126922056828
00e12e8b_4611,11600.124079424682
00e12e8b_4612,11600.141873393506
00e12e8b_4613,11600.152671897395
00e12e8b_4614,11600.167194391672
00e12e8b_4615,11600.185932943084
00e12e8b_4616,11600.21865203304
00e12e8b_4617,11600.240141400414
00e12e8b_4618,11600.260433962269
00e12e8b_4619,11600.280952398196
00e12e8b_4620,11600.31019753716
00e12e8b_4621,11600.323345280101
00e12e8b_4622,11600.334252016446
00e12e8b_4623,11600.341863013477
00e12e8b_4624,11600.352753851737
00e12e8b_4625,11600.34885368627
00e12e8b_4626,11600.336443250188
00e12e8b_4627,11600.336860979907
00e12e8b_4628,11600.3470292862
00e12e8b_4629,11600.344939941171
00e12e8b_4630,11600.341867556368
00e12e8b_4631,11600.336014491579
00e12e8b_4632,11600.347875356789
00e12e8b_4633,11600.347024175715
00e12e8b_4634,11600.346330236778
00e12e8b_4635,11600.348341396815
00e12e8b_4636,11600.363908910016
00e12e8b_4637,11600.365796942622
00e12e8b_4638,11600.371867692424
00e12e8b_4639,11600.37782325834
00e12e8b_4640,11600.38168638652
00e12e8b_4641,11600.386445619706
00e12e8b_4642,11600.3817003847
00e12e8b_4643,11600.38361378723
00e12e8b_4644,11600.377984172723
00e12e8b_4645,11600.378852797336
00e12e8b_4646,11600.378758925566
00e12e8b_4647,11600.383800305111
00e12e8b_4648,11600.389489025942
00e12e8b_4649,11600.395191072783
00e12e8b_4650,11600.403552631127
00e12e8b_4651,11600.413205855786
00e12e8b_4652,11600.413202398355
00e12e8b_4653,11600.421161151577
00e12e8b_4654,11600.428752756328
00e12e8b_4655,11600.433620797725
00e12e8b_4656,11600.435855839312
00e12e8b_4657,11600.437487306397
00e12e8b_4658,11600.43471798093
00e12e8b_4659,11600.427168412722
00e12e8b_4660,11600.409706968252
00e12e8b_4661,11600.394541823096
00e12e8b_4662,11600.385858302465
00e12e8b_4663,11600.383211258373
00e12e8b_4664,11600.380916310165
00e12e8b_4665,11600.38682047379
00e12e8b_4666,11600.395593210138
00e12e8b_4667,11600.407069015535
00e12e8b_4668,11600.42244340681
00e12e8b_4669,11600.441517314777
00e12e8b_4670,11600.454833944528
00e12e8b_4671,11600.470538476322
00e12e8b_4672,11600.482789788342
00e12e8b_4673,11600.497019900478
00e12e8b_4674,11600.493666033402
00e12e8b_4675,11600.479547128813
00e12e8b_4676,11600.472896498946
00e12e8b_4677,11600.455775625289
00e12e8b_4678,11600.436930134014
00e12e8b_4679,11600.409966323778
00e12e8b_4680,11600.38227607397
00e12e8b_4681,11600.348560999259
00e12e8b_4682,11600.316706481743
00e12e8b_4683,11600.26984709888
00e12e8b_4684,11600.218692037011
00e12e8b_4685,11600.15077043009
00e12e8b_4686,11600.075999792565
00e12e8b_4687,11600.016132142931
00e12e8b_4688,11599.97807597397
00e12e8b_4689,11599.961188828605
00e12e8b_4690,11599.96188635704
00e12e8b_4691,11599.958317678758
00e12e8b_4692,11599.952172689691
00e12e8b_4693,11599.940675047905
00e12e8b_4694,11599.949421689455
00e12e8b_4695,11599.937746286329
00e12e8b_4696,11599.937241499163
00e12e8b_4697,11599.92538434378
00e12e8b_4698,11599.932055734436
00e12e8b_4699,11599.925810241057
00e12e8b_4700,11599.924479743453
00e12e8b_4701,11599.920077669156
00e12e8b_4702,11599.927513313669
00e12e8b_4703,11599.923254794921
00e12e8b_4704,11599.930189055262
00e12e8b_4705,11599.933097392062
00e12e8b_4706,11599.940448989038
00e12e8b_4707,11599.941903219493
00e12e8b_4708,11599.942118655483
00e12e8b_4709,11599.946662876775
00e12e8b_4710,11599.941125588948
00e12e8b_4711,11599.941884191998
00e12e8b_4712,11599.940425372004
00e12e8b_4713,11599.943416084785
00e12e8b_4714,11599.937629387618
00e12e8b_4715,11599.930112414195
00e12e8b_4716,11599.920508737461
00e12e8b_4717,11599.93126280708
00e12e8b_4718,11599.928340406961
00e12e8b_4719,11599.934824399841
00e12e8b_4720,11599.955550089957
00e12e8b_4721,11599.961532365525
00e12e8b_4722,11599.97356440637
00e12e8b_4723,11599.979469223686
00e12e8b_4724,11599.99332658437
00e12e8b_4725,11599.988911693808
00e12e8b_4726,11599.989924883568
00e12e8b_4727,11599.989230484896
00e12e8b_4728,11600.000384344365
00e12e8b_4729,11599.991212926674
00e12e8b_4730,11599.979017522859
00e12e8b_4731,11599.958105066984
00e12e8b_4732,11599.948553829385
00e12e8b_4733,11599.932702485181
00e12e8b_4734,11599.918382128593
00e12e8b_4735,11599.907275142572
00e12e8b_4736,11599.908821407142
00e12e8b_4737,11599.897555410229
00e12e8b_4738,11599.891681130692
00e12e8b_4739,11599.893023223993
00e12e8b_4740,11599.908910742859
00e12e8b_4741,11599.909408408605
00e12e8b_4742,11599.912646069215
00e12e8b_4743,11599.932654451977
00e12e8b_4744,11599.938276496694
00e12e8b_4745,11599.94211683552
00e12e8b_4746,11599.948918612818
00e12e8b_4747,11599.960759667447
00e12e8b_4748,11599.962454371964
00e12e8b_4749,11599.957173454968
00e12e8b_4750,11599.959192141985
00e12e8b_4751,11599.977803166603
00e12e8b_4752,11599.977562398342
00e12e8b_4753,11599.984519156369
00e12e8b_4754,11599.985021484456
00e12e8b_4755,11600.006580183872
00e12e8b_4756,11600.017839897502
00e12e8b_4757,11600.01774661028
00e12e8b_4758,11600.024101577406
00e12e8b_4759,11600.045088637635
00e12e8b_4760,11600.037571060002
00e12e8b_4761,11600.043227533424
00e12e8b_4762,11600.039909036414
00e12e8b_4763,11600.05424264933
00e12e8b_4764,11600.049026626615
00e12e8b_4765,11600.035241539743
00e12e8b_4766,11600.03034786393
00e12e8b_4767,11600.039628157028
00e12e8b_4768,11600.037329262783
00e12e8b_4769,11600.038547023361
00e12e8b_4770,11600.038230652563
00e12e8b_4771,11600.05653809181
00e12e8b_4772,11600.049104176116
00e12e8b_4773,11600.042950201278
00e12e8b_4774,11600.031022018367
00e12e8b_4775,11600.024120846085
00e12e8b_4776,11600.031451759882
00e12e8b_4777,11600.02475704905
00e12e8b_4778,11600.015120180637
00e12e8b_4779,11600.005551358747
00e12e8b_4780,11600.021775587436
00e12e8b_4781,11600.016192251573
00e12e8b_4782,11600.015166851937
00e12e8b_4783,11600.019532545324
00e12e8b_4784,11600.028044088567
00e12e8b_4785,11600.02631728832
00e12e8b_4786,11600.03129187789
00e12e8b_4787,11600.029942697089
00e12e8b_4788,11600.044192685238
00e12e8b_4789,11600.040399027435
00e12e8b_4790,11600.038049880222
00e12e8b_4791,11600.038149321459
00e12e8b_4792,11600.027224461879
00e12e8b_4793,11600.028469923023
00e12e8b_4794,11600.052559074962
00e12e8b_4795,11600.068614516807
00e12e8b_4796,11600.100851590925
00e12e8b_4797,11600.117008711843
00e12e8b_4798,11600.120777635175
00e12e8b_4799,11600.107654407642
00e12e8b_4800,11600.118674704445
00e12e8b_4801,11600.125146139433
00e12e8b_4802,11600.129796231175
00e12e8b_4803,11600.127109490275
00e12e8b_4804,11600.151623758304
00e12e8b_4805,11600.152749311164
00e12e8b_4806,11600.165311761453
00e12e8b_4807,11600.162078845475
00e12e8b_4808,11600.17907429733
00e12e8b_4809,11600.19796281191
00e12e8b_4810,11600.207679571204
00e12e8b_4811,11600.220866969117
00e12e8b_4812,11600.248304559527
00e12e8b_4813,11600.259424387285
00e12e8b_4814,11600.265360384805
00e12e8b_4815,11600.277096719896
00e12e8b_4816,11600.297989615685
00e12e8b_4817,11600.297793482734
00e12e8b_4818,11600.302339801674
00e12e8b_4819,11600.304601892032
00e12e8b_4820,11600.3231722431
00e12e8b_4821,11600.32426266429
00e12e8b_4822,11600.309395417193
00e12e8b_4823,11600.292090846999
00e12e8b_4824,11600.315381452045
00e12e8b_4825,11600.329754867225
00e12e8b_4826,11600.34636035847
00e12e8b_4827,11600.365489635004
00e12e8b_4828,11600.383406305518
00e12e8b_4829,11600.402037585789
00e12e8b_4830,11600.421183347225
00e12e8b_4831,11600.429374179093
00e12e8b_4832,11600.44629601774
00e12e8b_4833,11600.446215960776
00e12e8b_4834,11600.44296569968
00e12e8b_4835,11600.432431710396
00e12e8b_4836,11600.427388347658
00e12e8b_4837,11600.425875975887
00e12e8b_4838,11600.409535847319
00e12e8b_4839,11600.41973305748
00e12e8b_4840,11600.419792858314
00e12e8b_4841,11600.435703236657
00e12e8b_4842,11600.440313500716
00e12e8b_4843,11600.442091853241
00e12e8b_4844,11600.448090958489
00e12e8b_4845,11600.475604272535
00e12e8b_4846,11600.4852235571
00e12e8b_4847,11600.48892747549
00e12e8b_4848,11600.496182063474
00e12e8b_4849,11600.510017441442
00e12e8b_4850,11600.511035791069
00e12e8b_4851,11600.510033363556
00e12e8b_4852,11600.513974006666
00e12e8b_4853,11600.532438954422
00e12e8b_4854,11600.543873586954
00e12e8b_4855,11600.54928329055
00e12e8b_4856,11600.546510995544
00e12e8b_4857,11600.552691026944
00e12e8b_4858,11600.548781485515
00e12e8b_4859,11600.538753382782
00e12e8b_4860,11600.539864395645
00e12e8b_4861,11600.559659957331
00e12e8b_4862,11600.565801731955
00e12e8b_4863,11600.565397889763
00e12e8b_4864,11600.566498862625
00e12e8b_4865,11600.57803210767
00e12e8b_4866,11600.569922577004
00e12e8b_4867,11600.563043355914
00e12e8b_4868,11600.564637875399
00e12e8b_4869,11600.568804744098
00e12e8b_4870,11600.56935570768
00e12e8b_4871,11600.564878528205
00e12e8b_4872,11600.565795986216
00e12e8b_4873,11600.569954527302
00e12e8b_4874,11600.563174926001
00e12e8b_4875,11600.565132844138
00e12e8b_4876,11600.562891906871
00e12e8b_4877,11600.575818326612
00e12e8b_4878,11600.570895591567
00e12e8b_4879,11600.569310478631
00e12e8b_4880,11600.562700502047
00e12e8b_4881,11600.56711663261
00e12e8b_4882,11600.557043553506
00e12e8b_4883,11600.560350903503
00e12e8b_4884,11600.549946393283
00e12e8b_4885,11600.5597702048
00e12e8b_4886,11600.556837796394
00e12e8b_4887,11600.55589312571
00e12e8b_4888,11600.55499269379
00e12e8b_4889,11600.561844419748
00e12e8b_4890,11600.556293276466
00e12e8b_4891,11600.559034172387
00e12e8b_4892,11600.552702888162
00e12e8b_4893,11600.55818474729
00e12e8b_4894,11600.565672775338
00e12e8b_4895,11600.57043366733
00e12e8b_4896,11600.564668305906
00e12e8b_4897,11600.57426121138
00e12e8b_4898,11600.575756132168
00e12e8b_4899,11600.578471871193
00e12e8b_4900,11600.575251689628
00e12e8b_4901,11600.581905625928
00e12e8b_4902,11600.570159792745
00e12e8b_4903,11600.569376436695
00e12e8b_4904,11600.565396988673
00e12e8b_4905,11600.561078119048
00e12e8b_4906,11600.537608634104
00e12e8b_4907,11600.51639722665
00e12e8b_4908,11600.485218515987
00e12e8b_4909,11600.476466737447
00e12e8b_4910,11600.461253965004
00e12e8b_4911,11600.444689746653
00e12e8b_4912,11600.436193267138
00e12e8b_4913,11600.424029625832
00e12e8b_4914,11600.408047035837
00e12e8b_4915,11600.397560368012
00e12e8b_4916,11600.391710748352
00e12e8b_4917,11600.375970220426
00e12e8b_4918,11600.366632629257
00e12e8b_4919,11600.355393975857
00e12e8b_4920,11600.351853767294
00e12e8b_4921,11600.34080518481
00e12e8b_4922,11600.337496207956
00e12e8b_4923,11600.332562820997
00e12e8b_4924,11600.337003266104
00e12e8b_4925,11600.336672148373
00e12e8b_4926,11600.339610618501
00e12e8b_4927,11600.342860502189
00e12e8b_4928,11600.336975901664
00e12e8b_4929,11600.336070378975
00e12e8b_4930,11600.342200522951
00e12e8b_4931,11600.353889862592
00e12e8b_4932,11600.379286259951
00e12e8b_4933,11600.39947236974
00e12e8b_4934,11600.425105474504
00e12e8b_4935,11600.449320981943
00e12e8b_4936,11600.485220836072
00e12e8b_4937,11600.511348917715
00e12e8b_4938,11600.53636098226
00e12e8b_4939,11600.554330834746
00e12e8b_4940,11600.581510016003
00e12e8b_4941,11600.59669495558
00e12e8b_4942,11600.598297791845
00e12e8b_4943,11600.5926709989
00e12e8b_4944,11600.577497809487
00e12e8b_4945,11600.576513007245
00e12e8b_4946,11600.565394474337
00e12e8b_4947,11600.562475214256
00e12e8b_4948,11600.567342589224
00e12e8b_4949,11600.554590950678
00e12e8b_4950,11600.552769985974
00e12e8b_4951,11600.543179826189
00e12e8b_4952,11600.542221109536
00e12e8b_4953,11600.537297252296
00e12e8b_4954,11600.530646212272
00e12e8b_4955,11600.523978847334
00e12e8b_4956,11600.523798418068
00e12e8b_4957,11600.51632956646
00e12e8b_4958,11600.507289321868
00e12e8b_4959,11600.497820463606
00e12e8b_4960,11600.495711519416
00e12e8b_4961,11600.486227840596
00e12e8b_4962,11600.478331902135
00e12e8b_4963,11600.471519826731
00e12e8b_4964,11600.47386586534
00e12e8b_4965,11600.470209371875
00e12e8b_4966,11600.472682399655
00e12e8b_4967,11600.47156951963
00e12e8b_4968,11600.474556693249
00e12e8b_4969,11600.47177690976
00e12e8b_4970,11600.462200201251
00e12e8b_4971,11600.455928911097
00e12e8b_4972,11600.454749798284
00e12e8b_4973,11600.441921221878
00e12e8b_4974,11600.42533860727
00e12e8b_4975,11600.399893248174
00e12e8b_4976,11600.395084775011
00e12e8b_4977,11600.372770139067
00e12e8b_4978,11600.337474240554
00e12e8b_4979,11600.309634389943
00e12e8b_4980,11600.280767607475
00e12e8b_4981,11600.247920861288
00e12e8b_4982,11600.214776662478
00e12e8b_4983,11600.188942761522
00e12e8b_4984,11600.185714108504
00e12e8b_4985,11600.182387590987
00e12e8b_4986,11600.194103234167
00e12e8b_4987,11600.208835855283
00e12e8b_4988,11600.23010350162
00e12e8b_4989,11600.239339685284
00e12e8b_4990,11600.258320024952
00e12e8b_4991,11600.272210597323
00e12e8b_4992,11600.285741479742
00e12e8b_4993,11600.28043387942
00e12e8b_4994,11600.272087074556
00e12e8b_4995,11600.257467020196
00e12e8b_4996,11600.244101762884
00e12e8b_4997,11600.199542221346
00e12e8b_4998,11600.171242317294
00e12e8b_4999,11600.149481759014
00e12e8b_5000,11600.148313196125
00e12e8b_5001,11600.13629244808
00e12e8b_5002,11600.13330992967
00e12e8b_5003,11600.127556807405
00e12e8b_5004,11600.137449614584
00e12e8b_5005,11600.139347045657
00e12e8b_5006,11600.14924644063
00e12e8b_5007,11600.157344157735
00e12e8b_5008,11600.158931284204
00e12e8b_5009,11600.148114740714
00e12e8b_5010,11600.137189405094
00e12e8b_5011,11600.12051301088
00e12e8b_5012,11600.113400900611
00e12e8b_5013,11600.083376213552
00e12e8b_5014,11600.066871208817
00e12e8b_5015,11600.053000479553
00e12e8b_5016,11600.04780503372
00e12e8b_5017,11600.030654594668
00e12e8b_5018,11600.021772430227
00e12e8b_5019,11600.014936757616
00e12e8b_5020,11600.018514472591
00e12e8b_5021,11600.001629107566
00e12e8b_5022,11599.988534335056
00e12e8b_5023,11599.976891917715
00e12e8b_5024,11599.980487895777
00e12e8b_5025,11599.960371179073
00e12e8b_5026,11599.929561536204
00e12e8b_5027,11599.890838477908
00e12e8b_5028,11599.87363906175
00e12e8b_5029,11599.83255089635
00e12e8b_5030,11599.779312213142
00e12e8b_5031,11599.731240939234
00e12e8b_5032,11599.71673353781
00e12e8b_5033,11599.652943701496
00e12e8b_5034,11599.611946428475
00e12e8b_5035,11599.59865557027
00e12e8b_5036,11599.623899444072
00e12e8b_5037,11599.59893423716
00e12e8b_5038,11599.593244857364
00e12e8b_5039,11599.61710598104
00e12e8b_5040,11599.66517451617
00e12e8b_5041,11599.690804404067
00e12e8b_5042,11599.710145297491
00e12e8b_5043,11599.727904629975
00e12e8b_5044,11599.753289724413
00e12e8b_5045,11599.773943042128
00e12e8b_5046,11599.78831929991
00e12e8b_5047,11599.806392917377
00e12e8b_5048,11599.816890000862
00e12e8b_5049,11599.840707308365
00e12e8b_5050,11599.834478190774
00e12e8b_5051,11599.834675219325
00e12e8b_5052,11599.844249993343
00e12e8b_5053,11599.86931862807
00e12e8b_5054,11599.87421569172
00e12e8b_5055,11599.880210872112
00e12e8b_5056,11599.889596559438
00e12e8b_5057,11599.916300523659
00e12e8b_5058,11599.927722788309
00e12e8b_5059,11599.938291123084
00e12e8b_5060,11599.957788735159
00e12e8b_5061,11599.987136174697
00e12e8b_5062,11600.001930809416
00e12e8b_5063,11600.010394115514
00e12e8b_5064,11600.02101011344
00e12e8b_5065,11600.041980470884
00e12e8b_5066,11600.052175571596
00e12e8b_5067,11600.062870921814
00e12e8b_5068,11600.073856052004
00e12e8b_5069,11600.087297508308
00e12e8b_5070,11600.108159108562
00e12e8b_5071,11600.116733297085
00e12e8b_5072,11600.11696207128
00e12e8b_5073,11600.11470482831
00e12e8b_5074,11600.1109270625
00e12e8b_5075,11600.107270024779
00e12e8b_5076,11600.10252313786
00e12e8b_5077,11600.097486885114
00e12e8b_5078,11600.09891782797
00e12e8b_5079,11600.094741557275
00e12e8b_5080,11600.085947242473
00e12e8b_5081,11600.077387279585
00e12e8b_5082,11600.071618310569
00e12e8b_5083,11600.062709078758
00e12e8b_5084,11600.04811312729
00e12e8b_5085,11600.031285068895
00e12e8b_5086,11600.01026309821
00e12e8b_5087,11599.999894716544
00e12e8b_5088,11599.976944313239
00e12e8b_5089,11599.949948942205
00e12e8b_5090,11599.932430685405
00e12e8b_5091,11599.936577226212
00e12e8b_5092,11599.931033514986
00e12e8b_5093,11599.929446662778
00e12e8b_5094,11599.92033325073
00e12e8b_5095,11599.92809212434
00e12e8b_5096,11599.921127147132
00e12e8b_5097,11599.901996000204
00e12e8b_5098,11599.882343456138
00e12e8b_5099,11599.870433606138
00e12e8b_5100,11599.845938997889
00e12e8b_5101,11599.801183527674
00e12e8b_5102,11599.735196421607
00e12e8b_5103,11599.692186413035
00e12e8b_5104,11599.641580657988
00e12e8b_5105,11599.601845780711
00e12e8b_5106,11599.568572816226
00e12e8b_5107,11599.540380063974
00e12e8b_5108,11599.524249915197
00e12e8b_5109,11599.491168987532
00e12e8b_5110,11599.465391877135
00e12e8b_5111,11599.44602881674
00e12e8b_5112,11599.433946559675
00e12e8b_5113,11599.411675665344
00e12e8b_5114,11599.38450219351
00e12e8b_5115,11599.356974436103
00e12e8b_5116,11599.33234864262
00e12e8b_5117,11599.283406681647
00e12e8b_5118,11599.240775098147
00e12e8b_5119,11599.210376166466
00e12e8b_5120,11599.185344599779
00e12e8b_5121,11599.155519384882
00e12e8b_5122,11599.120489752742
00e12e8b_5123,11599.082261724983
00e12e8b_5124,11599.059058813851
00e12e8b_5125,11599.018667188408
00e12e8b_5126,11598.986720762792
00e12e8b_5127,11598.963272813146
00e12e8b_5128,11598.94507965331
00e12e8b_5129,11598.919064162783
00e12e8b_5130,11598.897712338356
00e12e8b_5131,11598.877802155695
00e12e8b_5132,11598.873737374339
00e12e8b_5133,11598.853995753927
00e12e8b_5134,11598.840918807904
00e12e8b_5135,11598.834441520481
00e12e8b_5136,11598.827847570588
00e12e8b_5137,11598.81045321818
00e12e8b_5138,11598.791028136884
00e12e8b_5139,11598.782099684
00e12e8b_5140,11598.77141134999
00e12e8b_5141,11598.751307865237
00e12e8b_5142,11598.742958424613
00e12e8b_5143,11598.747502930613
00e12e8b_5144,11598.747771659457
00e12e8b_5145,11598.740108258411
00e12e8b_5146,11598.734768934584
00e12e8b_5147,11598.743301044413
00e12e8b_5148,11598.73294601775
00e12e8b_5149,11598.72814186027
00e12e8b_5150,11598.72429735232
00e12e8b_5151,11598.732838792394
00e12e8b_5152,11598.732776901781
00e12e8b_5153,11598.723037435593
00e12e8b_5154,11598.710952070069
00e12e8b_5155,11598.715459370094
00e12e8b_5156,11598.695084478946
00e12e8b_5157,11598.687215360047
00e12e8b_5158,11598.698670453727
00e12e8b_5159,11598.691361287996
00e12e8b_5160,11598.678618761816
00e12e8b_5161,11598.662103680454
00e12e8b_5162,11598.668312708734
00e12e8b_5163,11598.659423649415
00e12e8b_5164,11598.643752210222
00e12e8b_5165,11598.627879020045
00e12e8b_5166,11598.636268002807
00e12e8b_5167,11598.626973253275
00e12e8b_5168,11598.618553027361
00e12e8b_5169,11598.620518104697
00e12e8b_5170,11598.612862050839
00e12e8b_5171,11598.606952158998
00e12e8b_5172,11598.593193686838
00e12e8b_5173,11598.596969848215
00e12e8b_5174,11598.591656426075
00e12e8b_5175,11598.578699563013
00e12e8b_5176,11598.570572536895
00e12e8b_5177,11598.567754108353
00e12e8b_5178,11598.555432180494
00e12e8b_5179,11598.54599942972
00e12e8b_5180,11598.541738220094
00e12e8b_5181,11598.53098642636
00e12e8b_5182,11598.525208688776
00e12e8b_5183,11598.505921767393
00e12e8b_5184,11598.51028519211
00e12e8b_5185,11598.494104660804
00e12e8b_5186,11598.474148705012
00e12e8b_5187,11598.472068823285
00e12e8b_5188,11598.449516641413
00e12e8b_5189,11598.432513971762
00e12e8b_5190,11598.409526778572
00e12e8b_5191,11598.39872087927
00e12e8b_5192,11598.376814139947
00e12e8b_5193,11598.35076176835
00e12e8b_5194,11598.323635259878
00e12e8b_5195,11598.316836967371
00e12e8b_5196,11598.298754946003
00e12e8b_5197,11598.275966266265
00e12e8b_5198,11598.27565835589
00e12e8b_5199,11598.255793371798
00e12e8b_5200,11598.240877376102
00e12e8b_5201,11598.234273137716
00e12e8b_5202,11598.236622706023
00e12e8b_5203,11598.21549668877
00e12e8b_5204,11598.20922432627
00e12e8b_5205,11598.19034625208
00e12e8b_5206,11598.197563634865
00e12e8b_5207,11598.180956155302
00e12e8b_5208,11598.159797845332
00e12e8b_5209,11598.148283087156
00e12e8b_5210,11598.129011705578
00e12e8b_5211,11598.111659291746
00e12e8b_5212,11598.106003194966
00e12e8b_5213,11598.106114465223
00e12e8b_5214,11598.105907175697
00e12e8b_5215,11598.101752310073
00e12e8b_5216,11598.103721132615
00e12e8b_5217,11598.114786600174
00e12e8b_5218,11598.113424289324
00e12e8b_5219,11598.107934229913
00e12e8b_5220,11598.101876662977
00e12e8b_5221,11598.1042223996
00e12e8b_5222,11598.096540317401
00e12e8b_5223,11598.080594354007
00e12e8b_5224,11598.069266525064
00e12e8b_5225,11598.044877432287
00e12e8b_5226,11598.03361733451
00e12e8b_5227,11598.024509488003
00e12e8b_5228,11598.02237098017
00e12e8b_5229,11598.018612603075
00e12e8b_5230,11598.008259357492
00e12e8b_5231,11597.995599180203
00e12e8b_5232,11597.994375307457
00e12e8b_5233,11597.987502315234
00e12e8b_5234,11597.975136616025
00e12e8b_5235,11597.972839191278
00e12e8b_5236,11597.97346471335
00e12e8b_5237,11597.969317692716
00e12e8b_5238,11597.956854900349
00e12e8b_5239,11597.960782907525
00e12e8b_5240,11597.945527355263
00e12e8b_5241,11597.931756105618
00e12e8b_5242,11597.911415565934
00e12e8b_5243,11597.905591133518
00e12e8b_5244,11597.885455130416
00e12e8b_5245,11597.866717854595
00e12e8b_5246,11597.843222672027
00e12e8b_5247,11597.831929041995
00e12e8b_5248,11597.816705384561
00e12e8b_5249,11597.811314284307
00e12e8b_5250,11597.814636817257
00e12e8b_5251,11597.833084786034
00e12e8b_5252,11597.842046301434
00e12e8b_5253,11597.859356708339
00e12e8b_5254,11597.872699290894
00e12e8b_5255,11597.90634928474
00e12e8b_5256,11597.928339817965
00e12e8b_5257,11597.950354936725
00e12e8b_5258,11597.982109237213
00e12e8b_5259,11598.002136171845
00e12e8b_5260,11598.01382524354
00e12e8b_5261,11598.017690579456
00e12e8b_5262,11598.027678889008
00e12e8b_5263,11598.023443146736
00e12e8b_5264,11598.025051826013
00e12e8b_5265,11598.030598884428
00e12e8b_5266,11598.043657535925
00e12e8b_5267,11598.042535554994
00e12e8b_5268,11598.038883858662
00e12e8b_5269,11598.039684522226
00e12e8b_5270,11598.046657690646
00e12e8b_5271,11598.050315808978
00e12e8b_5272,11598.052739626746
00e12e8b_5273,11598.064924519598
00e12e8b_5274,11598.067065984018
00e12e8b_5275,11598.070546253093
00e12e8b_5276,11598.075712631637
00e12e8b_5277,11598.08773084903
00e12e8b_5278,11598.090779943263
00e12e8b_5279,11598.091696960346
00e12e8b_5280,11598.09347611548
00e12e8b_5281,11598.109893842931
00e12e8b_5282,11598.112675889935
00e12e8b_5283,11598.113436574033
00e12e8b_5284,11598.118059380278
00e12e8b_5285,11598.1385379456
00e12e8b_5286,11598.14351895684
00e12e8b_5287,11598.150894432243
00e12e8b_5288,11598.150993854042
00e12e8b_5289,11598.173378608826
00e12e8b_5290,11598.180626071948
00e12e8b_5291,11598.186215195637
00e12e8b_5292,11598.202241117977
00e12e8b_5293,11598.204441453647
00e12e8b_5294,11598.207253509268
00e12e8b_5295,11598.205893617942
00e12e8b_5296,11598.212671607977
00e12e8b_5297,11598.212671805182
00e12e8b_5298,11598.211139690222
00e12e8b_5299,11598.201947966438
00e12e8b_5300,11598.209142801454
00e12e8b_5301,11598.19815387976
00e12e8b_5302,11598.182761184138
00e12e8b_5303,11598.173456122457
00e12e8b_5304,11598.17874804122
00e12e8b_5305,11598.165689166572
00e12e8b_5306,11598.157362480819
00e12e8b_5307,11598.14944390228
00e12e8b_5308,11598.152273204001
00e12e8b_5309,11598.145066512521
00e12e8b_5310,11598.138588122552
00e12e8b_5311,11598.13965282146
00e12e8b_5312,11598.136710858043
00e12e8b_5313,11598.128449683747
00e12e8b_5314,11598.127313486988
00e12e8b_5315,11598.134800740432
00e12e8b_5316,11598.12105295468
00e12e8b_5317,11598.12095549238
00e12e8b_5318,11598.123441993186
00e12e8b_5319,11598.144121956646
00e12e8b_5320,11598.1483218756
00e12e8b_5321,11598.163960334909
00e12e8b_5322,11598.170624316374
00e12e8b_5323,11598.197107917684
00e12e8b_5324,11598.202940323426
00e12e8b_5325,11598.212342996943
00e12e8b_5326,11598.211346376458
00e12e8b_5327,11598.231412704064
00e12e8b_5328,11598.229489241723
00e12e8b_5329,11598.23014462415
00e12e8b_5330,11598.222313319824
00e12e8b_5331,11598.226983603437
00e12e8b_5332,11598.217989402056
00e12e8b_5333,11598.220370782696
00e12e8b_5334,11598.212258624912
00e12e8b_5335,11598.217167109875
00e12e8b_5336,11598.215536190364
00e12e8b_5337,11598.210705839087
00e12e8b_5338,11598.220924291621
00e12e8b_5339,11598.210336269207
00e12e8b_5340,11598.20062496091
00e12e8b_5341,11598.19617453585
00e12e8b_5342,11598.198928908676
00e12e8b_5343,11598.193118588819
00e12e8b_5344,11598.182163248775
00e12e8b_5345,11598.170327883863
00e12e8b_5346,11598.176821407287
00e12e8b_5347,11598.16819639787
00e12e8b_5348,11598.160903343549
00e12e8b_5349,11598.157405468048
00e12e8b_5350,11598.159651109352
00e12e8b_5351,11598.150037837011
00e12e8b_5352,11598.148488636172
00e12e8b_5353,11598.126140888762
00e12e8b_5354,11598.128056261186
00e12e8b_5355,11598.122512896874
00e12e8b_5356,11598.133886721878
00e12e8b_5357,11598.144105427267
00e12e8b_5358,11598.173836760052
00e12e8b_5359,11598.190322497196
00e12e8b_5360,11598.213752813266
00e12e8b_5361,11598.233382042616
00e12e8b_5362,11598.27031761864
00e12e8b_5363,11598.29108986733
00e12e8b_5364,11598.31385517655
00e12e8b_5365,11598.325000964853
00e12e8b_5366,11598.34543168313
00e12e8b_5367,11598.346621934143
00e12e8b_5368,11598.338386981522
00e12e8b_5369,11598.336588882783
00e12e8b_5370,11598.328920264432
00e12e8b_5371,11598.32032180292
00e12e8b_5372,11598.31357747409
00e12e8b_5373,11598.318439710587
00e12e8b_5374,11598.308267340366
00e12e8b_5375,11598.304029887619
00e12e8b_5376,11598.2932218426
00e12e8b_5377,11598.298493201164
00e12e8b_5378,11598.286653472298
00e12e8b_5379,11598.273946051831
00e12e8b_5380,11598.271497393245
00e12e8b_5381,11598.274645256342
00e12e8b_5382,11598.2631052781
00e12e8b_5383,11598.255541716426
00e12e8b_5384,11598.254041446175
00e12e8b_5385,11598.261435897957
00e12e8b_5386,11598.255558680965
00e12e8b_5387,11598.251616572981
00e12e8b_5388,11598.252316946404
00e12e8b_5389,11598.260968306402
00e12e8b_5390,11598.254311934736
00e12e8b_5391,11598.253834494344
00e12e8b_5392,11598.246865594223
00e12e8b_5393,11598.252900501962
00e12e8b_5394,11598.249670789126
00e12e8b_5395,11598.242475347943
00e12e8b_5396,11598.23712354161
00e12e8b_5397,11598.25162580117
00e12e8b_5398,11598.249182826341
00e12e8b_5399,11598.256043525915
00e12e8b_5400,11598.255934730994
00e12e8b_5401,11598.272182515282
00e12e8b_5402,11598.279121069818
00e12e8b_5403,11598.279375857317
00e12e8b_5404,11598.284544081478
00e12e8b_5405,11598.294642626888
00e12e8b_5406,11598.295494638802
00e12e8b_5407,11598.288826363132
00e12e8b_5408,11598.281121066724
00e12e8b_5409,11598.294713736439
00e12e8b_5410,11598.2848759806
00e12e8b_5411,11598.277821303996
00e12e8b_5412,11598.263486988011
00e12e8b_5413,11598.270042865113
00e12e8b_5414,11598.257126941651
00e12e8b_5415,11598.247654621315
00e12e8b_5416,11598.235060097233
00e12e8b_5417,11598.2278683361
00e12e8b_5418,11598.224886924134
00e12e8b_5419,11598.208860669969
00e12e8b_5420,11598.207254183391
00e12e8b_5421,11598.204286914102
00e12e8b_5422,11598.226898756435
00e12e8b_5423,11598.235092706263
00e12e8b_5424,11598.25311346814
00e12e8b_5425,11598.274761928937
00e12e8b_5426,11598.301687352818
00e12e8b_5427,11598.321122532281
00e12e8b_5428,11598.333482771413
00e12e8b_5429,11598.352374174556
00e12e8b_5430,11598.382106980469
00e12e8b_5431,11598.388167143594
00e12e8b_5432,11598.394051603651
00e12e8b_5433,11598.391767643794
00e12e8b_5434,11598.377362403748
00e12e8b_5435,11598.389987179371
00e12e8b_5436,11598.387667917477
00e12e8b_5437,11598.383477594274
00e12e8b_5438,11598.370625774975
00e12e8b_5439,11598.382428433397
00e12e8b_5440,11598.382851096401
00e12e8b_5441,11598.376684001774
00e12e8b_5442,11598.38039400483
00e12e8b_5443,11598.3972706753
00e12e8b_5444,11598.403839748162
00e12e8b_5445,11598.407668085692
00e12e8b_5446,11598.406530676504
00e12e8b_5447,11598.429199381142
00e12e8b_5448,11598.430552726137
00e12e8b_5449,11598.42950644081
00e12e8b_5450,11598.423177240978
00e12e8b_5451,11598.421772340309
00e12e8b_5452,11598.406882761494
00e12e8b_5453,11598.391507814333
00e12e8b_5454,11598.373782345945
00e12e8b_5455,11598.36146293927
00e12e8b_5456,11598.363905499718
00e12e8b_5457,11598.347048956231
00e12e8b_5458,11598.33898845246
00e12e8b_5459,11598.316938706002
00e12e8b_5460,11598.323233813036
00e12e8b_5461,11598.321866551898
00e12e8b_5462,11598.332908884244
00e12e8b_5463,11598.352132491473
00e12e8b_5464,11598.386204161254
00e12e8b_5465,11598.409460154186
00e12e8b_5466,11598.434805931609
00e12e8b_5467,11598.459756495975
00e12e8b_5468,11598.50018448337
00e12e8b_5469,11598.522769924844
00e12e8b_5470,11598.544328101407
00e12e8b_5471,11598.555233638794
00e12e8b_5472,11598.56578744838
00e12e8b_5473,11598.584505925315
00e12e8b_5474,11598.575065993307
00e12e8b_5475,11598.554268543714
00e12e8b_5476,11598.550857380496
00e12e8b_5477,11598.561445644104
00e12e8b_5478,11598.563976656607
00e12e8b_5479,11598.567466877703
00e12e8b_5480,11598.58256600488
00e12e8b_5481,11598.618916227872
00e12e8b_5482,11598.647166824152
00e12e8b_5483,11598.673966208398
00e12e8b_5484,11598.691737982073
00e12e8b_5485,11598.733313339591
00e12e8b_5486,11598.755500436991
00e12e8b_5487,11598.762939205519
00e12e8b_5488,11598.748398410777
00e12e8b_5489,11598.730504567973
00e12e8b_5490,11598.722115487068
00e12e8b_5491,11598.69400222662
00e12e8b_5492,11598.659093171693
00e12e8b_5493,11598.631814888036
00e12e8b_5494,11598.633946865246
00e12e8b_5495,11598.61163052214
00e12e8b_5496,11598.597001528095
00e12e8b_5497,11598.587308426975
00e12e8b_5498,11598.595473567313
00e12e8b_5499,11598.584824998268
00e12e8b_5500,11598.572463274082
00e12e8b_5501,11598.55750611156
00e12e8b_5502,11598.567369980974
00e12e8b_5503,11598.556392283606
00e12e8b_5504,11598.537372716246
00e12e8b_5505,11598.524010096453
00e12e8b_5506,11598.524773709469
00e12e8b_5507,11598.514116990333
00e12e8b_5508,11598.496309159324
00e12e8b_5509,11598.487782293232
00e12e8b_5510,11598.502825469654
00e12e8b_5511,11598.485123811333
00e12e8b_5512,11598.473281663497
00e12e8b_5513,11598.457621799242
00e12e8b_5514,11598.472193394253
00e12e8b_5515,11598.454284621186
00e12e8b_5516,11598.441481472963
00e12e8b_5517,11598.424837026116
00e12e8b_5518,11598.43245046429
00e12e8b_5519,11598.421506852275
00e12e8b_5520,11598.404353938675
00e12e8b_5521,11598.395088289222
00e12e8b_5522,11598.400756414974
00e12e8b_5523,11598.38981769918
00e12e8b_5524,11598.37933920157
00e12e8b_5525,11598.37976039856
00e12e8b_5526,11598.387251079634
00e12e8b_5527,11598.418821972591
00e12e8b_5528,11598.426606447552
00e12e8b_5529,11598.44189519606
00e12e8b_5530,11598.451429507
00e12e8b_5531,11598.484099263307
00e12e8b_5532,11598.494561136324
00e12e8b_5533,11598.498267410818
00e12e8b_5534,11598.497892628757
00e12e8b_5535,11598.527220938551
00e12e8b_5536,11598.520440535238
00e12e8b_5537,11598.50871633099
00e12e8b_5538,11598.498075913209
00e12e8b_5539,11598.51649158838
00e12e8b_5540,11598.509175700305
00e12e8b_5541,11598.504731346662
00e12e8b_5542,11598.496821082737
00e12e8b_5543,11598.521651580106
00e12e8b_5544,11598.513375850787
00e12e8b_5545,11598.505250351587
00e12e8b_5546,11598.496950998993
00e12e8b_5547,11598.513700485211
00e12e8b_5548,11598.510678161847
00e12e8b_5549,11598.503170855505
00e12e8b_5550,11598.497047157267
00e12e8b_5551,11598.516946880696
00e12e8b_5552,11598.508531613632
00e12e8b_5553,11598.499472288524
00e12e8b_5554,11598.492369643054
00e12e8b_5555,11598.508044355585
00e12e8b_5556,11598.503031324928
00e12e8b_5557,11598.493119800089
00e12e8b_5558,11598.484611336818
00e12e8b_5559,11598.503607364015
00e12e8b_5560,11598.495666993227
00e12e8b_5561,11598.488122443476
00e12e8b_5562,11598.478703845518
00e12e8b_5563,11598.494133858347
00e12e8b_5564,11598.486529355278
00e12e8b_5565,11598.472819470648
00e12e8b_5566,11598.463857028291
00e12e8b_5567,11598.483990225768
00e12e8b_5568,11598.476695655463
00e12e8b_5569,11598.476354005443
00e12e8b_5570,11598.474183677805
00e12e8b_5571,11598.497909386362
00e12e8b_5572,11598.498863192663
00e12e8b_5573,11598.504876549516
00e12e8b_5574,11598.509338329828
00e12e8b_5575,11598.547307352039
00e12e8b_5576,11598.550786955482
00e12e8b_5577,11598.553656026865
00e12e8b_5578,11598.554874834523
00e12e8b_5579,11598.585420938469
00e12e8b_5580,11598.580427141978
00e12e8b_5581,11598.570935914604
00e12e8b_5582,11598.567766624461
00e12e8b_5583,11598.595659019817
00e12e8b_5584,11598.589203706353
00e12e8b_5585,11598.583639646324
00e12e8b_5586,11598.585685732496
00e12e8b_5587,11598.58184271689
00e12e8b_5588,11598.607953517992
00e12e8b_5589,11598.603588451337
00e12e8b_5590,11598.599188150758
00e12e8b_5591,11598.603571029824
00e12e8b_5592,11598.626560416536
00e12e8b_5593,11598.627595965236
00e12e8b_5594,11598.620674750946
00e12e8b_5595,11598.618028042682
00e12e8b_5596,11598.634136036015
00e12e8b_5597,11598.631759653861
00e12e8b_5598,11598.627159050653
00e12e8b_5599,11598.628981773181
00e12e8b_5600,11598.651018796167
00e12e8b_5601,11598.649787065091
00e12e8b_5602,11598.643048388913
00e12e8b_5603,11598.642949217647
00e12e8b_5604,11598.663773909826
00e12e8b_5605,11598.666520477176
00e12e8b_5606,11598.671200404271
00e12e8b_5607,11598.668783391098
00e12e8b_5608,11598.694183341486
00e12e8b_5609,11598.688345237812
00e12e8b_5610,11598.686153824692
00e12e8b_5611,11598.6853895084
00e12e8b_5612,11598.710068618571
00e12e8b_5613,11598.703923522971
00e12e8b_5614,11598.705741941978
00e12e8b_5615,11598.708277944019
00e12e8b_5616,11598.729400564882
00e12e8b_5617,11598.728655917703
00e12e8b_5618,11598.728496680727
00e12e8b_5619,11598.727747379298
00e12e8b_5620,11598.755334556472
00e12e8b_5621,11598.74857798246
00e12e8b_5622,11598.749097316664
00e12e8b_5623,11598.746022114543
00e12e8b_5624,11598.76904846701
00e12e8b_5625,11598.768150927872
00e12e8b_5626,11598.765328630174
00e12e8b_5627,11598.750486603629
00e12e8b_5628,11598.749913975971
00e12e8b_5629,11598.779409977746
00e12e8b_5630,11598.788997045373
00e12e8b_5631,11598.799933112845
00e12e8b_5632,11598.817891476927
00e12e8b_5633,11598.860435120525
00e12e8b_5634,11598.879208611785
00e12e8b_5635,11598.90000347241
00e12e8b_5636,11598.92473979397
00e12e8b_5637,11598.969596324097
00e12e8b_5638,11598.983551995872
00e12e8b_5639,11598.991099458866
00e12e8b_5640,11599.001255010537
00e12e8b_5641,11599.02929441268
00e12e8b_5642,11599.026953704104
00e12e8b_5643,11599.018822490496
00e12e8b_5644,11599.028264938443
00e12e8b_5645,11599.050198121851
00e12e8b_5646,11599.043306410524
00e12e8b_5647,11599.038253928176
00e12e8b_5648,11599.036989917935
00e12e8b_5649,11599.055606401975
00e12e8b_5650,11599.049553265193
00e12e8b_5651,11599.052911717772
00e12e8b_5652,11599.05518327576
00e12e8b_5653,11599.075710831708
00e12e8b_5654,11599.066012384228
00e12e8b_5655,11599.066778947517
00e12e8b_5656,11599.06169499434
00e12e8b_5657,11599.07947877392
00e12e8b_5658,11599.074437469135
00e12e8b_5659,11599.076488095583
00e12e8b_5660,11599.078212403138
00e12e8b_5661,11599.07801919597
00e12e8b_5662,11599.104631134805
00e12e8b_5663,11599.114250543038
00e12e8b_5664,11599.116989524338
00e12e8b_5665,11599.122872508964
00e12e8b_5666,11599.15292768751
00e12e8b_5667,11599.158601996534
00e12e8b_5668,11599.16043411047
00e12e8b_5669,11599.162441326174
00e12e8b_5670,11599.184196573475
00e12e8b_5671,11599.181935591872
00e12e8b_5672,11599.178189399581
00e12e8b_5673,11599.16650892716
00e12e8b_5674,11599.186648553006
00e12e8b_5675,11599.184382401318
00e12e8b_5676,11599.1901436733
00e12e8b_5677,11599.197743705327
00e12e8b_5678,11599.23652302216
00e12e8b_5679,11599.249580827793
00e12e8b_5680,11599.26717249141
00e12e8b_5681,11599.278016186094
00e12e8b_5682,11599.312845369064
00e12e8b_5683,11599.319672727011
00e12e8b_5684,11599.323744201605
00e12e8b_5685,11599.324820059173
00e12e8b_5686,11599.342348315931
00e12e8b_5687,11599.337882441996
00e12e8b_5688,11599.329029752547
00e12e8b_5689,11599.315573441865
00e12e8b_5690,11599.334605370037
00e12e8b_5691,11599.328619145193
00e12e8b_5692,11599.324134525166
00e12e8b_5693,11599.31916544768
00e12e8b_5694,11599.34066558724
00e12e8b_5695,11599.333791994895
00e12e8b_5696,11599.325964569109
00e12e8b_5697,11599.32041746092
00e12e8b_5698,11599.33549665712
00e12e8b_5699,11599.330181500565
00e12e8b_5700,11599.322463165972
00e12e8b_5701,11599.317622908835
00e12e8b_5702,11599.33727197665
00e12e8b_5703,11599.33719374271
00e12e8b_5704,11599.328023704642
00e12e8b_5705,11599.327174209011
00e12e8b_5706,11599.351120782316
00e12e8b_5707,11599.348041497087
00e12e8b_5708,11599.339063104093
00e12e8b_5709,11599.33737789709
00e12e8b_5710,11599.36099618556
00e12e8b_5711,11599.360855046942
00e12e8b_5712,11599.358312386441
00e12e8b_5713,11599.360921658996
00e12e8b_5714,11599.385856665747
00e12e8b_5715,11599.380861148147
00e12e8b_5716,11599.38070600987
00e12e8b_5717,11599.382451197765
00e12e8b_5718,11599.403569364937
00e12e8b_5719,11599.406745741737
00e12e8b_5720,11599.406314776772
00e12e8b_5721,11599.400792159
00e12e8b_5722,11599.423693537003
00e12e8b_5723,11599.417779248906
00e12e8b_5724,11599.41951457699
00e12e8b_5725,11599.424911263182
00e12e8b_5726,11599.45402143713
00e12e8b_5727,11599.461010088582
00e12e8b_5728,11599.46196693601
00e12e8b_5729,11599.465755337787
00e12e8b_5730,11599.489952438526
00e12e8b_5731,11599.493073607528
00e12e8b_5732,11599.48686400435
00e12e8b_5733,11599.469941460511
00e12e8b_5734,11599.480005781052
00e12e8b_5735,11599.478086734212
00e12e8b_5736,11599.477025830442
00e12e8b_5737,11599.48827349082
00e12e8b_5738,11599.526831587598
00e12e8b_5739,11599.549271764754
00e12e8b_5740,11599.566464359967
00e12e8b_5741,11599.594085702409
00e12e8b_5742,11599.641758541527
00e12e8b_5743,11599.658683320918
00e12e8b_5744,11599.681721007142
00e12e8b_5745,11599.694905750861
00e12e8b_5746,11599.726899137782
00e12e8b_5747,11599.72640185771
00e12e8b_5748,11599.709557674896
00e12e8b_5749,11599.688467169133
00e12e8b_5750,11599.698309524334
00e12e8b_5751,11599.686260711765
00e12e8b_5752,11599.673945815584
00e12e8b_5753,11599.669689331518
00e12e8b_5754,11599.685877891945
00e12e8b_5755,11599.679773407363
00e12e8b_5756,11599.668796727656
00e12e8b_5757,11599.66524336633
00e12e8b_5758,11599.68333535053
00e12e8b_5759,11599.682322078512
00e12e8b_5760,11599.67779130406
00e12e8b_5761,11599.678995905671
00e12e8b_5762,11599.700071913554
00e12e8b_5763,11599.701023174204
00e12e8b_5764,11599.703552504843
00e12e8b_5765,11599.724646517547
00e12e8b_5766,11599.72434366159
00e12e8b_5767,11599.724174961531
00e12e8b_5768,11599.724428541329
00e12e8b_5769,11599.718905455615
00e12e8b_5770,11599.743724962185
00e12e8b_5771,11599.740409655864
00e12e8b_5772,11599.735267915576
00e12e8b_5773,11599.728651575897
00e12e8b_5774,11599.740775469072
00e12e8b_5775,11599.732430230291
00e12e8b_5776,11599.72611443894
00e12e8b_5777,11599.722757770942
00e12e8b_5778,11599.736360733294
00e12e8b_5779,11599.73714286032
00e12e8b_5780,11599.742225629569
00e12e8b_5781,11599.758106890175
00e12e8b_5782,11599.790983510762
00e12e8b_5783,11599.806378780744
00e12e8b_5784,11599.825466598324
00e12e8b_5785,11599.848523669814
00e12e8b_5786,11599.884096288515
00e12e8b_5787,11599.89618429451
00e12e8b_5788,11599.912580825876
00e12e8b_5789,11599.92337336714
00e12e8b_5790,11599.9340671955
00e12e8b_5791,11599.96014191887
00e12e8b_5792,11599.962226791518
00e12e8b_5793,11599.966513692112
00e12e8b_5794,11599.967646762398
00e12e8b_5795,11599.992312876035
00e12e8b_5796,11599.999636871218
00e12e8b_5797,11600.000257153284
00e12e8b_5798,11600.00748272922
00e12e8b_5799,11600.013457513356
00e12e8b_5800,11600.032151259342
00e12e8b_5801,11600.036378405784
00e12e8b_5802,11600.041427662378
00e12e8b_5803,11600.047866716368
00e12e8b_5804,11600.055430839577
00e12e8b_5805,11600.082067301253
00e12e8b_5806,11600.085287220962
00e12e8b_5807,11600.093405552696
00e12e8b_5808,11600.10157358756
00e12e8b_5809,11600.13124658575
00e12e8b_5810,11600.139904229442
00e12e8b_5811,11600.148405165455
00e12e8b_5812,11600.15237906359
00e12e8b_5813,11600.162534463876
00e12e8b_5814,11600.188791226128
00e12e8b_5815,11600.193287991853
00e12e8b_5816,11600.197527205008
00e12e8b_5817,11600.201920235728
00e12e8b_5818,11600.211249302194
00e12e8b_5819,11600.234868698266
00e12e8b_5820,11600.234458775536
00e12e8b_5821,11600.23733586467
00e12e8b_5822,11600.24792581433
00e12e8b_5823,11600.246757006498
00e12e8b_5824,11600.276149170906
00e12e8b_5825,11600.277215712915
00e12e8b_5826,11600.2848408908
00e12e8b_5827,11600.295636791618
00e12e8b_5828,11600.33827116017
00e12e8b_5829,11600.354616051094
00e12e8b_5830,11600.377871898841
00e12e8b_5831,11600.394080744954
00e12e8b_5832,11600.415416853568
00e12e8b_5833,11600.464828247212
00e12e8b_5834,11600.47977470813
00e12e8b_5835,11600.498364904124
00e12e8b_5836,11600.516967958132
00e12e8b_5837,11600.53580692316
00e12e8b_5838,11600.574117434002
00e12e8b_5839,11600.580407362728
00e12e8b_5840,11600.585577196649
00e12e8b_5841,11600.590875469305
00e12e8b_5842,11600.598715587957
00e12e8b_5843,11600.632226545807
00e12e8b_5844,11600.638466993472
00e12e8b_5845,11600.642343058149
00e12e8b_5846,11600.644618496706
00e12e8b_5847,11600.674277075259
00e12e8b_5848,11600.676828282696
00e12e8b_5849,11600.687799385114
00e12e8b_5850,11600.68993716974
00e12e8b_5851,11600.692194320345
00e12e8b_5852,11600.722003285046
00e12e8b_5853,11600.726325037738
00e12e8b_5854,11600.727639231796
00e12e8b_5855,11600.728389017242
00e12e8b_5856,11600.734298968948
00e12e8b_5857,11600.762807489593
00e12e8b_5858,11600.766851058364
00e12e8b_5859,11600.77350843544
00e12e8b_5860,11600.782110986223
00e12e8b_5861,11600.793098617825
00e12e8b_5862,11600.822428470085
00e12e8b_5863,11600.829567942015
00e12e8b_5864,11600.83377100671
00e12e8b_5865,11600.83749400028
00e12e8b_5866,11600.838297299048
00e12e8b_5867,11600.862458697504
00e12e8b_5868,11600.86221930003
00e12e8b_5869,11600.866691733694
00e12e8b_5870,11600.865102823898
00e12e8b_5871,11600.890861132504
00e12e8b_5872,11600.893832007374
00e12e8b_5873,11600.901707761714
00e12e8b_5874,11600.91291223855
00e12e8b_5875,11600.923852470474
00e12e8b_5876,11600.965653200761
00e12e8b_5877,11600.976004245027
00e12e8b_5878,11600.984374761656
00e12e8b_5879,11600.995311631481
00e12e8b_5880,11601.008214996444
00e12e8b_5881,11601.048595524975
00e12e8b_5882,11601.074598313715
00e12e8b_5883,11601.096617654817
00e12e8b_5884,11601.119763858356
00e12e8b_5885,11601.147008990121
00e12e8b_5886,11601.20665738647
00e12e8b_5887,11601.24997881413
00e12e8b_5888,11601.290974401098
00e12e8b_5889,11601.33267941448
00e12e8b_5890,11601.399634099365
00e12e8b_5891,11601.441712607106
00e12e8b_5892,11601.490774842314
00e12e8b_5893,11601.530633198783
00e12e8b_5894,11601.563039329107
00e12e8b_5895,11601.612675921791
00e12e8b_5896,11601.640119394207
00e12e8b_5897,11601.659873705788
00e12e8b_5898,11601.66956140916
00e12e8b_5899,11601.677937598688
00e12e8b_5900,11601.71206411026
00e12e8b_5901,11601.723124243275
00e12e8b_5902,11601.731963502903
00e12e8b_5903,11601.739164524846
00e12e8b_5904,11601.775170253899
00e12e8b_5905,11601.787399515397
00e12e8b_5906,11601.80184032774
00e12e8b_5907,11601.810873006169
00e12e8b_5908,11601.819333057629
00e12e8b_5909,11601.843626403625
00e12e8b_5910,11601.842562590304
00e12e8b_5911,11601.842880614393
00e12e8b_5912,11601.840923806045
00e12e8b_5913,11601.829201468216
00e12e8b_5914,11601.84525672896
00e12e8b_5915,11601.848909995604
00e12e8b_5916,11601.843670025164
00e12e8b_5917,11601.842704388619
00e12e8b_5918,11601.871973994446
00e12e8b_5919,11601.8858756979
00e12e8b_5920,11601.902408285889
00e12e8b_5921,11601.93044816877
00e12e8b_5922,11601.965887804017
00e12e8b_5923,11602.024195346165
00e12e8b_5924,11602.059192491057
00e12e8b_5925,11602.105275933529
00e12e8b_5926,11602.157236471972
00e12e8b_5927,11602.24134360427
00e12e8b_5928,11602.298746251452
00e12e8b_5929,11602.359901822278
00e12e8b_5930,11602.418930677904
00e12e8b_5931,11602.489485829637
00e12e8b_5932,11602.583215239525
00e12e8b_5933,11602.657908799694
00e12e8b_5934,11602.70181094315
00e12e8b_5935,11602.721596060279
00e12e8b_5936,11602.746850984202
00e12e8b_5937,11602.783846922579
00e12e8b_5938,11602.797749361645
00e12e8b_5939,11602.818467008363
00e12e8b_5940,11602.839640244385
00e12e8b_5941,11602.8958283025
00e12e8b_5942,11602.941070745535
00e12e8b_5943,11602.980898467069
00e12e8b_5944,11603.017856309538
00e12e8b_5945,11603.056849260756
00e12e8b_5946,11603.10777626092
00e12e8b_5947,11603.13550564464
00e12e8b_5948,11603.155147589367
00e12e8b_5949,11603.167670338269
00e12e8b_5950,11603.205293235998
00e12e8b_5951,11603.212295335112
00e12e8b_5952,11603.214973952718
00e12e8b_5953,11603.21419065287
00e12e8b_5954,11603.206939151298
00e12e8b_5955,11603.221792371554
00e12e8b_5956,11603.213185840694
00e12e8b_5957,11603.19981484736
00e12e8b_5958,11603.18694221869
00e12e8b_5959,11603.204769611471
00e12e8b_5960,11603.195937356984
00e12e8b_5961,11603.197071299319
00e12e8b_5962,11603.197462596167
00e12e8b_5963,11603.208875349335
00e12e8b_5964,11603.248373065086
00e12e8b_5965,11603.271470035583
00e12e8b_5966,11603.300802008693
00e12e8b_5967,11603.332218983112
00e12e8b_5968,11603.373250078324
00e12e8b_5969,11603.447508264937
00e12e8b_5970,11603.50281453238
00e12e8b_5971,11603.576784944542
00e12e8b_5972,11603.695015238736
00e12e8b_5973,11603.85409020953
00e12e8b_5974,11604.0101626053
00e12e8b_5975,11604.205690485811
00e12e8b_5976,11604.329349617808
00e12e8b_5977,11604.398388034862
00e12e8b_5978,11604.50912414265
00e12e8b_5979,11604.596680640989
00e12e8b_5980,11604.661593785826
00e12e8b_5981,11604.682470513386
00e12e8b_5982,11604.743786982839
00e12e8b_5983,11604.756509871428
00e12e8b_5984,11604.751671650585
00e12e8b_5985,11604.742346650793
00e12e8b_5986,11604.720560093987
00e12e8b_5987,11604.725185217858
00e12e8b_5988,11604.717760290443
00e12e8b_5989,11604.729547885392
00e12e8b_5990,11604.75341169177
00e12e8b_5991,11604.81092652466
00e12e8b_5992,11604.847900301076
00e12e8b_5993,11604.856254345654
00e12e8b_5994,11604.86702656781
00e12e8b_5995,11604.877952718169
00e12e8b_5996,11604.913036593609
00e12e8b_5997,11604.914129815767
00e12e8b_5998,11604.919230454574
00e12e8b_5999,11604.935767445768
00e12e8b_6000,11604.965921840623
00e12e8b_6001,11604.968070552372
00e12e8b_6002,11604.969493654185
00e12e8b_6003,11604.968825836519
00e12e8b_6004,11604.986684557167
00e12e8b_6005,11604.976834286348
00e12e8b_6006,11604.963433158484
00e12e8b_6007,11604.95451999427
00e12e8b_6008,11604.978193063545
00e12e8b_6009,11604.976649553835
00e12e8b_6010,11604.979544891403
00e12e8b_6011,11604.981443489924
00e12e8b_6012,11605.01401663543
00e12e8b_6013,11605.015295606723
00e12e8b_6014,11605.01681222035
00e12e8b_6015,11605.021153426596
00e12e8b_6016,11605.05641343637
00e12e8b_6017,11605.06410337318
00e12e8b_6018,11605.073623505981
00e12e8b_6019,11605.072602327065
00e12e8b_6020,11605.104491084447
00e12e8b_6021,11605.107962547332
00e12e8b_6022,11605.106203719302
00e12e8b_6023,11605.109848276337
00e12e8b_6024,11605.132331292743
00e12e8b_6025,11605.131658005044
00e12e8b_6026,11605.124542929032
00e12e8b_6027,11605.118197311871
00e12e8b_6028,11605.126900859468
00e12e8b_6029,11605.113165240122
00e12e8b_6030,11605.097168600572
00e12e8b_6031,11605.090632319776
00e12e8b_6032,11605.109994415147
00e12e8b_6033,11605.097264435646
00e12e8b_6034,11605.0856074897
00e12e8b_6035,11605.0701206419
00e12e8b_6036,11605.083088217378
00e12e8b_6037,11605.071991955298
00e12e8b_6038,11605.068302671827
00e12e8b_6039,11605.06032303261
00e12e8b_6040,11605.073940192375
00e12e8b_6041,11605.06121988507
00e12e8b_6042,11605.044644943606
00e12e8b_6043,11605.053227807914
00e12e8b_6044,11605.040274420506
00e12e8b_6045,11605.03017952355
00e12e8b_6046,11605.023952338714
00e12e8b_6047,11605.046549736757
00e12e8b_6048,11605.047639411241
00e12e8b_6049,11605.040907520697
00e12e8b_6050,11605.03380678329
00e12e8b_6051,11605.051691521276
00e12e8b_6052,11605.041869690924
00e12e8b_6053,11605.035189437003
00e12e8b_6054,11605.028478934308
00e12e8b_6055,11605.04351366919
00e12e8b_6056,11605.027172961592
00e12e8b_6057,11605.004054959054
00e12e8b_6058,11605.00875903911
00e12e8b_6059,11604.990041270657
00e12e8b_6060,11604.973308043294
00e12e8b_6061,11604.95690274343
00e12e8b_6062,11604.965385086522
00e12e8b_6063,11604.946585325826
00e12e8b_6064,11604.928209817392
00e12e8b_6065,11604.902395864861
00e12e8b_6066,11604.908959355012
00e12e8b_6067,11604.887964075426
00e12e8b_6068,11604.87051240126
00e12e8b_6069,11604.854405980099
00e12e8b_6070,11604.862842663499
00e12e8b_6071,11604.84535586251
00e12e8b_6072,11604.830647712608
00e12e8b_6073,11604.8157608238
00e12e8b_6074,11604.830391981563
00e12e8b_6075,11604.814570296607
00e12e8b_6076,11604.802528231186
00e12e8b_6077,11604.81641077255
00e12e8b_6078,11604.80402624514
00e12e8b_6079,11604.790561254591
00e12e8b_6080,11604.772739805327
00e12e8b_6081,11604.78340944743
00e12e8b_6082,11604.76408496602
00e12e8b_6083,11604.74825291219
00e12e8b_6084,11604.735410820069
00e12e8b_6085,11604.742488730246
00e12e8b_6086,11604.725765786276
00e12e8b_6087,11604.70782656347
00e12e8b_6088,11604.698946242375
00e12e8b_6089,11604.711066498463
00e12e8b_6090,11604.6963936384
00e12e8b_6091,11604.672405915673
00e12e8b_6092,11604.650816311603
00e12e8b_6093,11604.655087958214
00e12e8b_6094,11604.627137067026
00e12e8b_6095,11604.588533256829
00e12e8b_6096,11604.583169720769
00e12e8b_6097,11604.556113060096
00e12e8b_6098,11604.527331865902
00e12e8b_6099,11604.499864589421
00e12e8b_6100,11604.49610325255
00e12e8b_6101,11604.45730010088
00e12e8b_6102,11604.42602934906
00e12e8b_6103,11604.3930818412
00e12e8b_6104,11604.381753439315
00e12e8b_6105,11604.353767249015
00e12e8b_6106,11604.329762475583
00e12e8b_6107,11604.30423084924
00e12e8b_6108,11604.305066241903
00e12e8b_6109,11604.281233365693
00e12e8b_6110,11604.252175426847
00e12e8b_6111,11604.22549071229
00e12e8b_6112,11604.215505656037
00e12e8b_6113,11604.184960115828
00e12e8b_6114,11604.150654240833
00e12e8b_6115,11604.119293644926
00e12e8b_6116,11604.094827216468
00e12e8b_6117,11604.049021180936
00e12e8b_6118,11604.003949744527
00e12e8b_6119,11603.94613518973
00e12e8b_6120,11603.871657491465
00e12e8b_6121,11603.788703216365
00e12e8b_6122,11603.684036712766
00e12e8b_6123,11603.589986874056
00e12e8b_6124,11603.488258770343
00e12e8b_6125,11603.391634547925
00e12e8b_6126,11603.292531480512
00e12e8b_6127,11603.179517859402
00e12e8b_6128,11603.09399034896
00e12e8b_6129,11603.01112227244
00e12e8b_6130,11602.94840413265
00e12e8b_6131,11602.892593807097
00e12e8b_6132,11602.865493152996
00e12e8b_6133,11602.84709558774
00e12e8b_6134,11602.854616407412
00e12e8b_6135,11602.844378249227
00e12e8b_6136,11602.828481610572
00e12e8b_6137,11602.82628062791
00e12e8b_6138,11602.826330199918
00e12e8b_6139,11602.827207294613
00e12e8b_6140,11602.82495815752
00e12e8b_6141,11602.822691511516
00e12e8b_6142,11602.822797317587
00e12e8b_6143,11602.819874692985
00e12e8b_6144,11602.832252721224
00e12e8b_6145,11602.838864259587
00e12e8b_6146,11602.855130708
00e12e8b_6147,11602.878731301538
00e12e8b_6148,11602.894147107541
00e12e8b_6149,11602.895146227638
00e12e8b_6150,11602.899400348064
00e12e8b_6151,11602.890824352715
00e12e8b_6152,11602.861249930937
00e12e8b_6153,11602.852842934823
00e12e8b_6154,11602.820406841132
00e12e8b_6155,11602.78708961741
00e12e8b_6156,11602.760971581534
00e12e8b_6157,11602.749531070831
00e12e8b_6158,11602.715694477747
00e12e8b_6159,11602.69164114534
00e12e8b_6160,11602.67106167408
00e12e8b_6161,11602.645280794577
00e12e8b_6162,11602.63477999749
00e12e8b_6163,11602.626095911346
00e12e8b_6164,11602.624097986863
00e12e8b_6165,11602.635698910854
00e12e8b_6166,11602.661113473616
00e12e8b_6167,11602.697118396965
00e12e8b_6168,11602.728727902952
00e12e8b_6169,11602.737949625081
00e12e8b_6170,11602.734852726138
00e12e8b_6171,11602.71809699217
00e12e8b_6172,11602.69065947339
00e12e8b_6173,11602.650747295707
00e12e8b_6174,11602.59739022282
00e12e8b_6175,11602.528078279072
00e12e8b_6176,11602.450539706962
00e12e8b_6177,11602.374540954961
00e12e8b_6178,11602.306283733704
00e12e8b_6179,11602.238481936083
00e12e8b_6180,11602.181106231837
00e12e8b_6181,11602.131820556873
00e12e8b_6182,11602.084747951512
00e12e8b_6183,11602.045902608521
00e12e8b_6184,11602.002597007848
00e12e8b_6185,11601.949666643923
00e12e8b_6186,11601.902656537402
00e12e8b_6187,11601.860092824862
00e12e8b_6188,11601.816460168562
00e12e8b_6189,11601.77893786327
00e12e8b_6190,11601.736425115138
00e12e8b_6191,11601.694832930847
00e12e8b_6192,11601.65357516829
00e12e8b_6193,11601.609890369818
00e12e8b_6194,11601.565622178296
00e12e8b_6195,11601.520302042081
00e12e8b_6196,11601.472144798307
00e12e8b_6197,11601.428162263144
00e12e8b_6198,11601.385328166769
00e12e8b_6199,11601.3438605741
00e12e8b_6200,11601.306851820294
00e12e8b_6201,11601.267360045775
00e12e8b_6202,11601.235884305685
00e12e8b_6203,11601.203288415381
00e12e8b_6204,11601.170827750224
00e12e8b_6205,11601.129316098752
00e12e8b_6206,11601.091734159756
00e12e8b_6207,11601.051385277766
00e12e8b_6208,11601.012058333561
00e12e8b_6209,11600.973399354532
00e12e8b_6210,11600.933143449265
00e12e8b_6211,11600.896170392305
00e12e8b_6212,11600.860286203344
00e12e8b_6213,11600.830352883868
00e12e8b_6214,11600.796485766832
00e12e8b_6215,11600.760856867788
00e12e8b_6216,11600.729410894615
00e12e8b_6217,11600.705519654477
00e12e8b_6218,11600.684003469796
00e12e8b_6219,11600.665434514032
00e12e8b_6220,11600.642432993585
00e12e8b_6221,11600.621859523653
00e12e8b_6222,11600.596649873118
00e12e8b_6223,11600.575558969442
00e12e8b_6224,11600.5490381354
00e12e8b_6225,11600.52610565327
00e12e8b_6226,11600.503964429792
00e12e8b_6227,11600.482618064334
00e12e8b_6228,11600.462649081503
00e12e8b_6229,11600.447154865939
00e12e8b_6230,11600.420476320129
00e12e8b_6231,11600.399798385679
00e12e8b_6232,11600.381148198634
00e12e8b_6233,11600.367726987484
00e12e8b_6234,11600.348692193327
00e12e8b_6235,11600.333381060946
00e12e8b_6236,11600.31512232731
00e12e8b_6237,11600.303697144995
00e12e8b_6238,11600.284892315169
00e12e8b_6239,11600.272584618639
00e12e8b_6240,11600.259000258142
00e12e8b_6241,11600.240784098207
00e12e8b_6242,11600.229587462045
00e12e8b_6243,11600.219674134665
00e12e8b_6244,11600.199358887696
00e12e8b_6245,11600.188390289099
00e12e8b_6246,11600.171806471018
00e12e8b_6247,11600.156031523034
00e12e8b_6248,11600.143777559082
00e12e8b_6249,11600.129940196412
00e12e8b_6250,11600.117884997782
00e12e8b_6251,11600.105987505645
00e12e8b_6252,11600.085990388234
00e12e8b_6253,11600.082672087772
00e12e8b_6254,11600.068548009584
00e12e8b_6255,11600.06017268967
00e12e8b_6256,11600.050700488613
00e12e8b_6257,11600.047554620081
00e12e8b_6258,11600.04203506032
00e12e8b_6259,11600.036892335813
00e12e8b_6260,11600.025036089979
00e12e8b_6261,11600.022074990762
00e12e8b_6262,11600.009100231544
00e12e8b_6263,11600.002520562959
00e12e8b_6264,11599.997570101452
00e12e8b_6265,11599.989284074003
00e12e8b_6266,11599.983576031098
00e12e8b_6267,11599.973593687486
00e12e8b_6268,11599.963667910997
00e12e8b_6269,11599.965985539015
00e12e8b_6270,11599.959115309668
00e12e8b_6271,11599.953493193183
00e12e8b_6272,11599.940228942472
00e12e8b_6273,11599.918271184804
00e12e8b_6274,11599.90544871697
00e12e8b_6275,11599.882075951873
00e12e8b_6276,11599.855539165022
00e12e8b_6277,11599.82908955
00e12e8b_6278,11599.809660386347
00e12e8b_6279,11599.787715166787
00e12e8b_6280,11599.764861412834
00e12e8b_6281,11599.746813423222
00e12e8b_6282,11599.731759821118
00e12e8b_6283,11599.713928091052
00e12e8b_6284,11599.698316684633
00e12e8b_6285,11599.684332123818
00e12e8b_6286,11599.659650589947
00e12e8b_6287,11599.62499174852
00e12e8b_6288,11599.58751221756
00e12e8b_6289,11599.546328769768
00e12e8b_6290,11599.503148077993
00e12e8b_6291,11599.46233992235
00e12e8b_6292,11599.421079551385
00e12e8b_6293,11599.389093483116
00e12e8b_6294,11599.360119673034
00e12e8b_6295,11599.324186956212
00e12e8b_6296,11599.304696093779
00e12e8b_6297,11599.278884806192
00e12e8b_6298,11599.263084612874
00e12e8b_6299,11599.252134420976
00e12e8b_6300,11599.23583597698
00e12e8b_6301,11599.203970701488
00e12e8b_6302,11599.169764254668
00e12e8b_6303,11599.13859988246
00e12e8b_6304,11599.113530078635
00e12e8b_6305,11599.06039501061
00e12e8b_6306,11599.020530552301
00e12e8b_6307,11598.963294035373
00e12e8b_6308,11598.888569879418
00e12e8b_6309,11598.831266687484
00e12e8b_6310,11598.77469944628
00e12e8b_6311,11598.741904015826
00e12e8b_6312,11598.725542898297
00e12e8b_6313,11598.700860729172
00e12e8b_6314,11598.687483660047
00e12e8b_6315,11598.659756608984
00e12e8b_6316,11598.634979121814
00e12e8b_6317,11598.610990195479
00e12e8b_6318,11598.568247324718
00e12e8b_6319,11598.533242854099
00e12e8b_6320,11598.503159854314
00e12e8b_6321,11598.479073061986
00e12e8b_6322,11598.463070083772
00e12e8b_6323,11598.437627830306
00e12e8b_6324,11598.427630190594
00e12e8b_6325,11598.404807485012
00e12e8b_6326,11598.375602642016
00e12e8b_6327,11598.345773947718
00e12e8b_6328,11598.307939178192
00e12e8b_6329,11598.258978922686
00e12e8b_6330,11598.21619734555
00e12e8b_6331,11598.172965629235
00e12e8b_6332,11598.158542999252
00e12e8b_6333,11598.13273858839
00e12e8b_6334,11598.11804902721
00e12e8b_6335,11598.090191632791
00e12e8b_6336,11598.087536245806
00e12e8b_6337,11598.079573547146
00e12e8b_6338,11598.0787001558
00e12e8b_6339,11598.074313193367
00e12e8b_6340,11598.078620370434
00e12e8b_6341,11598.08427613936
00e12e8b_6342,11598.092674592468
00e12e8b_6343,11598.103496338568
00e12e8b_6344,11598.109321691009
00e12e8b_6345,11598.114426677905
00e12e8b_6346,11598.129174486983
00e12e8b_6347,11598.134233794104
00e12e8b_6348,11598.13966424223
00e12e8b_6349,11598.147467285306
00e12e8b_6350,11598.155679917896
00e12e8b_6351,11598.1514286305
00e12e8b_6352,11598.146438864762
00e12e8b_6353,11598.150996610246
00e12e8b_6354,11598.138014512793
00e12e8b_6355,11598.128673970241
00e12e8b_6356,11598.120617654795
00e12e8b_6357,11598.123200805694
00e12e8b_6358,11598.11479145627
00e12e8b_6359,11598.113845508575
00e12e8b_6360,11598.11142264839
00e12e8b_6361,11598.121392935493
00e12e8b_6362,11598.13148795859
00e12e8b_6363,11598.13436850082
00e12e8b_6364,11598.127485423616
00e12e8b_6365,11598.125957480106
00e12e8b_6366,11598.119352086318
00e12e8b_6367,11598.10518003907
00e12e8b_6368,11598.09489962219
00e12e8b_6369,11598.090584638481
00e12e8b_6370,11598.092094207126
00e12e8b_6371,11598.088458372164
00e12e8b_6372,11598.086452373936
00e12e8b_6373,11598.086525808489
00e12e8b_6374,11598.08466022672
00e12e8b_6375,11598.083090365564
00e12e8b_6376,11598.089250833465
00e12e8b_6377,11598.094080325518
00e12e8b_6378,11598.100066173543
00e12e8b_6379,11598.10555395654
00e12e8b_6380,11598.100400931431
00e12e8b_6381,11598.09888141362
00e12e8b_6382,11598.092165487404
00e12e8b_6383,11598.078525429913
