id,tvt
000d7d20_1442,11750.127828171888
000d7d20_1443,11750.131035499322
000d7d20_1444,11750.13443719677
000d7d20_1445,11750.138021611716
000d7d20_1446,11750.141777091643
000d7d20_1447,11750.145691984044
000d7d20_1448,11750.144204636395
000d7d20_1449,11750.14840339619
000d7d20_1450,11750.152726610908
000d7d20_1451,11750.157140015528
000d7d20_1452,11750.155069971654
000d7d20_1453,11750.159653298626
000d7d20_1454,11750.164326498789
000d7d20_1455,11750.163584631424
000d7d20_1456,11750.168429098496
000d7d20_1457,11750.173355696836
000d7d20_1458,11750.172881545848
000d7d20_1459,11750.178020169657
000d7d20_1460,11750.177642599248
000d7d20_1461,11750.18291913793
000d7d20_1462,11750.182872785052
000d7d20_1463,11750.18189494527
000d7d20_1464,11750.187696083129
000d7d20_1465,11750.187960635158
000d7d20_1466,11750.188399082295
000d7d20_1467,11750.194501734357
000d7d20_1468,11750.195149468644
000d7d20_1469,11750.195765897835
000d7d20_1470,11750.196348612048
000d7d20_1471,11750.196881206692
000d7d20_1472,11750.197267738196
000d7d20_1473,11750.19672757518
000d7d20_1474,11750.195040223836
000d7d20_1475,11750.194359275822
000d7d20_1476,11750.19358159286
000d7d20_1477,11750.192836988355
000d7d20_1478,11750.19196961891
000d7d20_1479,11750.191107059549
000d7d20_1480,11750.190309697637
000d7d20_1481,11750.189459246849
000d7d20_1482,11750.188558205622
000d7d20_1483,11750.182221237705
000d7d20_1484,11750.180405346326
000d7d20_1485,11750.17943559934
000d7d20_1486,11750.173111852246
000d7d20_1487,11750.171936081715
000d7d20_1488,11750.17073430103
000d7d20_1489,11750.16374429539
000d7d20_1490,11750.16232431055
000d7d20_1491,11750.15619653773
000d7d20_1492,11750.154690616964
000d7d20_1493,11750.148602766312
000d7d20_1494,11750.146862173726
000d7d20_1495,11750.140831688515
000d7d20_1496,11750.134082694289
000d7d20_1497,11750.134225859958
000d7d20_1498,11750.1291900164
000d7d20_1499,11750.123606689072
000d7d20_1500,11750.11953103039
000d7d20_1501,11750.123312278938
000d7d20_1502,11750.12285798347
000d7d20_1503,11750.121589857788
000d7d20_1504,11750.120877855745
000d7d20_1505,11750.121534726151
000d7d20_1506,11750.121348736324
000d7d20_1507,11750.126777918396
000d7d20_1508,11750.12801092184
000d7d20_1509,11750.128248451883
000d7d20_1510,11750.128754613615
000d7d20_1511,11750.13088773758
000d7d20_1512,11750.13240067058
000d7d20_1513,11750.134091055614
000d7d20_1514,11750.136934733926
000d7d20_1515,11750.138970305868
000d7d20_1516,11750.146795623492
000d7d20_1517,11750.150902098729
000d7d20_1518,11750.15392114228
000d7d20_1519,11750.15646315679
000d7d20_1520,11750.160283404764
000d7d20_1521,11750.162429422246
000d7d20_1522,11750.164481857615
000d7d20_1523,11750.166516105312
000d7d20_1524,11750.167360994792
000d7d20_1525,11750.166528787204
000d7d20_1526,11750.167092176986
000d7d20_1527,11750.16612081076
000d7d20_1528,11750.164470340947
000d7d20_1529,11750.163060687157
000d7d20_1530,11750.1542252715
000d7d20_1531,11750.149569939174
000d7d20_1532,11750.145739718508
000d7d20_1533,11750.141639838615
000d7d20_1534,11750.136975936235
000d7d20_1535,11750.133314342957
000d7d20_1536,11750.129553592626
000d7d20_1537,11750.125611931138
000d7d20_1538,11750.123084846116
000d7d20_1539,11750.1142017806
000d7d20_1540,11750.110971296042
000d7d20_1541,11750.108927837828
000d7d20_1542,11750.105473163
000d7d20_1543,11750.101859374565
000d7d20_1544,11750.098957829345
000d7d20_1545,11750.089358622996
000d7d20_1546,11750.085598993226
000d7d20_1547,11750.08248409068
000d7d20_1548,11750.079084358502
000d7d20_1549,11750.069412666637
000d7d20_1550,11750.065707923888
000d7d20_1551,11750.061222894354
000d7d20_1552,11750.05688899363
000d7d20_1553,11750.047389323456
000d7d20_1554,11750.04271254968
000d7d20_1555,11750.03731112662
000d7d20_1556,11750.027187405558
000d7d20_1557,11750.021553629294
000d7d20_1558,11750.015873645178
000d7d20_1559,11750.01081800972
000d7d20_1560,11749.99893541212
000d7d20_1561,11749.993967804585
000d7d20_1562,11749.98458346006
000d7d20_1563,11749.97982416504
000d7d20_1564,11749.97408013602
000d7d20_1565,11749.96383109174
000d7d20_1566,11749.958296509896
000d7d20_1567,11749.947356872652
000d7d20_1568,11749.942907608309
000d7d20_1569,11749.937578204412
000d7d20_1570,11749.926115493392
000d7d20_1571,11749.921006980454
000d7d20_1572,11749.909276088983
000d7d20_1573,11749.902683977349
000d7d20_1574,11749.891743938902
000d7d20_1575,11749.88545923114
000d7d20_1576,11749.87289932874
000d7d20_1577,11749.867175508654
000d7d20_1578,11749.854766186294
000d7d20_1579,11749.847510887224
000d7d20_1580,11749.83556227457
000d7d20_1581,11749.82865048202
000d7d20_1582,11749.817635309668
000d7d20_1583,11749.811426776609
000d7d20_1584,11749.79979577212
000d7d20_1585,11749.794565286176
000d7d20_1586,11749.78346629999
000d7d20_1587,11749.77168624847
000d7d20_1588,11749.766734732655
000d7d20_1589,11749.75479803638
000d7d20_1590,11749.748691725676
000d7d20_1591,11749.73902303462
000d7d20_1592,11749.729912762608
000d7d20_1593,11749.726770026436
000d7d20_1594,11749.719320111117
000d7d20_1595,11749.71053121644
000d7d20_1596,11749.70796523618
000d7d20_1597,11749.701096655792
000d7d20_1598,11749.693632932687
000d7d20_1599,11749.692318036445
000d7d20_1600,11749.685955403387
000d7d20_1601,11749.678196995
000d7d20_1602,11749.675595981464
000d7d20_1603,11749.66874042079
000d7d20_1604,11749.660753796285
000d7d20_1605,11749.658157036556
000d7d20_1606,11749.651028883314
000d7d20_1607,11749.64207205312
000d7d20_1608,11749.639047009669
000d7d20_1609,11749.63063617903
000d7d20_1610,11749.62735659458
000d7d20_1611,11749.6181403901
000d7d20_1612,11749.60968036035
000d7d20_1613,11749.605419827236
000d7d20_1614,11749.59561247196
000d7d20_1615,11749.585986578191
000d7d20_1616,11749.580523711653
000d7d20_1617,11749.569060729684
000d7d20_1618,11749.563708222682
000d7d20_1619,11749.551221851463
000d7d20_1620,11749.538717655374
000d7d20_1621,11749.53185669502
000d7d20_1622,11749.51750232916
000d7d20_1623,11749.502591025675
000d7d20_1624,11749.49308483967
000d7d20_1625,11749.478030724344
000d7d20_1626,11749.467953834646
000d7d20_1627,11749.451949514314
000d7d20_1628,11749.436627603249
000d7d20_1629,11749.425855431347
000d7d20_1630,11749.40922601654
000d7d20_1631,11749.39512395572
000d7d20_1632,11749.375850801369
000d7d20_1633,11749.356016128098
000d7d20_1634,11749.34340002485
000d7d20_1635,11749.32399343565
000d7d20_1636,11749.31057908934
000d7d20_1637,11749.292342771943
000d7d20_1638,11749.275490067495
000d7d20_1639,11749.262652159025
000d7d20_1640,11749.24434282884
000d7d20_1641,11749.2308912894
000d7d20_1642,11749.212804567023
000d7d20_1643,11749.198876123188
000d7d20_1644,11749.179552427067
000d7d20_1645,11749.160386908428
000d7d20_1646,11749.148058808514
000d7d20_1647,11749.128349717384
000d7d20_1648,11749.114635479276
000d7d20_1649,11749.095143637656
000d7d20_1650,11749.082564610317
000d7d20_1651,11749.06295840015
000d7d20_1652,11749.049092457648
000d7d20_1653,11749.029355276616
000d7d20_1654,11749.011090784004
000d7d20_1655,11748.996242736426
000d7d20_1656,11748.97697217475
000d7d20_1657,11748.962627501527
000d7d20_1658,11748.944867890346
000d7d20_1659,11748.931154268492
000d7d20_1660,11748.910979896364
000d7d20_1661,11748.89691633803
000d7d20_1662,11748.87873974831
000d7d20_1663,11748.857949888124
000d7d20_1664,11748.843002314135
000d7d20_1665,11748.82254594584
000d7d20_1666,11748.808821255438
000d7d20_1667,11748.789100348822
000d7d20_1668,11748.775815172165
000d7d20_1669,11748.75640472406
000d7d20_1670,11748.744297356458
000d7d20_1671,11748.726049857947
000d7d20_1672,11748.713449866438
000d7d20_1673,11748.695845406844
000d7d20_1674,11748.685154198236
000d7d20_1675,11748.667477553512
000d7d20_1676,11748.656066812491
000d7d20_1677,11748.63941650067
000d7d20_1678,11748.629990915482
000d7d20_1679,11748.6137944315
000d7d20_1680,11748.604039462743
000d7d20_1681,11748.588441028203
000d7d20_1682,11748.579508569
000d7d20_1683,11748.563887603745
000d7d20_1684,11748.553639935802
000d7d20_1685,11748.537197694624
000d7d20_1686,11748.528794168264
000d7d20_1687,11748.514433063212
000d7d20_1688,11748.505858073266
000d7d20_1689,11748.492991144272
000d7d20_1690,11748.487154493376
000d7d20_1691,11748.475483604894
000d7d20_1692,11748.469622924384
000d7d20_1693,11748.458256346696
000d7d20_1694,11748.453789847415
000d7d20_1695,11748.448352887057
000d7d20_1696,11748.437720500851
000d7d20_1697,11748.43129039774
000d7d20_1698,11748.425813692127
000d7d20_1699,11748.418537409354
000d7d20_1700,11748.405495377134
000d7d20_1701,11748.39696046106
000d7d20_1702,11748.390792361077
000d7d20_1703,11748.38331533478
000d7d20_1704,11748.37634748156
000d7d20_1705,11748.36914460783
000d7d20_1706,11748.35761411576
000d7d20_1707,11748.349393853674
000d7d20_1708,11748.341459678237
000d7d20_1709,11748.33372548636
000d7d20_1710,11748.32764431052
000d7d20_1711,11748.320596281255
000d7d20_1712,11748.313107244405
000d7d20_1713,11748.305325841353
000d7d20_1714,11748.298255795677
000d7d20_1715,11748.294940331043
000d7d20_1716,11748.286422600126
000d7d20_1717,11748.276425423664
000d7d20_1718,11748.267696004425
000d7d20_1719,11748.254478592296
000d7d20_1720,11748.241190855131
000d7d20_1721,11748.233911742853
000d7d20_1722,11748.22157997603
000d7d20_1723,11748.208082060268
000d7d20_1724,11748.195715406506
000d7d20_1725,11748.188730117989
000d7d20_1726,11748.177793939558
000d7d20_1727,11748.167572041824
000d7d20_1728,11748.162482801385
000d7d20_1729,11748.152132658524
000d7d20_1730,11748.148776990143
000d7d20_1731,11748.138114706366
000d7d20_1732,11748.132701363276
000d7d20_1733,11748.122152788115
000d7d20_1734,11748.117867381608
000d7d20_1735,11748.10739712145
000d7d20_1736,11748.10121069956
000d7d20_1737,11748.08967583185
000d7d20_1738,11748.0843600938
000d7d20_1739,11748.077808554175
000d7d20_1740,11748.065483756704
000d7d20_1741,11748.05882410882
000d7d20_1742,11748.053501364982
000d7d20_1743,11748.041659614477
000d7d20_1744,11748.035863920411
000d7d20_1745,11748.03091376161
000d7d20_1746,11748.027254524715
000d7d20_1747,11748.023234203012
000d7d20_1748,11748.014582452364
000d7d20_1749,11748.012234506145
000d7d20_1750,11748.010247152124
000d7d20_1751,11748.00797891599
000d7d20_1752,11748.005998784938
000d7d20_1753,11748.004730207933
000d7d20_1754,11748.004319956352
000d7d20_1755,11748.003273207192
000d7d20_1756,11748.00230311166
000d7d20_1757,11748.00122650898
000d7d20_1758,11748.00222759084
000d7d20_1759,11748.002075804774
000d7d20_1760,11748.002298112224
000d7d20_1761,11748.002568827018
000d7d20_1762,11748.004246282482
000d7d20_1763,11748.010524145498
000d7d20_1764,11748.01234985366
000d7d20_1765,11748.014364665694
000d7d20_1766,11748.017930862808
000d7d20_1767,11748.020237123905
000d7d20_1768,11748.029256339058
000d7d20_1769,11748.03467794659
000d7d20_1770,11748.038435528852
000d7d20_1771,11748.046682737571
000d7d20_1772,11748.04750092089
000d7d20_1773,11748.050236653176
000d7d20_1774,11748.057542897955
000d7d20_1775,11748.059130862594
000d7d20_1776,11748.065805614442
000d7d20_1777,11748.06794407776
000d7d20_1778,11748.074456019343
000d7d20_1779,11748.075284441642
000d7d20_1780,11748.083966496806
000d7d20_1781,11748.088367399108
000d7d20_1782,11748.096759657114
000d7d20_1783,11748.104468383965
000d7d20_1784,11748.106781495651
000d7d20_1785,11748.115721789323
000d7d20_1786,11748.117452875103
000d7d20_1787,11748.124126174129
000d7d20_1788,11748.123073638108
000d7d20_1789,11748.128943914358
000d7d20_1790,11748.127805524997
000d7d20_1791,11748.131357568362
000d7d20_1792,11748.129366856609
000d7d20_1793,11748.133511013615
000d7d20_1794,11748.130535763818
000d7d20_1795,11748.12674800952
000d7d20_1796,11748.127371029275
000d7d20_1797,11748.124082361704
000d7d20_1798,11748.12483105704
000d7d20_1799,11748.119800603348
000d7d20_1800,11748.114864130966
000d7d20_1801,11748.111440896198
000d7d20_1802,11748.112577591284
000d7d20_1803,11748.108537742495
000d7d20_1804,11748.10407844234
000d7d20_1805,11748.099769281169
000d7d20_1806,11748.099596083584
000d7d20_1807,11748.09396869652
000d7d20_1808,11748.08706363726
000d7d20_1809,11748.081442376211
000d7d20_1810,11748.073944434314
000d7d20_1811,11748.067134453917
000d7d20_1812,11748.064832855714
000d7d20_1813,11748.057691083752
000d7d20_1814,11748.04887880948
000d7d20_1815,11748.041278120889
000d7d20_1816,11748.034007115028
000d7d20_1817,11748.028489227689
000d7d20_1818,11748.022199598436
000d7d20_1819,11748.018110332738
000d7d20_1820,11748.01400172419
000d7d20_1821,11748.010197115877
000d7d20_1822,11748.007423824296
000d7d20_1823,11748.00375509478
000d7d20_1824,11748.001149388152
000d7d20_1825,11747.9990243163
000d7d20_1826,11747.989059395262
000d7d20_1827,11747.986012600424
000d7d20_1828,11747.982701802315
000d7d20_1829,11747.98073848778
000d7d20_1830,11747.978188916746
000d7d20_1831,11747.976744954598
000d7d20_1832,11747.970414741803
000d7d20_1833,11747.971954456038
000d7d20_1834,11747.972375635229
000d7d20_1835,11747.974249106685
000d7d20_1836,11747.969877697004
000d7d20_1837,11747.969922542376
000d7d20_1838,11747.969314339742
000d7d20_1839,11747.961376554193
000d7d20_1840,11747.959733932765
000d7d20_1841,11747.9575349324
000d7d20_1842,11747.948732398378
000d7d20_1843,11747.946998702102
000d7d20_1844,11747.93970529228
000d7d20_1845,11747.937538138793
000d7d20_1846,11747.929629776056
000d7d20_1847,11747.92971640482
000d7d20_1848,11747.923912759828
000d7d20_1849,11747.92376698634
000d7d20_1850,11747.9186688861
000d7d20_1851,11747.919660084448
000d7d20_1852,11747.914878286589
000d7d20_1853,11747.916203388158
000d7d20_1854,11747.911755326792
000d7d20_1855,11747.913635671248
000d7d20_1856,11747.909435833091
000d7d20_1857,11747.905967723078
000d7d20_1858,11747.906936270543
000d7d20_1859,11747.901892914077
000d7d20_1860,11747.895267739435
000d7d20_1861,11747.894290023894
000d7d20_1862,11747.887743917428
000d7d20_1863,11747.88192565781
000d7d20_1864,11747.875123495123
000d7d20_1865,11747.875017562044
000d7d20_1866,11747.86812993756
000d7d20_1867,11747.863015871004
000d7d20_1868,11747.8568227306
000d7d20_1869,11747.851997176153
000d7d20_1870,11747.84632975731
000d7d20_1871,11747.846997696632
000d7d20_1872,11747.840402839583
000d7d20_1873,11747.83541962397
000d7d20_1874,11747.82879923442
000d7d20_1875,11747.82264905046
000d7d20_1876,11747.81597031488
000d7d20_1877,11747.8085776123
000d7d20_1878,11747.801842584857
000d7d20_1879,11747.793591283482
000d7d20_1880,11747.785957167944
000d7d20_1881,11747.777185439523
000d7d20_1882,11747.768760990137
000d7d20_1883,11747.759161346994
000d7d20_1884,11747.756104590384
000d7d20_1885,11747.746166808009
000d7d20_1886,11747.73736001987
000d7d20_1887,11747.726430858293
000d7d20_1888,11747.716667904817
000d7d20_1889,11747.706317586828
000d7d20_1890,11747.702265186354
000d7d20_1891,11747.69138049683
000d7d20_1892,11747.681563732374
000d7d20_1893,11747.670119629383
000d7d20_1894,11747.65928650671
000d7d20_1895,11747.6528516536
000d7d20_1896,11747.64244476646
000d7d20_1897,11747.630642191849
000d7d20_1898,11747.621857743065
000d7d20_1899,11747.618126686491
000d7d20_1900,11747.61069631625
000d7d20_1901,11747.60338298699
000d7d20_1902,11747.604625518105
000d7d20_1903,11747.599264598037
000d7d20_1904,11747.594735036291
000d7d20_1905,11747.591640979315
000d7d20_1906,11747.584410935451
000d7d20_1907,11747.57649879602
000d7d20_1908,11747.5753015954
000d7d20_1909,11747.568029170225
000d7d20_1910,11747.569473914496
000d7d20_1911,11747.565077473164
000d7d20_1912,11747.563061031207
000d7d20_1913,11747.564441270286
000d7d20_1914,11747.562096179445
000d7d20_1915,11747.565561942174
000d7d20_1916,11747.564055157529
000d7d20_1917,11747.57019194601
000d7d20_1918,11747.570554367634
000d7d20_1919,11747.578002138329
000d7d20_1920,11747.579709280024
000d7d20_1921,11747.58924465452
000d7d20_1922,11747.59133796102
000d7d20_1923,11747.60002611051
000d7d20_1924,11747.602407401842
000d7d20_1925,11747.61243060876
000d7d20_1926,11747.62151536594
000d7d20_1927,11747.627945397056
000d7d20_1928,11747.64092350956
000d7d20_1929,11747.650637950566
000d7d20_1930,11747.666469835654
000d7d20_1931,11747.685299448907
000d7d20_1932,11747.700199610876
000d7d20_1933,11747.724712733896
000d7d20_1934,11747.74795409918
000d7d20_1935,11747.766536955442
000d7d20_1936,11747.788521668755
000d7d20_1937,11747.812025194366
000d7d20_1938,11747.827749416632
000d7d20_1939,11747.849676600048
000d7d20_1940,11747.86947896397
000d7d20_1941,11747.888723044376
000d7d20_1942,11747.89937344028
000d7d20_1943,11747.916560295293
000d7d20_1944,11747.93153466996
000d7d20_1945,11747.946100415167
000d7d20_1946,11747.960104746122
000d7d20_1947,11747.969240890769
000d7d20_1948,11747.983782287569
000d7d20_1949,11747.998949911753
000d7d20_1950,11748.012525842383
000d7d20_1951,11748.024927030969
000d7d20_1952,11748.035275121649
000d7d20_1953,11748.044601123527
000d7d20_1954,11748.048650653776
000d7d20_1955,11748.055089991092
000d7d20_1956,11748.058386645698
000d7d20_1957,11748.055857284366
000d7d20_1958,11748.051452937736
000d7d20_1959,11748.041501293192
000d7d20_1960,11748.028737011176
000d7d20_1961,11748.012705540008
000d7d20_1962,11747.996348125962
000d7d20_1963,11747.977038934026
000d7d20_1964,11747.958471502072
000d7d20_1965,11747.939542936212
000d7d20_1966,11747.925915637668
000d7d20_1967,11747.911428122718
000d7d20_1968,11747.9000112001
000d7d20_1969,11747.8892878464
000d7d20_1970,11747.880207440478
000d7d20_1971,11747.868303999963
000d7d20_1972,11747.85617754502
000d7d20_1973,11747.847253300575
000d7d20_1974,11747.834568284368
000d7d20_1975,11747.821435218202
000d7d20_1976,11747.809043046896
000d7d20_1977,11747.795669034662
000d7d20_1978,11747.784084283852
000d7d20_1979,11747.776892373986
000d7d20_1980,11747.76621903509
000d7d20_1981,11747.754276234442
000d7d20_1982,11747.743237191293
000d7d20_1983,11747.735208371523
000d7d20_1984,11747.7244017538
000d7d20_1985,11747.714867531162
000d7d20_1986,11747.715803751778
000d7d20_1987,11747.70821961401
000d7d20_1988,11747.701854492016
000d7d20_1989,11747.701207141925
000d7d20_1990,11747.695480490154
000d7d20_1991,11747.698069060116
000d7d20_1992,11747.695631810318
000d7d20_1993,11747.700540991853
000d7d20_1994,11747.697703439717
000d7d20_1995,11747.702125648011
000d7d20_1996,11747.70105871768
000d7d20_1997,11747.70694369048
000d7d20_1998,11747.70708574948
000d7d20_1999,11747.713950510484
000d7d20_2000,11747.715872582645
000d7d20_2001,11747.724182925002
000d7d20_2002,11747.72735463636
000d7d20_2003,11747.738632170898
000d7d20_2004,11747.750356897286
000d7d20_2005,11747.75877312136
000d7d20_2006,11747.772840836002
000d7d20_2007,11747.789227544614
000d7d20_2008,11747.800097020548
000d7d20_2009,11747.816708632916
000d7d20_2010,11747.831978158889
000d7d20_2011,11747.851580634066
000d7d20_2012,11747.867669933265
000d7d20_2013,11747.89251895605
000d7d20_2014,11747.917987194844
000d7d20_2015,11747.945878703493
000d7d20_2016,11747.974189178854
000d7d20_2017,11747.998134211028
000d7d20_2018,11748.027396216065
000d7d20_2019,11748.0558271859
000d7d20_2020,11748.082414895736
000d7d20_2021,11748.108883380277
000d7d20_2022,11748.134129409707
000d7d20_2023,11748.158503627594
000d7d20_2024,11748.180003077936
000d7d20_2025,11748.201073964028
000d7d20_2026,11748.220494464596
000d7d20_2027,11748.23929581243
000d7d20_2028,11748.25954570669
000d7d20_2029,11748.277905600338
000d7d20_2030,11748.29746549814
000d7d20_2031,11748.314657524325
000d7d20_2032,11748.332904783052
000d7d20_2033,11748.349656384651
000d7d20_2034,11748.3716833531
000d7d20_2035,11748.38558991767
000d7d20_2036,11748.398657381797
000d7d20_2037,11748.409099923883
000d7d20_2038,11748.419978927774
000d7d20_2039,11748.43268985036
000d7d20_2040,11748.44006923407
000d7d20_2041,11748.444518200258
000d7d20_2042,11748.44650255752
000d7d20_2043,11748.451592772451
000d7d20_2044,11748.455857392197
000d7d20_2045,11748.457972973796
000d7d20_2046,11748.466205751296
000d7d20_2047,11748.464346778392
000d7d20_2048,11748.466992590587
000d7d20_2049,11748.474664917749
000d7d20_2050,11748.478013261752
000d7d20_2051,11748.48611628434
000d7d20_2052,11748.489537156376
000d7d20_2053,11748.491850108194
000d7d20_2054,11748.501453675442
000d7d20_2055,11748.50347013793
000d7d20_2056,11748.511877398603
000d7d20_2057,11748.513512850392
000d7d20_2058,11748.521426531244
000d7d20_2059,11748.528625876485
000d7d20_2060,11748.53274200664
000d7d20_2061,11748.540364155944
000d7d20_2062,11748.544645579776
000d7d20_2063,11748.55464263113
000d7d20_2064,11748.563241065543
000d7d20_2065,11748.567039189267
000d7d20_2066,11748.575284387636
000d7d20_2067,11748.584287234818
000d7d20_2068,11748.587431759232
000d7d20_2069,11748.597266969908
000d7d20_2070,11748.60170487847
000d7d20_2071,11748.614663436563
000d7d20_2072,11748.626890045924
000d7d20_2073,11748.635695354027
000d7d20_2074,11748.648755314924
000d7d20_2075,11748.657537737665
000d7d20_2076,11748.670668675166
000d7d20_2077,11748.677552617868
000d7d20_2078,11748.688616463616
000d7d20_2079,11748.699864598208
000d7d20_2080,11748.70458744256
000d7d20_2081,11748.71667896026
000d7d20_2082,11748.722038529564
000d7d20_2083,11748.732967910548
000d7d20_2084,11748.736916769883
000d7d20_2085,11748.74676868776
000d7d20_2086,11748.75016473141
000d7d20_2087,11748.75975155222
000d7d20_2088,11748.76258761783
000d7d20_2089,11748.771426513738
000d7d20_2090,11748.773234731456
000d7d20_2091,11748.77633101354
000d7d20_2092,11748.783255539984
000d7d20_2093,11748.785293684452
000d7d20_2094,11748.791610871638
000d7d20_2095,11748.79268619302
000d7d20_2096,11748.79868608716
000d7d20_2097,11748.799124625428
000d7d20_2098,11748.798064561704
000d7d20_2099,11748.803321800531
000d7d20_2100,11748.802833376843
000d7d20_2101,11748.806289268996
000d7d20_2102,11748.803876016493
000d7d20_2103,11748.80257535619
000d7d20_2104,11748.805833639024
000d7d20_2105,11748.80338954714
000d7d20_2106,11748.802072743456
000d7d20_2107,11748.805230934971
000d7d20_2108,11748.803213120951
000d7d20_2109,11748.802876463433
000d7d20_2110,11748.80698806295
000d7d20_2111,11748.805689000985
000d7d20_2112,11748.805365618924
000d7d20_2113,11748.809519088934
000d7d20_2114,11748.808372515992
000d7d20_2115,11748.806315035916
000d7d20_2116,11748.806317153576
000d7d20_2117,11748.81108505587
000d7d20_2118,11748.810329489685
000d7d20_2119,11748.810796863923
000d7d20_2120,11748.811158052127
000d7d20_2121,11748.818789950808
000d7d20_2122,11748.81988075028
000d7d20_2123,11748.821319606282
000d7d20_2124,11748.823722612527
000d7d20_2125,11748.827467254549
000d7d20_2126,11748.836375004688
000d7d20_2127,11748.84038362169
000d7d20_2128,11748.844273093446
000d7d20_2129,11748.847979343427
000d7d20_2130,11748.852213567125
000d7d20_2131,11748.861837411225
000d7d20_2132,11748.86552055146
000d7d20_2133,11748.868202194328
000d7d20_2134,11748.871575454084
000d7d20_2135,11748.874296795842
000d7d20_2136,11748.876635701836
000d7d20_2137,11748.878620346251
000d7d20_2138,11748.882305033056
000d7d20_2139,11748.89064839464
000d7d20_2140,11748.893804884789
000d7d20_2141,11748.896791769625
000d7d20_2142,11748.900181911904
000d7d20_2143,11748.904551674555
000d7d20_2144,11748.90783182862
000d7d20_2145,11748.911526564912
000d7d20_2146,11748.915783130802
000d7d20_2147,11748.920566076413
000d7d20_2148,11748.924138632432
000d7d20_2149,11748.927421771356
000d7d20_2150,11748.930621839594
000d7d20_2151,11748.933817387197
000d7d20_2152,11748.936931142438
000d7d20_2153,11748.93935402812
000d7d20_2154,11748.942049927742
000d7d20_2155,11748.945027936095
000d7d20_2156,11748.949137817604
000d7d20_2157,11748.951840735106
000d7d20_2158,11748.954305882004
000d7d20_2159,11748.956762736188
000d7d20_2160,11748.959780434385
000d7d20_2161,11748.961570963109
000d7d20_2162,11748.963924493824
000d7d20_2163,11748.965870755674
000d7d20_2164,11748.967753955894
000d7d20_2165,11748.970818490265
000d7d20_2166,11748.972708407186
000d7d20_2167,11748.974703008957
000d7d20_2168,11748.9766439196
000d7d20_2169,11748.979753383304
000d7d20_2170,11748.981758290069
000d7d20_2171,11748.984250553323
000d7d20_2172,11748.98641288704
000d7d20_2173,11748.989700150914
000d7d20_2174,11748.991282450586
000d7d20_2175,11748.992648153871
000d7d20_2176,11748.994653841432
000d7d20_2177,11748.996288606246
000d7d20_2178,11748.998738894348
000d7d20_2179,11748.998644221268
000d7d20_2180,11748.99804110852
000d7d20_2181,11748.99789121373
000d7d20_2182,11748.999626234974
000d7d20_2183,11749.006152798453
000d7d20_2184,11749.007234878864
000d7d20_2185,11749.008394846993
000d7d20_2186,11749.010654908843
000d7d20_2187,11749.012198354603
000d7d20_2188,11749.013657863989
000d7d20_2189,11749.015503658651
000d7d20_2190,11749.01727655392
000d7d20_2191,11749.02125352369
000d7d20_2192,11749.029854102411
000d7d20_2193,11749.033710861284
000d7d20_2194,11749.038204961878
000d7d20_2195,11749.043802751592
000d7d20_2196,11749.047902252956
000d7d20_2197,11749.051947126529
000d7d20_2198,11749.057051485372
000d7d20_2199,11749.06815547046
000d7d20_2200,11749.072029243456
000d7d20_2201,11749.074549584282
000d7d20_2202,11749.07760171173
000d7d20_2203,11749.080933610738
000d7d20_2204,11749.091193207678
000d7d20_2205,11749.09536621964
000d7d20_2206,11749.099475336248
000d7d20_2207,11749.104135899048
000d7d20_2208,11749.115988012596
000d7d20_2209,11749.12216308112
000d7d20_2210,11749.1290017727
000d7d20_2211,11749.13608747298
000d7d20_2212,11749.144858259846
000d7d20_2213,11749.157677910936
000d7d20_2214,11749.165982030736
000d7d20_2215,11749.1730564502
000d7d20_2216,11749.185072082695
000d7d20_2217,11749.192160423769
000d7d20_2218,11749.199499673992
000d7d20_2219,11749.20714956717
000d7d20_2220,11749.219883191174
000d7d20_2221,11749.228458312522
000d7d20_2222,11749.236029134652
000d7d20_2223,11749.24877127829
000d7d20_2224,11749.255772606695
000d7d20_2225,11749.264197063134
000d7d20_2226,11749.27710806394
000d7d20_2227,11749.284552576137
000d7d20_2228,11749.291841203572
000d7d20_2229,11749.30480279603
000d7d20_2230,11749.31355269747
000d7d20_2231,11749.32110154384
000d7d20_2232,11749.333730917178
000d7d20_2233,11749.341071610595
000d7d20_2234,11749.349350450077
000d7d20_2235,11749.36197127038
000d7d20_2236,11749.369294623291
000d7d20_2237,11749.38158303498
000d7d20_2238,11749.389250337868
000d7d20_2239,11749.395630038893
000d7d20_2240,11749.409574966145
000d7d20_2241,11749.417990391608
000d7d20_2242,11749.432668971303
000d7d20_2243,11749.442567083575
000d7d20_2244,11749.450773576053
000d7d20_2245,11749.46462179647
000d7d20_2246,11749.473054953663
000d7d20_2247,11749.487685395903
000d7d20_2248,11749.495707714286
000d7d20_2249,11749.510217546302
000d7d20_2250,11749.519410124822
000d7d20_2251,11749.53532651726
000d7d20_2252,11749.544822756336
000d7d20_2253,11749.559052281424
000d7d20_2254,11749.567581623993
000d7d20_2255,11749.576636578697
000d7d20_2256,11749.591517989023
000d7d20_2257,11749.599721130568
000d7d20_2258,11749.606842309951
000d7d20_2259,11749.613356450203
000d7d20_2260,11749.620568185204
000d7d20_2261,11749.625045973196
000d7d20_2262,11749.634752362565
000d7d20_2263,11749.6383632123
000d7d20_2264,11749.63738644743
000d7d20_2265,11749.641242453154
000d7d20_2266,11749.645122242338
000d7d20_2267,11749.645538678416
000d7d20_2268,11749.645908445757
000d7d20_2269,11749.64766823496
000d7d20_2270,11749.643338042086
000d7d20_2271,11749.644771019835
000d7d20_2272,11749.640253275633
000d7d20_2273,11749.64188711975
000d7d20_2274,11749.638322584138
000d7d20_2275,11749.639545702972
000d7d20_2276,11749.634825466926
000d7d20_2277,11749.636101791588
000d7d20_2278,11749.630749087948
000d7d20_2279,11749.624259401404
000d7d20_2280,11749.617565133798
000d7d20_2281,11749.617471823743
000d7d20_2282,11749.6137587907
000d7d20_2283,11749.608062298516
000d7d20_2284,11749.602194377569
000d7d20_2285,11749.596530681436
000d7d20_2286,11749.592337802173
000d7d20_2287,11749.58697346209
000d7d20_2288,11749.577307927077
000d7d20_2289,11749.57166006311
000d7d20_2290,11749.56711789151
000d7d20_2291,11749.561705199923
000d7d20_2292,11749.55088300485
000d7d20_2293,11749.547202034246
000d7d20_2294,11749.543433019731
000d7d20_2295,11749.534226936925
000d7d20_2296,11749.5297537954
000d7d20_2297,11749.518622615326
000d7d20_2298,11749.506450589754
000d7d20_2299,11749.49815766656
000d7d20_2300,11749.484281842118
000d7d20_2301,11749.467776886304
000d7d20_2302,11749.447330584368
000d7d20_2303,11749.431347880389
000d7d20_2304,11749.411183665088
000d7d20_2305,11749.388125850315
000d7d20_2306,11749.36690548266
000d7d20_2307,11749.347259201772
000d7d20_2308,11749.329843250607
000d7d20_2309,11749.311789802334
000d7d20_2310,11749.288965480686
000d7d20_2311,11749.270707287782
000d7d20_2312,11749.255144195376
000d7d20_2313,11749.23933139928
000d7d20_2314,11749.220066486783
000d7d20_2315,11749.207938109164
000d7d20_2316,11749.195682287267
000d7d20_2317,11749.180680274036
000d7d20_2318,11749.164093632891
000d7d20_2319,11749.154247272014
000d7d20_2320,11749.139388084088
000d7d20_2321,11749.131312770238
000d7d20_2322,11749.11985839067
000d7d20_2323,11749.109306248987
000d7d20_2324,11749.09984695652
000d7d20_2325,11749.09342792484
000d7d20_2326,11749.092479663914
000d7d20_2327,11749.086072642323
000d7d20_2328,11749.085376439
000d7d20_2329,11749.08580707004
000d7d20_2330,11749.087725908958
000d7d20_2331,11749.08280659053
000d7d20_2332,11749.082764995075
000d7d20_2333,11749.08317235767
000d7d20_2334,11749.083110373149
000d7d20_2335,11749.077006911311
000d7d20_2336,11749.077655304109
000d7d20_2337,11749.07705808554
000d7d20_2338,11749.0734660057
000d7d20_2339,11749.073570531484
000d7d20_2340,11749.068144821187
000d7d20_2341,11749.068883142989
000d7d20_2342,11749.062979033006
000d7d20_2343,11749.05590220874
000d7d20_2344,11749.053408581964
000d7d20_2345,11749.043436724569
000d7d20_2346,11749.031600902254
000d7d20_2347,11749.018439147516
000d7d20_2348,11749.003216453071
000d7d20_2349,11748.986505520104
000d7d20_2350,11748.96851553324
000d7d20_2351,11748.950861091624
000d7d20_2352,11748.9358056213
000d7d20_2353,11748.91281150475
000d7d20_2354,11748.88748229403
000d7d20_2355,11748.85853778816
000d7d20_2356,11748.827131655613
000d7d20_2357,11748.793125162909
000d7d20_2358,11748.75692006498
000d7d20_2359,11748.723398435086
000d7d20_2360,11748.684031328554
000d7d20_2361,11748.64264127926
000d7d20_2362,11748.602256429873
000d7d20_2363,11748.56454578537
000d7d20_2364,11748.526258659458
000d7d20_2365,11748.488245259729
000d7d20_2366,11748.45249327317
000d7d20_2367,11748.41633061874
000d7d20_2368,11748.37313322066
000d7d20_2369,11748.33550830073
000d7d20_2370,11748.298430288707
000d7d20_2371,11748.264995974
000d7d20_2372,11748.232034885565
000d7d20_2373,11748.200207950558
000d7d20_2374,11748.1686027142
000d7d20_2375,11748.135850793926
000d7d20_2376,11748.105016581892
000d7d20_2377,11748.069732636886
000d7d20_2378,11748.04048397324
000d7d20_2379,11748.013228019256
000d7d20_2380,11747.98691250525
000d7d20_2381,11747.96228294642
000d7d20_2382,11747.93286234266
000d7d20_2383,11747.909454306664
000d7d20_2384,11747.886883714633
000d7d20_2385,11747.8642261489
000d7d20_2386,11747.845187520568
000d7d20_2387,11747.822542053807
000d7d20_2388,11747.80573626704
000d7d20_2389,11747.787422958503
000d7d20_2390,11747.76455141795
000d7d20_2391,11747.75271644608
000d7d20_2392,11747.743219055945
000d7d20_2393,11747.736763699058
000d7d20_2394,11747.725641917506
000d7d20_2395,11747.720494311296
000d7d20_2396,11747.717821021806
000d7d20_2397,11747.70889529338
000d7d20_2398,11747.707008107913
000d7d20_2399,11747.704845356877
000d7d20_2400,11747.695954973877
000d7d20_2401,11747.693877677186
000d7d20_2402,11747.686489717904
000d7d20_2403,11747.68278065511
000d7d20_2404,11747.67887691603
000d7d20_2405,11747.663598459483
000d7d20_2406,11747.657760880107
000d7d20_2407,11747.64758277128
000d7d20_2408,11747.644141015746
000d7d20_2409,11747.634839157874
000d7d20_2410,11747.62774097469
000d7d20_2411,11747.614068726522
000d7d20_2412,11747.60466846732
000d7d20_2413,11747.58781749856
000d7d20_2414,11747.576066345257
000d7d20_2415,11747.55655134272
000d7d20_2416,11747.54040807917
000d7d20_2417,11747.518832477235
000d7d20_2418,11747.50020330882
000d7d20_2419,11747.47509147066
000d7d20_2420,11747.450589909218
000d7d20_2421,11747.421452848072
000d7d20_2422,11747.40189734976
000d7d20_2423,11747.376269833549
000d7d20_2424,11747.350500141754
000d7d20_2425,11747.329624436969
000d7d20_2426,11747.302284333928
000d7d20_2427,11747.280263254816
000d7d20_2428,11747.253270431138
000d7d20_2429,11747.226359069997
000d7d20_2430,11747.205387993645
000d7d20_2431,11747.17794381861
000d7d20_2432,11747.15088612013
000d7d20_2433,11747.130454562976
000d7d20_2434,11747.103689074524
000d7d20_2435,11747.07733980378
000d7d20_2436,11747.05489789138
000d7d20_2437,11747.027146799634
000d7d20_2438,11747.00019721356
000d7d20_2439,11746.9729363655
000d7d20_2440,11746.951501826496
000d7d20_2441,11746.923007513631
000d7d20_2442,11746.895133778677
000d7d20_2443,11746.867099884785
000d7d20_2444,11746.845008272669
000d7d20_2445,11746.817884169102
000d7d20_2446,11746.79638013758
000d7d20_2447,11746.7703227423
000d7d20_2448,11746.745352344336
000d7d20_2449,11746.724672380278
000d7d20_2450,11746.699818783782
000d7d20_2451,11746.679618377111
000d7d20_2452,11746.653598451643
000d7d20_2453,11746.631686739434
000d7d20_2454,11746.610141079433
000d7d20_2455,11746.582577296636
000d7d20_2456,11746.56087236204
000d7d20_2457,11746.538139374072
000d7d20_2458,11746.51468693317
000d7d20_2459,11746.485751061144
000d7d20_2460,11746.462695326416
000d7d20_2461,11746.439668755307
000d7d20_2462,11746.414922491342
000d7d20_2463,11746.390664427008
000d7d20_2464,11746.366748224573
000d7d20_2465,11746.34203240102
000d7d20_2466,11746.318363405217
000d7d20_2467,11746.29411298376
000d7d20_2468,11746.270092924837
000d7d20_2469,11746.246319313548
000d7d20_2470,11746.222767042742
000d7d20_2471,11746.199829144098
000d7d20_2472,11746.182660179878
000d7d20_2473,11746.16214661969
000d7d20_2474,11746.14155743391
000d7d20_2475,11746.12088732642
000d7d20_2476,11746.105157513994
000d7d20_2477,11746.081898418644
000d7d20_2478,11746.060482989966
000d7d20_2479,11746.045320805844
000d7d20_2480,11746.024005607169
000d7d20_2481,11746.007315042169
000d7d20_2482,11745.983208838148
000d7d20_2483,11745.96579916632
000d7d20_2484,11745.941523258609
000d7d20_2485,11745.92390914655
000d7d20_2486,11745.907852482884
000d7d20_2487,11745.884937766792
000d7d20_2488,11745.869481114809
000d7d20_2489,11745.854402352146
000d7d20_2490,11745.839519137604
000d7d20_2491,11745.8184422607
000d7d20_2492,11745.80314453569
000d7d20_2493,11745.786799103857
000d7d20_2494,11745.770933254107
000d7d20_2495,11745.755188876932
000d7d20_2496,11745.73954819944
000d7d20_2497,11745.724675942529
000d7d20_2498,11745.708551875829
000d7d20_2499,11745.69325614213
000d7d20_2500,11745.677754489365
000d7d20_2501,11745.662046253983
000d7d20_2502,11745.6454051564
000d7d20_2503,11745.634396285022
000d7d20_2504,11745.620232023512
000d7d20_2505,11745.605719773675
000d7d20_2506,11745.59139340084
000d7d20_2507,11745.582433785108
000d7d20_2508,11745.56614941148
000d7d20_2509,11745.551137815928
000d7d20_2510,11745.5425990454
000d7d20_2511,11745.528491849696
000d7d20_2512,11745.519894628083
000d7d20_2513,11745.504500782685
000d7d20_2514,11745.496776265383
000d7d20_2515,11745.483192091498
000d7d20_2516,11745.475195551626
000d7d20_2517,11745.461996089223
000d7d20_2518,11745.452987589642
000d7d20_2519,11745.446529822122
000d7d20_2520,11745.434314452108
000d7d20_2521,11745.427156498145
000d7d20_2522,11745.419689678787
000d7d20_2523,11745.412509661468
000d7d20_2524,11745.404952833833
000d7d20_2525,11745.398683395228
000d7d20_2526,11745.387440755494
000d7d20_2527,11745.381818118316
000d7d20_2528,11745.375681438763
000d7d20_2529,11745.368877595822
000d7d20_2530,11745.363610969613
000d7d20_2531,11745.358946527696
000d7d20_2532,11745.36078513645
000d7d20_2533,11745.35707870748
000d7d20_2534,11745.35233773476
000d7d20_2535,11745.348925155304
000d7d20_2536,11745.345357538685
000d7d20_2537,11745.341519518775
000d7d20_2538,11745.343320336842
000d7d20_2539,11745.337875265895
000d7d20_2540,11745.332962682973
000d7d20_2541,11745.32846064298
000d7d20_2542,11745.329996400484
000d7d20_2543,11745.326460643551
000d7d20_2544,11745.321148271352
000d7d20_2545,11745.322736948236
000d7d20_2546,11745.319629121292
000d7d20_2547,11745.316689026124
000d7d20_2548,11745.319403582842
000d7d20_2549,11745.316269418698
000d7d20_2550,11745.32026587804
000d7d20_2551,11745.32056791302
000d7d20_2552,11745.321617208472
000d7d20_2553,11745.327931487103
000d7d20_2554,11745.329091164862
000d7d20_2555,11745.334898423693
000d7d20_2556,11745.332887712742
000d7d20_2557,11745.338369853072
000d7d20_2558,11745.33920054625
000d7d20_2559,11745.347256523695
000d7d20_2560,11745.349581938335
000d7d20_2561,11745.359172786106
000d7d20_2562,11745.36330708782
000d7d20_2563,11745.37354522886
000d7d20_2564,11745.384132358746
000d7d20_2565,11745.386980426125
000d7d20_2566,11745.396203964454
000d7d20_2567,11745.399331172
000d7d20_2568,11745.407771184236
000d7d20_2569,11745.41622021984
000d7d20_2570,11745.41604908553
000d7d20_2571,11745.422600495313
000d7d20_2572,11745.427998064728
000d7d20_2573,11745.429481108118
000d7d20_2574,11745.435516351696
000d7d20_2575,11745.440321148286
000d7d20_2576,11745.440417593163
000d7d20_2577,11745.445564948326
000d7d20_2578,11745.4500555766
000d7d20_2579,11745.45388502846
000d7d20_2580,11745.45588041966
000d7d20_2581,11745.452807563644
000d7d20_2582,11745.454675644804
000d7d20_2583,11745.45581895651
000d7d20_2584,11745.456347148993
000d7d20_2585,11745.45668475382
000d7d20_2586,11745.455639361851
000d7d20_2587,11745.44957954833
000d7d20_2588,11745.448648819687
000d7d20_2589,11745.4473931906
000d7d20_2590,11745.445358990552
000d7d20_2591,11745.442279785218
000d7d20_2592,11745.439929488148
000d7d20_2593,11745.436537054273
000d7d20_2594,11745.432272044489
000d7d20_2595,11745.429221823688
000d7d20_2596,11745.425688318122
000d7d20_2597,11745.421563843018
000d7d20_2598,11745.416176380972
000d7d20_2599,11745.41195104353
000d7d20_2600,11745.408046658584
000d7d20_2601,11745.403499766346
000d7d20_2602,11745.399868300165
000d7d20_2603,11745.396314566477
000d7d20_2604,11745.391926432112
000d7d20_2605,11745.389482599625
000d7d20_2606,11745.392256054383
000d7d20_2607,11745.390898820237
000d7d20_2608,11745.39001788394
000d7d20_2609,11745.388943550945
000d7d20_2610,11745.38974696972
000d7d20_2611,11745.39002457403
000d7d20_2612,11745.39587772604
000d7d20_2613,11745.395617475491
000d7d20_2614,11745.39605906928
000d7d20_2615,11745.396199441651
000d7d20_2616,11745.395717682895
000d7d20_2617,11745.404366379098
000d7d20_2618,11745.404977081169
000d7d20_2619,11745.406721674448
000d7d20_2620,11745.41305656645
000d7d20_2621,11745.41488387392
000d7d20_2622,11745.416974822168
000d7d20_2623,11745.423769356134
000d7d20_2624,11745.426139868145
000d7d20_2625,11745.427055679187
000d7d20_2626,11745.435122497956
000d7d20_2627,11745.436788922198
000d7d20_2628,11745.445414425856
000d7d20_2629,11745.44817874214
000d7d20_2630,11745.449716498437
000d7d20_2631,11745.459091310991
000d7d20_2632,11745.461049086449
000d7d20_2633,11745.470099318438
000d7d20_2634,11745.472508456776
000d7d20_2635,11745.476729762424
000d7d20_2636,11745.48645034649
000d7d20_2637,11745.48868013579
000d7d20_2638,11745.49794816802
000d7d20_2639,11745.50031320381
000d7d20_2640,11745.503678612233
000d7d20_2641,11745.511254965992
000d7d20_2642,11745.514673949829
000d7d20_2643,11745.51758008968
000d7d20_2644,11745.52551485217
000d7d20_2645,11745.52910084126
000d7d20_2646,11745.531766459231
000d7d20_2647,11745.53534083195
000d7d20_2648,11745.54497285544
000d7d20_2649,11745.547952583578
000d7d20_2650,11745.552588729131
000d7d20_2651,11745.561824875382
000d7d20_2652,11745.566105432508
000d7d20_2653,11745.56913529283
000d7d20_2654,11745.57304768941
000d7d20_2655,11745.582002138595
000d7d20_2656,11745.584130500738
000d7d20_2657,11745.587410297088
000d7d20_2658,11745.589989794214
000d7d20_2659,11745.593687690522
000d7d20_2660,11745.602173405452
000d7d20_2661,11745.605698627483
000d7d20_2662,11745.60881826673
000d7d20_2663,11745.610752455575
000d7d20_2664,11745.61415792935
000d7d20_2665,11745.621447401203
000d7d20_2666,11745.624605290974
000d7d20_2667,11745.627227898029
000d7d20_2668,11745.631208868235
000d7d20_2669,11745.635226460448
000d7d20_2670,11745.637979021674
000d7d20_2671,11745.642176757843
000d7d20_2672,11745.646471916863
000d7d20_2673,11745.657010205
000d7d20_2674,11745.66094038471
000d7d20_2675,11745.663776859075
000d7d20_2676,11745.666026907322
000d7d20_2677,11745.666507613496
000d7d20_2678,11745.667213734292
000d7d20_2679,11745.667827373043
000d7d20_2680,11745.668647706938
000d7d20_2681,11745.668940889802
000d7d20_2682,11745.668285456091
000d7d20_2683,11745.6713120339
000d7d20_2684,11745.673518051182
000d7d20_2685,11745.676748221958
000d7d20_2686,11745.67913735658
000d7d20_2687,11745.682458965402
000d7d20_2688,11745.68576259485
000d7d20_2689,11745.687916591023
000d7d20_2690,11745.69085309593
000d7d20_2691,11745.692487074875
000d7d20_2692,11745.694694548927
000d7d20_2693,11745.697193611006
000d7d20_2694,11745.701125838868
000d7d20_2695,11745.70464985535
000d7d20_2696,11745.707525487156
000d7d20_2697,11745.710959989654
000d7d20_2698,11745.713983395548
000d7d20_2699,11745.71791498542
000d7d20_2700,11745.720864275228
000d7d20_2701,11745.715980909208
000d7d20_2702,11745.718911706976
000d7d20_2703,11745.722185717184
000d7d20_2704,11745.727807125071
000d7d20_2705,11745.732326279482
000d7d20_2706,11745.738612328569
000d7d20_2707,11745.745769561836
000d7d20_2708,11745.75243872131
000d7d20_2709,11745.755332385395
000d7d20_2710,11745.763368305994
000d7d20_2711,11745.772022831768
000d7d20_2712,11745.78017197156
000d7d20_2713,11745.788904824603
000d7d20_2714,11745.792498613166
000d7d20_2715,11745.80089631857
000d7d20_2716,11745.809293955506
000d7d20_2717,11745.81685832814
000d7d20_2718,11745.82606815609
000d7d20_2719,11745.829481730274
000d7d20_2720,11745.839853666785
000d7d20_2721,11745.850226586272
000d7d20_2722,11745.859787179108
000d7d20_2723,11745.864762699735
000d7d20_2724,11745.875313942106
000d7d20_2725,11745.88774761812
000d7d20_2726,11745.893645823948
000d7d20_2727,11745.906777903165
000d7d20_2728,11745.920194068169
000d7d20_2729,11745.926495069529
000d7d20_2730,11745.940195155974
000d7d20_2731,11745.953203427154
000d7d20_2732,11745.96130061738
000d7d20_2733,11745.973969952143
000d7d20_2734,11745.985017641702
000d7d20_2735,11745.991187812093
000d7d20_2736,11746.001345851007
000d7d20_2737,11746.006798337858
000d7d20_2738,11746.015661718391
000d7d20_2739,11746.020789224083
000d7d20_2740,11746.032898753549
000d7d20_2741,11746.041126124326
000d7d20_2742,11746.056122383436
000d7d20_2743,11746.0659480959
000d7d20_2744,11746.080007239334
000d7d20_2745,11746.087606914563
000d7d20_2746,11746.101800595496
000d7d20_2747,11746.11103407908
000d7d20_2748,11746.124310396524
000d7d20_2749,11746.13233785146
000d7d20_2750,11746.138691607786
000d7d20_2751,11746.150603682236
000d7d20_2752,11746.155509228183
000d7d20_2753,11746.160445738573
000d7d20_2754,11746.169839902088
000d7d20_2755,11746.172679787527
000d7d20_2756,11746.175551633274
000d7d20_2757,11746.181930937591
000d7d20_2758,11746.1831826191
000d7d20_2759,11746.182391132626
000d7d20_2760,11746.187256262976
000d7d20_2761,11746.186879575233
000d7d20_2762,11746.186195353985
000d7d20_2763,11746.186146227064
000d7d20_2764,11746.183986949973
000d7d20_2765,11746.186670386072
000d7d20_2766,11746.1836686333
000d7d20_2767,11746.178989351254
000d7d20_2768,11746.174853981374
000d7d20_2769,11746.16926740808
000d7d20_2770,11746.164316070728
000d7d20_2771,11746.158205501535
000d7d20_2772,11746.158016028632
000d7d20_2773,11746.15086220552
000d7d20_2774,11746.14419497172
000d7d20_2775,11746.137775811623
000d7d20_2776,11746.129451989003
000d7d20_2777,11746.121821820849
000d7d20_2778,11746.11488518752
000d7d20_2779,11746.106548741567
000d7d20_2780,11746.09885386736
000d7d20_2781,11746.091879152476
000d7d20_2782,11746.085893947427
000d7d20_2783,11746.0801165167
000d7d20_2784,11746.075141386737
000d7d20_2785,11746.069445893112
000d7d20_2786,11746.063446223732
000d7d20_2787,11746.057964257616
000d7d20_2788,11746.048012566303
000d7d20_2789,11746.04271024584
000d7d20_2790,11746.038643287193
000d7d20_2791,11746.034296358765
000d7d20_2792,11746.031729053297
000d7d20_2793,11746.028241511933
000d7d20_2794,11746.02475044943
000d7d20_2795,11746.015760623284
000d7d20_2796,11746.014036928493
000d7d20_2797,11746.011130099809
000d7d20_2798,11746.008241187536
000d7d20_2799,11746.000767466772
000d7d20_2800,11745.998837998246
000d7d20_2801,11745.998102636737
000d7d20_2802,11745.995428958122
000d7d20_2803,11745.987329421208
000d7d20_2804,11745.98502156855
000d7d20_2805,11745.983642965411
000d7d20_2806,11745.97583140068
000d7d20_2807,11745.97308162416
000d7d20_2808,11745.969803849095
000d7d20_2809,11745.962460231249
000d7d20_2810,11745.95947098377
000d7d20_2811,11745.950562057136
000d7d20_2812,11745.94768250636
000d7d20_2813,11745.945280423275
000d7d20_2814,11745.93621906425
000d7d20_2815,11745.93311444852
000d7d20_2816,11745.92363055512
000d7d20_2817,11745.920811778287
000d7d20_2818,11745.910725847662
000d7d20_2819,11745.905626222737
000d7d20_2820,11745.894896229796
000d7d20_2821,11745.890363888857
000d7d20_2822,11745.879197929844
000d7d20_2823,11745.873618665244
000d7d20_2824,11745.863035886245
000d7d20_2825,11745.85924779448
000d7d20_2826,11745.848749602144
000d7d20_2827,11745.84370348094
000d7d20_2828,11745.833400980282
000d7d20_2829,11745.829738637472
000d7d20_2830,11745.81963527278
000d7d20_2831,11745.80947851087
000d7d20_2832,11745.80508867971
000d7d20_2833,11745.796489195787
000d7d20_2834,11745.792171079644
000d7d20_2835,11745.781898509013
000d7d20_2836,11745.777003043266
000d7d20_2837,11745.76815373722
000d7d20_2838,11745.76379420454
000d7d20_2839,11745.75416442832
000d7d20_2840,11745.745081771787
000d7d20_2841,11745.741980781966
000d7d20_2842,11745.732467049264
000d7d20_2843,11745.72834584077
000d7d20_2844,11745.7188944317
000d7d20_2845,11745.716152985222
000d7d20_2846,11745.706320931928
000d7d20_2847,11745.696670105335
000d7d20_2848,11745.69222458976
000d7d20_2849,11745.683993077391
000d7d20_2850,11745.67496529311
000d7d20_2851,11745.67205042146
000d7d20_2852,11745.663500892151
000d7d20_2853,11745.660621836209
000d7d20_2854,11745.653073956437
000d7d20_2855,11745.644470455529
000d7d20_2856,11745.642446845712
000d7d20_2857,11745.635205840765
000d7d20_2858,11745.629163848896
000d7d20_2859,11745.627518974426
000d7d20_2860,11745.619890191674
000d7d20_2861,11745.618071041565
000d7d20_2862,11745.611731289664
000d7d20_2863,11745.603526968196
000d7d20_2864,11745.600885844877
000d7d20_2865,11745.592491126665
000d7d20_2866,11745.584728285952
000d7d20_2867,11745.580931754032
000d7d20_2868,11745.571105178497
000d7d20_2869,11745.559924597106
000d7d20_2870,11745.556052414857
000d7d20_2871,11745.54613312232
000d7d20_2872,11745.536352512068
000d7d20_2873,11745.526373567867
000d7d20_2874,11745.523318815614
000d7d20_2875,11745.51347732671
000d7d20_2876,11745.503660620505
000d7d20_2877,11745.49968911277
000d7d20_2878,11745.491532891245
000d7d20_2879,11745.482308924107
000d7d20_2880,11745.472911353914
000d7d20_2881,11745.468703472754
000d7d20_2882,11745.459672502808
000d7d20_2883,11745.449439105138
000d7d20_2884,11745.4443058508
000d7d20_2885,11745.433955539636
000d7d20_2886,11745.42485644521
000d7d20_2887,11745.414346233543
000d7d20_2888,11745.409401062414
000d7d20_2889,11745.398281349924
000d7d20_2890,11745.387820713197
000d7d20_2891,11745.37612899227
000d7d20_2892,11745.370312790716
000d7d20_2893,11745.359246358428
000d7d20_2894,11745.34994371836
000d7d20_2895,11745.339660902628
000d7d20_2896,11745.32956325758
000d7d20_2897,11745.325412233922
000d7d20_2898,11745.315408131077
000d7d20_2899,11745.30624277296
000d7d20_2900,11745.2961197309
000d7d20_2901,11745.291769817277
000d7d20_2902,11745.282002510154
000d7d20_2903,11745.272851697617
000d7d20_2904,11745.262514092072
000d7d20_2905,11745.25192384217
000d7d20_2906,11745.241113498312
000d7d20_2907,11745.237010149678
000d7d20_2908,11745.227365706734
000d7d20_2909,11745.21801901438
000d7d20_2910,11745.208933701631
000d7d20_2911,11745.201501450949
000d7d20_2912,11745.1984492166
000d7d20_2913,11745.190302782868
000d7d20_2914,11745.181842327518
000d7d20_2915,11745.174290221716
000d7d20_2916,11745.16652624212
000d7d20_2917,11745.163654707278
000d7d20_2918,11745.153073701433
000d7d20_2919,11745.143906725
000d7d20_2920,11745.13366634477
000d7d20_2921,11745.129297251322
000d7d20_2922,11745.119343506693
000d7d20_2923,11745.110576633206
000d7d20_2924,11745.106632659092
000d7d20_2925,11745.096951433152
000d7d20_2926,11745.086937412896
000d7d20_2927,11745.084807373509
000d7d20_2928,11745.07644824212
000d7d20_2929,11745.074861193649
000d7d20_2930,11745.068701143431
000d7d20_2931,11745.067422454971
000d7d20_2932,11745.061438749137
000d7d20_2933,11745.060259437969
000d7d20_2934,11745.053449747233
000d7d20_2935,11745.051381833797
000d7d20_2936,11745.045882007887
000d7d20_2937,11745.044649179808
000d7d20_2938,11745.037655815971
000d7d20_2939,11745.036138777268
000d7d20_2940,11745.03412342986
000d7d20_2941,11745.026068017434
000d7d20_2942,11745.023755646656
000d7d20_2943,11745.02228432859
000d7d20_2944,11745.016317275582
000d7d20_2945,11745.01539656054
000d7d20_2946,11745.014126503229
000d7d20_2947,11745.007188491943
000d7d20_2948,11745.006488749465
000d7d20_2949,11745.003917555394
000d7d20_2950,11745.00124951229
000d7d20_2951,11744.992632967796
000d7d20_2952,11744.989673459644
000d7d20_2953,11744.9853601247
000d7d20_2954,11744.980518297649
000d7d20_2955,11744.97446560329
000d7d20_2956,11744.969016898587
000d7d20_2957,11744.962395160052
000d7d20_2958,11744.955613303204
000d7d20_2959,11744.943883721564
000d7d20_2960,11744.93894018664
000d7d20_2961,11744.93321474648
000d7d20_2962,11744.927073420293
000d7d20_2963,11744.921418239928
000d7d20_2964,11744.91709549406
000d7d20_2965,11744.91180789831
000d7d20_2966,11744.906557350772
000d7d20_2967,11744.907178803433
000d7d20_2968,11744.903232600234
000d7d20_2969,11744.898163159682
000d7d20_2970,11744.893367916207
000d7d20_2971,11744.888450314353
000d7d20_2972,11744.884265141282
000d7d20_2973,11744.878760024372
000d7d20_2974,11744.879064384546
000d7d20_2975,11744.87389528671
000d7d20_2976,11744.869953296704
000d7d20_2977,11744.864392830425
000d7d20_2978,11744.859020753269
000d7d20_2979,11744.860878539215
000d7d20_2980,11744.859123455182
000d7d20_2981,11744.856931757427
000d7d20_2982,11744.860222193764
000d7d20_2983,11744.8579928198
000d7d20_2984,11744.85718015223
000d7d20_2985,11744.861114959733
000d7d20_2986,11744.859962075352
000d7d20_2987,11744.859464492882
000d7d20_2988,11744.864250274415
000d7d20_2989,11744.864507490489
000d7d20_2990,11744.868545032565
000d7d20_2991,11744.867267359396
000d7d20_2992,11744.871610884884
000d7d20_2993,11744.871877299436
000d7d20_2994,11744.87689199172
000d7d20_2995,11744.876200624029
000d7d20_2996,11744.881902018293
000d7d20_2997,11744.882106538564
000d7d20_2998,11744.886915758005
000d7d20_2999,11744.891635844266
000d7d20_3000,11744.890899806163
000d7d20_3001,11744.89701816372
000d7d20_3002,11744.902756794423
000d7d20_3003,11744.90179421955
000d7d20_3004,11744.906873358232
000d7d20_3005,11744.91324072372
000d7d20_3006,11744.91311072456
000d7d20_3007,11744.918150145591
000d7d20_3008,11744.923237041963
000d7d20_3009,11744.924328737356
000d7d20_3010,11744.930106066353
000d7d20_3011,11744.936251206813
000d7d20_3012,11744.94287253639
000d7d20_3013,11744.945418871706
000d7d20_3014,11744.95279370488
000d7d20_3015,11744.960356023625
000d7d20_3016,11744.963123568265
000d7d20_3017,11744.972575793096
000d7d20_3018,11744.98174838441
000d7d20_3019,11744.985173948338
000d7d20_3020,11744.994088046042
000d7d20_3021,11744.998138731658
000d7d20_3022,11745.00660438032
000d7d20_3023,11745.014782780048
000d7d20_3024,11745.017650022051
000d7d20_3025,11745.02587001671
000d7d20_3026,11745.028055163591
000d7d20_3027,11745.036565267088
000d7d20_3028,11745.045499533146
000d7d20_3029,11745.050241014684
000d7d20_3030,11745.05969426466
000d7d20_3031,11745.063958683702
000d7d20_3032,11745.073715726585
000d7d20_3033,11745.079374470384
000d7d20_3034,11745.089276645398
000d7d20_3035,11745.093122715298
000d7d20_3036,11745.10210540051
000d7d20_3037,11745.104697162413
000d7d20_3038,11745.11322760337
000d7d20_3039,11745.114235352106
000d7d20_3040,11745.11967846406
000d7d20_3041,11745.117488270578
000d7d20_3042,11745.122352765826
000d7d20_3043,11745.120130194302
000d7d20_3044,11745.123413868398
000d7d20_3045,11745.121262832788
000d7d20_3046,11745.126174889272
000d7d20_3047,11745.124324856988
000d7d20_3048,11745.122094507788
000d7d20_3049,11745.124990481538
000d7d20_3050,11745.12351466867
000d7d20_3051,11745.126347597105
000d7d20_3052,11745.123332993382
000d7d20_3053,11745.120486805305
000d7d20_3054,11745.12415942154
000d7d20_3055,11745.12150194932
000d7d20_3056,11745.12405789076
000d7d20_3057,11745.119846254816
000d7d20_3058,11745.116110465971
000d7d20_3059,11745.117200832105
000d7d20_3060,11745.113080718287
000d7d20_3061,11745.10946095626
000d7d20_3062,11745.112730379216
000d7d20_3063,11745.10851239811
000d7d20_3064,11745.106085263596
000d7d20_3065,11745.10977708072
000d7d20_3066,11745.109976663542
000d7d20_3067,11745.109723873587
000d7d20_3068,11745.11014597616
000d7d20_3069,11745.116892897331
000d7d20_3070,11745.119605423712
000d7d20_3071,11745.122594881135
000d7d20_3072,11745.124921140148
000d7d20_3073,11745.132405678563
000d7d20_3074,11745.135866526674
000d7d20_3075,11745.138465428514
000d7d20_3076,11745.141055740787
000d7d20_3077,11745.147697111966
000d7d20_3078,11745.149812195004
000d7d20_3079,11745.150241833786
000d7d20_3080,11745.151617841508
000d7d20_3081,11745.153617455251
000d7d20_3082,11745.157351261398
000d7d20_3083,11745.167107989404
000d7d20_3084,11745.172139947836
000d7d20_3085,11745.177753545551
000d7d20_3086,11745.184936980366
000d7d20_3087,11745.190939863383
000d7d20_3088,11745.196220792295
000d7d20_3089,11745.20169646429
000d7d20_3090,11745.214313123228
000d7d20_3091,11745.22093774732
000d7d20_3092,11745.22766897573
000d7d20_3093,11745.234346529996
000d7d20_3094,11745.240486423843
000d7d20_3095,11745.247933845476
000d7d20_3096,11745.255383611708
000d7d20_3097,11745.262680791931
000d7d20_3098,11745.270085131551
000d7d20_3099,11745.278639201202
000d7d20_3100,11745.286813244757
000d7d20_3101,11745.295475911336
000d7d20_3102,11745.30482345556
000d7d20_3103,11745.31551023155
000d7d20_3104,11745.326161502851
000d7d20_3105,11745.337654291065
000d7d20_3106,11745.349126163335
000d7d20_3107,11745.36705100818
000d7d20_3108,11745.37901848122
000d7d20_3109,11745.3913648038
000d7d20_3110,11745.403480539797
000d7d20_3111,11745.41656127935
000d7d20_3112,11745.42897374255
000d7d20_3113,11745.441221786205
000d7d20_3114,11745.45352088908
000d7d20_3115,11745.466702188072
000d7d20_3116,11745.478721008774
000d7d20_3117,11745.490786001352
000d7d20_3118,11745.503819751377
000d7d20_3119,11745.518685658484
000d7d20_3120,11745.532328521116
000d7d20_3121,11745.544622116333
000d7d20_3122,11745.555644813538
000d7d20_3123,11745.572753217712
000d7d20_3124,11745.582963360812
000d7d20_3125,11745.592862555728
000d7d20_3126,11745.601657154291
000d7d20_3127,11745.611916987673
000d7d20_3128,11745.619976174774
000d7d20_3129,11745.627152568812
000d7d20_3130,11745.63360184599
000d7d20_3131,11745.640589339204
000d7d20_3132,11745.64540904526
000d7d20_3133,11745.65044146301
000d7d20_3134,11745.656096655171
000d7d20_3135,11745.667471752007
000d7d20_3136,11745.671180620871
000d7d20_3137,11745.674053525348
000d7d20_3138,11745.677803871404
000d7d20_3139,11745.682465226397
000d7d20_3140,11745.685994989886
000d7d20_3141,11745.689819233008
000d7d20_3142,11745.693590585794
000d7d20_3143,11745.698088436548
000d7d20_3144,11745.699649482034
000d7d20_3145,11745.706090624077
000d7d20_3146,11745.706322883478
000d7d20_3147,11745.707233039737
000d7d20_3148,11745.707071513432
000d7d20_3149,11745.707806856932
000d7d20_3150,11745.707460136487
000d7d20_3151,11745.708507988027
000d7d20_3152,11745.70881260532
000d7d20_3153,11745.714732106895
000d7d20_3154,11745.715911618743
000d7d20_3155,11745.71859861898
000d7d20_3156,11745.720365731406
000d7d20_3157,11745.721600838311
000d7d20_3158,11745.722847901714
000d7d20_3159,11745.724091560463
000d7d20_3160,11745.732170182277
000d7d20_3161,11745.733050794272
000d7d20_3162,11745.733363075253
000d7d20_3163,11745.733078819128
000d7d20_3164,11745.733638677397
000d7d20_3165,11745.732591019669
000d7d20_3166,11745.731064607797
000d7d20_3167,11745.735454380094
000d7d20_3168,11745.734922314772
000d7d20_3169,11745.73256027914
000d7d20_3170,11745.729508184368
000d7d20_3171,11745.725513808142
000d7d20_3172,11745.722558810554
000d7d20_3173,11745.723985368615
000d7d20_3174,11745.71736717447
000d7d20_3175,11745.711087022826
000d7d20_3176,11745.7060675765
000d7d20_3177,11745.699508461608
000d7d20_3178,11745.693038141962
000d7d20_3179,11745.692597012554
000d7d20_3180,11745.68798780694
000d7d20_3181,11745.68192495436
000d7d20_3182,11745.67672734753
000d7d20_3183,11745.672072744448
000d7d20_3184,11745.67418114818
000d7d20_3185,11745.669890859652
000d7d20_3186,11745.665518047665
000d7d20_3187,11745.661674099088
000d7d20_3188,11745.65868557871
000d7d20_3189,11745.655234366866
000d7d20_3190,11745.657638515591
000d7d20_3191,11745.653756179832
000d7d20_3192,11745.651138122274
000d7d20_3193,11745.647168421474
000d7d20_3194,11745.644966291584
000d7d20_3195,11745.646600898102
000d7d20_3196,11745.6419812257
000d7d20_3197,11745.639178618783
000d7d20_3198,11745.636035977746
000d7d20_3199,11745.639305588307
000d7d20_3200,11745.6383265246
000d7d20_3201,11745.63480553958
000d7d20_3202,11745.637256855163
000d7d20_3203,11745.635652773164
000d7d20_3204,11745.633304485298
000d7d20_3205,11745.636890119653
000d7d20_3206,11745.636587087714
000d7d20_3207,11745.635151906616
000d7d20_3208,11745.639117213756
000d7d20_3209,11745.638030691753
000d7d20_3210,11745.635753909715
000d7d20_3211,11745.638888269355
000d7d20_3212,11745.635963635848
000d7d20_3213,11745.64018530476
000d7d20_3214,11745.637947075298
000d7d20_3215,11745.640468039595
000d7d20_3216,11745.63864686893
000d7d20_3217,11745.640677034926
000d7d20_3218,11745.637243920934
000d7d20_3219,11745.640183614712
000d7d20_3220,11745.641953999131
000d7d20_3221,11745.637604690306
000d7d20_3222,11745.639707636958
000d7d20_3223,11745.635164531155
000d7d20_3224,11745.635423621576
000d7d20_3225,11745.634471096491
000d7d20_3226,11745.628551733347
000d7d20_3227,11745.626557846572
000d7d20_3228,11745.623940537138
000d7d20_3229,11745.616748924056
000d7d20_3230,11745.613582402766
000d7d20_3231,11745.610291491434
000d7d20_3232,11745.608125101204
000d7d20_3233,11745.599171781403
000d7d20_3234,11745.595483802006
000d7d20_3235,11745.59504510017
000d7d20_3236,11745.593900120952
000d7d20_3237,11745.592328216497
000d7d20_3238,11745.585836946577
000d7d20_3239,11745.585950512268
000d7d20_3240,11745.584976438951
000d7d20_3241,11745.584021479435
000d7d20_3242,11745.584512701818
000d7d20_3243,11745.583951550308
000d7d20_3244,11745.58352058407
000d7d20_3245,11745.5842342858
000d7d20_3246,11745.584147802352
000d7d20_3247,11745.5838908001
000d7d20_3248,11745.584829444888
000d7d20_3249,11745.58440255489
000d7d20_3250,11745.583348547969
000d7d20_3251,11745.582324543306
000d7d20_3252,11745.5820440042
000d7d20_3253,11745.580494417263
000d7d20_3254,11745.579625528764
000d7d20_3255,11745.579877773049
000d7d20_3256,11745.57921444982
000d7d20_3257,11745.57845591898
000d7d20_3258,11745.579184875289
000d7d20_3259,11745.579141028296
000d7d20_3260,11745.584149144315
000d7d20_3261,11745.584642254722
000d7d20_3262,11745.584370848928
000d7d20_3263,11745.583766219876
000d7d20_3264,11745.583784054896
000d7d20_3265,11745.590409429267
000d7d20_3266,11745.590968175537
000d7d20_3267,11745.591504899146
000d7d20_3268,11745.59328954589
000d7d20_3269,11745.60014752214
000d7d20_3270,11745.601817685503
000d7d20_3271,11745.60444764086
000d7d20_3272,11745.6119387036
000d7d20_3273,11745.61404580266
000d7d20_3274,11745.617498658505
000d7d20_3275,11745.62557762706
000d7d20_3276,11745.628971495147
000d7d20_3277,11745.63809032574
000d7d20_3278,11745.643131411089
000d7d20_3279,11745.653386969248
000d7d20_3280,11745.658354311265
000d7d20_3281,11745.663702048165
000d7d20_3282,11745.673757556866
000d7d20_3283,11745.677686903258
000d7d20_3284,11745.688598664035
000d7d20_3285,11745.698977715496
000d7d20_3286,11745.704860382084
000d7d20_3287,11745.7180110755
000d7d20_3288,11745.72529228737
000d7d20_3289,11745.73847738562
000d7d20_3290,11745.746430407802
000d7d20_3291,11745.760476339
000d7d20_3292,11745.773480016342
000d7d20_3293,11745.780975120106
000d7d20_3294,11745.795077604367
000d7d20_3295,11745.802804063876
000d7d20_3296,11745.815987586857
000d7d20_3297,11745.824284644968
000d7d20_3298,11745.836804517832
000d7d20_3299,11745.843555682226
000d7d20_3300,11745.852216418423
000d7d20_3301,11745.865464498816
000d7d20_3302,11745.873873008411
000d7d20_3303,11745.882270601189
000d7d20_3304,11745.897636739075
000d7d20_3305,11745.90545765163
000d7d20_3306,11745.913192794493
000d7d20_3307,11745.92734702094
000d7d20_3308,11745.934604669244
000d7d20_3309,11745.941616593922
000d7d20_3310,11745.949215595012
000d7d20_3311,11745.961392495545
000d7d20_3312,11745.967931929488
000d7d20_3313,11745.974897136864
000d7d20_3314,11745.980726653916
000d7d20_3315,11745.98622861702
000d7d20_3316,11745.99203978738
000d7d20_3317,11745.999072797002
000d7d20_3318,11746.0111868059
000d7d20_3319,11746.017625627494
000d7d20_3320,11746.025742736989
000d7d20_3321,11746.033126234066
000d7d20_3322,11746.040959892194
000d7d20_3323,11746.05065426595
000d7d20_3324,11746.05982875336
000d7d20_3325,11746.068901996829
000d7d20_3326,11746.073900356065
000d7d20_3327,11746.083247436174
000d7d20_3328,11746.092527052097
000d7d20_3329,11746.102296888705
000d7d20_3330,11746.113073061642
000d7d20_3331,11746.122887991016
000d7d20_3332,11746.132268243911
000d7d20_3333,11746.13642801216
000d7d20_3334,11746.144987332063
000d7d20_3335,11746.15295472778
000d7d20_3336,11746.161794051255
000d7d20_3337,11746.163727301171
000d7d20_3338,11746.170692721464
000d7d20_3339,11746.179735136371
000d7d20_3340,11746.18109337645
000d7d20_3341,11746.188283408144
000d7d20_3342,11746.19631548537
000d7d20_3343,11746.198257489988
000d7d20_3344,11746.205046809697
000d7d20_3345,11746.205851763933
000d7d20_3346,11746.21284531962
000d7d20_3347,11746.217588718971
000d7d20_3348,11746.2174856942
000d7d20_3349,11746.222734186216
000d7d20_3350,11746.221179920069
000d7d20_3351,11746.224871121798
000d7d20_3352,11746.224599547577
000d7d20_3353,11746.223038994434
000d7d20_3354,11746.226805184811
000d7d20_3355,11746.225092707544
000d7d20_3356,11746.229943722225
000d7d20_3357,11746.227648747365
000d7d20_3358,11746.224926693958
000d7d20_3359,11746.22854738259
000d7d20_3360,11746.225329526776
000d7d20_3361,11746.222396090545
000d7d20_3362,11746.220086919184
000d7d20_3363,11746.222491216797
000d7d20_3364,11746.219262568437
000d7d20_3365,11746.2163068642
000d7d20_3366,11746.212856627231
000d7d20_3367,11746.20889157886
000d7d20_3368,11746.210159831233
000d7d20_3369,11746.2063934401
000d7d20_3370,11746.201267010789
000d7d20_3371,11746.19514211714
000d7d20_3372,11746.190703062724
000d7d20_3373,11746.184760659384
000d7d20_3374,11746.179351084043
000d7d20_3375,11746.175088851483
000d7d20_3376,11746.170162092292
000d7d20_3377,11746.1653692598
000d7d20_3378,11746.160950901256
000d7d20_3379,11746.157923119048
000d7d20_3380,11746.154022534458
000d7d20_3381,11746.149626008988
000d7d20_3382,11746.146028323128
000d7d20_3383,11746.135512022429
000d7d20_3384,11746.128922379
000d7d20_3385,11746.123023468546
000d7d20_3386,11746.115850402355
000d7d20_3387,11746.107524975716
000d7d20_3388,11746.100859995408
000d7d20_3389,11746.093431383204
000d7d20_3390,11746.085017009218
000d7d20_3391,11746.072114184784
000d7d20_3392,11746.06471105394
000d7d20_3393,11746.056931541854
000d7d20_3394,11746.047438519094
000d7d20_3395,11746.040080828578
000d7d20_3396,11746.033700848158
000d7d20_3397,11746.026508158193
000d7d20_3398,11746.020787355925
000d7d20_3399,11746.01038013139
000d7d20_3400,11746.00330040113
000d7d20_3401,11746.000420511273
000d7d20_3402,11745.995983724802
000d7d20_3403,11745.990917309566
000d7d20_3404,11745.986485581088
000d7d20_3405,11745.983123946377
000d7d20_3406,11745.97909492835
000d7d20_3407,11745.97525128828
000d7d20_3408,11745.972863128662
000d7d20_3409,11745.965055664728
000d7d20_3410,11745.962484634418
000d7d20_3411,11745.960539327392
000d7d20_3412,11745.95970288814
000d7d20_3413,11745.959179662515
000d7d20_3414,11745.959020876511
000d7d20_3415,11745.960909899026
000d7d20_3416,11745.962589059727
000d7d20_3417,11745.964370468326
000d7d20_3418,11745.967451718228
000d7d20_3419,11745.971434532294
000d7d20_3420,11745.974534272971
000d7d20_3421,11745.97236447935
000d7d20_3422,11745.975652811268
000d7d20_3423,11745.979515750963
000d7d20_3424,11745.981964198016
000d7d20_3425,11745.984178527056
000d7d20_3426,11745.986546717657
000d7d20_3427,11745.989090777362
000d7d20_3428,11745.991612022512
000d7d20_3429,11745.994011361858
000d7d20_3430,11745.996253141544
000d7d20_3431,11745.998199237456
000d7d20_3432,11745.99997620828
000d7d20_3433,11746.001588746702
000d7d20_3434,11746.00377759858
000d7d20_3435,11746.00604979887
000d7d20_3436,11746.008233033524
000d7d20_3437,11746.01133627814
000d7d20_3438,11746.007944367102
000d7d20_3439,11746.010009848567
000d7d20_3440,11746.011980052515
000d7d20_3441,11746.01350659774
000d7d20_3442,11746.014547965497
000d7d20_3443,11746.015679973258
000d7d20_3444,11746.015934847086
000d7d20_3445,11746.01660330933
000d7d20_3446,11746.01694085338
000d7d20_3447,11746.016168120292
000d7d20_3448,11746.014921556744
000d7d20_3449,11746.013232387932
000d7d20_3450,11746.010476757168
000d7d20_3451,11746.008058210962
000d7d20_3452,11746.00490719601
000d7d20_3453,11746.001581049404
000d7d20_3454,11746.000101745763
000d7d20_3455,11745.998356398088
000d7d20_3456,11745.995778025976
000d7d20_3457,11745.993062694635
000d7d20_3458,11745.991509430249
000d7d20_3459,11745.988513537484
000d7d20_3460,11745.985952917694
000d7d20_3461,11745.984823781351
000d7d20_3462,11745.98416139936
000d7d20_3463,11745.98335168002
000d7d20_3464,11745.982455566686
000d7d20_3465,11745.981532657004
000d7d20_3466,11745.979364910272
000d7d20_3467,11745.97795874446
000d7d20_3468,11745.976040050004
000d7d20_3469,11745.974123477425
000d7d20_3470,11745.97124715428
000d7d20_3471,11745.968977280005
000d7d20_3472,11745.967595846716
000d7d20_3473,11745.96460677949
000d7d20_3474,11745.960792229813
000d7d20_3475,11745.95655451012
000d7d20_3476,11745.951899921864
000d7d20_3477,11745.948829254805
000d7d20_3478,11745.9451315958
000d7d20_3479,11745.940801672414
000d7d20_3480,11745.937743550192
000d7d20_3481,11745.93405109006
000d7d20_3482,11745.93064889001
000d7d20_3483,11745.927982583238
000d7d20_3484,11745.923369354929
000d7d20_3485,11745.919721450437
000d7d20_3486,11745.914477412303
000d7d20_3487,11745.90898929058
000d7d20_3488,11745.90368665696
000d7d20_3489,11745.89793757594
000d7d20_3490,11745.892014787696
000d7d20_3491,11745.8854879377
000d7d20_3492,11745.878043120774
000d7d20_3493,11745.871734461723
000d7d20_3494,11745.859349329774
000d7d20_3495,11745.853262491832
000d7d20_3496,11745.847160722013
000d7d20_3497,11745.84130231515
000d7d20_3498,11745.837348508514
000d7d20_3499,11745.833650543354
000d7d20_3500,11745.824045221862
000d7d20_3501,11745.8193061002
000d7d20_3502,11745.815344385928
000d7d20_3503,11745.811382449676
000d7d20_3504,11745.80133428155
000d7d20_3505,11745.796653833955
000d7d20_3506,11745.79140345667
000d7d20_3507,11745.78634777241
000d7d20_3508,11745.77582103384
000d7d20_3509,11745.770851382253
000d7d20_3510,11745.765871304857
000d7d20_3511,11745.7563437838
000d7d20_3512,11745.752155155264
000d7d20_3513,11745.748384043469
000d7d20_3514,11745.738758046407
000d7d20_3515,11745.734706186662
000d7d20_3516,11745.730440777286
000d7d20_3517,11745.72084227478
000d7d20_3518,11745.716863557593
000d7d20_3519,11745.708089700282
000d7d20_3520,11745.7050213596
000d7d20_3521,11745.695988386036
000d7d20_3522,11745.692363674614
000d7d20_3523,11745.68875339834
000d7d20_3524,11745.6805189042
000d7d20_3525,11745.679475928531
000d7d20_3526,11745.672315597756
000d7d20_3527,11745.671183908227
000d7d20_3528,11745.664803373673
000d7d20_3529,11745.664479823114
000d7d20_3530,11745.658583501405
000d7d20_3531,11745.653036516316
000d7d20_3532,11745.653278510455
000d7d20_3533,11745.64856806078
000d7d20_3534,11745.648842357194
000d7d20_3535,11745.645368428017
000d7d20_3536,11745.648146729223
000d7d20_3537,11745.645300063836
000d7d20_3538,11745.642178106877
000d7d20_3539,11745.64561860115
000d7d20_3540,11745.643236821446
000d7d20_3541,11745.639923871877
000d7d20_3542,11745.642863493627
000d7d20_3543,11745.641039301065
000d7d20_3544,11745.637489816789
000d7d20_3545,11745.640072561102
000d7d20_3546,11745.636835489482
000d7d20_3547,11745.633982241412
000d7d20_3548,11745.630998170254
000d7d20_3549,11745.633051013743
000d7d20_3550,11745.62928916157
000d7d20_3551,11745.626821238133
000d7d20_3552,11745.62365515273
000d7d20_3553,11745.627191776868
000d7d20_3554,11745.624524588096
000d7d20_3555,11745.622573400417
000d7d20_3556,11745.619725614924
000d7d20_3557,11745.616990428696
000d7d20_3558,11745.61454643262
000d7d20_3559,11745.616189752423
000d7d20_3560,11745.61195376483
000d7d20_3561,11745.608195596924
000d7d20_3562,11745.60314750182
000d7d20_3563,11745.596498722422
000d7d20_3564,11745.590167078706
000d7d20_3565,11745.583224261496
000d7d20_3566,11745.57589551662
000d7d20_3567,11745.56790582574
000d7d20_3568,11745.560001919948
000d7d20_3569,11745.55065415407
000d7d20_3570,11745.540466092978
000d7d20_3571,11745.52952354398
000d7d20_3572,11745.518278699205
000d7d20_3573,11745.507469796608
000d7d20_3574,11745.49555109774
000d7d20_3575,11745.48309254715
000d7d20_3576,11745.470047994848
000d7d20_3577,11745.4576971281
000d7d20_3578,11745.443909367088
000d7d20_3579,11745.431568680917
000d7d20_3580,11745.417704691914
000d7d20_3581,11745.403800151398
000d7d20_3582,11745.389830631477
000d7d20_3583,11745.375899838426
000d7d20_3584,11745.355700310154
000d7d20_3585,11745.341168412766
000d7d20_3586,11745.326278469784
000d7d20_3587,11745.311562017716
000d7d20_3588,11745.295259816856
000d7d20_3589,11745.28002218466
000d7d20_3590,11745.264904573069
000d7d20_3591,11745.243562374955
000d7d20_3592,11745.228317343372
000d7d20_3593,11745.21271585564
000d7d20_3594,11745.197660750608
000d7d20_3595,11745.181620550384
000d7d20_3596,11745.160743560136
000d7d20_3597,11745.143435006565
000d7d20_3598,11745.1269500814
000d7d20_3599,11745.108402217858
000d7d20_3600,11745.084598118206
000d7d20_3601,11745.066017847948
000d7d20_3602,11745.04782650919
000d7d20_3603,11745.023820257018
000d7d20_3604,11745.005260984351
000d7d20_3605,11744.987697311968
000d7d20_3606,11744.963224423947
000d7d20_3607,11744.943831010372
000d7d20_3608,11744.925451316143
000d7d20_3609,11744.90123568921
000d7d20_3610,11744.882440744506
000d7d20_3611,11744.86392921221
000d7d20_3612,11744.840948354646
000d7d20_3613,11744.82231465782
000d7d20_3614,11744.80224896494
000d7d20_3615,11744.777112563268
000d7d20_3616,11744.759243094682
000d7d20_3617,11744.73590702453
000d7d20_3618,11744.718763717316
000d7d20_3619,11744.695140354188
000d7d20_3620,11744.67758479764
000d7d20_3621,11744.65485012381
000d7d20_3622,11744.637585087718
000d7d20_3623,11744.620365406514
000d7d20_3624,11744.598259348018
000d7d20_3625,11744.58162001316
000d7d20_3626,11744.560328880962
000d7d20_3627,11744.542767589066
000d7d20_3628,11744.521080524855
000d7d20_3629,11744.49996973882
000d7d20_3630,11744.485177593746
000d7d20_3631,11744.466215190432
000d7d20_3632,11744.452714161118
000d7d20_3633,11744.434625109763
000d7d20_3634,11744.423696028549
000d7d20_3635,11744.40706525783
000d7d20_3636,11744.389241057746
000d7d20_3637,11744.378600873615
000d7d20_3638,11744.363243561003
000d7d20_3639,11744.355013069906
000d7d20_3640,11744.341632500127
000d7d20_3641,11744.329056944927
000d7d20_3642,11744.322558757469
000d7d20_3643,11744.310856364398
000d7d20_3644,11744.29859175524
000d7d20_3645,11744.29259082242
000d7d20_3646,11744.279507458665
000d7d20_3647,11744.266400151628
000d7d20_3648,11744.251850065291
000d7d20_3649,11744.24338034926
000d7d20_3650,11744.228537874293
000d7d20_3651,11744.211264140977
000d7d20_3652,11744.200212762204
000d7d20_3653,11744.18493029091
000d7d20_3654,11744.16934320705
000d7d20_3655,11744.152360305416
000d7d20_3656,11744.135700010374
000d7d20_3657,11744.123601293788
000d7d20_3658,11744.106953145016
000d7d20_3659,11744.090947285653
000d7d20_3660,11744.075105167783
000d7d20_3661,11744.058630291349
000d7d20_3662,11744.048255435577
000d7d20_3663,11744.03184367974
000d7d20_3664,11744.01488960366
000d7d20_3665,11743.99730669424
000d7d20_3666,11743.978647606862
000d7d20_3667,11743.960023716656
000d7d20_3668,11743.941102307268
000d7d20_3669,11743.92098461062
000d7d20_3670,11743.90150992834
000d7d20_3671,11743.888274753022
000d7d20_3672,11743.869054910534
000d7d20_3673,11743.84992536979
000d7d20_3674,11743.831014678164
000d7d20_3675,11743.814020580274
000d7d20_3676,11743.79777825902
000d7d20_3677,11743.781379449374
000d7d20_3678,11743.764996777609
000d7d20_3679,11743.749450114874
000d7d20_3680,11743.734901512307
000d7d20_3681,11743.725561587018
000d7d20_3682,11743.710776582497
000d7d20_3683,11743.695811620177
000d7d20_3684,11743.6809150429
000d7d20_3685,11743.666251250044
000d7d20_3686,11743.651492879657
000d7d20_3687,11743.636556598976
000d7d20_3688,11743.622748157952
000d7d20_3689,11743.610175484117
000d7d20_3690,11743.59434616912
000d7d20_3691,11743.579030955723
000d7d20_3692,11743.56358575968
000d7d20_3693,11743.547718356327
000d7d20_3694,11743.537826683616
000d7d20_3695,11743.5226785056
000d7d20_3696,11743.507696934492
000d7d20_3697,11743.493544193749
000d7d20_3698,11743.479537070754
000d7d20_3699,11743.467141254714
000d7d20_3700,11743.45606913693
000d7d20_3701,11743.446173893735
000d7d20_3702,11743.436742432998
000d7d20_3703,11743.42869248054
000d7d20_3704,11743.421488496337
000d7d20_3705,11743.415340394706
000d7d20_3706,11743.409621471725
000d7d20_3707,11743.405736936937
000d7d20_3708,11743.402784523158
000d7d20_3709,11743.400141437636
000d7d20_3710,11743.398293106304
000d7d20_3711,11743.396197427268
000d7d20_3712,11743.394898909786
000d7d20_3713,11743.391137721124
000d7d20_3714,11743.38932803211
000d7d20_3715,11743.389004209856
000d7d20_3716,11743.389719137112
000d7d20_3717,11743.391612430954
000d7d20_3718,11743.39945198597
000d7d20_3719,11743.401634717931
000d7d20_3720,11743.404246810796
000d7d20_3721,11743.406718204258
000d7d20_3722,11743.407860118828
000d7d20_3723,11743.40786501968
000d7d20_3724,11743.4059937196
000d7d20_3725,11743.407225774155
000d7d20_3726,11743.406140796817
000d7d20_3727,11743.400547245938
000d7d20_3728,11743.391169935529
000d7d20_3729,11743.378065055056
000d7d20_3730,11743.364757529687
000d7d20_3731,11743.350990444786
000d7d20_3732,11743.333686133294
000d7d20_3733,11743.31389205965
000d7d20_3734,11743.292083950026
000d7d20_3735,11743.267487083587
000d7d20_3736,11743.240641636752
000d7d20_3737,11743.212161054147
000d7d20_3738,11743.17601900443
000d7d20_3739,11743.143538995006
000d7d20_3740,11743.10989393048
000d7d20_3741,11743.075179284431
000d7d20_3742,11743.036319627148
000d7d20_3743,11742.992390206768
000d7d20_3744,11742.950151600202
000d7d20_3745,11742.90075603993
000d7d20_3746,11742.846349340434
000d7d20_3747,11742.78892499919
000d7d20_3748,11742.72814246433
000d7d20_3749,11742.66420762942
000d7d20_3750,11742.597013110204
000d7d20_3751,11742.528782922744
000d7d20_3752,11742.459449474609
000d7d20_3753,11742.390021177142
000d7d20_3754,11742.322626738174
000d7d20_3755,11742.256857104489
000d7d20_3756,11742.19471273075
000d7d20_3757,11742.135197523749
000d7d20_3758,11742.078134114952
000d7d20_3759,11742.024367250318
000d7d20_3760,11741.973721162194
000d7d20_3761,11741.921298081124
000d7d20_3762,11741.872451612013
000d7d20_3763,11741.819358505136
000d7d20_3764,11741.769965563648
000d7d20_3765,11741.721821197498
000d7d20_3766,11741.67547981553
000d7d20_3767,11741.628985509178
000d7d20_3768,11741.58411112901
000d7d20_3769,11741.535952040062
000d7d20_3770,11741.48920756737
000d7d20_3771,11741.442403199408
000d7d20_3772,11741.397879447137
000d7d20_3773,11741.352764011164
000d7d20_3774,11741.310993399184
000d7d20_3775,11741.26975168702
000d7d20_3776,11741.229846877588
000d7d20_3777,11741.191215325856
000d7d20_3778,11741.155675369007
000d7d20_3779,11741.1221573955
000d7d20_3780,11741.089411870682
000d7d20_3781,11741.057756339374
000d7d20_3782,11741.02696327609
000d7d20_3783,11740.997998776878
000d7d20_3784,11740.970655967803
000d7d20_3785,11740.944874284738
000d7d20_3786,11740.91581304769
000d7d20_3787,11740.887089003289
000d7d20_3788,11740.857804381609
000d7d20_3789,11740.82952210345
000d7d20_3790,11740.800752980656
000d7d20_3791,11740.770688113687
000d7d20_3792,11740.74063414985
000d7d20_3793,11740.712341511206
000d7d20_3794,11740.68423852113
000d7d20_3795,11740.658401569872
000d7d20_3796,11740.632367839236
000d7d20_3797,11740.606347625962
000d7d20_3798,11740.58020050427
000d7d20_3799,11740.55405532322
000d7d20_3800,11740.528043274277
000d7d20_3801,11740.500360694705
000d7d20_3802,11740.474015288328
000d7d20_3803,11740.449015170156
000d7d20_3804,11740.424514166089
000d7d20_3805,11740.3999139687
000d7d20_3806,11740.375121387136
000d7d20_3807,11740.3503404283
000d7d20_3808,11740.324332393597
000d7d20_3809,11740.295924610313
000d7d20_3810,11740.268852857464
000d7d20_3811,11740.242719314603
000d7d20_3812,11740.216390602884
000d7d20_3813,11740.193894930757
000d7d20_3814,11740.173602121136
000d7d20_3815,11740.153705876855
000d7d20_3816,11740.134862142668
000d7d20_3817,11740.115573798654
000d7d20_3818,11740.095487209228
000d7d20_3819,11740.077658249376
000d7d20_3820,11740.060007900309
000d7d20_3821,11740.042338012066
000d7d20_3822,11740.022861012323
000d7d20_3823,11740.009138420804
000d7d20_3824,11739.99109445466
000d7d20_3825,11739.972760790042
000d7d20_3826,11739.953601950712
000d7d20_3827,11739.93252068246
000d7d20_3828,11739.91131586644
000d7d20_3829,11739.891570004766
000d7d20_3830,11739.873736497326
000d7d20_3831,11739.85512675274
000d7d20_3832,11739.840125219169
000d7d20_3833,11739.822668131672
000d7d20_3834,11739.806734639084
000d7d20_3835,11739.788800663504
000d7d20_3836,11739.772117520148
000d7d20_3837,11739.760488185948
000d7d20_3838,11739.744203346783
000d7d20_3839,11739.724985582345
000d7d20_3840,11739.70455791815
000d7d20_3841,11739.683932758158
000d7d20_3842,11739.66202284962
000d7d20_3843,11739.638526262032
000d7d20_3844,11739.61447902749
000d7d20_3845,11739.589151975884
000d7d20_3846,11739.562723570984
000d7d20_3847,11739.535959328125
000d7d20_3848,11739.5140544984
000d7d20_3849,11739.485970621536
000d7d20_3850,11739.456745807642
000d7d20_3851,11739.42821543042
000d7d20_3852,11739.402091831713
000d7d20_3853,11739.375732947794
000d7d20_3854,11739.349539825953
000d7d20_3855,11739.323418812794
000d7d20_3856,11739.29522668584
000d7d20_3857,11739.271417809952
000d7d20_3858,11739.242653684374
000d7d20_3859,11739.214616374034
000d7d20_3860,11739.18711163335
000d7d20_3861,11739.159851465649
000d7d20_3862,11739.131710546262
000d7d20_3863,11739.109929645412
000d7d20_3864,11739.081763687996
000d7d20_3865,11739.04994632628
000d7d20_3866,11739.02010651974
000d7d20_3867,11738.994565877843
000d7d20_3868,11738.963584844136
000d7d20_3869,11738.933079731432
000d7d20_3870,11738.909604987824
000d7d20_3871,11738.880051325095
000d7d20_3872,11738.850089002735
000d7d20_3873,11738.825786136322
000d7d20_3874,11738.794998110045
000d7d20_3875,11738.770945654893
000d7d20_3876,11738.740210753536
000d7d20_3877,11738.706367537668
000d7d20_3878,11738.68129633296
000d7d20_3879,11738.651714206417
000d7d20_3880,11738.62742493063
000d7d20_3881,11738.598236931808
000d7d20_3882,11738.572980398934
000d7d20_3883,11738.542367976028
000d7d20_3884,11738.514292202402
000d7d20_3885,11738.481024432347
000d7d20_3886,11738.454053330515
000d7d20_3887,11738.426084254716
000d7d20_3888,11738.3931364879
000d7d20_3889,11738.366976317286
000d7d20_3890,11738.3356238702
000d7d20_3891,11738.30836189982
000d7d20_3892,11738.280507828496
000d7d20_3893,11738.245735030669
000d7d20_3894,11738.22043031234
000d7d20_3895,11738.19196957838
000d7d20_3896,11738.158160119274
000d7d20_3897,11738.129156724604
000d7d20_3898,11738.099428405098
000d7d20_3899,11738.070513484305
000d7d20_3900,11738.0380595376
000d7d20_3901,11738.014518769316
000d7d20_3902,11737.991205715703
000d7d20_3903,11737.97047912943
000d7d20_3904,11737.950003945018
000d7d20_3905,11737.932102313342
000d7d20_3906,11737.909451152644
000d7d20_3907,11737.890670675764
000d7d20_3908,11737.8724031017
000d7d20_3909,11737.855186063018
000d7d20_3910,11737.836899169051
000d7d20_3911,11737.82009728912
000d7d20_3912,11737.801006163343
000d7d20_3913,11737.780615502588
000d7d20_3914,11737.759726105814
000d7d20_3915,11737.739428716077
000d7d20_3916,11737.722324901177
000d7d20_3917,11737.706373694597
000d7d20_3918,11737.690855904566
000d7d20_3919,11737.676798933964
000d7d20_3920,11737.66179783064
000d7d20_3921,11737.646620387031
000d7d20_3922,11737.62946452709
000d7d20_3923,11737.612614429863
000d7d20_3924,11737.598515254496
000d7d20_3925,11737.57738243832
000d7d20_3926,11737.556018315065
000d7d20_3927,11737.531768203507
000d7d20_3928,11737.507782593915
000d7d20_3929,11737.482742096185
000d7d20_3930,11737.463855692386
000d7d20_3931,11737.438317293423
000d7d20_3932,11737.41270170754
000d7d20_3933,11737.386984629877
000d7d20_3934,11737.36625694435
000d7d20_3935,11737.340898211683
000d7d20_3936,11737.313865596168
000d7d20_3937,11737.293067699607
000d7d20_3938,11737.270725356737
000d7d20_3939,11737.246452484196
000d7d20_3940,11737.22959259958
000d7d20_3941,11737.205721374172
000d7d20_3942,11737.181179274674
000d7d20_3943,11737.163339296883
000d7d20_3944,11737.141891063173
000d7d20_3945,11737.12538863777
000d7d20_3946,11737.103959613833
000d7d20_3947,11737.08858515552
000d7d20_3948,11737.068855843085
000d7d20_3949,11737.055065048036
000d7d20_3950,11737.032984107747
000d7d20_3951,11737.016006042591
000d7d20_3952,11736.99412130957
000d7d20_3953,11736.978036064991
000d7d20_3954,11736.957437043431
000d7d20_3955,11736.940164217447
000d7d20_3956,11736.91872235077
000d7d20_3957,11736.90410467259
000d7d20_3958,11736.889174465296
000d7d20_3959,11736.872034701364
000d7d20_3960,11736.85913914104
000d7d20_3961,11736.841220517565
000d7d20_3962,11736.828811193333
000d7d20_3963,11736.817421472391
000d7d20_3964,11736.799374073353
000d7d20_3965,11736.786858610056
000d7d20_3966,11736.773801292828
000d7d20_3967,11736.752779044691
000d7d20_3968,11736.739731319
000d7d20_3969,11736.72727201055
000d7d20_3970,11736.709714134318
000d7d20_3971,11736.69736523461
000d7d20_3972,11736.68331672028
000d7d20_3973,11736.671216056897
000d7d20_3974,11736.653059462536
000d7d20_3975,11736.642187949506
000d7d20_3976,11736.63316345588
000d7d20_3977,11736.62598074954
000d7d20_3978,11736.615281712162
000d7d20_3979,11736.610187773238
000d7d20_3980,11736.605556514609
000d7d20_3981,11736.600486897149
000d7d20_3982,11736.596115331811
000d7d20_3983,11736.588546109066
000d7d20_3984,11736.585019493565
000d7d20_3985,11736.58204523116
000d7d20_3986,11736.57973506051
000d7d20_3987,11736.579961822448
000d7d20_3988,11736.579090347515
000d7d20_3989,11736.571931558196
000d7d20_3990,11736.573149553971
000d7d20_3991,11736.57775649796
000d7d20_3992,11736.584635439276
000d7d20_3993,11736.592309103187
000d7d20_3994,11736.601107848455
000d7d20_3995,11736.611214836892
000d7d20_3996,11736.620668599204
000d7d20_3997,11736.630430334648
000d7d20_3998,11736.638299393426
000d7d20_3999,11736.645247707404
000d7d20_4000,11736.65114767564
000d7d20_4001,11736.6555051561
000d7d20_4002,11736.66059721183
000d7d20_4003,11736.66376904744
000d7d20_4004,11736.666010297347
000d7d20_4005,11736.66678782984
000d7d20_4006,11736.668708647636
000d7d20_4007,11736.67213015766
000d7d20_4008,11736.673849538864
000d7d20_4009,11736.67531809776
000d7d20_4010,11736.675843813966
000d7d20_4011,11736.678467772255
000d7d20_4012,11736.679218565763
000d7d20_4013,11736.679229765849
000d7d20_4014,11736.678536875188
000d7d20_4015,11736.676868915283
000d7d20_4016,11736.681798059031
000d7d20_4017,11736.680100082587
000d7d20_4018,11736.677501084643
000d7d20_4019,11736.674820464508
000d7d20_4020,11736.67028264121
000d7d20_4021,11736.66640298238
000d7d20_4022,11736.666637929153
000d7d20_4023,11736.6615983538
000d7d20_4024,11736.656368834265
000d7d20_4025,11736.650882824862
000d7d20_4026,11736.64577546414
000d7d20_4027,11736.645138874916
000d7d20_4028,11736.639713031942
000d7d20_4029,11736.633841240791
000d7d20_4030,11736.628289382616
000d7d20_4031,11736.629263904011
000d7d20_4032,11736.622993504903
000d7d20_4033,11736.61627943738
000d7d20_4034,11736.608444035024
000d7d20_4035,11736.608917105255
000d7d20_4036,11736.602609437854
000d7d20_4037,11736.596090337827
000d7d20_4038,11736.595211913847
000d7d20_4039,11736.589266157494
000d7d20_4040,11736.58442452712
000d7d20_4041,11736.584077366197
000d7d20_4042,11736.578324695363
000d7d20_4043,11736.579208279483
000d7d20_4044,11736.57549240618
000d7d20_4045,11736.573641034982
000d7d20_4046,11736.576701765533
000d7d20_4047,11736.573753433857
000d7d20_4048,11736.5701438513
000d7d20_4049,11736.572735093006
000d7d20_4050,11736.571163796536
000d7d20_4051,11736.568893649612
000d7d20_4052,11736.57195367964
000d7d20_4053,11736.57046740826
000d7d20_4054,11736.568820153856
000d7d20_4055,11736.57356689712
000d7d20_4056,11736.57239255013
000d7d20_4057,11736.57251121682
000d7d20_4058,11736.57283677844
000d7d20_4059,11736.579417535637
000d7d20_4060,11736.579268100762
000d7d20_4061,11736.580015577729
000d7d20_4062,11736.581275116936
000d7d20_4063,11736.588333743175
000d7d20_4064,11736.590213719332
000d7d20_4065,11736.590769217682
000d7d20_4066,11736.590986863304
000d7d20_4067,11736.59839917398
000d7d20_4068,11736.600047379296
000d7d20_4069,11736.602430440333
000d7d20_4070,11736.605005167032
000d7d20_4071,11736.608700786966
000d7d20_4072,11736.61121761343
000d7d20_4073,11736.620658824037
000d7d20_4074,11736.625789301224
000d7d20_4075,11736.628875790622
000d7d20_4076,11736.632694756205
000d7d20_4077,11736.63823859686
000d7d20_4078,11736.643892652584
000d7d20_4079,11736.647629656298
000d7d20_4080,11736.656727227884
000d7d20_4081,11736.65979785975
000d7d20_4082,11736.66254128687
000d7d20_4083,11736.665491609265
000d7d20_4084,11736.666860388415
000d7d20_4085,11736.667743273312
000d7d20_4086,11736.66945262609
000d7d20_4087,11736.670376474734
000d7d20_4088,11736.671850537708
000d7d20_4089,11736.67252819484
000d7d20_4090,11736.672315416794
000d7d20_4091,11736.672004247084
000d7d20_4092,11736.671335656334
000d7d20_4093,11736.671535407604
000d7d20_4094,11736.671430312254
000d7d20_4095,11736.672332892538
000d7d20_4096,11736.67173467358
000d7d20_4097,11736.67128466432
000d7d20_4098,11736.671038415869
000d7d20_4099,11736.668898916449
000d7d20_4100,11736.666485006088
000d7d20_4101,11736.664752261626
000d7d20_4102,11736.664277437678
000d7d20_4103,11736.66505745921
000d7d20_4104,11736.664474295603
000d7d20_4105,11736.662886642818
000d7d20_4106,11736.660063783118
000d7d20_4107,11736.658226139378
000d7d20_4108,11736.651056706762
000d7d20_4109,11736.649836272229
000d7d20_4110,11736.64766469659
000d7d20_4111,11736.64557869518
000d7d20_4112,11736.644768210565
000d7d20_4113,11736.642236139944
000d7d20_4114,11736.63945261768
000d7d20_4115,11736.63601612801
000d7d20_4116,11736.62846774277
000d7d20_4117,11736.626464120814
000d7d20_4118,11736.622844454378
000d7d20_4119,11736.619241992288
000d7d20_4120,11736.615386788588
000d7d20_4121,11736.606987881643
000d7d20_4122,11736.602032724297
000d7d20_4123,11736.598267041112
000d7d20_4124,11736.591304397134
000d7d20_4125,11736.583841265208
000d7d20_4126,11736.572834807412
000d7d20_4127,11736.567987997463
000d7d20_4128,11736.562629806464
000d7d20_4129,11736.55796180292
000d7d20_4130,11736.548485421368
000d7d20_4131,11736.545963387674
000d7d20_4132,11736.542148910816
000d7d20_4133,11736.539685934786
000d7d20_4134,11736.531720649533
000d7d20_4135,11736.529624675564
000d7d20_4136,11736.531069519497
000d7d20_4137,11736.527014002051
000d7d20_4138,11736.52851110623
000d7d20_4139,11736.52989661191
000d7d20_4140,11736.526151930851
000d7d20_4141,11736.529416988516
000d7d20_4142,11736.532352332582
000d7d20_4143,11736.535653268318
000d7d20_4144,11736.534465434805
000d7d20_4145,11736.540010111086
000d7d20_4146,11736.5471047278
000d7d20_4147,11736.552853804038
000d7d20_4148,11736.553280787675
000d7d20_4149,11736.559182392532
000d7d20_4150,11736.566371786825
000d7d20_4151,11736.57173872949
000d7d20_4152,11736.576504445104
000d7d20_4153,11736.58044320488
000d7d20_4154,11736.579736091877
000d7d20_4155,11736.584523653688
000d7d20_4156,11736.585899038926
000d7d20_4157,11736.5851371343
000d7d20_4158,11736.58348517145
000d7d20_4159,11736.580755666146
000d7d20_4160,11736.57726048418
000d7d20_4161,11736.565808626438
000d7d20_4162,11736.55669190885
000d7d20_4163,11736.54496169615
000d7d20_4164,11736.528840787843
000d7d20_4165,11736.511332252292
000d7d20_4166,11736.491958263592
000d7d20_4167,11736.467970581132
000d7d20_4168,11736.439738460957
000d7d20_4169,11736.41021674572
000d7d20_4170,11736.37616820265
000d7d20_4171,11736.33731567191
000d7d20_4172,11736.29408867622
000d7d20_4173,11736.246846236483
000d7d20_4174,11736.197084698631
000d7d20_4175,11736.14688220181
000d7d20_4176,11736.094765651002
000d7d20_4177,11736.042049049323
000d7d20_4178,11735.988933230135
000d7d20_4179,11735.935768178482
000d7d20_4180,11735.885112810582
000d7d20_4181,11735.835813637665
000d7d20_4182,11735.794681964842
000d7d20_4183,11735.7468726999
000d7d20_4184,11735.700404791209
000d7d20_4185,11735.660645234711
000d7d20_4186,11735.618803336694
000d7d20_4187,11735.576488518538
000d7d20_4188,11735.535113740343
000d7d20_4189,11735.494791797748
000d7d20_4190,11735.462284018058
000d7d20_4191,11735.42318815208
000d7d20_4192,11735.386209179342
000d7d20_4193,11735.351729210248
000d7d20_4194,11735.318084262288
000d7d20_4195,11735.292653650247
000d7d20_4196,11735.263720051213
000d7d20_4197,11735.235533566794
000d7d20_4198,11735.211019582186
000d7d20_4199,11735.192724435065
000d7d20_4200,11735.170518827808
000d7d20_4201,11735.151385894003
000d7d20_4202,11735.134809591986
000d7d20_4203,11735.12347580984
000d7d20_4204,11735.109160369191
000d7d20_4205,11735.09584283275
000d7d20_4206,11735.087157810722
000d7d20_4207,11735.074233370084
000d7d20_4208,11735.0614052908
000d7d20_4209,11735.056014258356
000d7d20_4210,11735.047541489974
000d7d20_4211,11735.038654905748
000d7d20_4212,11735.037762389562
000d7d20_4213,11735.033141890706
000d7d20_4214,11735.028984450666
000d7d20_4215,11735.029665595126
000d7d20_4216,11735.0238550418
000d7d20_4217,11735.023571894471
000d7d20_4218,11735.017568051442
000d7d20_4219,11735.015354666622
000d7d20_4220,11735.00800719257
000d7d20_4221,11735.00548388934
000d7d20_4222,11734.99688061378
000d7d20_4223,11734.989879609671
000d7d20_4224,11734.9885128696
000d7d20_4225,11734.980903106924
000d7d20_4226,11734.978657400325
000d7d20_4227,11734.970547704574
000d7d20_4228,11734.969624203426
000d7d20_4229,11734.9689435991
000d7d20_4230,11734.962177558196
000d7d20_4231,11734.962580312837
000d7d20_4232,11734.957743495535
000d7d20_4233,11734.957602242965
000d7d20_4234,11734.953612581696
000d7d20_4235,11734.9550362567
000d7d20_4236,11734.957299541691
000d7d20_4237,11734.954253062526
000d7d20_4238,11734.955774283431
000d7d20_4239,11734.958948744566
000d7d20_4240,11734.956169200404
000d7d20_4241,11734.95848840346
000d7d20_4242,11734.96136872272
000d7d20_4243,11734.9636387605
000d7d20_4244,11734.967154499198
000d7d20_4245,11734.96535784611
000d7d20_4246,11734.968933526075
000d7d20_4247,11734.972833931452
000d7d20_4248,11734.977659360036
000d7d20_4249,11734.981744026349
000d7d20_4250,11734.987200142572
000d7d20_4251,11734.991244029276
000d7d20_4252,11734.996510982248
000d7d20_4253,11735.002096656077
000d7d20_4254,11735.006096509433
000d7d20_4255,11735.011210307712
000d7d20_4256,11735.015539459557
000d7d20_4257,11735.018976900768
000d7d20_4258,11735.02316844596
000d7d20_4259,11735.026976194287
000d7d20_4260,11735.032196622062
000d7d20_4261,11735.037318105366
000d7d20_4262,11735.04642510502
000d7d20_4263,11735.049854393834
000d7d20_4264,11735.05350870788
000d7d20_4265,11735.055909284629
000d7d20_4266,11735.05930987188
000d7d20_4267,11735.06732882095
000d7d20_4268,11735.071149688334
000d7d20_4269,11735.07376553238
000d7d20_4270,11735.082295718204
000d7d20_4271,11735.085714147432
000d7d20_4272,11735.088672995653
000d7d20_4273,11735.095901005352
000d7d20_4274,11735.098876002994
000d7d20_4275,11735.106157215603
000d7d20_4276,11735.107921995776
000d7d20_4277,11735.11542375776
000d7d20_4278,11735.115801849315
000d7d20_4279,11735.12419144238
000d7d20_4280,11735.12573695952
000d7d20_4281,11735.131373190648
000d7d20_4282,11735.1333245186
000d7d20_4283,11735.139486690628
000d7d20_4284,11735.140950071942
000d7d20_4285,11735.147242535322
000d7d20_4286,11735.154497558317
000d7d20_4287,11735.158385158418
000d7d20_4288,11735.167308209311
000d7d20_4289,11735.175724917735
000d7d20_4290,11735.18493679852
000d7d20_4291,11735.187702856016
000d7d20_4292,11735.196645080578
000d7d20_4293,11735.205946785798
000d7d20_4294,11735.214016078113
000d7d20_4295,11735.22203864522
000d7d20_4296,11735.224476218144
000d7d20_4297,11735.231469388717
000d7d20_4298,11735.239686949517
000d7d20_4299,11735.24714850036
000d7d20_4300,11735.252707550737
000d7d20_4301,11735.2598585317
000d7d20_4302,11735.266204281452
000d7d20_4303,11735.273439014058
000d7d20_4304,11735.28015438778
000d7d20_4305,11735.285609639328
000d7d20_4306,11735.292344707312
000d7d20_4307,11735.298469830526
000d7d20_4308,11735.304396204823
000d7d20_4309,11735.310953900513
000d7d20_4310,11735.32166677629
000d7d20_4311,11735.327963793625
000d7d20_4312,11735.334245525746
000d7d20_4313,11735.33892267185
000d7d20_4314,11735.344474254574
000d7d20_4315,11735.355720200709
000d7d20_4316,11735.35960633554
000d7d20_4317,11735.364558936091
000d7d20_4318,11735.368692982936
000d7d20_4319,11735.379758455414
000d7d20_4320,11735.384745704574
000d7d20_4321,11735.393801486463
000d7d20_4322,11735.39859671893
000d7d20_4323,11735.403696025758
000d7d20_4324,11735.414443534906
000d7d20_4325,11735.420986110996
000d7d20_4326,11735.431491766252
000d7d20_4327,11735.438017153278
000d7d20_4328,11735.450283973696
000d7d20_4329,11735.45659762806
000d7d20_4330,11735.464942393064
000d7d20_4331,11735.478775700069
000d7d20_4332,11735.48637512379
000d7d20_4333,11735.500446382222
000d7d20_4334,11735.509339025515
000d7d20_4335,11735.516528605096
000d7d20_4336,11735.530455825
000d7d20_4337,11735.537240429332
000d7d20_4338,11735.550286344367
000d7d20_4339,11735.557278747518
000d7d20_4340,11735.5634097732
000d7d20_4341,11735.57570633215
000d7d20_4342,11735.58190249241
000d7d20_4343,11735.588244051118
000d7d20_4344,11735.59524835293
000d7d20_4345,11735.606277877863
000d7d20_4346,11735.613251885185
000d7d20_4347,11735.620253798132
000d7d20_4348,11735.626771476214
000d7d20_4349,11735.639784889858
000d7d20_4350,11735.646755927264
000d7d20_4351,11735.653308408397
000d7d20_4352,11735.6610648503
000d7d20_4353,11735.667523228052
000d7d20_4354,11735.681143171849
000d7d20_4355,11735.69014652414
000d7d20_4356,11735.698660758128
000d7d20_4357,11735.707781779449
000d7d20_4358,11735.71664480874
000d7d20_4359,11735.725143555805
000d7d20_4360,11735.734352325684
000d7d20_4361,11735.74423797353
000d7d20_4362,11735.758509893967
000d7d20_4363,11735.768295931137
000d7d20_4364,11735.777014539932
000d7d20_4365,11735.787243698178
000d7d20_4366,11735.797848268585
000d7d20_4367,11735.807150694742
000d7d20_4368,11735.817529560052
000d7d20_4369,11735.827378050835
000d7d20_4370,11735.83654766906
000d7d20_4371,11735.847311600472
000d7d20_4372,11735.856665759802
000d7d20_4373,11735.867212889782
000d7d20_4374,11735.878202957148
000d7d20_4375,11735.88854926281
000d7d20_4376,11735.9013120806
000d7d20_4377,11735.90892747101
000d7d20_4378,11735.922873464542
000d7d20_4379,11735.937559602458
000d7d20_4380,11735.951604564652
000d7d20_4381,11735.964967328542
000d7d20_4382,11735.97666689835
000d7d20_4383,11735.986339207477
000d7d20_4384,11735.996319438746
000d7d20_4385,11736.000500355056
000d7d20_4386,11736.00930272694
000d7d20_4387,11736.018558163089
000d7d20_4388,11736.026360603388
000d7d20_4389,11736.030685678266
000d7d20_4390,11736.02931516436
000d7d20_4391,11736.030870970608
000d7d20_4392,11736.034310900672
000d7d20_4393,11736.03624605944
000d7d20_4394,11736.031479562598
000d7d20_4395,11736.032674429702
000d7d20_4396,11736.033730553523
000d7d20_4397,11736.027868385292
000d7d20_4398,11736.027156704458
000d7d20_4399,11736.0251781017
000d7d20_4400,11736.018315840243
000d7d20_4401,11736.017315958812
000d7d20_4402,11736.014874203202
000d7d20_4403,11736.008124583956
000d7d20_4404,11736.006343487596
000d7d20_4405,11735.998323093389
000d7d20_4406,11735.994130046853
000d7d20_4407,11735.990346324754
000d7d20_4408,11735.981025749508
000d7d20_4409,11735.979287275084
000d7d20_4410,11735.971575773528
000d7d20_4411,11735.972162893057
000d7d20_4412,11735.967801308438
000d7d20_4413,11735.967803030318
000d7d20_4414,11735.964082186536
000d7d20_4415,11735.969037004355
000d7d20_4416,11735.968698740497
000d7d20_4417,11735.975353386211
000d7d20_4418,11735.975900843769
000d7d20_4419,11735.983849101634
000d7d20_4420,11735.986045330905
000d7d20_4421,11735.99370910657
000d7d20_4422,11735.996904204392
000d7d20_4423,11736.00096274537
000d7d20_4424,11736.01029876605
000d7d20_4425,11736.015407663695
000d7d20_4426,11736.024866647353
000d7d20_4427,11736.028994131702
000d7d20_4428,11736.040168957645
000d7d20_4429,11736.046743396084
000d7d20_4430,11736.061829750684
000d7d20_4431,11736.073276998475
000d7d20_4432,11736.084619479649
000d7d20_4433,11736.103895691103
000d7d20_4434,11736.118411991813
000d7d20_4435,11736.138034154385
000d7d20_4436,11736.151597943675
000d7d20_4437,11736.169135238408
000d7d20_4438,11736.182933386752
000d7d20_4439,11736.200001179346
000d7d20_4440,11736.210246410295
000d7d20_4441,11736.226915612566
000d7d20_4442,11736.237694579331
000d7d20_4443,11736.254077391002
000d7d20_4444,11736.265539530332
000d7d20_4445,11736.277109902328
000d7d20_4446,11736.293859956486
000d7d20_4447,11736.304273831036
000d7d20_4448,11736.317783867562
000d7d20_4449,11736.327194319563
000d7d20_4450,11736.342754029934
000d7d20_4451,11736.351474420111
000d7d20_4452,11736.367614980652
000d7d20_4453,11736.376196786714
000d7d20_4454,11736.390708934488
000d7d20_4455,11736.399203118512
000d7d20_4456,11736.412047406517
000d7d20_4457,11736.419745148443
000d7d20_4458,11736.431667496094
000d7d20_4459,11736.436181224082
000d7d20_4460,11736.447101560065
000d7d20_4461,11736.452992135462
000d7d20_4462,11736.46269569868
000d7d20_4463,11736.46721687552
000d7d20_4464,11736.476552919628
000d7d20_4465,11736.48072319752
000d7d20_4466,11736.489941535769
000d7d20_4467,11736.496256145012
000d7d20_4468,11736.509394193505
000d7d20_4469,11736.516980284316
000d7d20_4470,11736.528988985432
000d7d20_4471,11736.535929271266
000d7d20_4472,11736.546484103825
000d7d20_4473,11736.557365484425
000d7d20_4474,11736.562276445486
000d7d20_4475,11736.571868302824
000d7d20_4476,11736.574747285087
000d7d20_4477,11736.58145467439
000d7d20_4478,11736.58162284176
000d7d20_4479,11736.58789106098
000d7d20_4480,11736.58686934366
000d7d20_4481,11736.59165398236
000d7d20_4482,11736.590250209963
000d7d20_4483,11736.592750933123
000d7d20_4484,11736.58998338687
000d7d20_4485,11736.592605338428
000d7d20_4486,11736.594412465523
000d7d20_4487,11736.588337335685
000d7d20_4488,11736.587018242804
000d7d20_4489,11736.5807238611
000d7d20_4490,11736.5799088066
000d7d20_4491,11736.572234928088
000d7d20_4492,11736.57077157887
000d7d20_4493,11736.56419517728
000d7d20_4494,11736.562819636689
000d7d20_4495,11736.562043341364
000d7d20_4496,11736.555372354796
000d7d20_4497,11736.55539690374
000d7d20_4498,11736.551760469272
000d7d20_4499,11736.553220663682
000d7d20_4500,11736.551614009515
000d7d20_4501,11736.556138892778
000d7d20_4502,11736.560430850424
000d7d20_4503,11736.56052017529
000d7d20_4504,11736.566109934953
000d7d20_4505,11736.5651798638
000d7d20_4506,11736.57150609464
000d7d20_4507,11736.578336863013
000d7d20_4508,11736.58154490996
000d7d20_4509,11736.590588084451
000d7d20_4510,11736.59281736319
000d7d20_4511,11736.602457987625
000d7d20_4512,11736.612638679731
000d7d20_4513,11736.616500514803
000d7d20_4514,11736.628670066411
000d7d20_4515,11736.634449681487
000d7d20_4516,11736.647461618308
000d7d20_4517,11736.6605795079
000d7d20_4518,11736.666302366084
000d7d20_4519,11736.678042191052
000d7d20_4520,11736.684220066603
000d7d20_4521,11736.694703101908
000d7d20_4522,11736.7003514333
000d7d20_4523,11736.710697392784
000d7d20_4524,11736.722098779266
000d7d20_4525,11736.726913862623
000d7d20_4526,11736.737285294368
000d7d20_4527,11736.743548318464
000d7d20_4528,11736.755443689024
000d7d20_4529,11736.765658337385
000d7d20_4530,11736.77173603974
000d7d20_4531,11736.782467206564
000d7d20_4532,11736.788228139034
000d7d20_4533,11736.798010464145
000d7d20_4534,11736.800988450412
000d7d20_4535,11736.810291793412
000d7d20_4536,11736.818790553054
000d7d20_4537,11736.81993793137
000d7d20_4538,11736.827044469135
000d7d20_4539,11736.827243069882
000d7d20_4540,11736.83290866563
000d7d20_4541,11736.832493130987
000d7d20_4542,11736.83625049968
000d7d20_4543,11736.835417286256
000d7d20_4544,11736.839700549544
000d7d20_4545,11736.842445233457
000d7d20_4546,11736.83996211613
000d7d20_4547,11736.842501489487
000d7d20_4548,11736.84291508874
000d7d20_4549,11736.849929515109
000d7d20_4550,11736.850189680796
000d7d20_4551,11736.856859306345
000d7d20_4552,11736.858026346245
000d7d20_4553,11736.86389422964
000d7d20_4554,11736.865772769048
000d7d20_4555,11736.872943153596
000d7d20_4556,11736.874033038164
000d7d20_4557,11736.882326992789
000d7d20_4558,11736.884164937694
000d7d20_4559,11736.892757480327
000d7d20_4560,11736.90172717324
000d7d20_4561,11736.90303550101
000d7d20_4562,11736.91225382557
000d7d20_4563,11736.916230255036
000d7d20_4564,11736.925092882411
000d7d20_4565,11736.929879229298
000d7d20_4566,11736.939613259729
000d7d20_4567,11736.944823386864
000d7d20_4568,11736.95464488371
000d7d20_4569,11736.958375637503
000d7d20_4570,11736.968378058304
000d7d20_4571,11736.973100301624
000d7d20_4572,11736.981611315585
000d7d20_4573,11736.985277466993
000d7d20_4574,11736.99308587872
000d7d20_4575,11736.995151531291
000d7d20_4576,11737.00258784328
000d7d20_4577,11737.002149716907
000d7d20_4578,11737.009000056083
000d7d20_4579,11737.011809369902
000d7d20_4580,11737.01987709471
000d7d20_4581,11737.023093937943
000d7d20_4582,11737.025868294131
000d7d20_4583,11737.033254674254
000d7d20_4584,11737.035814347297
000d7d20_4585,11737.042636138442
000d7d20_4586,11737.045197835294
000d7d20_4587,11737.053577176608
000d7d20_4588,11737.055434548842
000d7d20_4589,11737.063913684266
000d7d20_4590,11737.067045557393
000d7d20_4591,11737.073720026803
000d7d20_4592,11737.076687017065
000d7d20_4593,11737.083990011044
000d7d20_4594,11737.086654128852
000d7d20_4595,11737.095044208952
000d7d20_4596,11737.09631038522
000d7d20_4597,11737.098374977804
000d7d20_4598,11737.106061571434
000d7d20_4599,11737.107564130543
000d7d20_4600,11737.115083835031
000d7d20_4601,11737.117322885868
000d7d20_4602,11737.124236740756
000d7d20_4603,11737.126873411116
000d7d20_4604,11737.134957545191
000d7d20_4605,11737.13741520738
000d7d20_4606,11737.14029103416
000d7d20_4607,11737.149183978763
000d7d20_4608,11737.151077366254
000d7d20_4609,11737.159123514924
000d7d20_4610,11737.161550580782
000d7d20_4611,11737.164624808504
000d7d20_4612,11737.174579122347
000d7d20_4613,11737.17767571887
000d7d20_4614,11737.180417975454
000d7d20_4615,11737.18939303443
000d7d20_4616,11737.192513908878
000d7d20_4617,11737.196211891369
000d7d20_4618,11737.205285310323
000d7d20_4619,11737.20697011878
000d7d20_4620,11737.208823730723
000d7d20_4621,11737.210208454657
000d7d20_4622,11737.211723500935
000d7d20_4623,11737.218852887268
000d7d20_4624,11737.218975147622
000d7d20_4625,11737.220967244297
000d7d20_4626,11737.222052539524
000d7d20_4627,11737.22326405976
000d7d20_4628,11737.22522124522
000d7d20_4629,11737.226788291671
000d7d20_4630,11737.22793651711
000d7d20_4631,11737.229683832687
000d7d20_4632,11737.232640044977
000d7d20_4633,11737.235516189005
000d7d20_4634,11737.23817738452
000d7d20_4635,11737.24204762522
000d7d20_4636,11737.244483156514
000d7d20_4637,11737.24651363954
000d7d20_4638,11737.250208571835
000d7d20_4639,11737.25185337595
000d7d20_4640,11737.247046475208
000d7d20_4641,11737.24726914057
000d7d20_4642,11737.248864006977
000d7d20_4643,11737.248490628544
000d7d20_4644,11737.247966928113
000d7d20_4645,11737.243877808649
000d7d20_4646,11737.244899079684
000d7d20_4647,11737.244942217025
000d7d20_4648,11737.245793403989
000d7d20_4649,11737.23999747499
000d7d20_4650,11737.239521080592
000d7d20_4651,11737.238878083795
000d7d20_4652,11737.23426212825
000d7d20_4653,11737.233261690692
000d7d20_4654,11737.22597856344
000d7d20_4655,11737.224603175997
000d7d20_4656,11737.215909095266
000d7d20_4657,11737.212244007833
000d7d20_4658,11737.20790887965
000d7d20_4659,11737.198708906615
000d7d20_4660,11737.188205388218
000d7d20_4661,11737.183167758
000d7d20_4662,11737.172954189951
000d7d20_4663,11737.166764388829
000d7d20_4664,11737.154643445048
000d7d20_4665,11737.14919604511
000d7d20_4666,11737.1365828839
000d7d20_4667,11737.123757068224
000d7d20_4668,11737.116224489888
000d7d20_4669,11737.104615172411
000d7d20_4670,11737.091416418758
000d7d20_4671,11737.07878504747
000d7d20_4672,11737.07284258715
000d7d20_4673,11737.05915475794
000d7d20_4674,11737.04645102128
000d7d20_4675,11737.03579005134
000d7d20_4676,11737.02964729373
000d7d20_4677,11737.016909918271
000d7d20_4678,11737.004609591328
000d7d20_4679,11736.994129007184
000d7d20_4680,11736.982568597336
000d7d20_4681,11736.97095423047
000d7d20_4682,11736.960334933628
000d7d20_4683,11736.949544905816
000d7d20_4684,11736.93829243755
000d7d20_4685,11736.930177059578
000d7d20_4686,11736.920833866654
000d7d20_4687,11736.911820403544
000d7d20_4688,11736.902906051117
000d7d20_4689,11736.895375949927
000d7d20_4690,11736.887834276537
000d7d20_4691,11736.880778085531
000d7d20_4692,11736.87485987083
000d7d20_4693,11736.868434569036
000d7d20_4694,11736.86156449922
000d7d20_4695,11736.849916070536
000d7d20_4696,11736.842695873518
000d7d20_4697,11736.836310410295
000d7d20_4698,11736.829483274489
000d7d20_4699,11736.818131989608
000d7d20_4700,11736.812967799684
000d7d20_4701,11736.807359685348
000d7d20_4702,11736.803335379604
000d7d20_4703,11736.792968958856
000d7d20_4704,11736.78994357116
000d7d20_4705,11736.787925857045
000d7d20_4706,11736.779826900283
000d7d20_4707,11736.777089127165
000d7d20_4708,11736.775169810528
000d7d20_4709,11736.774397566478
000d7d20_4710,11736.771963943043
000d7d20_4711,11736.764529768829
000d7d20_4712,11736.76401510286
000d7d20_4713,11736.762363947872
000d7d20_4714,11736.76088534412
000d7d20_4715,11736.759695307526
000d7d20_4716,11736.761523555402
000d7d20_4717,11736.761866995636
000d7d20_4718,11736.763307558424
000d7d20_4719,11736.765857203667
000d7d20_4720,11736.766625567012
000d7d20_4721,11736.767485386405
000d7d20_4722,11736.770398092449
000d7d20_4723,11736.771197934266
000d7d20_4724,11736.77091673799
000d7d20_4725,11736.771255602634
000d7d20_4726,11736.772230571729
000d7d20_4727,11736.771646470334
000d7d20_4728,11736.776645154749
000d7d20_4729,11736.776764049402
000d7d20_4730,11736.776997180048
000d7d20_4731,11736.777612590124
000d7d20_4732,11736.778368051167
000d7d20_4733,11736.78247262007
000d7d20_4734,11736.781662605568
000d7d20_4735,11736.7792914096
000d7d20_4736,11736.782185179592
000d7d20_4737,11736.77751629762
000d7d20_4738,11736.773109594142
000d7d20_4739,11736.772146722928
000d7d20_4740,11736.764250520797
000d7d20_4741,11736.755881426165
000d7d20_4742,11736.75227400831
000d7d20_4743,11736.742208145468
000d7d20_4744,11736.73862543604
000d7d20_4745,11736.728284010784
000d7d20_4746,11736.724388928642
000d7d20_4747,11736.713341176695
000d7d20_4748,11736.706659241963
000d7d20_4749,11736.69408890521
000d7d20_4750,11736.686020696456
000d7d20_4751,11736.671805386868
000d7d20_4752,11736.66410931504
000d7d20_4753,11736.655087003925
000d7d20_4754,11736.64000937712
000d7d20_4755,11736.628963199742
000d7d20_4756,11736.618644944689
000d7d20_4757,11736.59995995223
000d7d20_4758,11736.585884796506
000d7d20_4759,11736.574316625138
000d7d20_4760,11736.556501584268
000d7d20_4761,11736.54270866828
000d7d20_4762,11736.531319433308
000d7d20_4763,11736.5187859701
000d7d20_4764,11736.50569979654
000d7d20_4765,11736.486694163445
000d7d20_4766,11736.475717585488
000d7d20_4767,11736.464469009845
000d7d20_4768,11736.454216281709
000d7d20_4769,11736.444303579035
000d7d20_4770,11736.432467927145
000d7d20_4771,11736.421078682586
000d7d20_4772,11736.410571546645
000d7d20_4773,11736.400286566291
000d7d20_4774,11736.391551111212
000d7d20_4775,11736.38406946018
000d7d20_4776,11736.378288750777
000d7d20_4777,11736.369649892711
000d7d20_4778,11736.361911370745
000d7d20_4779,11736.354673524962
000d7d20_4780,11736.346765921338
000d7d20_4781,11736.345742813985
000d7d20_4782,11736.340266881669
000d7d20_4783,11736.334501311308
000d7d20_4784,11736.328584536115
000d7d20_4785,11736.32342044002
000d7d20_4786,11736.318892947722
000d7d20_4787,11736.319471103168
000d7d20_4788,11736.31582175332
000d7d20_4789,11736.314316201457
000d7d20_4790,11736.318115403465
000d7d20_4791,11736.314618833225
000d7d20_4792,11736.311244203518
000d7d20_4793,11736.31430189626
000d7d20_4794,11736.311825529589
000d7d20_4795,11736.309301741418
000d7d20_4796,11736.314282509313
000d7d20_4797,11736.313154285252
000d7d20_4798,11736.31726730444
000d7d20_4799,11736.317990598294
000d7d20_4800,11736.324835100471
000d7d20_4801,11736.326857728902
000d7d20_4802,11736.329306862704
000d7d20_4803,11736.339193063945
000d7d20_4804,11736.34361761232
000d7d20_4805,11736.347578849907
000d7d20_4806,11736.358284212736
000d7d20_4807,11736.361618372392
000d7d20_4808,11736.365497805484
000d7d20_4809,11736.375268833955
000d7d20_4810,11736.377758332115
000d7d20_4811,11736.38034891518
000d7d20_4812,11736.38869791391
000d7d20_4813,11736.393307809492
000d7d20_4814,11736.397326620989
000d7d20_4815,11736.406899917964
000d7d20_4816,11736.412295126016
000d7d20_4817,11736.416122147704
000d7d20_4818,11736.426318556933
000d7d20_4819,11736.431334338286
000d7d20_4820,11736.43528764075
000d7d20_4821,11736.438761758036
000d7d20_4822,11736.447960863125
000d7d20_4823,11736.450705569918
000d7d20_4824,11736.453855341722
000d7d20_4825,11736.456065412378
000d7d20_4826,11736.45872468187
000d7d20_4827,11736.465139344144
000d7d20_4828,11736.466271133617
000d7d20_4829,11736.467177269553
000d7d20_4830,11736.467695828862
000d7d20_4831,11736.46809541317
000d7d20_4832,11736.472707496014
000d7d20_4833,11736.472330680112
000d7d20_4834,11736.4703778511
000d7d20_4835,11736.46789692294
000d7d20_4836,11736.465504968066
000d7d20_4837,11736.461878066237
000d7d20_4838,11736.458775912575
000d7d20_4839,11736.459975501122
000d7d20_4840,11736.453410501888
000d7d20_4841,11736.447863044576
000d7d20_4842,11736.44104352239
000d7d20_4843,11736.434946821912
000d7d20_4844,11736.4291646465
000d7d20_4845,11736.421865269946
000d7d20_4846,11736.416155852248
000d7d20_4847,11736.409153538523
000d7d20_4848,11736.402040415662
000d7d20_4849,11736.39598476756
000d7d20_4850,11736.389090488472
000d7d20_4851,11736.38303726388
000d7d20_4852,11736.377372195551
000d7d20_4853,11736.36904964635
000d7d20_4854,11736.3614896387
000d7d20_4855,11736.351358039248
000d7d20_4856,11736.342048012268
000d7d20_4857,11736.331242434671
000d7d20_4858,11736.32139959875
000d7d20_4859,11736.314434000697
000d7d20_4860,11736.305967319184
000d7d20_4861,11736.297472245353
000d7d20_4862,11736.289725373568
000d7d20_4863,11736.280818840874
000d7d20_4864,11736.27429565777
000d7d20_4865,11736.267365737098
000d7d20_4866,11736.259681550768
000d7d20_4867,11736.25342669998
000d7d20_4868,11736.245807398092
000d7d20_4869,11736.238298942346
000d7d20_4870,11736.225689138511
000d7d20_4871,11736.21880740326
000d7d20_4872,11736.212771164868
000d7d20_4873,11736.206513907877
000d7d20_4874,11736.20151508436
000d7d20_4875,11736.19595582471
000d7d20_4876,11736.188921231636
000d7d20_4877,11736.1809043555
000d7d20_4878,11736.167308417502
000d7d20_4879,11736.158665723851
000d7d20_4880,11736.15201744785
000d7d20_4881,11736.144157121138
000d7d20_4882,11736.137190678244
000d7d20_4883,11736.124423176576
000d7d20_4884,11736.116147103095
000d7d20_4885,11736.10871426962
000d7d20_4886,11736.100503223348
000d7d20_4887,11736.087986121289
000d7d20_4888,11736.082076888231
000d7d20_4889,11736.074451317476
000d7d20_4890,11736.06822573838
000d7d20_4891,11736.056926822876
000d7d20_4892,11736.050866058284
000d7d20_4893,11736.045254512435
000d7d20_4894,11736.039414578325
000d7d20_4895,11736.035386150928
000d7d20_4896,11736.026337812376
000d7d20_4897,11736.02103915644
000d7d20_4898,11736.01681043524
000d7d20_4899,11736.011855724517
000d7d20_4900,11736.005820496614
000d7d20_4901,11736.00130722933
000d7d20_4902,11735.99526605495
000d7d20_4903,11735.990338775944
000d7d20_4904,11735.985548786448
000d7d20_4905,11735.979458890146
000d7d20_4906,11735.97524475683
000d7d20_4907,11735.969896878183
000d7d20_4908,11735.966126346866
000d7d20_4909,11735.963594333263
000d7d20_4910,11735.960548019732
000d7d20_4911,11735.958565840418
000d7d20_4912,11735.957018772346
000d7d20_4913,11735.96030439184
000d7d20_4914,11735.960342860815
000d7d20_4915,11735.957539474515
000d7d20_4916,11735.956256791693
000d7d20_4917,11735.9535177065
000d7d20_4918,11735.955988162434
000d7d20_4919,11735.951915289066
000d7d20_4920,11735.945586339469
000d7d20_4921,11735.94480156728
000d7d20_4922,11735.938992339215
000d7d20_4923,11735.931350146628
000d7d20_4924,11735.930586716244
000d7d20_4925,11735.923242740624
000d7d20_4926,11735.921468302102
000d7d20_4927,11735.916490835098
000d7d20_4928,11735.916369756507
000d7d20_4929,11735.91167527026
000d7d20_4930,11735.913041092506
000d7d20_4931,11735.907713065011
000d7d20_4932,11735.909181190838
000d7d20_4933,11735.904097609591
000d7d20_4934,11735.905451412187
000d7d20_4935,11735.901607385982
000d7d20_4936,11735.90253366992
000d7d20_4937,11735.904053951926
000d7d20_4938,11735.900369235122
000d7d20_4939,11735.90113771302
000d7d20_4940,11735.902473772892
000d7d20_4941,11735.9025546933
000d7d20_4942,11735.897768165272
000d7d20_4943,11735.898067044744
000d7d20_4944,11735.898437677746
000d7d20_4945,11735.900276080964
000d7d20_4946,11735.90142391676
000d7d20_4947,11735.899006462678
000d7d20_4948,11735.90226931477
000d7d20_4949,11735.905079357875
000d7d20_4950,11735.907335544483
000d7d20_4951,11735.909689696506
000d7d20_4952,11735.91147241214
000d7d20_4953,11735.913898873603
000d7d20_4954,11735.915673623467
000d7d20_4955,11735.9182509827
000d7d20_4956,11735.921500308628
000d7d20_4957,11735.923864267168
000d7d20_4958,11735.92752054662
000d7d20_4959,11735.930709557955
000d7d20_4960,11735.940838551804
000d7d20_4961,11735.945967664618
000d7d20_4962,11735.950473217272
000d7d20_4963,11735.955388139297
000d7d20_4964,11735.961216916488
000d7d20_4965,11735.96462595064
000d7d20_4966,11735.973746560718
000d7d20_4967,11735.977019806152
000d7d20_4968,11735.982013310331
000d7d20_4969,11735.992473290726
000d7d20_4970,11735.995173512532
000d7d20_4971,11735.99947701329
000d7d20_4972,11736.009207957031
000d7d20_4973,11736.011991776377
000d7d20_4974,11736.02289702972
000d7d20_4975,11736.027099957337
000d7d20_4976,11736.03098032736
000d7d20_4977,11736.040086844148
000d7d20_4978,11736.043172738477
000d7d20_4979,11736.053603422384
000d7d20_4980,11736.059315210532
000d7d20_4981,11736.07251662435
000d7d20_4982,11736.087085842424
000d7d20_4983,11736.096006129324
000d7d20_4984,11736.11149141564
000d7d20_4985,11736.121881154491
000d7d20_4986,11736.137274230568
000d7d20_4987,11736.155222182922
000d7d20_4988,11736.166195812615
000d7d20_4989,11736.185149616173
000d7d20_4990,11736.199207216476
000d7d20_4991,11736.218369750515
000d7d20_4992,11736.237667912445
000d7d20_4993,11736.24984570046
000d7d20_4994,11736.26861823646
000d7d20_4995,11736.281542087369
000d7d20_4996,11736.299117005692
000d7d20_4997,11736.31108969768
000d7d20_4998,11736.322295894712
000d7d20_4999,11736.33793149003
000d7d20_5000,11736.348630072043
000d7d20_5001,11736.364497662607
000d7d20_5002,11736.375990169448
000d7d20_5003,11736.38818450153
000d7d20_5004,11736.404778340067
000d7d20_5005,11736.415602031326
000d7d20_5006,11736.424249403288
000d7d20_5007,11736.439496457946
000d7d20_5008,11736.447367450666
000d7d20_5009,11736.454061475191
000d7d20_5010,11736.460735333658
000d7d20_5011,11736.473881875632
000d7d20_5012,11736.479442449872
000d7d20_5013,11736.484876964776
000d7d20_5014,11736.489869187237
000d7d20_5015,11736.494339462792
000d7d20_5016,11736.503644231429
000d7d20_5017,11736.5068039703
000d7d20_5018,11736.509548169435
000d7d20_5019,11736.51131465592
000d7d20_5020,11736.51265218153
000d7d20_5021,11736.514644765855
000d7d20_5022,11736.517520809564
000d7d20_5023,11736.519174778963
000d7d20_5024,11736.521105828657
000d7d20_5025,11736.522682724652
000d7d20_5026,11736.52494395381
000d7d20_5027,11736.527382820484
000d7d20_5028,11736.528380441428
000d7d20_5029,11736.529582882982
000d7d20_5030,11736.5313924837
000d7d20_5031,11736.535249725366
000d7d20_5032,11736.538973634915
000d7d20_5033,11736.53860043729
000d7d20_5034,11736.5439587829
000d7d20_5035,11736.549061890872
000d7d20_5036,11736.554797516705
000d7d20_5037,11736.562104562134
000d7d20_5038,11736.564883222512
000d7d20_5039,11736.57523733517
000d7d20_5040,11736.587247916324
000d7d20_5041,11736.597742097412
000d7d20_5042,11736.602416953046
000d7d20_5043,11736.613440864883
000d7d20_5044,11736.625085852673
000d7d20_5045,11736.631427265456
000d7d20_5046,11736.644550697163
000d7d20_5047,11736.65768557163
000d7d20_5048,11736.66521299796
000d7d20_5049,11736.678501210588
000d7d20_5050,11736.685828194008
000d7d20_5051,11736.698382941147
000d7d20_5052,11736.709977995208
000d7d20_5053,11736.71753882639
000d7d20_5054,11736.729909128786
000d7d20_5055,11736.736407071943
000d7d20_5056,11736.747138519218
000d7d20_5057,11736.75217389728
000d7d20_5058,11736.75747703913
000d7d20_5059,11736.769094480913
000d7d20_5060,11736.772936070529
000d7d20_5061,11736.781821728997
000d7d20_5062,11736.784398072748
000d7d20_5063,11736.787349218514
000d7d20_5064,11736.79237820684
000d7d20_5065,11736.79344655368
000d7d20_5066,11736.795816965652
000d7d20_5067,11736.802201012644
000d7d20_5068,11736.802668699323
000d7d20_5069,11736.804170711544
000d7d20_5070,11736.805325285875
000d7d20_5071,11736.811519964198
000d7d20_5072,11736.816380811591
000d7d20_5073,11736.821159295976
000d7d20_5074,11736.82596343102
000d7d20_5075,11736.82998855582
000d7d20_5076,11736.832934046164
000d7d20_5077,11736.83991004072
000d7d20_5078,11736.840985200266
000d7d20_5079,11736.841516978142
000d7d20_5080,11736.84077785223
000d7d20_5081,11736.839507029374
000d7d20_5082,11736.83596840693
000d7d20_5083,11736.831263175352
000d7d20_5084,11736.82661040646
000d7d20_5085,11736.8233126622
000d7d20_5086,11736.817743238902
000d7d20_5087,11736.811148248278
000d7d20_5088,11736.81072452254
000d7d20_5089,11736.802997758168
000d7d20_5090,11736.794345136725
000d7d20_5091,11736.784166943542
000d7d20_5092,11736.775221405936
000d7d20_5093,11736.76443924649
000d7d20_5094,11736.752027444374
000d7d20_5095,11736.738726096204
000d7d20_5096,11736.725412854725
000d7d20_5097,11736.71665714577
000d7d20_5098,11736.702844879856
000d7d20_5099,11736.687198908428
000d7d20_5100,11736.67074388351
000d7d20_5101,11736.65352230375
000d7d20_5102,11736.63468908649
000d7d20_5103,11736.615096548056
000d7d20_5104,11736.595109204773
000d7d20_5105,11736.574080736358
000d7d20_5106,11736.558608407166
000d7d20_5107,11736.537995773471
000d7d20_5108,11736.516413435877
000d7d20_5109,11736.494840188629
000d7d20_5110,11736.472966686302
000d7d20_5111,11736.453244830493
000d7d20_5112,11736.43354667064
000d7d20_5113,11736.419660673871
000d7d20_5114,11736.399619985725
000d7d20_5115,11736.378422312297
000d7d20_5116,11736.358581370678
000d7d20_5117,11736.341806358454
000d7d20_5118,11736.324911243586
000d7d20_5119,11736.308636944754
000d7d20_5120,11736.299832939629
000d7d20_5121,11736.2863147069
000d7d20_5122,11736.273938479102
000d7d20_5123,11736.263884279706
000d7d20_5124,11736.253514141968
000d7d20_5125,11736.247333132733
000d7d20_5126,11736.24668533834
000d7d20_5127,11736.242368528829
000d7d20_5128,11736.240254221337
000d7d20_5129,11736.24104118907
000d7d20_5130,11736.244598908914
000d7d20_5131,11736.248102372743
000d7d20_5132,11736.25945907807
000d7d20_5133,11736.263829611322
000d7d20_5134,11736.268180492629
000d7d20_5135,11736.272315693688
000d7d20_5136,11736.278396757756
000d7d20_5137,11736.289711191846
000d7d20_5138,11736.295932859495
000d7d20_5139,11736.30299262397
000d7d20_5140,11736.307757788603
000d7d20_5141,11736.312741740152
000d7d20_5142,11736.324640543697
000d7d20_5143,11736.334040591282
000d7d20_5144,11736.342846394877
000d7d20_5145,11736.351831819782
000d7d20_5146,11736.35997132234
000d7d20_5147,11736.374736561
000d7d20_5148,11736.383930914966
000d7d20_5149,11736.394834706953
000d7d20_5150,11736.405738124437
000d7d20_5151,11736.415770681837
000d7d20_5152,11736.432786325604
000d7d20_5153,11736.443867051456
000d7d20_5154,11736.455683490924
000d7d20_5155,11736.469526973153
000d7d20_5156,11736.482355863462
000d7d20_5157,11736.499891259158
000d7d20_5158,11736.511378740128
000d7d20_5159,11736.523466554594
000d7d20_5160,11736.534912173904
000d7d20_5161,11736.550667040598
000d7d20_5162,11736.563027029935
000d7d20_5163,11736.57467064185
000d7d20_5164,11736.585927360831
000d7d20_5165,11736.60352115885
000d7d20_5166,11736.615163640108
000d7d20_5167,11736.627223132538
000d7d20_5168,11736.64002425832
000d7d20_5169,11736.651244368328
000d7d20_5170,11736.667140821351
000d7d20_5171,11736.677872512924
000d7d20_5172,11736.686753627337
000d7d20_5173,11736.70020135662
000d7d20_5174,11736.708363754951
000d7d20_5175,11736.71515258654
000d7d20_5176,11736.722925141974
000d7d20_5177,11736.7348698166
000d7d20_5178,11736.739773672303
000d7d20_5179,11736.744382281438
000d7d20_5180,11736.748520053126
000d7d20_5181,11736.753072605752
000d7d20_5182,11736.762549588964
000d7d20_5183,11736.76754663654
000d7d20_5184,11736.772187733784
000d7d20_5185,11736.776903744343
000d7d20_5186,11736.787026314749
000d7d20_5187,11736.79198927814
000d7d20_5188,11736.795427104324
000d7d20_5189,11736.798856915852
000d7d20_5190,11736.806857543144
000d7d20_5191,11736.807670510058
000d7d20_5192,11736.808856969985
000d7d20_5193,11736.80991928126
000d7d20_5194,11736.81201320557
000d7d20_5195,11736.817549123807
000d7d20_5196,11736.816735308354
000d7d20_5197,11736.814666218272
000d7d20_5198,11736.811293832076
000d7d20_5199,11736.807391954631
000d7d20_5200,11736.809298857275
000d7d20_5201,11736.807472513232
000d7d20_5202,11736.806254511015
000d7d20_5203,11736.804267614978
000d7d20_5204,11736.803188742306
000d7d20_5205,11736.807274771556
000d7d20_5206,11736.806705564471
000d7d20_5207,11736.805980085985
000d7d20_5208,11736.805580588483
000d7d20_5209,11736.804954709072
000d7d20_5210,11736.810027573832
000d7d20_5211,11736.809179384276
000d7d20_5212,11736.809621457294
000d7d20_5213,11736.812188581644
000d7d20_5214,11736.813760923971
000d7d20_5215,11736.81452569765
000d7d20_5216,11736.820720617514
000d7d20_5217,11736.822214515558
000d7d20_5218,11736.824311855176
000d7d20_5219,11736.827568106097
000d7d20_5220,11736.829653817573
000d7d20_5221,11736.83214899187
000d7d20_5222,11736.840728881796
000d7d20_5223,11736.842450606362
000d7d20_5224,11736.843266847112
000d7d20_5225,11736.84620938589
000d7d20_5226,11736.84842800896
000d7d20_5227,11736.84981982291
000d7d20_5228,11736.850606976455
000d7d20_5229,11736.856818409717
000d7d20_5230,11736.857171463833
000d7d20_5231,11736.857299825531
000d7d20_5232,11736.85749627174
000d7d20_5233,11736.856681869223
000d7d20_5234,11736.855376257572
000d7d20_5235,11736.854111099963
000d7d20_5236,11736.857823938775
000d7d20_5237,11736.855197870716
000d7d20_5238,11736.85334902788
000d7d20_5239,11736.85133177434
000d7d20_5240,11736.848751515488
000d7d20_5241,11736.845610713794
000d7d20_5242,11736.84320847561
000d7d20_5243,11736.840444550602
000d7d20_5244,11736.84094341839
000d7d20_5245,11736.838617333791
000d7d20_5246,11736.834939373231
000d7d20_5247,11736.830206373445
000d7d20_5248,11736.825164990332
000d7d20_5249,11736.819580900692
000d7d20_5250,11736.813707222676
000d7d20_5251,11736.808739596485
000d7d20_5252,11736.802699734655
000d7d20_5253,11736.796549546196
000d7d20_5254,11736.796022281344
000d7d20_5255,11736.78983513403
000d7d20_5256,11736.783759569968
000d7d20_5257,11736.777642563684
000d7d20_5258,11736.772324051812
000d7d20_5259,11736.766001536083
000d7d20_5260,11736.759694584904
000d7d20_5261,11736.753781119616
000d7d20_5262,11736.748028180797
000d7d20_5263,11736.742312334924
000d7d20_5264,11736.73770232474
000d7d20_5265,11736.73193076348
000d7d20_5266,11736.731606056908
000d7d20_5267,11736.726010594684
000d7d20_5268,11736.720630654025
000d7d20_5269,11736.715573907784
000d7d20_5270,11736.711833321278
000d7d20_5271,11736.707413891409
000d7d20_5272,11736.703420243166
000d7d20_5273,11736.699907001548
000d7d20_5274,11736.69692879155
000d7d20_5275,11736.694540238168
000d7d20_5276,11736.692795966395
000d7d20_5277,11736.692800601231
00bbac68_1545,12219.894754172714
00bbac68_1546,12219.924110952896
00bbac68_1547,12219.94742955973
00bbac68_1548,12219.975826566211
00bbac68_1549,12220.003768545335
00bbac68_1550,12220.031272070108
00bbac68_1551,12220.058353713524
00bbac68_1552,12220.085030048578
00bbac68_1553,12220.111317648272
00bbac68_1554,12220.137214780463
00bbac68_1555,12220.162769524632
00bbac68_1556,12220.18799454037
00bbac68_1557,12220.21286081536
00bbac68_1558,12220.237420202671
00bbac68_1559,12220.26174798461
00bbac68_1560,12220.29141151164
00bbac68_1561,12220.315298032156
00bbac68_1562,12220.338943153964
00bbac68_1563,12220.362365206764
00bbac68_1564,12220.385630557175
00bbac68_1565,12220.414310687103
00bbac68_1566,12220.43735819835
00bbac68_1567,12220.4603216236
00bbac68_1568,12220.488826485644
00bbac68_1569,12220.51170245085
00bbac68_1570,12220.534468008913
00bbac68_1571,12220.562798044655
00bbac68_1572,12220.585530879844
00bbac68_1573,12220.613761283032
00bbac68_1574,12220.636502966008
00bbac68_1575,12220.659325476803
00bbac68_1576,12220.687854857762
00bbac68_1577,12220.716892234304
00bbac68_1578,12220.740313381804
00bbac68_1579,12220.769899316962
00bbac68_1580,12220.794328537651
00bbac68_1581,12220.824455573596
00bbac68_1582,12220.849025876623
00bbac68_1583,12220.879022949315
00bbac68_1584,12220.909727524657
00bbac68_1585,12220.935126024046
00bbac68_1586,12220.96671464393
00bbac68_1587,12220.998760849276
00bbac68_1588,12221.030860675624
00bbac68_1589,12221.05883956033
00bbac68_1590,12221.092099634618
00bbac68_1591,12221.12539429852
00bbac68_1592,12221.158834245538
00bbac68_1593,12221.192561925787
00bbac68_1594,12221.22635326535
00bbac68_1595,12221.260031258793
00bbac68_1596,12221.28804943502
00bbac68_1597,12221.322047776675
00bbac68_1598,12221.355689083864
00bbac68_1599,12221.389475279231
00bbac68_1600,12221.423775852152
00bbac68_1601,12221.458832136484
00bbac68_1602,12221.49342981807
00bbac68_1603,12221.533734466097
00bbac68_1604,12221.569199401634
00bbac68_1605,12221.605398800326
00bbac68_1606,12221.641782098071
00bbac68_1607,12221.67739001142
00bbac68_1608,12221.712811026417
00bbac68_1609,12221.748447135864
00bbac68_1610,12221.783883472102
00bbac68_1611,12221.819299628463
00bbac68_1612,12221.85487757598
00bbac68_1613,12221.891164302684
00bbac68_1614,12221.927527486096
00bbac68_1615,12221.963883594242
00bbac68_1616,12221.998965155894
00bbac68_1617,12222.033857000435
00bbac68_1618,12222.068983770416
00bbac68_1619,12222.103981168137
00bbac68_1620,12222.139247828844
00bbac68_1621,12222.174397852308
00bbac68_1622,12222.208458282374
00bbac68_1623,12222.242523095689
00bbac68_1624,12222.27685736496
00bbac68_1625,12222.31169985926
00bbac68_1626,12222.34752524455
00bbac68_1627,12222.383935243051
00bbac68_1628,12222.41942891329
00bbac68_1629,12222.454636893468
00bbac68_1630,12222.488894225247
00bbac68_1631,12222.517286495233
00bbac68_1632,12222.55031508426
00bbac68_1633,12222.582814312713
00bbac68_1634,12222.615076760154
00bbac68_1635,12222.646832345712
00bbac68_1636,12222.678315922503
00bbac68_1637,12222.710145502033
00bbac68_1638,12222.740901023812
00bbac68_1639,12222.771452543304
00bbac68_1640,12222.801777247609
00bbac68_1641,12222.83185427167
00bbac68_1642,12222.856491679424
00bbac68_1643,12222.88677330644
00bbac68_1644,12222.917108346588
00bbac68_1645,12222.946614851338
00bbac68_1646,12222.975703681112
00bbac68_1647,12223.004136450138
00bbac68_1648,12223.032036184304
00bbac68_1649,12223.053769031569
00bbac68_1650,12223.080848412736
00bbac68_1651,12223.107726504604
00bbac68_1652,12223.133783546238
00bbac68_1653,12223.159796280108
00bbac68_1654,12223.185082944514
00bbac68_1655,12223.204502999371
00bbac68_1656,12223.22960060702
00bbac68_1657,12223.255230280214
00bbac68_1658,12223.281027221085
00bbac68_1659,12223.307190610734
00bbac68_1660,12223.328007221153
00bbac68_1661,12223.35304623186
00bbac68_1662,12223.378161964396
00bbac68_1663,12223.40395592096
00bbac68_1664,12223.430241339018
00bbac68_1665,12223.44914601688
00bbac68_1666,12223.47373253389
00bbac68_1667,12223.498996583176
00bbac68_1668,12223.524259617963
00bbac68_1669,12223.543714433705
00bbac68_1670,12223.56720241726
00bbac68_1671,12223.590998614
00bbac68_1672,12223.616371074037
00bbac68_1673,12223.637184414967
00bbac68_1674,12223.662747039572
00bbac68_1675,12223.68803963593
00bbac68_1676,12223.7073417106
00bbac68_1677,12223.731665081245
00bbac68_1678,12223.757034871422
00bbac68_1679,12223.78352749623
00bbac68_1680,12223.8050160101
00bbac68_1681,12223.832514713647
00bbac68_1682,12223.861428393588
00bbac68_1683,12223.88613666622
00bbac68_1684,12223.91644410265
00bbac68_1685,12223.94768810876
00bbac68_1686,12223.973926356774
00bbac68_1687,12224.00609615001
00bbac68_1688,12224.03828462886
00bbac68_1689,12224.066862931744
00bbac68_1690,12224.099448014258
00bbac68_1691,12224.133318088072
00bbac68_1692,12224.1620620988
00bbac68_1693,12224.197090711144
00bbac68_1694,12224.227913919794
00bbac68_1695,12224.26459805742
00bbac68_1696,12224.301673991227
00bbac68_1697,12224.33296468637
00bbac68_1698,12224.370262373945
00bbac68_1699,12224.40275270756
00bbac68_1700,12224.441549839696
00bbac68_1701,12224.474571641817
00bbac68_1702,12224.513876779876
00bbac68_1703,12224.54764201235
00bbac68_1704,12224.58719154451
00bbac68_1705,12224.620739059312
00bbac68_1706,12224.653047676864
00bbac68_1707,12224.692096699191
00bbac68_1708,12224.727161124
00bbac68_1709,12224.76330414538
00bbac68_1710,12224.798750768274
00bbac68_1711,12224.840486387697
00bbac68_1712,12224.8780177118
00bbac68_1713,12224.91613386774
00bbac68_1714,12224.953817208236
00bbac68_1715,12224.990510067228
00bbac68_1716,12225.025472683104
00bbac68_1717,12225.05817210543
00bbac68_1718,12225.088182508684
00bbac68_1719,12225.115501505696
00bbac68_1720,12225.141635446864
00bbac68_1721,12225.164633216082
00bbac68_1722,12225.18613410637
00bbac68_1723,12225.206770232768
00bbac68_1724,12225.22522888656
00bbac68_1725,12225.236559529498
00bbac68_1726,12225.254256150023
00bbac68_1727,12225.272524671358
00bbac68_1728,12225.290965327127
00bbac68_1729,12225.305558832892
00bbac68_1730,12225.327634076257
00bbac68_1731,12225.345190873177
00bbac68_1732,12225.368596077044
00bbac68_1733,12225.393628276006
00bbac68_1734,12225.41154719383
00bbac68_1735,12225.433381815536
00bbac68_1736,12225.447804514764
00bbac68_1737,12225.465766088062
00bbac68_1738,12225.477812793804
00bbac68_1739,12225.488880243449
00bbac68_1740,12225.503152869358
00bbac68_1741,12225.510230940956
00bbac68_1742,12225.517911834031
00bbac68_1743,12225.531818175325
00bbac68_1744,12225.54128967425
00bbac68_1745,12225.553252996728
00bbac68_1746,12225.56596790304
00bbac68_1747,12225.580713445364
00bbac68_1748,12225.59677159979
00bbac68_1749,12225.623170627794
00bbac68_1750,12225.641730750527
00bbac68_1751,12225.662174398944
00bbac68_1752,12225.68399726889
00bbac68_1753,12225.70686924896
00bbac68_1754,12225.730858900635
00bbac68_1755,12225.754260710775
00bbac68_1756,12225.772113575433
00bbac68_1757,12225.794505191316
00bbac68_1758,12225.817498207176
00bbac68_1759,12225.83994768512
00bbac68_1760,12225.860276241248
00bbac68_1761,12225.873259915012
00bbac68_1762,12225.890135530935
00bbac68_1763,12225.906496733069
00bbac68_1764,12225.916749475007
00bbac68_1765,12225.93367006342
00bbac68_1766,12225.951969504547
00bbac68_1767,12225.965590782038
00bbac68_1768,12225.986225787168
00bbac68_1769,12226.00166233534
00bbac68_1770,12226.02264456686
00bbac68_1771,12226.039665326542
00bbac68_1772,12226.061312204423
00bbac68_1773,12226.07531344255
00bbac68_1774,12226.08822791525
00bbac68_1775,12226.106185379373
00bbac68_1776,12226.116230229716
00bbac68_1777,12226.126850660832
00bbac68_1778,12226.142680873989
00bbac68_1779,12226.151483967466
00bbac68_1780,12226.15998418374
00bbac68_1781,12226.168313542898
00bbac68_1782,12226.17612947794
00bbac68_1783,12226.183643956
00bbac68_1784,12226.195324172975
00bbac68_1785,12226.2029197529
00bbac68_1786,12226.210105714428
00bbac68_1787,12226.216601588068
00bbac68_1788,12226.222886922324
00bbac68_1789,12226.21806336872
00bbac68_1790,12226.219705210677
00bbac68_1791,12226.22244059909
00bbac68_1792,12226.225428541908
00bbac68_1793,12226.231487806774
00bbac68_1794,12226.238882001144
00bbac68_1795,12226.24660849918
00bbac68_1796,12226.254506159388
00bbac68_1797,12226.257165684818
00bbac68_1798,12226.265079756566
00bbac68_1799,12226.27302905126
00bbac68_1800,12226.280226071838
00bbac68_1801,12226.286298558633
00bbac68_1802,12226.291924282896
00bbac68_1803,12226.300436155663
00bbac68_1804,12226.30795170711
00bbac68_1805,12226.310623096497
00bbac68_1806,12226.319235969044
00bbac68_1807,12226.327640909314
00bbac68_1808,12226.336141151409
00bbac68_1809,12226.343596540402
00bbac68_1810,12226.352701449572
00bbac68_1811,12226.361973857134
00bbac68_1812,12226.373069840556
00bbac68_1813,12226.385202433798
00bbac68_1814,12226.392809609766
00bbac68_1815,12226.40639516074
00bbac68_1816,12226.420911661511
00bbac68_1817,12226.434618078523
00bbac68_1818,12226.450972309694
00bbac68_1819,12226.46715743754
00bbac68_1820,12226.48198995724
00bbac68_1821,12226.49761509904
00bbac68_1822,12226.513191063315
00bbac68_1823,12226.5273121944
00bbac68_1824,12226.533838498432
00bbac68_1825,12226.545002978528
00bbac68_1826,12226.557278414632
00bbac68_1827,12226.570721585193
00bbac68_1828,12226.58562310099
00bbac68_1829,12226.599751756596
00bbac68_1830,12226.612689886177
00bbac68_1831,12226.626804836882
00bbac68_1832,12226.640627221768
00bbac68_1833,12226.653785357845
00bbac68_1834,12226.666096331175
00bbac68_1835,12226.678362310538
00bbac68_1836,12226.688002347017
00bbac68_1837,12226.691643985709
00bbac68_1838,12226.701306754092
00bbac68_1839,12226.711061966322
00bbac68_1840,12226.720537677666
00bbac68_1841,12226.72868661066
00bbac68_1842,12226.733889996744
00bbac68_1843,12226.739930999516
00bbac68_1844,12226.745342468488
00bbac68_1845,12226.751158842042
00bbac68_1846,12226.757272352206
00bbac68_1847,12226.761963213954
00bbac68_1848,12226.765894169856
00bbac68_1849,12226.76844840136
00bbac68_1850,12226.775777914285
00bbac68_1851,12226.783936845635
00bbac68_1852,12226.792306288688
00bbac68_1853,12226.801120402495
00bbac68_1854,12226.807249818885
00bbac68_1855,12226.813607088652
00bbac68_1856,12226.820995353131
00bbac68_1857,12226.823061703508
00bbac68_1858,12226.829998022033
00bbac68_1859,12226.83819471252
00bbac68_1860,12226.846728859022
00bbac68_1861,12226.85679730516
00bbac68_1862,12226.867013416864
00bbac68_1863,12226.878868605883
00bbac68_1864,12226.888626109345
00bbac68_1865,12226.898804876872
00bbac68_1866,12226.909949860648
00bbac68_1867,12226.920069376503
00bbac68_1868,12226.932086461176
00bbac68_1869,12226.94436228038
00bbac68_1870,12226.956174614046
00bbac68_1871,12226.96831167853
00bbac68_1872,12226.980165905206
00bbac68_1873,12226.991128158264
00bbac68_1874,12227.001554269147
00bbac68_1875,12227.01006199514
00bbac68_1876,12227.018808913728
00bbac68_1877,12227.027913240108
00bbac68_1878,12227.0372421711
00bbac68_1879,12227.046415906654
00bbac68_1880,12227.056233027748
00bbac68_1881,12227.068891992129
00bbac68_1882,12227.080793508345
00bbac68_1883,12227.091655863926
00bbac68_1884,12227.104642274146
00bbac68_1885,12227.117691300087
00bbac68_1886,12227.130085414916
00bbac68_1887,12227.140846778142
00bbac68_1888,12227.14946146584
00bbac68_1889,12227.157306532012
00bbac68_1890,12227.163866592458
00bbac68_1891,12227.170276968329
00bbac68_1892,12227.174535673888
00bbac68_1893,12227.178995999882
00bbac68_1894,12227.187826433405
00bbac68_1895,12227.189207882002
00bbac68_1896,12227.190863679978
00bbac68_1897,12227.192864400333
00bbac68_1898,12227.195635921433
00bbac68_1899,12227.196951653024
00bbac68_1900,12227.195466906467
00bbac68_1901,12227.194196637432
00bbac68_1902,12227.197357059313
00bbac68_1903,12227.197902501544
00bbac68_1904,12227.19860370372
00bbac68_1905,12227.196469610051
00bbac68_1906,12227.19211523993
00bbac68_1907,12227.187194524977
00bbac68_1908,12227.186972283189
00bbac68_1909,12227.182108075556
00bbac68_1910,12227.177349617446
00bbac68_1911,12227.172821183816
00bbac68_1912,12227.17313009338
00bbac68_1913,12227.16792761082
00bbac68_1914,12227.162751904689
00bbac68_1915,12227.160020780952
00bbac68_1916,12227.163533117626
00bbac68_1917,12227.163411336292
00bbac68_1918,12227.16484641051
00bbac68_1919,12227.173770046327
00bbac68_1920,12227.176565719452
00bbac68_1921,12227.179608812829
00bbac68_1922,12227.187886679798
00bbac68_1923,12227.191493929457
00bbac68_1924,12227.195036311705
00bbac68_1925,12227.203440857227
00bbac68_1926,12227.208168322575
00bbac68_1927,12227.217568048964
00bbac68_1928,12227.222683263806
00bbac68_1929,12227.228044862328
00bbac68_1930,12227.238991297643
00bbac68_1931,12227.245285684578
00bbac68_1932,12227.257784880874
00bbac68_1933,12227.264828389698
00bbac68_1934,12227.278555052855
00bbac68_1935,12227.287224081334
00bbac68_1936,12227.302692737878
00bbac68_1937,12227.313317382244
00bbac68_1938,12227.33097637338
00bbac68_1939,12227.34400619056
00bbac68_1940,12227.362767978591
00bbac68_1941,12227.375813100987
00bbac68_1942,12227.394353491842
00bbac68_1943,12227.407012803938
00bbac68_1944,12227.425619265545
00bbac68_1945,12227.437427856168
00bbac68_1946,12227.454996523082
00bbac68_1947,12227.470415019465
00bbac68_1948,12227.480639264642
00bbac68_1949,12227.49746833768
00bbac68_1950,12227.508039253898
00bbac68_1951,12227.52594695117
00bbac68_1952,12227.545646965404
00bbac68_1953,12227.55959106574
00bbac68_1954,12227.579566532386
00bbac68_1955,12227.599736609787
00bbac68_1956,12227.615214175525
00bbac68_1957,12227.633769098527
00bbac68_1958,12227.65137103432
00bbac68_1959,12227.663450584903
00bbac68_1960,12227.681305509454
00bbac68_1961,12227.698660920832
00bbac68_1962,12227.713499376758
00bbac68_1963,12227.723804736062
00bbac68_1964,12227.739189481184
00bbac68_1965,12227.754900552032
00bbac68_1966,12227.77158330516
00bbac68_1967,12227.783232851503
00bbac68_1968,12227.79947856742
00bbac68_1969,12227.815621789248
00bbac68_1970,12227.831393278042
00bbac68_1971,12227.848583226863
00bbac68_1972,12227.858955202037
00bbac68_1973,12227.87531729766
00bbac68_1974,12227.892724009736
00bbac68_1975,12227.909069319205
00bbac68_1976,12227.92702237285
00bbac68_1977,12227.9429474295
00bbac68_1978,12227.959142092355
00bbac68_1979,12227.976489855171
00bbac68_1980,12227.9866498151
00bbac68_1981,12228.002336820497
00bbac68_1982,12228.017704537666
00bbac68_1983,12228.032215491225
00bbac68_1984,12228.046823281227
00bbac68_1985,12228.06215774744
00bbac68_1986,12228.07693764813
00bbac68_1987,12228.091529651128
00bbac68_1988,12228.106456581892
00bbac68_1989,12228.121097551935
00bbac68_1990,12228.136340080791
00bbac68_1991,12228.152002280312
00bbac68_1992,12228.168365126014
00bbac68_1993,12228.179992032
00bbac68_1994,12228.197379185716
00bbac68_1995,12228.21272945136
00bbac68_1996,12228.226645834797
00bbac68_1997,12228.240050010489
00bbac68_1998,12228.253268234936
00bbac68_1999,12228.26591124958
00bbac68_2000,12228.27717684496
00bbac68_2001,12228.290962663312
00bbac68_2002,12228.30455248768
00bbac68_2003,12228.31676438982
00bbac68_2004,12228.328260606517
00bbac68_2005,12228.338817361
00bbac68_2006,12228.34403774212
00bbac68_2007,12228.35474581935
00bbac68_2008,12228.364153180606
00bbac68_2009,12228.373832250196
00bbac68_2010,12228.383190415883
00bbac68_2011,12228.3921861688
00bbac68_2012,12228.401759642798
00bbac68_2013,12228.41191530448
00bbac68_2014,12228.422898756027
00bbac68_2015,12228.433117400533
00bbac68_2016,12228.44172272172
00bbac68_2017,12228.450300111012
00bbac68_2018,12228.460345688942
00bbac68_2019,12228.46574210565
00bbac68_2020,12228.476797855492
00bbac68_2021,12228.487180419768
00bbac68_2022,12228.497174762037
00bbac68_2023,12228.507462500376
00bbac68_2024,12228.51621258536
00bbac68_2025,12228.523643698638
00bbac68_2026,12228.532475448364
00bbac68_2027,12228.541780001578
00bbac68_2028,12228.55186553644
00bbac68_2029,12228.563070368262
00bbac68_2030,12228.57537723472
00bbac68_2031,12228.5867045647
00bbac68_2032,12228.589770881168
00bbac68_2033,12228.596660626135
00bbac68_2034,12228.606123128313
00bbac68_2035,12228.616025467298
00bbac68_2036,12228.626021698234
00bbac68_2037,12228.635146920276
00bbac68_2038,12228.64546221533
00bbac68_2039,12228.65624293957
00bbac68_2040,12228.666139553035
00bbac68_2041,12228.676352780876
00bbac68_2042,12228.687538772669
00bbac68_2043,12228.70000208651
00bbac68_2044,12228.711937559914
00bbac68_2045,12228.719233811233
00bbac68_2046,12228.73138399878
00bbac68_2047,12228.74482648772
00bbac68_2048,12228.757890644418
00bbac68_2049,12228.76972760728
00bbac68_2050,12228.78225499854
00bbac68_2051,12228.79436238466
00bbac68_2052,12228.803710715078
00bbac68_2053,12228.81370026886
00bbac68_2054,12228.822051230383
00bbac68_2055,12228.82865091537
00bbac68_2056,12228.83626319603
00bbac68_2057,12228.84419501191
00bbac68_2058,12228.845572503786
00bbac68_2059,12228.854150795592
00bbac68_2060,12228.86252558364
00bbac68_2061,12228.870940266715
00bbac68_2062,12228.879175051306
00bbac68_2063,12228.885987086807
00bbac68_2064,12228.892646352053
00bbac68_2065,12228.898698986162
00bbac68_2066,12228.903548765207
00bbac68_2067,12228.910421208087
00bbac68_2068,12228.917115204486
00bbac68_2069,12228.923491159005
00bbac68_2070,12228.930898139934
00bbac68_2071,12228.932233686088
00bbac68_2072,12228.939634896964
00bbac68_2073,12228.94647468314
00bbac68_2074,12228.950884943688
00bbac68_2075,12228.956028995082
00bbac68_2076,12228.961615728556
00bbac68_2077,12228.96768706558
00bbac68_2078,12228.974285874894
00bbac68_2079,12228.980444848594
00bbac68_2080,12228.986325649235
00bbac68_2081,12228.99246913433
00bbac68_2082,12228.99338832912
00bbac68_2083,12228.998950528689
00bbac68_2084,12229.00593699841
00bbac68_2085,12229.0121488664
00bbac68_2086,12229.020000524431
00bbac68_2087,12229.02905170551
00bbac68_2088,12229.037972767572
00bbac68_2089,12229.047833063529
00bbac68_2090,12229.052778561256
00bbac68_2091,12229.061748471588
00bbac68_2092,12229.07252749666
00bbac68_2093,12229.084198949447
00bbac68_2094,12229.096235679544
00bbac68_2095,12229.102382218336
00bbac68_2096,12229.113088238784
00bbac68_2097,12229.12327797637
00bbac68_2098,12229.133493727386
00bbac68_2099,12229.141584453397
00bbac68_2100,12229.144263334678
00bbac68_2101,12229.151885641711
00bbac68_2102,12229.16098494987
00bbac68_2103,12229.171794063715
00bbac68_2104,12229.176650807438
00bbac68_2105,12229.187482307316
00bbac68_2106,12229.197324678637
00bbac68_2107,12229.20727870566
00bbac68_2108,12229.210232822215
00bbac68_2109,12229.22051132891
00bbac68_2110,12229.229067292035
00bbac68_2111,12229.233450279631
00bbac68_2112,12229.243062907351
00bbac68_2113,12229.25429914882
00bbac68_2114,12229.258619625774
00bbac68_2115,12229.26891773705
00bbac68_2116,12229.277546787447
00bbac68_2117,12229.28112082896
00bbac68_2118,12229.290279149083
00bbac68_2119,12229.299586166037
00bbac68_2120,12229.30383073324
00bbac68_2121,12229.312876565127
00bbac68_2122,12229.320850293254
00bbac68_2123,12229.323574450384
00bbac68_2124,12229.331359163263
00bbac68_2125,12229.33527957812
00bbac68_2126,12229.345198672936
00bbac68_2127,12229.355254366095
00bbac68_2128,12229.358911976764
00bbac68_2129,12229.368407218277
00bbac68_2130,12229.37214439575
00bbac68_2131,12229.381346547634
00bbac68_2132,12229.386419560253
00bbac68_2133,12229.396059580324
00bbac68_2134,12229.406421008647
00bbac68_2135,12229.41008646196
00bbac68_2136,12229.419121201856
00bbac68_2137,12229.42342601254
00bbac68_2138,12229.434380324708
00bbac68_2139,12229.440014816544
00bbac68_2140,12229.452020812943
00bbac68_2141,12229.459012460418
00bbac68_2142,12229.472626620938
00bbac68_2143,12229.479829245582
00bbac68_2144,12229.49390323306
00bbac68_2145,12229.502631155156
00bbac68_2146,12229.51657906895
00bbac68_2147,12229.526286272545
00bbac68_2148,12229.541763973142
00bbac68_2149,12229.550428607668
00bbac68_2150,12229.560052356095
00bbac68_2151,12229.574949147
00bbac68_2152,12229.584464561114
00bbac68_2153,12229.598903847438
00bbac68_2154,12229.607292316889
00bbac68_2155,12229.614780814489
00bbac68_2156,12229.628534827523
00bbac68_2157,12229.637237733275
00bbac68_2158,12229.650812280646
00bbac68_2159,12229.659416807152
00bbac68_2160,12229.668035058472
00bbac68_2161,12229.68173603763
00bbac68_2162,12229.690859004088
00bbac68_2163,12229.705247151316
00bbac68_2164,12229.713025471552
00bbac68_2165,12229.718762395172
00bbac68_2166,12229.727514836772
00bbac68_2167,12229.729786766957
00bbac68_2168,12229.731975785038
00bbac68_2169,12229.739311337356
00bbac68_2170,12229.7401350932
00bbac68_2171,12229.744939053166
00bbac68_2172,12229.748374528292
00bbac68_2173,12229.75854758723
00bbac68_2174,12229.760552978663
00bbac68_2175,12229.764171789124
00bbac68_2176,12229.772651559888
00bbac68_2177,12229.77766966202
00bbac68_2178,12229.78295994749
00bbac68_2179,12229.787894743253
00bbac68_2180,12229.798066709578
00bbac68_2181,12229.80056925273
00bbac68_2182,12229.802210936765
00bbac68_2183,12229.81236525738
00bbac68_2184,12229.816828214294
00bbac68_2185,12229.820058846602
00bbac68_2186,12229.822716864472
00bbac68_2187,12229.830580749818
00bbac68_2188,12229.83335907064
00bbac68_2189,12229.836307519708
00bbac68_2190,12229.839806676751
00bbac68_2191,12229.84789808621
00bbac68_2192,12229.852301270965
00bbac68_2193,12229.855187465875
00bbac68_2194,12229.857641574645
00bbac68_2195,12229.86596233899
00bbac68_2196,12229.870383134614
00bbac68_2197,12229.875565603645
00bbac68_2198,12229.88036529016
00bbac68_2199,12229.884516762551
00bbac68_2200,12229.89391651594
00bbac68_2201,12229.895942807612
00bbac68_2202,12229.896192594924
00bbac68_2203,12229.895984130762
00bbac68_2204,12229.90095278493
00bbac68_2205,12229.900098139306
00bbac68_2206,12229.898767924782
00bbac68_2207,12229.898714903948
00bbac68_2208,12229.899353886944
00bbac68_2209,12229.90399722063
00bbac68_2210,12229.903119340666
00bbac68_2211,12229.901804082365
00bbac68_2212,12229.899514453671
00bbac68_2213,12229.897018817726
00bbac68_2214,12229.895124817576
00bbac68_2215,12229.899889733846
00bbac68_2216,12229.898994128456
00bbac68_2217,12229.897893940455
00bbac68_2218,12229.897519166989
00bbac68_2219,12229.8976052683
00bbac68_2220,12229.897676355786
00bbac68_2221,12229.904265870731
00bbac68_2222,12229.905898231456
00bbac68_2223,12229.906827754025
00bbac68_2224,12229.90631342199
00bbac68_2225,12229.9079870508
00bbac68_2226,12229.91234460354
00bbac68_2227,12229.917081462188
00bbac68_2228,12229.928650491354
00bbac68_2229,12229.934995026151
00bbac68_2230,12229.941960918331
00bbac68_2231,12229.949713748952
00bbac68_2232,12229.953817901416
00bbac68_2233,12229.959775515275
00bbac68_2234,12229.966183315788
00bbac68_2235,12229.971692820938
00bbac68_2236,12229.983446052353
00bbac68_2237,12229.99215385442
00bbac68_2238,12230.00076047247
00bbac68_2239,12230.008943664634
00bbac68_2240,12230.017838584754
00bbac68_2241,12230.027670615507
00bbac68_2242,12230.038097863908
00bbac68_2243,12230.049920931344
00bbac68_2244,12230.061872946164
00bbac68_2245,12230.076284042614
00bbac68_2246,12230.094360610758
00bbac68_2247,12230.115090822816
00bbac68_2248,12230.140385245071
00bbac68_2249,12230.15920334401
00bbac68_2250,12230.1790186111
00bbac68_2251,12230.198845543277
00bbac68_2252,12230.219796827496
00bbac68_2253,12230.24127758267
00bbac68_2254,12230.26295076687
00bbac68_2255,12230.286167335327
00bbac68_2256,12230.312072931369
00bbac68_2257,12230.33707778754
00bbac68_2258,12230.363721689002
00bbac68_2259,12230.392891324602
00bbac68_2260,12230.42602568365
00bbac68_2261,12230.45979780122
00bbac68_2262,12230.49460515876
00bbac68_2263,12230.531056931704
00bbac68_2264,12230.567446200805
00bbac68_2265,12230.603779680305
00bbac68_2266,12230.641568400835
00bbac68_2267,12230.678280817912
00bbac68_2268,12230.711239935952
00bbac68_2269,12230.74191107128
00bbac68_2270,12230.771901017466
00bbac68_2271,12230.801056754026
00bbac68_2272,12230.828640142588
00bbac68_2273,12230.857053383272
00bbac68_2274,12230.885783530422
00bbac68_2275,12230.915398604391
00bbac68_2276,12230.9446955817
00bbac68_2277,12230.974043536984
00bbac68_2278,12231.004164638864
00bbac68_2279,12231.035793871924
00bbac68_2280,12231.060766402275
00bbac68_2281,12231.09063043482
00bbac68_2282,12231.117701255249
00bbac68_2283,12231.13903940708
00bbac68_2284,12231.158161537402
00bbac68_2285,12231.176879353596
00bbac68_2286,12231.187085681917
00bbac68_2287,12231.201061287727
00bbac68_2288,12231.21347338956
00bbac68_2289,12231.227604958052
00bbac68_2290,12231.241494600572
00bbac68_2291,12231.254657442674
00bbac68_2292,12231.277670756488
00bbac68_2293,12231.302109890134
00bbac68_2294,12231.32576703794
00bbac68_2295,12231.342514319129
00bbac68_2296,12231.366774290418
00bbac68_2297,12231.389836681265
00bbac68_2298,12231.405735416098
00bbac68_2299,12231.420101584774
00bbac68_2300,12231.429573064532
00bbac68_2301,12231.429311012284
00bbac68_2302,12231.43685458068
00bbac68_2303,12231.44940893078
00bbac68_2304,12231.45698011556
00bbac68_2305,12231.470943691917
00bbac68_2306,12231.487785561352
00bbac68_2307,12231.497753573442
00bbac68_2308,12231.51098783025
00bbac68_2309,12231.521161371023
00bbac68_2310,12231.536121032808
00bbac68_2311,12231.551482780733
00bbac68_2312,12231.559283725554
00bbac68_2313,12231.573319697474
00bbac68_2314,12231.578429266154
00bbac68_2315,12231.585796385863
00bbac68_2316,12231.582280771032
00bbac68_2317,12231.581231414551
00bbac68_2318,12231.570365572285
00bbac68_2319,12231.56015804548
00bbac68_2320,12231.539913717592
00bbac68_2321,12231.521602252622
00bbac68_2322,12231.496667441214
00bbac68_2323,12231.47558218368
00bbac68_2324,12231.449319860058
00bbac68_2325,12231.424851531665
00bbac68_2326,12231.40681847712
00bbac68_2327,12231.386339202232
00bbac68_2328,12231.37133380736
00bbac68_2329,12231.351368911586
00bbac68_2330,12231.33023737842
00bbac68_2331,12231.312193829674
00bbac68_2332,12231.288404701145
00bbac68_2333,12231.269725846583
00bbac68_2334,12231.24428516536
00bbac68_2335,12231.218381165836
00bbac68_2336,12231.195900904626
00bbac68_2337,12231.168208862968
00bbac68_2338,12231.139313014242
00bbac68_2339,12231.111331273754
00bbac68_2340,12231.089269558772
00bbac68_2341,12231.061689235055
00bbac68_2342,12231.032574214594
00bbac68_2343,12231.012538939354
00bbac68_2344,12230.988675802022
00bbac68_2345,12230.9649320871
00bbac68_2346,12230.943490606682
00bbac68_2347,12230.926733235752
00bbac68_2348,12230.915827829547
00bbac68_2349,12230.902052737649
00bbac68_2350,12230.890181491086
00bbac68_2351,12230.87678277732
00bbac68_2352,12230.859681170305
00bbac68_2353,12230.845467845991
00bbac68_2354,12230.823780246745
00bbac68_2355,12230.801036306912
00bbac68_2356,12230.77866172742
00bbac68_2357,12230.753665538108
00bbac68_2358,12230.728097169876
00bbac68_2359,12230.7022247159
00bbac68_2360,12230.681007901929
00bbac68_2361,12230.66722887262
00bbac68_2362,12230.666535629129
00bbac68_2363,12230.659461486515
00bbac68_2364,12230.650619227386
00bbac68_2365,12230.64280717294
00bbac68_2366,12230.63459936758
00bbac68_2367,12230.62204011587
00bbac68_2368,12230.609035086149
00bbac68_2369,12230.597021865808
00bbac68_2370,12230.583806120492
00bbac68_2371,12230.571021744076
00bbac68_2372,12230.564780793538
00bbac68_2373,12230.552143966015
00bbac68_2374,12230.540116888136
00bbac68_2375,12230.529647112811
00bbac68_2376,12230.517821128871
00bbac68_2377,12230.507214247247
00bbac68_2378,12230.496764188876
00bbac68_2379,12230.485004984872
00bbac68_2380,12230.478531284649
00bbac68_2381,12230.466582403784
00bbac68_2382,12230.45765254476
00bbac68_2383,12230.44878304217
00bbac68_2384,12230.439152072253
00bbac68_2385,12230.430316509171
00bbac68_2386,12230.422012908635
00bbac68_2387,12230.414503667347
00bbac68_2388,12230.413898306442
00bbac68_2389,12230.407571380045
00bbac68_2390,12230.40347057982
00bbac68_2391,12230.399725096824
00bbac68_2392,12230.396102482317
00bbac68_2393,12230.39338703912
00bbac68_2394,12230.396632987984
00bbac68_2395,12230.39485805222
00bbac68_2396,12230.389771007503
00bbac68_2397,12230.38530406593
00bbac68_2398,12230.381086945532
00bbac68_2399,12230.37541703456
00bbac68_2400,12230.369444373418
00bbac68_2401,12230.370205098952
00bbac68_2402,12230.3640017584
00bbac68_2403,12230.358969372588
00bbac68_2404,12230.353755224189
00bbac68_2405,12230.348974795295
00bbac68_2406,12230.345341615506
00bbac68_2407,12230.34824666433
00bbac68_2408,12230.344299380364
00bbac68_2409,12230.341136812727
00bbac68_2410,12230.338138161176
00bbac68_2411,12230.335049537673
00bbac68_2412,12230.332751508082
00bbac68_2413,12230.336719963536
00bbac68_2414,12230.33472923162
00bbac68_2415,12230.332807306728
00bbac68_2416,12230.330822042062
00bbac68_2417,12230.328859550878
00bbac68_2418,12230.332888683428
00bbac68_2419,12230.331796734998
00bbac68_2420,12230.332834299244
00bbac68_2421,12230.334484670984
00bbac68_2422,12230.335770121055
00bbac68_2423,12230.34220044646
00bbac68_2424,12230.343659066111
00bbac68_2425,12230.34338092242
00bbac68_2426,12230.341043241013
00bbac68_2427,12230.33866340011
00bbac68_2428,12230.342008599722
00bbac68_2429,12230.33959834774
00bbac68_2430,12230.336983516912
00bbac68_2431,12230.335526559498
00bbac68_2432,12230.333155255554
00bbac68_2433,12230.336702750095
00bbac68_2434,12230.334060383771
00bbac68_2435,12230.330937747683
00bbac68_2436,12230.328083743543
00bbac68_2437,12230.324011722896
00bbac68_2438,12230.324230190285
00bbac68_2439,12230.31717656829
00bbac68_2440,12230.31163812154
00bbac68_2441,12230.305936324368
00bbac68_2442,12230.30623890219
00bbac68_2443,12230.303581360053
00bbac68_2444,12230.300112593131
00bbac68_2445,12230.296939945358
00bbac68_2446,12230.301111551253
00bbac68_2447,12230.299870959829
00bbac68_2448,12230.299159160622
00bbac68_2449,12230.299863969563
00bbac68_2450,12230.306409982786
00bbac68_2451,12230.30717612759
00bbac68_2452,12230.307946677623
00bbac68_2453,12230.309957576595
00bbac68_2454,12230.310726170284
00bbac68_2455,12230.317315375729
00bbac68_2456,12230.319666984338
00bbac68_2457,12230.32326129034
00bbac68_2458,12230.32753572519
00bbac68_2459,12230.341319461928
00bbac68_2460,12230.34963720747
00bbac68_2461,12230.356900431883
00bbac68_2462,12230.364929066312
00bbac68_2463,12230.373920831456
00bbac68_2464,12230.391312794292
00bbac68_2465,12230.40792044888
00bbac68_2466,12230.42399685082
00bbac68_2467,12230.44147592409
00bbac68_2468,12230.459543235957
00bbac68_2469,12230.483534875091
00bbac68_2470,12230.501574070297
00bbac68_2471,12230.519473428532
00bbac68_2472,12230.53944585836
00bbac68_2473,12230.559217924634
00bbac68_2474,12230.579155068688
00bbac68_2475,12230.60414659411
00bbac68_2476,12230.623472146555
00bbac68_2477,12230.640968136173
00bbac68_2478,12230.65846274892
00bbac68_2479,12230.672993780749
00bbac68_2480,12230.687555817509
00bbac68_2481,12230.70016712996
00bbac68_2482,12230.71155299148
00bbac68_2483,12230.71869744388
00bbac68_2484,12230.727785506371
00bbac68_2485,12230.733280343888
00bbac68_2486,12230.73799167151
00bbac68_2487,12230.739904879289
00bbac68_2488,12230.742034268089
00bbac68_2489,12230.743491319954
00bbac68_2490,12230.743482838288
00bbac68_2491,12230.74475758412
00bbac68_2492,12230.74477223236
00bbac68_2493,12230.742334801866
00bbac68_2494,12230.737655946625
00bbac68_2495,12230.731376039334
00bbac68_2496,12230.72489328818
00bbac68_2497,12230.717909620296
00bbac68_2498,12230.711209902864
00bbac68_2499,12230.702301580768
00bbac68_2500,12230.694775592572
00bbac68_2501,12230.687874566393
00bbac68_2502,12230.683033425265
00bbac68_2503,12230.675589321469
00bbac68_2504,12230.667610095812
00bbac68_2505,12230.65892436141
00bbac68_2506,12230.648351052374
00bbac68_2507,12230.640330434846
00bbac68_2508,12230.629703113002
00bbac68_2509,12230.620635411751
00bbac68_2510,12230.610903727958
00bbac68_2511,12230.600446546365
00bbac68_2512,12230.591321729218
00bbac68_2513,12230.580481264691
00bbac68_2514,12230.570268613228
00bbac68_2515,12230.559029566364
00bbac68_2516,12230.547720377486
00bbac68_2517,12230.536728689944
00bbac68_2518,12230.523234668726
00bbac68_2519,12230.510446014254
00bbac68_2520,12230.49960628302
00bbac68_2521,12230.488034431715
00bbac68_2522,12230.4769754844
00bbac68_2523,12230.462467649904
00bbac68_2524,12230.452852730485
00bbac68_2525,12230.443602552732
00bbac68_2526,12230.435564746578
00bbac68_2527,12230.4264438813
00bbac68_2528,12230.417138914756
00bbac68_2529,12230.40888200521
00bbac68_2530,12230.39600130826
00bbac68_2531,12230.38578377294
00bbac68_2532,12230.369678954465
00bbac68_2533,12230.356484398882
00bbac68_2534,12230.343444701008
00bbac68_2535,12230.32819913081
00bbac68_2536,12230.312171052658
00bbac68_2537,12230.295737206152
00bbac68_2538,12230.272680134243
00bbac68_2539,12230.25467363703
00bbac68_2540,12230.237496395372
00bbac68_2541,12230.220212576452
00bbac68_2542,12230.201475537082
00bbac68_2543,12230.18055557008
00bbac68_2544,12230.152845379444
00bbac68_2545,12230.13357245488
00bbac68_2546,12230.113996299391
00bbac68_2547,12230.092917693471
00bbac68_2548,12230.069429358282
00bbac68_2549,12230.049972882993
00bbac68_2550,12230.033560911454
00bbac68_2551,12230.021694990834
00bbac68_2552,12230.009455383184
00bbac68_2553,12229.991625525508
00bbac68_2554,12229.98054833597
00bbac68_2555,12229.96889941508
00bbac68_2556,12229.961293916427
00bbac68_2557,12229.949603754849
00bbac68_2558,12229.941220194953
00bbac68_2559,12229.930365038806
00bbac68_2560,12229.920780173596
00bbac68_2561,12229.904724323347
00bbac68_2562,12229.895955511243
00bbac68_2563,12229.884887274764
00bbac68_2564,12229.869648919046
00bbac68_2565,12229.85053578826
00bbac68_2566,12229.83941210442
00bbac68_2567,12229.82941429758
00bbac68_2568,12229.818903971518
00bbac68_2569,12229.804230591588
00bbac68_2570,12229.79543083317
00bbac68_2571,12229.786313818624
00bbac68_2572,12229.778293295827
00bbac68_2573,12229.763552928156
00bbac68_2574,12229.75718326454
00bbac68_2575,12229.750517151217
00bbac68_2576,12229.74274022961
00bbac68_2577,12229.731970375062
00bbac68_2578,12229.72945170778
00bbac68_2579,12229.730553743286
00bbac68_2580,12229.733206730887
00bbac68_2581,12229.728303082657
00bbac68_2582,12229.7305538884
00bbac68_2583,12229.730612112333
00bbac68_2584,12229.726074174268
00bbac68_2585,12229.729752345336
00bbac68_2586,12229.732987463078
00bbac68_2587,12229.73640097808
00bbac68_2588,12229.736871199624
00bbac68_2589,12229.73977856652
00bbac68_2590,12229.74154296215
00bbac68_2591,12229.740401332638
00bbac68_2592,12229.743367255076
00bbac68_2593,12229.74798941402
00bbac68_2594,12229.749363884976
00bbac68_2595,12229.753844364936
00bbac68_2596,12229.755567526248
00bbac68_2597,12229.758642116249
00bbac68_2598,12229.754996616157
00bbac68_2599,12229.758703744576
00bbac68_2600,12229.76173545174
00bbac68_2601,12229.756406523216
00bbac68_2602,12229.75802907535
00bbac68_2603,12229.762953403932
00bbac68_2604,12229.763028265355
00bbac68_2605,12229.771378984162
00bbac68_2606,12229.778220276525
00bbac68_2607,12229.779324497667
00bbac68_2608,12229.78725078842
00bbac68_2609,12229.796186497286
00bbac68_2610,12229.799607209006
00bbac68_2611,12229.80817294588
00bbac68_2612,12229.814753355466
00bbac68_2613,12229.815716720486
00bbac68_2614,12229.821003553425
00bbac68_2615,12229.826976470184
00bbac68_2616,12229.82990185196
00bbac68_2617,12229.832190988778
00bbac68_2618,12229.831245566698
00bbac68_2619,12229.823958800753
00bbac68_2620,12229.823082198389
00bbac68_2621,12229.825367989668
00bbac68_2622,12229.823564476686
00bbac68_2623,12229.823969742338
00bbac68_2624,12229.824844370913
00bbac68_2625,12229.825362663963
00bbac68_2626,12229.827900611925
00bbac68_2627,12229.830164919393
00bbac68_2628,12229.829147422715
00bbac68_2629,12229.832742203918
00bbac68_2630,12229.83281500819
00bbac68_2631,12229.828912087476
00bbac68_2632,12229.828337102035
00bbac68_2633,12229.827659700342
00bbac68_2634,12229.820125594451
00bbac68_2635,12229.817050596546
00bbac68_2636,12229.808648660875
00bbac68_2637,12229.804946458584
00bbac68_2638,12229.800067443444
00bbac68_2639,12229.789411743795
00bbac68_2640,12229.783070005671
00bbac68_2641,12229.775798177958
00bbac68_2642,12229.76591023831
00bbac68_2643,12229.75990593792
00bbac68_2644,12229.748934046424
00bbac68_2645,12229.741895796033
00bbac68_2646,12229.734037631986
00bbac68_2647,12229.721590820236
00bbac68_2648,12229.714224606312
00bbac68_2649,12229.697697185416
00bbac68_2650,12229.689669626669
00bbac68_2651,12229.676416480845
00bbac68_2652,12229.668547277292
00bbac68_2653,12229.656154565024
00bbac68_2654,12229.645207559235
00bbac68_2655,12229.628796581126
00bbac68_2656,12229.62145702494
00bbac68_2657,12229.607508119823
00bbac68_2658,12229.59462310404
00bbac68_2659,12229.587533191445
00bbac68_2660,12229.571526837392
00bbac68_2661,12229.55997779366
00bbac68_2662,12229.546525721404
00bbac68_2663,12229.533238829144
00bbac68_2664,12229.523509790302
00bbac68_2665,12229.508671957912
00bbac68_2666,12229.49332498958
00bbac68_2667,12229.48622338555
00bbac68_2668,12229.472422154724
00bbac68_2669,12229.459578294
00bbac68_2670,12229.45098561613
00bbac68_2671,12229.437172579
00bbac68_2672,12229.424573906632
00bbac68_2673,12229.41321628742
00bbac68_2674,12229.400706941844
00bbac68_2675,12229.393955230622
00bbac68_2676,12229.382171752592
00bbac68_2677,12229.369582520269
00bbac68_2678,12229.357873039007
00bbac68_2679,12229.349110368552
00bbac68_2680,12229.34097762816
00bbac68_2681,12229.336275416605
00bbac68_2682,12229.32474473448
00bbac68_2683,12229.313761160123
00bbac68_2684,12229.304305573303
00bbac68_2685,12229.294958011766
00bbac68_2686,12229.285155872516
00bbac68_2687,12229.277020238722
00bbac68_2688,12229.268610278164
00bbac68_2689,12229.258523587125
00bbac68_2690,12229.248582305005
00bbac68_2691,12229.239413706204
00bbac68_2692,12229.22884588938
00bbac68_2693,12229.219620355288
00bbac68_2694,12229.20907816572
00bbac68_2695,12229.195969740613
00bbac68_2696,12229.184355977372
00bbac68_2697,12229.171875457816
00bbac68_2698,12229.16036265415
00bbac68_2699,12229.150116328172
00bbac68_2700,12229.137915194846
00bbac68_2701,12229.120545857812
00bbac68_2702,12229.111671900291
00bbac68_2703,12229.101781040095
00bbac68_2704,12229.092792887372
00bbac68_2705,12229.082393889868
00bbac68_2706,12229.074664730371
00bbac68_2707,12229.06190334108
00bbac68_2708,12229.05270735903
00bbac68_2709,12229.043003290142
00bbac68_2710,12229.035538494863
00bbac68_2711,12229.020807491665
00bbac68_2712,12229.011181668817
00bbac68_2713,12229.002654130174
00bbac68_2714,12228.993619963185
00bbac68_2715,12228.977507737853
00bbac68_2716,12228.968604071926
00bbac68_2717,12228.95791421989
00bbac68_2718,12228.94305727876
00bbac68_2719,12228.93399089328
00bbac68_2720,12228.919765612824
00bbac68_2721,12228.91449307244
00bbac68_2722,12228.90937435458
00bbac68_2723,12228.899940837304
00bbac68_2724,12228.894362571338
00bbac68_2725,12228.881082870756
00bbac68_2726,12228.87384649723
00bbac68_2727,12228.867568573964
00bbac68_2728,12228.8538604103
00bbac68_2729,12228.844472634144
00bbac68_2730,12228.830639345457
00bbac68_2731,12228.82023860036
00bbac68_2732,12228.80357814636
00bbac68_2733,12228.787794749416
00bbac68_2734,12228.775794892916
00bbac68_2735,12228.755857882752
00bbac68_2736,12228.742929458773
00bbac68_2737,12228.722822959116
00bbac68_2738,12228.70742899818
00bbac68_2739,12228.686930076405
00bbac68_2740,12228.665688970545
00bbac68_2741,12228.64860264232
00bbac68_2742,12228.626550265277
00bbac68_2743,12228.610433775197
00bbac68_2744,12228.589072251714
00bbac68_2745,12228.566141505416
00bbac68_2746,12228.545363503486
00bbac68_2747,12228.51997449018
00bbac68_2748,12228.49969803572
00bbac68_2749,12228.47366924451
00bbac68_2750,12228.448934966817
00bbac68_2751,12228.427191848476
00bbac68_2752,12228.397991367645
00bbac68_2753,12228.375385539695
00bbac68_2754,12228.343640125418
00bbac68_2755,12228.31279534864
00bbac68_2756,12228.290295010089
00bbac68_2757,12228.260266962014
00bbac68_2758,12228.234042082531
00bbac68_2759,12228.2023190884
00bbac68_2760,12228.170420710932
00bbac68_2761,12228.147222207252
00bbac68_2762,12228.11675787684
00bbac68_2763,12228.09002769086
00bbac68_2764,12228.059302721958
00bbac68_2765,12228.026663892571
00bbac68_2766,12228.000869475854
00bbac68_2767,12227.970189166368
00bbac68_2768,12227.944905476568
00bbac68_2769,12227.91535214075
00bbac68_2770,12227.885902955552
00bbac68_2771,12227.862656400424
00bbac68_2772,12227.834671668155
00bbac68_2773,12227.81318221836
00bbac68_2774,12227.78644784429
00bbac68_2775,12227.760310279413
00bbac68_2776,12227.743379455653
00bbac68_2777,12227.719988105364
00bbac68_2778,12227.703132073528
00bbac68_2779,12227.679874971918
00bbac68_2780,12227.656846796855
00bbac68_2781,12227.639993297224
00bbac68_2782,12227.61615741824
00bbac68_2783,12227.597270006914
00bbac68_2784,12227.572095276617
00bbac68_2785,12227.54688042569
00bbac68_2786,12227.5281808576
00bbac68_2787,12227.505307307512
00bbac68_2788,12227.487019165485
00bbac68_2789,12227.46285800654
00bbac68_2790,12227.441982865546
00bbac68_2791,12227.42531923626
00bbac68_2792,12227.40355211181
00bbac68_2793,12227.38781851415
00bbac68_2794,12227.3652470467
00bbac68_2795,12227.343267408396
00bbac68_2796,12227.326660644989
00bbac68_2797,12227.304332105115
00bbac68_2798,12227.286372543414
00bbac68_2799,12227.261282707434
00bbac68_2800,12227.236051400389
00bbac68_2801,12227.214778648937
00bbac68_2802,12227.186870619142
00bbac68_2803,12227.16524268314
00bbac68_2804,12227.139624664307
00bbac68_2805,12227.111044235764
00bbac68_2806,12227.087335657156
00bbac68_2807,12227.059596637944
00bbac68_2808,12227.036938136169
00bbac68_2809,12227.00871330642
00bbac68_2810,12226.980576348293
00bbac68_2811,12226.95770714091
00bbac68_2812,12226.93097604673
00bbac68_2813,12226.90965303421
00bbac68_2814,12226.882828764854
00bbac68_2815,12226.85568581194
00bbac68_2816,12226.832898392224
00bbac68_2817,12226.80445844678
00bbac68_2818,12226.780778085234
00bbac68_2819,12226.752440093547
00bbac68_2820,12226.7246267454
00bbac68_2821,12226.698555699792
00bbac68_2822,12226.66515052448
00bbac68_2823,12226.639911142927
00bbac68_2824,12226.61003307124
00bbac68_2825,12226.581255978192
00bbac68_2826,12226.559033123844
00bbac68_2827,12226.53091702125
00bbac68_2828,12226.509439501304
00bbac68_2829,12226.481873279356
00bbac68_2830,12226.453700626433
00bbac68_2831,12226.43195994168
00bbac68_2832,12226.405344807386
00bbac68_2833,12226.38535524784
00bbac68_2834,12226.36129732016
00bbac68_2835,12226.341980021476
00bbac68_2836,12226.318195000018
00bbac68_2837,12226.298720462451
00bbac68_2838,12226.280870178589
00bbac68_2839,12226.256333413325
00bbac68_2840,12226.239040888271
00bbac68_2841,12226.223568162586
00bbac68_2842,12226.208020073718
00bbac68_2843,12226.191080384291
00bbac68_2844,12226.174638376568
00bbac68_2845,12226.160902690674
00bbac68_2846,12226.149149052762
00bbac68_2847,12226.138034977936
00bbac68_2848,12226.128091999344
00bbac68_2849,12226.119479968083
00bbac68_2850,12226.112245277112
00bbac68_2851,12226.108637925052
00bbac68_2852,12226.096883045437
00bbac68_2853,12226.08514048551
00bbac68_2854,12226.078433027074
00bbac68_2855,12226.067249096228
00bbac68_2856,12226.055254294217
00bbac68_2857,12226.046620493436
00bbac68_2858,12226.037832548434
00bbac68_2859,12226.022034974389
00bbac68_2860,12226.013142707345
00bbac68_2861,12226.004655073895
00bbac68_2862,12225.990283683874
00bbac68_2863,12225.982126518862
00bbac68_2864,12225.97485840099
00bbac68_2865,12225.967258601762
00bbac68_2866,12225.959752933692
00bbac68_2867,12225.95367754071
00bbac68_2868,12225.948119130866
00bbac68_2869,12225.943972962814
00bbac68_2870,12225.94076540777
00bbac68_2871,12225.939241525444
00bbac68_2872,12225.937499039172
00bbac68_2873,12225.934276308057
00bbac68_2874,12225.937241886482
00bbac68_2875,12225.93375119748
00bbac68_2876,12225.931824928708
00bbac68_2877,12225.935116533434
00bbac68_2878,12225.932832998617
00bbac68_2879,12225.93603374434
00bbac68_2880,12225.93446980781
00bbac68_2881,12225.938645018308
00bbac68_2882,12225.939809822572
00bbac68_2883,12225.94814725404
00bbac68_2884,12225.95753999575
00bbac68_2885,12225.96157126285
00bbac68_2886,12225.970870481751
00bbac68_2887,12225.980103872149
00bbac68_2888,12225.98917442804
00bbac68_2889,12225.999573585612
00bbac68_2890,12226.009850538903
00bbac68_2891,12226.020626631382
00bbac68_2892,12226.033013879449
00bbac68_2893,12226.045946488968
00bbac68_2894,12226.056887620463
00bbac68_2895,12226.066610325895
00bbac68_2896,12226.077414921558
00bbac68_2897,12226.093453122048
00bbac68_2898,12226.104992469907
00bbac68_2899,12226.116286761431
00bbac68_2900,12226.13441209038
00bbac68_2901,12226.146664863549
00bbac68_2902,12226.162538257966
00bbac68_2903,12226.173069368044
00bbac68_2904,12226.188076806136
00bbac68_2905,12226.203702312485
00bbac68_2906,12226.213100952074
00bbac68_2907,12226.228829860178
00bbac68_2908,12226.24299672584
00bbac68_2909,12226.25737944718
00bbac68_2910,12226.263341756556
00bbac68_2911,12226.273114761128
00bbac68_2912,12226.282100634788
00bbac68_2913,12226.29206982292
00bbac68_2914,12226.300866087542
00bbac68_2915,12226.308472503224
00bbac68_2916,12226.315074719258
00bbac68_2917,12226.32613786669
00bbac68_2918,12226.33326548745
00bbac68_2919,12226.341699377455
00bbac68_2920,12226.350322611686
00bbac68_2921,12226.364896915806
00bbac68_2922,12226.373691153382
00bbac68_2923,12226.382341540426
00bbac68_2924,12226.395575398628
00bbac68_2925,12226.40433741222
00bbac68_2926,12226.417064135232
00bbac68_2927,12226.42355270102
00bbac68_2928,12226.436332436828
00bbac68_2929,12226.449285716946
00bbac68_2930,12226.455664357962
00bbac68_2931,12226.467782366226
00bbac68_2932,12226.473900796567
00bbac68_2933,12226.485854443112
00bbac68_2934,12226.493708104625
00bbac68_2935,12226.507839481224
00bbac68_2936,12226.522444941424
00bbac68_2937,12226.530207366028
00bbac68_2938,12226.54321023512
00bbac68_2939,12226.550166246718
00bbac68_2940,12226.563083748331
00bbac68_2941,12226.576932301656
00bbac68_2942,12226.5848879964
00bbac68_2943,12226.598867493163
00bbac68_2944,12226.605751544948
00bbac68_2945,12226.61847264965
00bbac68_2946,12226.63272463033
00bbac68_2947,12226.641617952742
00bbac68_2948,12226.656163049944
00bbac68_2949,12226.671030881214
00bbac68_2950,12226.679486072704
00bbac68_2951,12226.693917656306
00bbac68_2952,12226.707556863425
00bbac68_2953,12226.716999427825
00bbac68_2954,12226.731991792964
00bbac68_2955,12226.748381423537
00bbac68_2956,12226.760326308726
00bbac68_2957,12226.7781466968
00bbac68_2958,12226.794776583189
00bbac68_2959,12226.806260026668
00bbac68_2960,12226.824171789283
00bbac68_2961,12226.84225975768
00bbac68_2962,12226.858968238705
00bbac68_2963,12226.872200500266
00bbac68_2964,12226.89018545322
00bbac68_2965,12226.909294343008
00bbac68_2966,12226.923886945557
00bbac68_2967,12226.943512661675
00bbac68_2968,12226.96173760178
00bbac68_2969,12226.980938244444
00bbac68_2970,12226.992525765756
00bbac68_2971,12227.011509620192
00bbac68_2972,12227.03018564107
00bbac68_2973,12227.04872024363
00bbac68_2974,12227.06571395848
00bbac68_2975,12227.0774833256
00bbac68_2976,12227.093945296923
00bbac68_2977,12227.110562572145
00bbac68_2978,12227.124808628683
00bbac68_2979,12227.134834736516
00bbac68_2980,12227.148781280848
00bbac68_2981,12227.16249811063
00bbac68_2982,12227.176691194332
00bbac68_2983,12227.19042433875
00bbac68_2984,12227.204555989269
00bbac68_2985,12227.213305477007
00bbac68_2986,12227.22546224259
00bbac68_2987,12227.238490396709
00bbac68_2988,12227.252965219675
00bbac68_2989,12227.2658145891
00bbac68_2990,12227.278564589617
00bbac68_2991,12227.286692258174
00bbac68_2992,12227.300309792494
00bbac68_2993,12227.314851495204
00bbac68_2994,12227.329392940388
00bbac68_2995,12227.343883931451
00bbac68_2996,12227.356084775309
00bbac68_2997,12227.369489889124
00bbac68_2998,12227.38400420202
00bbac68_2999,12227.397856653552
00bbac68_3000,12227.40714048314
00bbac68_3001,12227.421634725948
00bbac68_3002,12227.436075936195
00bbac68_3003,12227.450857417338
00bbac68_3004,12227.465268189197
00bbac68_3005,12227.48124671393
00bbac68_3006,12227.49748113214
00bbac68_3007,12227.514025258464
00bbac68_3008,12227.530917352811
00bbac68_3009,12227.548662195602
00bbac68_3010,12227.566549022613
00bbac68_3011,12227.584340158672
00bbac68_3012,12227.601475827503
00bbac68_3013,12227.619446238908
00bbac68_3014,12227.637084587412
00bbac68_3015,12227.654227613815
00bbac68_3016,12227.671208293908
00bbac68_3017,12227.688573469495
00bbac68_3018,12227.707111013946
00bbac68_3019,12227.72430554924
00bbac68_3020,12227.74298829338
00bbac68_3021,12227.76089320502
00bbac68_3022,12227.777714580092
00bbac68_3023,12227.793842659285
00bbac68_3024,12227.810983133975
00bbac68_3025,12227.83008736526
00bbac68_3026,12227.849264397712
00bbac68_3027,12227.868463940287
00bbac68_3028,12227.88791354368
00bbac68_3029,12227.90822780542
00bbac68_3030,12227.927639918666
00bbac68_3031,12227.94657824147
00bbac68_3032,12227.965857438034
00bbac68_3033,12227.986447751357
00bbac68_3034,12228.006262814832
00bbac68_3035,12228.027064924532
00bbac68_3036,12228.047083554313
00bbac68_3037,12228.068916888868
00bbac68_3038,12228.09009916508
00bbac68_3039,12228.110835474125
00bbac68_3040,12228.132518970013
00bbac68_3041,12228.15453102926
00bbac68_3042,12228.177499562418
00bbac68_3043,12228.198938463356
00bbac68_3044,12228.226229295056
00bbac68_3045,12228.248840055794
00bbac68_3046,12228.27149108221
00bbac68_3047,12228.294509225892
00bbac68_3048,12228.318595235833
00bbac68_3049,12228.340706622195
00bbac68_3050,12228.363013010356
00bbac68_3051,12228.385476218224
00bbac68_3052,12228.406551426116
00bbac68_3053,12228.427746659669
00bbac68_3054,12228.454578590732
00bbac68_3055,12228.475330644424
00bbac68_3056,12228.496256972112
00bbac68_3057,12228.517076814833
00bbac68_3058,12228.537803217554
00bbac68_3059,12228.556824875744
00bbac68_3060,12228.578007571905
00bbac68_3061,12228.59958819322
00bbac68_3062,12228.627808742083
00bbac68_3063,12228.649254852093
00bbac68_3064,12228.6707039274
00bbac68_3065,12228.691077053054
00bbac68_3066,12228.710253289237
00bbac68_3067,12228.729894187642
00bbac68_3068,12228.747475415084
00bbac68_3069,12228.770709743
00bbac68_3070,12228.787774379543
00bbac68_3071,12228.80341882405
00bbac68_3072,12228.817242686371
00bbac68_3073,12228.831447532077
00bbac68_3074,12228.845090913455
00bbac68_3075,12228.862307930154
00bbac68_3076,12228.871726632724
00bbac68_3077,12228.882973443884
00bbac68_3078,12228.893861464212
00bbac68_3079,12228.90447892015
00bbac68_3080,12228.922580952903
00bbac68_3081,12228.93337323883
00bbac68_3082,12228.94396478412
00bbac68_3083,12228.956314059838
00bbac68_3084,12228.966075026325
00bbac68_3085,12228.981758464684
00bbac68_3086,12228.991467967751
00bbac68_3087,12229.000905216782
00bbac68_3088,12229.009034381874
00bbac68_3089,12229.016871137996
00bbac68_3090,12229.02953839656
00bbac68_3091,12229.03688988867
00bbac68_3092,12229.04339736686
00bbac68_3093,12229.051500781814
00bbac68_3094,12229.06392124485
00bbac68_3095,12229.071409638842
00bbac68_3096,12229.07913982257
00bbac68_3097,12229.087665801744
00bbac68_3098,12229.100171234864
00bbac68_3099,12229.10901557995
00bbac68_3100,12229.11962454874
00bbac68_3101,12229.131473611542
00bbac68_3102,12229.150078179042
00bbac68_3103,12229.163265460951
00bbac68_3104,12229.181292244622
00bbac68_3105,12229.201555886782
00bbac68_3106,12229.229700844837
00bbac68_3107,12229.254914997851
00bbac68_3108,12229.283180236636
00bbac68_3109,12229.31229340706
00bbac68_3110,12229.349339326403
00bbac68_3111,12229.382337757768
00bbac68_3112,12229.41731502444
00bbac68_3113,12229.4609843198
00bbac68_3114,12229.50066429412
00bbac68_3115,12229.54427280801
00bbac68_3116,12229.59574001189
00bbac68_3117,12229.64373452796
00bbac68_3118,12229.693571089512
00bbac68_3119,12229.750623198608
00bbac68_3120,12229.804118291244
00bbac68_3121,12229.859181065944
00bbac68_3122,12229.9206226019
00bbac68_3123,12229.976829329094
00bbac68_3124,12230.035494858188
00bbac68_3125,12230.100603072644
00bbac68_3126,12230.16120122304
00bbac68_3127,12230.22046131633
00bbac68_3128,12230.2848605451
00bbac68_3129,12230.342812831932
00bbac68_3130,12230.400453728913
00bbac68_3131,12230.463051817162
00bbac68_3132,12230.51831547062
00bbac68_3133,12230.577834683045
00bbac68_3134,12230.629881760266
00bbac68_3135,12230.679654872893
00bbac68_3136,12230.732710333536
00bbac68_3137,12230.78072985245
00bbac68_3138,12230.83187377507
00bbac68_3139,12230.875216730652
00bbac68_3140,12230.921893846997
00bbac68_3141,12230.96003176108
00bbac68_3142,12230.995794805442
00bbac68_3143,12231.033939881174
00bbac68_3144,12231.061446320791
00bbac68_3145,12231.093844595693
00bbac68_3146,12231.120116528244
00bbac68_3147,12231.149634494912
00bbac68_3148,12231.168880889552
00bbac68_3149,12231.19113066372
00bbac68_3150,12231.207691455083
00bbac68_3151,12231.22699751216
00bbac68_3152,12231.239355796974
00bbac68_3153,12231.25694387824
00bbac68_3154,12231.266941856527
00bbac68_3155,12231.28276463586
00bbac68_3156,12231.29514135505
00bbac68_3157,12231.314812566538
00bbac68_3158,12231.33134676443
00bbac68_3159,12231.35250919409
00bbac68_3160,12231.369239451433
00bbac68_3161,12231.39137436808
00bbac68_3162,12231.408933087228
00bbac68_3163,12231.429865056229
00bbac68_3164,12231.447447215083
00bbac68_3165,12231.472110949584
00bbac68_3166,12231.492498667896
00bbac68_3167,12231.519323757528
00bbac68_3168,12231.54932005864
00bbac68_3169,12231.576322274295
00bbac68_3170,12231.610872442368
00bbac68_3171,12231.642126011844
00bbac68_3172,12231.682865845076
00bbac68_3173,12231.71983566002
00bbac68_3174,12231.76408667829
00bbac68_3175,12231.808931219715
00bbac68_3176,12231.848639686816
00bbac68_3177,12231.89642421616
00bbac68_3178,12231.94538618283
00bbac68_3179,12231.991025929388
00bbac68_3180,12232.04373738772
00bbac68_3181,12232.09031748003
00bbac68_3182,12232.142826324114
00bbac68_3183,12232.195666075895
00bbac68_3184,12232.245191480686
00bbac68_3185,12232.29806503565
00bbac68_3186,12232.350547291004
00bbac68_3187,12232.396597596402
00bbac68_3188,12232.448454315814
00bbac68_3189,12232.500922444746
00bbac68_3190,12232.5474653513
00bbac68_3191,12232.59656641344
00bbac68_3192,12232.64685309829
00bbac68_3193,12232.689893075509
00bbac68_3194,12232.735830432288
00bbac68_3195,12232.781545521972
00bbac68_3196,12232.825305607934
00bbac68_3197,12232.862491342656
00bbac68_3198,12232.90392065084
00bbac68_3199,12232.94304511408
00bbac68_3200,12232.976595984845
00bbac68_3201,12233.01261434474
00bbac68_3202,12233.048413051483
00bbac68_3203,12233.083058300206
00bbac68_3204,12233.112306048231
00bbac68_3205,12233.147383691432
00bbac68_3206,12233.18177431087
00bbac68_3207,12233.213484175069
00bbac68_3208,12233.23595214765
00bbac68_3209,12233.264089574108
00bbac68_3210,12233.293176884865
00bbac68_3211,12233.321150282738
00bbac68_3212,12233.348884758394
00bbac68_3213,12233.369557358725
00bbac68_3214,12233.397228888312
00bbac68_3215,12233.425145998455
00bbac68_3216,12233.45358504726
00bbac68_3217,12233.475724432235
00bbac68_3218,12233.501836583073
00bbac68_3219,12233.525600594605
00bbac68_3220,12233.549434932776
00bbac68_3221,12233.566900563126
00bbac68_3222,12233.59025591852
00bbac68_3223,12233.611269864874
00bbac68_3224,12233.630052495431
00bbac68_3225,12233.653479543584
00bbac68_3226,12233.676693725502
00bbac68_3227,12233.700766402864
00bbac68_3228,12233.718641188863
00bbac68_3229,12233.741577177045
00bbac68_3230,12233.7645709854
00bbac68_3231,12233.783075961665
00bbac68_3232,12233.807345377503
00bbac68_3233,12233.831841533662
00bbac68_3234,12233.851510159642
00bbac68_3235,12233.877763588776
00bbac68_3236,12233.90380021434
00bbac68_3237,12233.931400613445
00bbac68_3238,12233.952520542784
00bbac68_3239,12233.980297124148
00bbac68_3240,12234.008710270293
00bbac68_3241,12234.029448203217
00bbac68_3242,12234.055766584705
00bbac68_3243,12234.081957867798
00bbac68_3244,12234.103684405014
00bbac68_3245,12234.131855248956
00bbac68_3246,12234.152539426836
00bbac68_3247,12234.180466687423
00bbac68_3248,12234.209160594064
00bbac68_3249,12234.231741837271
00bbac68_3250,12234.258610408526
00bbac68_3251,12234.285202351908
00bbac68_3252,12234.307850261848
00bbac68_3253,12234.334868649174
00bbac68_3254,12234.363705344676
00bbac68_3255,12234.386783439466
00bbac68_3256,12234.4146032014
00bbac68_3257,12234.43616803165
00bbac68_3258,12234.461838476584
00bbac68_3259,12234.489190460014
00bbac68_3260,12234.510030495989
00bbac68_3261,12234.536868819754
00bbac68_3262,12234.557324075238
00bbac68_3263,12234.583764080491
00bbac68_3264,12234.60874678896
00bbac68_3265,12234.626420568313
00bbac68_3266,12234.651016602716
00bbac68_3267,12234.668503939414
00bbac68_3268,12234.692436600191
00bbac68_3269,12234.71286936174
00bbac68_3270,12234.739320761008
00bbac68_3271,12234.762817381235
00bbac68_3272,12234.78017624825
00bbac68_3273,12234.80387585886
00bbac68_3274,12234.82094199902
00bbac68_3275,12234.84375601354
00bbac68_3276,12234.860950290938
00bbac68_3277,12234.882370206287
00bbac68_3278,12234.89785122114
00bbac68_3279,12234.918486904466
00bbac68_3280,12234.941186364636
00bbac68_3281,12234.958834096986
00bbac68_3282,12234.982204244565
00bbac68_3283,12234.999914032907
00bbac68_3284,12235.025338516833
00bbac68_3285,12235.046672700037
00bbac68_3286,12235.072289953254
00bbac68_3287,12235.092829131794
00bbac68_3288,12235.121284657043
00bbac68_3289,12235.144586363713
00bbac68_3290,12235.173242611843
00bbac68_3291,12235.195998703992
00bbac68_3292,12235.22590562317
00bbac68_3293,12235.249487194647
00bbac68_3294,12235.279274984252
00bbac68_3295,12235.302780369666
00bbac68_3296,12235.332223217436
00bbac68_3297,12235.357985412236
00bbac68_3298,12235.39129119106
00bbac68_3299,12235.419817678536
00bbac68_3300,12235.453451326552
00bbac68_3301,12235.481815512594
00bbac68_3302,12235.514782186388
00bbac68_3303,12235.54316128194
00bbac68_3304,12235.57252343924
00bbac68_3305,12235.605960969146
00bbac68_3306,12235.632446238877
00bbac68_3307,12235.665057432629
00bbac68_3308,12235.691386703083
00bbac68_3309,12235.72202406353
00bbac68_3310,12235.745947566797
00bbac68_3311,12235.768876095048
00bbac68_3312,12235.797208620015
00bbac68_3313,12235.820809117064
00bbac68_3314,12235.848935442382
00bbac68_3315,12235.870638361235
00bbac68_3316,12235.890803577273
00bbac68_3317,12235.916626321556
00bbac68_3318,12235.937524974634
00bbac68_3319,12235.96396483566
00bbac68_3320,12235.984801468305
00bbac68_3321,12236.00486386925
00bbac68_3322,12236.03069926631
00bbac68_3323,12236.05091239206
00bbac68_3324,12236.07016168538
00bbac68_3325,12236.094098988771
00bbac68_3326,12236.112014378126
00bbac68_3327,12236.129382940471
00bbac68_3328,12236.147564685736
00bbac68_3329,12236.170520756576
00bbac68_3330,12236.188773834569
00bbac68_3331,12236.206651489956
00bbac68_3332,12236.230518617016
00bbac68_3333,12236.249420068843
00bbac68_3334,12236.2685291793
00bbac68_3335,12236.28821943072
00bbac68_3336,12236.312697195512
00bbac68_3337,12236.333567711885
00bbac68_3338,12236.3534258311
00bbac68_3339,12236.375393210605
00bbac68_3340,12236.403372263188
00bbac68_3341,12236.425778599823
00bbac68_3342,12236.448464178316
00bbac68_3343,12236.471177158535
00bbac68_3344,12236.494410653006
00bbac68_3345,12236.521729267168
00bbac68_3346,12236.54692660296
00bbac68_3347,12236.5714507767
00bbac68_3348,12236.5955693279
00bbac68_3349,12236.617902342208
00bbac68_3350,12236.63935887322
00bbac68_3351,12236.666643041175
00bbac68_3352,12236.68956678912
00bbac68_3353,12236.713195592683
00bbac68_3354,12236.73343842852
00bbac68_3355,12236.753816772918
00bbac68_3356,12236.776748013646
00bbac68_3357,12236.801737596046
00bbac68_3358,12236.824793373453
00bbac68_3359,12236.852441229545
00bbac68_3360,12236.876246838136
00bbac68_3361,12236.900059326052
00bbac68_3362,12236.923197667144
00bbac68_3363,12236.94651435495
00bbac68_3364,12236.96840089119
00bbac68_3365,12236.99018839852
00bbac68_3366,12237.01107263455
00bbac68_3367,12237.036075699883
00bbac68_3368,12237.058890986333
00bbac68_3369,12237.08275311792
00bbac68_3370,12237.10533193102
00bbac68_3371,12237.131954243408
00bbac68_3372,12237.155957622015
00bbac68_3373,12237.182125978334
00bbac68_3374,12237.206295711872
00bbac68_3375,12237.233761068092
00bbac68_3376,12237.259634167309
00bbac68_3377,12237.287262624604
00bbac68_3378,12237.31304682673
00bbac68_3379,12237.338130121632
00bbac68_3380,12237.363406719904
00bbac68_3381,12237.38853560359
00bbac68_3382,12237.413116083815
00bbac68_3383,12237.437871354525
00bbac68_3384,12237.461686721766
00bbac68_3385,12237.48508145968
00bbac68_3386,12237.511893236358
00bbac68_3387,12237.5376983782
00bbac68_3388,12237.565980155336
00bbac68_3389,12237.587515903748
00bbac68_3390,12237.61473865782
00bbac68_3391,12237.640845461288
00bbac68_3392,12237.666004142597
00bbac68_3393,12237.69118813183
00bbac68_3394,12237.71739212556
00bbac68_3395,12237.741320692205
00bbac68_3396,12237.764698199857
00bbac68_3397,12237.78063592619
00bbac68_3398,12237.8017798827
00bbac68_3399,12237.821221213206
00bbac68_3400,12237.839033289563
00bbac68_3401,12237.854232472891
00bbac68_3402,12237.871553195271
00bbac68_3403,12237.881090923907
00bbac68_3404,12237.89777816919
00bbac68_3405,12237.914071050109
00bbac68_3406,12237.9322501227
00bbac68_3407,12237.938559563598
00bbac68_3408,12237.950049393814
00bbac68_3409,12237.95921103816
00bbac68_3410,12237.963151628535
00bbac68_3411,12237.970743594748
00bbac68_3412,12237.979844239895
00bbac68_3413,12237.987035187129
00bbac68_3414,12237.988360839609
00bbac68_3415,12237.993485716695
00bbac68_3416,12237.99463336691
00bbac68_3417,12237.999742225056
00bbac68_3418,12238.005911293678
00bbac68_3419,12238.006111875551
00bbac68_3420,12238.013117884802
00bbac68_3421,12238.01444220508
00bbac68_3422,12238.020921013902
00bbac68_3423,12238.024912596384
00bbac68_3424,12238.024894683036
00bbac68_3425,12238.02872003282
00bbac68_3426,12238.027363959109
00bbac68_3427,12238.03131653004
00bbac68_3428,12238.030678586209
00bbac68_3429,12238.035759983764
00bbac68_3430,12238.03749822468
00bbac68_3431,12238.04333046
00bbac68_3432,12238.043108554417
00bbac68_3433,12238.05207772367
00bbac68_3434,12238.05662430813
00bbac68_3435,12238.059008190688
00bbac68_3436,12238.066886454266
00bbac68_3437,12238.070030767394
00bbac68_3438,12238.077766374849
00bbac68_3439,12238.081259455208
00bbac68_3440,12238.084129765568
00bbac68_3441,12238.092574601642
00bbac68_3442,12238.092048069562
00bbac68_3443,12238.094233299566
00bbac68_3444,12238.101435626078
00bbac68_3445,12238.103838393054
00bbac68_3446,12238.10523465707
00bbac68_3447,12238.1055663402
00bbac68_3448,12238.110953826752
00bbac68_3449,12238.111257740453
00bbac68_3450,12238.111440033956
00bbac68_3451,12238.112873305134
00bbac68_3452,12238.120899112231
00bbac68_3453,12238.12425921985
00bbac68_3454,12238.125997445512
00bbac68_3455,12238.129871018553
00bbac68_3456,12238.133353276906
00bbac68_3457,12238.144000974182
00bbac68_3458,12238.1503990057
00bbac68_3459,12238.156234828077
00bbac68_3460,12238.161369001406
00bbac68_3461,12238.170042381687
00bbac68_3462,12238.180587261611
00bbac68_3463,12238.191821887358
00bbac68_3464,12238.20364066321
00bbac68_3465,12238.21923680594
00bbac68_3466,12238.240878497349
00bbac68_3467,12238.259306391774
00bbac68_3468,12238.277678543836
00bbac68_3469,12238.297543784049
00bbac68_3470,12238.31847171225
00bbac68_3471,12238.341179318762
00bbac68_3472,12238.363418356294
00bbac68_3473,12238.386214413164
00bbac68_3474,12238.408064353756
00bbac68_3475,12238.42905625391
00bbac68_3476,12238.451613939067
00bbac68_3477,12238.470609101669
00bbac68_3478,12238.494063603386
00bbac68_3479,12238.516361251568
00bbac68_3480,12238.537344201028
00bbac68_3481,12238.56197739642
00bbac68_3482,12238.585428837134
00bbac68_3483,12238.610417981849
00bbac68_3484,12238.631604805352
00bbac68_3485,12238.651642930405
00bbac68_3486,12238.667038338384
00bbac68_3487,12238.688248677372
00bbac68_3488,12238.709589171456
00bbac68_3489,12238.72980588748
00bbac68_3490,12238.749754147988
00bbac68_3491,12238.763089871036
00bbac68_3492,12238.780749388
00bbac68_3493,12238.799679754276
00bbac68_3494,12238.819085718073
00bbac68_3495,12238.82934301857
00bbac68_3496,12238.844869761477
00bbac68_3497,12238.856614202365
00bbac68_3498,12238.863112267458
00bbac68_3499,12238.873282254888
00bbac68_3500,12238.883426388464
00bbac68_3501,12238.884767939477
00bbac68_3502,12238.892008249288
00bbac68_3503,12238.89855397804
00bbac68_3504,12238.909553212883
00bbac68_3505,12238.917782275188
00bbac68_3506,12238.918918963967
00bbac68_3507,12238.924504986942
00bbac68_3508,12238.925315675322
00bbac68_3509,12238.932630357904
00bbac68_3510,12238.93547492056
00bbac68_3511,12238.942993747216
00bbac68_3512,12238.94419021778
00bbac68_3513,12238.947244032484
00bbac68_3514,12238.947424365666
00bbac68_3515,12238.953704395382
00bbac68_3516,12238.9562499815
00bbac68_3517,12238.956592481554
00bbac68_3518,12238.966528614408
00bbac68_3519,12238.971003271225
00bbac68_3520,12238.976740498245
00bbac68_3521,12238.991431965322
00bbac68_3522,12239.004523547646
00bbac68_3523,12239.0180594512
00bbac68_3524,12239.037486234894
00bbac68_3525,12239.050358809976
00bbac68_3526,12239.0619278578
00bbac68_3527,12239.07280730514
00bbac68_3528,12239.090459797291
00bbac68_3529,12239.105482921666
00bbac68_3530,12239.120496286474
00bbac68_3531,12239.134990760653
00bbac68_3532,12239.15468670895
00bbac68_3533,12239.165591782606
00bbac68_3534,12239.172761415904
00bbac68_3535,12239.177881619204
00bbac68_3536,12239.185745980776
00bbac68_3537,12239.191723683609
00bbac68_3538,12239.193898611928
00bbac68_3539,12239.192653202368
00bbac68_3540,12239.190996437184
00bbac68_3541,12239.186628099656
00bbac68_3542,12239.183308795178
00bbac68_3543,12239.172447352412
00bbac68_3544,12239.158468508762
00bbac68_3545,12239.141122958206
00bbac68_3546,12239.11751043856
00bbac68_3547,12239.097360449032
00bbac68_3548,12239.073764205175
00bbac68_3549,12239.047720016775
00bbac68_3550,12239.021368054498
00bbac68_3551,12238.992687081804
00bbac68_3552,12238.961849249876
00bbac68_3553,12238.92913316073
00bbac68_3554,12238.895110398696
00bbac68_3555,12238.85957969426
00bbac68_3556,12238.81862715684
00bbac68_3557,12238.777230665191
00bbac68_3558,12238.735189718824
00bbac68_3559,12238.69119488162
00bbac68_3560,12238.644784944292
00bbac68_3561,12238.5890307568
00bbac68_3562,12238.536418165317
00bbac68_3563,12238.481686711257
00bbac68_3564,12238.422886240083
00bbac68_3565,12238.355548563748
00bbac68_3566,12238.293084622564
00bbac68_3567,12238.229752792491
00bbac68_3568,12238.16097752266
00bbac68_3569,12238.094589542718
00bbac68_3570,12238.025483871845
00bbac68_3571,12237.949363271506
00bbac68_3572,12237.876175821348
00bbac68_3573,12237.797860853716
00bbac68_3574,12237.727980907195
00bbac68_3575,12237.651651771252
00bbac68_3576,12237.581082560511
00bbac68_3577,12237.510100048945
00bbac68_3578,12237.438258191383
00bbac68_3579,12237.374126421617
00bbac68_3580,12237.306464557916
00bbac68_3581,12237.24154748092
00bbac68_3582,12237.184067177132
00bbac68_3583,12237.121904626514
00bbac68_3584,12237.0672788168
00bbac68_3585,12237.00929748571
00bbac68_3586,12236.960231125591
00bbac68_3587,12236.90941866465
00bbac68_3588,12236.86065240034
00bbac68_3589,12236.818798721026
00bbac68_3590,12236.771754340238
00bbac68_3591,12236.731700502656
00bbac68_3592,12236.68914024908
00bbac68_3593,12236.647909598269
00bbac68_3594,12236.613945520448
00bbac68_3595,12236.57888270493
00bbac68_3596,12236.546823277353
00bbac68_3597,12236.522212425894
00bbac68_3598,12236.494192436196
00bbac68_3599,12236.472212337105
00bbac68_3600,12236.448320401998
00bbac68_3601,12236.426746505513
00bbac68_3602,12236.415436933912
00bbac68_3603,12236.399840797663
00bbac68_3604,12236.386117675422
00bbac68_3605,12236.380470558026
00bbac68_3606,12236.370987724513
00bbac68_3607,12236.360963303774
00bbac68_3608,12236.356767916848
00bbac68_3609,12236.348681100397
00bbac68_3610,12236.345626477652
00bbac68_3611,12236.337850137726
00bbac68_3612,12236.33154299625
00bbac68_3613,12236.329999956364
00bbac68_3614,12236.324117895952
00bbac68_3615,12236.317229459806
00bbac68_3616,12236.3186438794
00bbac68_3617,12236.312608219878
00bbac68_3618,12236.3069376929
00bbac68_3619,12236.30720591562
00bbac68_3620,12236.3008021499
00bbac68_3621,12236.294211975684
00bbac68_3622,12236.292843606676
00bbac68_3623,12236.286685776264
00bbac68_3624,12236.27869060714
00bbac68_3625,12236.2755131943
00bbac68_3626,12236.26784058124
00bbac68_3627,12236.258644086907
00bbac68_3628,12236.25535418581
00bbac68_3629,12236.245948520636
00bbac68_3630,12236.237100177765
00bbac68_3631,12236.232180662146
00bbac68_3632,12236.22091478714
00bbac68_3633,12236.211277851931
00bbac68_3634,12236.205267361704
00bbac68_3635,12236.193591928011
00bbac68_3636,12236.18145589432
00bbac68_3637,12236.170048025391
00bbac68_3638,12236.16526319311
00bbac68_3639,12236.154608170644
00bbac68_3640,12236.144875493675
00bbac68_3641,12236.139687296938
00bbac68_3642,12236.129253650215
00bbac68_3643,12236.120533589625
00bbac68_3644,12236.115850530876
00bbac68_3645,12236.105843754773
00bbac68_3646,12236.096169927196
00bbac68_3647,12236.092909409766
00bbac68_3648,12236.083510059618
00bbac68_3649,12236.07436138115
00bbac68_3650,12236.066114321788
00bbac68_3651,12236.06250216724
00bbac68_3652,12236.05400935946
00bbac68_3653,12236.04512324382
00bbac68_3654,12236.043125861886
00bbac68_3655,12236.03486276068
00bbac68_3656,12236.02661866557
00bbac68_3657,12236.02015392034
00bbac68_3658,12236.018507245451
00bbac68_3659,12236.011249192794
00bbac68_3660,12236.004831793964
00bbac68_3661,12236.005543389976
00bbac68_3662,12235.999776593177
00bbac68_3663,12235.993447023857
00bbac68_3664,12235.988045148086
00bbac68_3665,12235.987079956583
00bbac68_3666,12235.980814337649
00bbac68_3667,12235.97348955246
00bbac68_3668,12235.967369311902
00bbac68_3669,12235.966584900196
00bbac68_3670,12235.959617523577
00bbac68_3671,12235.954253142458
00bbac68_3672,12235.948167993658
00bbac68_3673,12235.947335391573
00bbac68_3674,12235.941586684188
00bbac68_3675,12235.937240395517
00bbac68_3676,12235.9377854602
00bbac68_3677,12235.931220677105
00bbac68_3678,12235.926776218406
00bbac68_3679,12235.92069733427
00bbac68_3680,12235.92132543174
00bbac68_3681,12235.91693070453
00bbac68_3682,12235.913016181934
00bbac68_3683,12235.907946173293
00bbac68_3684,12235.90263118548
00bbac68_3685,12235.904709247605
00bbac68_3686,12235.9001212678
00bbac68_3687,12235.89588276906
00bbac68_3688,12235.8911673191
00bbac68_3689,12235.887917369904
00bbac68_3690,12235.88349921117
00bbac68_3691,12235.878703708324
00bbac68_3692,12235.878698931516
00bbac68_3693,12235.873445741803
00bbac68_3694,12235.867360749256
00bbac68_3695,12235.860140035438
00bbac68_3696,12235.855411362314
00bbac68_3697,12235.849566361756
00bbac68_3698,12235.843161240386
00bbac68_3699,12235.837655870302
00bbac68_3700,12235.830733773222
00bbac68_3701,12235.824783068823
00bbac68_3702,12235.818122426905
00bbac68_3703,12235.810924664444
00bbac68_3704,12235.8023331145
00bbac68_3705,12235.7921165282
00bbac68_3706,12235.782774340269
00bbac68_3707,12235.766537739602
00bbac68_3708,12235.756193235564
00bbac68_3709,12235.74503271938
00bbac68_3710,12235.735687998273
00bbac68_3711,12235.725454571384
00bbac68_3712,12235.716453677183
00bbac68_3713,12235.70640793213
00bbac68_3714,12235.690063395556
00bbac68_3715,12235.680546831947
00bbac68_3716,12235.670428416532
00bbac68_3717,12235.660980423065
00bbac68_3718,12235.643906240868
00bbac68_3719,12235.631853368151
00bbac68_3720,12235.620397479865
00bbac68_3721,12235.607430799357
00bbac68_3722,12235.587716036223
00bbac68_3723,12235.576473776277
00bbac68_3724,12235.563972686148
00bbac68_3725,12235.543971301324
00bbac68_3726,12235.530576011872
00bbac68_3727,12235.518496738792
00bbac68_3728,12235.499976896635
00bbac68_3729,12235.487076331514
00bbac68_3730,12235.468689000792
00bbac68_3731,12235.45669745389
00bbac68_3732,12235.443984626128
00bbac68_3733,12235.42367684574
00bbac68_3734,12235.410793782276
00bbac68_3735,12235.388617909864
00bbac68_3736,12235.370996931091
00bbac68_3737,12235.348464231529
00bbac68_3738,12235.331105250229
00bbac68_3739,12235.308474934118
00bbac68_3740,12235.28951696966
00bbac68_3741,12235.26288175012
00bbac68_3742,12235.239398578062
00bbac68_3743,12235.203152966738
00bbac68_3744,12235.169315437248
00bbac68_3745,12235.146308213822
00bbac68_3746,12235.117205547527
00bbac68_3747,12235.095377361273
00bbac68_3748,12235.072952396558
00bbac68_3749,12235.050874030056
00bbac68_3750,12235.034251581674
00bbac68_3751,12235.013440947518
00bbac68_3752,12234.997767668248
00bbac68_3753,12234.98985765423
00bbac68_3754,12234.975997057429
00bbac68_3755,12234.964082640814
00bbac68_3756,12234.952355433674
00bbac68_3757,12234.947205327366
00bbac68_3758,12234.93735855624
00bbac68_3759,12234.929232965053
00bbac68_3760,12234.920735634088
00bbac68_3761,12234.91468149759
00bbac68_3762,12234.915452004128
00bbac68_3763,12234.90793660949
00bbac68_3764,12234.902883121646
00bbac68_3765,12234.902694631117
00bbac68_3766,12234.912101344467
00bbac68_3767,12234.922369505432
00bbac68_3768,12234.934573907904
00bbac68_3769,12234.950095730514
00bbac68_3770,12234.972328259088
00bbac68_3771,12234.98572103658
00bbac68_3772,12234.9986550321
00bbac68_3773,12235.010734980331
00bbac68_3774,12235.0201023184
00bbac68_3775,12235.026436605633
00bbac68_3776,12235.030478568891
00bbac68_3777,12235.030215566658
00bbac68_3778,12235.029655865435
00bbac68_3779,12235.025445085064
00bbac68_3780,12235.022569769306
00bbac68_3781,12235.023455169496
00bbac68_3782,12235.027199133416
00bbac68_3783,12235.031473808913
00bbac68_3784,12235.031603148584
00bbac68_3785,12235.033134706557
00bbac68_3786,12235.0365963288
00bbac68_3787,12235.036428279134
00bbac68_3788,12235.03338514826
00bbac68_3789,12235.031543128662
00bbac68_3790,12235.029783547678
00bbac68_3791,12235.027501948078
00bbac68_3792,12235.029417888823
00bbac68_3793,12235.02373685232
00bbac68_3794,12235.018974439696
00bbac68_3795,12235.014235508716
00bbac68_3796,12235.013838422004
00bbac68_3797,12235.007312655944
00bbac68_3798,12235.001301818644
00bbac68_3799,12234.994929779168
00bbac68_3800,12234.992878604857
00bbac68_3801,12234.981776617784
00bbac68_3802,12234.97220982769
00bbac68_3803,12234.970782966604
00bbac68_3804,12234.970984315716
00bbac68_3805,12234.970209592437
00bbac68_3806,12234.974638750347
00bbac68_3807,12234.972744945831
00bbac68_3808,12234.975213389258
00bbac68_3809,12234.96938783459
00bbac68_3810,12234.966677744203
00bbac68_3811,12234.969673205662
00bbac68_3812,12234.965422648358
00bbac68_3813,12234.96533876349
00bbac68_3814,12234.960433380966
00bbac68_3815,12234.963039096963
00bbac68_3816,12234.957633047565
00bbac68_3817,12234.956755007644
00bbac68_3818,12234.95216297433
00bbac68_3819,12234.95026230091
00bbac68_3820,12234.945038342808
00bbac68_3821,12234.944798589297
00bbac68_3822,12234.938022852137
00bbac68_3823,12234.937017974336
00bbac68_3824,12234.92718171272
00bbac68_3825,12234.921737617118
00bbac68_3826,12234.913892664512
00bbac68_3827,12234.89636596445
00bbac68_3828,12234.884714968995
00bbac68_3829,12234.86836209044
00bbac68_3830,12234.85400999345
00bbac68_3831,12234.839508344776
00bbac68_3832,12234.820114896398
00bbac68_3833,12234.805724377273
00bbac68_3834,12234.790614940111
00bbac68_3835,12234.77050754014
00bbac68_3836,12234.757498865554
00bbac68_3837,12234.745778363307
00bbac68_3838,12234.736208016267
00bbac68_3839,12234.717071333009
00bbac68_3840,12234.702817079493
00bbac68_3841,12234.688940676611
00bbac68_3842,12234.676252815503
00bbac68_3843,12234.658221146334
00bbac68_3844,12234.643913551938
00bbac68_3845,12234.629753123188
00bbac68_3846,12234.613492959888
00bbac68_3847,12234.599171891095
00bbac68_3848,12234.587356734566
00bbac68_3849,12234.569029466142
00bbac68_3850,12234.55797937086
00bbac68_3851,12234.546870964132
00bbac68_3852,12234.53517225556
00bbac68_3853,12234.525069976902
00bbac68_3854,12234.515391085792
00bbac68_3855,12234.507414031912
00bbac68_3856,12234.499595128327
00bbac68_3857,12234.493127944052
00bbac68_3858,12234.488592596186
00bbac68_3859,12234.483758656625
00bbac68_3860,12234.478771738794
00bbac68_3861,12234.474502242489
00bbac68_3862,12234.470102391691
00bbac68_3863,12234.46554224948
00bbac68_3864,12234.46241951571
00bbac68_3865,12234.457282012245
00bbac68_3866,12234.45091340621
00bbac68_3867,12234.444058878891
00bbac68_3868,12234.439082447663
00bbac68_3869,12234.435351438404
00bbac68_3870,12234.434226117966
00bbac68_3871,12234.431274876166
00bbac68_3872,12234.430754100293
00bbac68_3873,12234.431398655155
00bbac68_3874,12234.431752696404
00bbac68_3875,12234.430194517634
00bbac68_3876,12234.427416394235
00bbac68_3877,12234.423255847953
00bbac68_3878,12234.422994970344
00bbac68_3879,12234.41459912244
00bbac68_3880,12234.408526453804
00bbac68_3881,12234.39743053711
00bbac68_3882,12234.385032501414
00bbac68_3883,12234.372862879329
00bbac68_3884,12234.36030079293
00bbac68_3885,12234.3494003311
00bbac68_3886,12234.337822630789
00bbac68_3887,12234.328121497185
00bbac68_3888,12234.318325136934
00bbac68_3889,12234.302201838893
00bbac68_3890,12234.289586081684
00bbac68_3891,12234.276868237346
00bbac68_3892,12234.263301805058
00bbac68_3893,12234.247149138624
00bbac68_3894,12234.232590489664
00bbac68_3895,12234.219148180604
00bbac68_3896,12234.206304252237
00bbac68_3897,12234.19122001552
00bbac68_3898,12234.178559898406
00bbac68_3899,12234.164385024596
00bbac68_3900,12234.149834190252
00bbac68_3901,12234.134842167852
00bbac68_3902,12234.115888164444
00bbac68_3903,12234.099683126708
00bbac68_3904,12234.084699997922
00bbac68_3905,12234.070225841428
00bbac68_3906,12234.056729845835
00bbac68_3907,12234.043831455108
00bbac68_3908,12234.031965204733
00bbac68_3909,12234.013956748731
00bbac68_3910,12234.00573406745
00bbac68_3911,12233.997345102449
00bbac68_3912,12233.987422925737
00bbac68_3913,12233.976009032947
00bbac68_3914,12233.961714194513
00bbac68_3915,12233.955303090808
00bbac68_3916,12233.952620766771
00bbac68_3917,12233.950092317507
00bbac68_3918,12233.950172062858
00bbac68_3919,12233.940245840737
00bbac68_3920,12233.937077885112
00bbac68_3921,12233.931854973893
00bbac68_3922,12233.92638956672
00bbac68_3923,12233.915448878086
00bbac68_3924,12233.910233571054
00bbac68_3925,12233.903038169065
00bbac68_3926,12233.896665974951
00bbac68_3927,12233.88496517097
00bbac68_3928,12233.878660340197
00bbac68_3929,12233.871241404257
00bbac68_3930,12233.85828903122
00bbac68_3931,12233.850412504127
00bbac68_3932,12233.846994877056
00bbac68_3933,12233.836698319206
00bbac68_3934,12233.82652992971
00bbac68_3935,12233.815904139454
00bbac68_3936,12233.801108548592
00bbac68_3937,12233.78933776
00bbac68_3938,12233.775813962631
00bbac68_3939,12233.755728646338
00bbac68_3940,12233.741351364471
00bbac68_3941,12233.724703973816
00bbac68_3942,12233.70345341106
00bbac68_3943,12233.68606090206
00bbac68_3944,12233.661973700951
00bbac68_3945,12233.64316166761
00bbac68_3946,12233.622355112691
00bbac68_3947,12233.596233509072
00bbac68_3948,12233.57486708376
00bbac68_3949,12233.547957430292
00bbac68_3950,12233.525087856611
00bbac68_3951,12233.502125919676
00bbac68_3952,12233.48504374098
00bbac68_3953,12233.468615094143
00bbac68_3954,12233.445116050416
00bbac68_3955,12233.427766464323
00bbac68_3956,12233.404562686872
00bbac68_3957,12233.388200270616
00bbac68_3958,12233.367417182077
00bbac68_3959,12233.35168185428
00bbac68_3960,12233.330915357075
00bbac68_3961,12233.317622056768
00bbac68_3962,12233.297552084205
00bbac68_3963,12233.286792252144
00bbac68_3964,12233.270034862431
00bbac68_3965,12233.260963849743
00bbac68_3966,12233.247626101163
00bbac68_3967,12233.242190626028
00bbac68_3968,12233.230598468375
00bbac68_3969,12233.225509792834
00bbac68_3970,12233.213636106724
00bbac68_3971,12233.20546079752
00bbac68_3972,12233.191011601868
00bbac68_3973,12233.186595977062
00bbac68_3974,12233.178369769475
00bbac68_3975,12233.177863422916
00bbac68_3976,12233.167954753228
00bbac68_3977,12233.164644608896
00bbac68_3978,12233.154633070251
00bbac68_3979,12233.150152255768
00bbac68_3980,12233.14035149699
00bbac68_3981,12233.13695035017
00bbac68_3982,12233.128184675816
00bbac68_3983,12233.12544417706
00bbac68_3984,12233.121375319097
00bbac68_3985,12233.112414007686
00bbac68_3986,12233.104927584563
00bbac68_3987,12233.094588262942
00bbac68_3988,12233.087578478702
00bbac68_3989,12233.076775792915
00bbac68_3990,12233.067776771815
00bbac68_3991,12233.05401468802
00bbac68_3992,12233.046451988008
00bbac68_3993,12233.03623640358
00bbac68_3994,12233.022221314706
00bbac68_3995,12233.013156747646
00bbac68_3996,12233.000461746991
00bbac68_3997,12232.99345407392
00bbac68_3998,12232.980444318317
00bbac68_3999,12232.974040878678
00bbac68_4000,12232.967529503532
00bbac68_4001,12232.955406525429
00bbac68_4002,12232.946687222737
00bbac68_4003,12232.933069235418
00bbac68_4004,12232.921878626095
00bbac68_4005,12232.911577102015
00bbac68_4006,12232.890130875214
00bbac68_4007,12232.879655859362
00bbac68_4008,12232.869176845395
00bbac68_4009,12232.855054785048
00bbac68_4010,12232.849222117344
00bbac68_4011,12232.835567029137
00bbac68_4012,12232.827836905311
00bbac68_4013,12232.818858311632
00bbac68_4014,12232.80560829115
00bbac68_4015,12232.797912392383
00bbac68_4016,12232.792977831328
00bbac68_4017,12232.78165281635
00bbac68_4018,12232.778717202347
00bbac68_4019,12232.774411550923
00bbac68_4020,12232.766169698758
00bbac68_4021,12232.759950130889
00bbac68_4022,12232.75358348402
00bbac68_4023,12232.744561423502
00bbac68_4024,12232.740265599865
00bbac68_4025,12232.73912697865
00bbac68_4026,12232.731625676628
00bbac68_4027,12232.728237491268
00bbac68_4028,12232.72159753229
00bbac68_4029,12232.71242197404
00bbac68_4030,12232.705580539388
00bbac68_4031,12232.698305623337
00bbac68_4032,12232.6877033713
00bbac68_4033,12232.682372908104
00bbac68_4034,12232.677356131882
00bbac68_4035,12232.670599339364
00bbac68_4036,12232.65864482826
00bbac68_4037,12232.6509771368
00bbac68_4038,12232.64453533713
00bbac68_4039,12232.63043529913
00bbac68_4040,12232.625055149412
00bbac68_4041,12232.618985807832
00bbac68_4042,12232.613714375491
00bbac68_4043,12232.599859352656
00bbac68_4044,12232.59289035328
00bbac68_4045,12232.58796881539
00bbac68_4046,12232.582104057185
00bbac68_4047,12232.572484376977
00bbac68_4048,12232.569507792246
00bbac68_4049,12232.566009485578
00bbac68_4050,12232.559343159934
00bbac68_4051,12232.548674458943
00bbac68_4052,12232.54442312167
00bbac68_4053,12232.540901940463
00bbac68_4054,12232.5376447633
00bbac68_4055,12232.531542882618
00bbac68_4056,12232.53084499458
00bbac68_4057,12232.52973739002
00bbac68_4058,12232.528872860195
00bbac68_4059,12232.520068146168
00bbac68_4060,12232.518859650643
00bbac68_4061,12232.51468693442
00bbac68_4062,12232.512476535914
00bbac68_4063,12232.51006596386
00bbac68_4064,12232.508131658236
00bbac68_4065,12232.504189419726
00bbac68_4066,12232.500288269446
00bbac68_4067,12232.49946313444
00bbac68_4068,12232.498611344565
00bbac68_4069,12232.491928945692
00bbac68_4070,12232.49137570737
00bbac68_4071,12232.4893707083
00bbac68_4072,12232.492515166972
00bbac68_4073,12232.49150222697
00bbac68_4074,12232.489396430094
00bbac68_4075,12232.487340425028
00bbac68_4076,12232.484561617275
00bbac68_4077,12232.482092601706
00bbac68_4078,12232.480820944558
00bbac68_4079,12232.4767089355
00bbac68_4080,12232.473289505986
00bbac68_4081,12232.475266140496
00bbac68_4082,12232.474075685112
00bbac68_4083,12232.472725591557
00bbac68_4084,12232.472010160342
00bbac68_4085,12232.47680024914
00bbac68_4086,12232.477980576474
00bbac68_4087,12232.476816152492
00bbac68_4088,12232.481800954372
00bbac68_4089,12232.47994155471
00bbac68_4090,12232.479622013268
00bbac68_4091,12232.48259514114
00bbac68_4092,12232.479347950952
00bbac68_4093,12232.477006649344
00bbac68_4094,12232.480160508843
00bbac68_4095,12232.477707306414
00bbac68_4096,12232.48070929936
00bbac68_4097,12232.47784629844
00bbac68_4098,12232.48024015253
00bbac68_4099,12232.474439960148
00bbac68_4100,12232.474162570605
00bbac68_4101,12232.467721371217
00bbac68_4102,12232.467038357605
00bbac68_4103,12232.459969965175
00bbac68_4104,12232.458367818352
00bbac68_4105,12232.457234754302
00bbac68_4106,12232.449890342155
00bbac68_4107,12232.447619162713
00bbac68_4108,12232.445508945812
00bbac68_4109,12232.437174874647
00bbac68_4110,12232.430400253215
00bbac68_4111,12232.424015735613
00bbac68_4112,12232.41170844624
00bbac68_4113,12232.404850674797
00bbac68_4114,12232.397991066857
00bbac68_4115,12232.391288587887
00bbac68_4116,12232.38421069818
00bbac68_4117,12232.37181300235
00bbac68_4118,12232.365222844564
00bbac68_4119,12232.357982361513
00bbac68_4120,12232.350763365655
00bbac68_4121,12232.343555985772
00bbac68_4122,12232.336422369866
00bbac68_4123,12232.328877170256
00bbac68_4124,12232.321298456483
00bbac68_4125,12232.314281299392
00bbac68_4126,12232.30773392051
00bbac68_4127,12232.302621256287
00bbac68_4128,12232.29785491474
00bbac68_4129,12232.29366184533
00bbac68_4130,12232.288838787688
00bbac68_4131,12232.283887518584
00bbac68_4132,12232.278892048127
00bbac68_4133,12232.271294841285
00bbac68_4134,12232.264467555677
00bbac68_4135,12232.264803499877
00bbac68_4136,12232.260743493882
00bbac68_4137,12232.256553621295
00bbac68_4138,12232.253496945232
00bbac68_4139,12232.250961926418
00bbac68_4140,12232.255478785184
00bbac68_4141,12232.254286874278
00bbac68_4142,12232.253133831922
00bbac68_4143,12232.25251474967
00bbac68_4144,12232.255176928074
00bbac68_4145,12232.25225677947
00bbac68_4146,12232.24623969293
00bbac68_4147,12232.244792176602
00bbac68_4148,12232.237462588582
00bbac68_4149,12232.234746062582
00bbac68_4150,12232.2271482958
00bbac68_4151,12232.224059862374
00bbac68_4152,12232.214708114883
00bbac68_4153,12232.205209931057
00bbac68_4154,12232.200239893617
00bbac68_4155,12232.18991509924
00bbac68_4156,12232.1852286691
00bbac68_4157,12232.174632919352
00bbac68_4158,12232.169782217086
00bbac68_4159,12232.166166945915
00bbac68_4160,12232.158686718394
00bbac68_4161,12232.15890950029
00bbac68_4162,12232.153416884736
00bbac68_4163,12232.153759890964
00bbac68_4164,12232.149953968436
00bbac68_4165,12232.151757843569
00bbac68_4166,12232.152251547925
00bbac68_4167,12232.146211419058
00bbac68_4168,12232.146296908724
00bbac68_4169,12232.141339700482
00bbac68_4170,12232.14107213902
00bbac68_4171,12232.144280309563
00bbac68_4172,12232.14354337568
00bbac68_4173,12232.14868528304
00bbac68_4174,12232.153963917106
00bbac68_4175,12232.156229816992
00bbac68_4176,12232.166830219972
00bbac68_4177,12232.175214000166
00bbac68_4178,12232.181442999958
00bbac68_4179,12232.178001961203
00bbac68_4180,12232.179839950088
00bbac68_4181,12232.182128484055
00bbac68_4182,12232.179651396826
00bbac68_4183,12232.184751068053
00bbac68_4184,12232.195333680887
00bbac68_4185,12232.210737118843
00bbac68_4186,12232.226290981682
00bbac68_4187,12232.234460897049
00bbac68_4188,12232.248065036678
00bbac68_4189,12232.260438332276
00bbac68_4190,12232.273570842632
00bbac68_4191,12232.286143428895
00bbac68_4192,12232.300086454808
00bbac68_4193,12232.310603244585
00bbac68_4194,12232.313528346624
00bbac68_4195,12232.320494939388
00bbac68_4196,12232.326724824314
00bbac68_4197,12232.332496810845
00bbac68_4198,12232.341057545074
00bbac68_4199,12232.347356816936
00bbac68_4200,12232.353756926266
00bbac68_4201,12232.35986056936
00bbac68_4202,12232.36704973002
00bbac68_4203,12232.371360488894
00bbac68_4204,12232.376082627892
00bbac68_4205,12232.382984154434
00bbac68_4206,12232.392122853616
00bbac68_4207,12232.399208369296
00bbac68_4208,12232.405101206652
00bbac68_4209,12232.407812304164
00bbac68_4210,12232.409130469763
00bbac68_4211,12232.408157333892
00bbac68_4212,12232.407538291063
00bbac68_4213,12232.407158978262
00bbac68_4214,12232.408041381275
00bbac68_4215,12232.408837028866
00bbac68_4216,12232.410130545966
00bbac68_4217,12232.411042335956
00bbac68_4218,12232.414439298998
00bbac68_4219,12232.423428267746
00bbac68_4220,12232.430198021226
00bbac68_4221,12232.43920491515
00bbac68_4222,12232.449013772915
00bbac68_4223,12232.457258491308
00bbac68_4224,12232.466775121457
00bbac68_4225,12232.47611516423
00bbac68_4226,12232.491110147996
00bbac68_4227,12232.4997992658
00bbac68_4228,12232.5083603098
00bbac68_4229,12232.516146171998
00bbac68_4230,12232.529452405091
00bbac68_4231,12232.535402020389
00bbac68_4232,12232.54185360052
00bbac68_4233,12232.550083352377
00bbac68_4234,12232.563789338972
00bbac68_4235,12232.572271749246
00bbac68_4236,12232.58194700908
00bbac68_4237,12232.590966426724
00bbac68_4238,12232.605798932187
00bbac68_4239,12232.614308843882
00bbac68_4240,12232.624623416836
00bbac68_4241,12232.641489535772
00bbac68_4242,12232.653795667333
00bbac68_4243,12232.66652357642
00bbac68_4244,12232.685243327069
00bbac68_4245,12232.694309745644
00bbac68_4246,12232.70525032739
00bbac68_4247,12232.708226902016
00bbac68_4248,12232.709898480844
00bbac68_4249,12232.719013410398
00bbac68_4250,12232.723047230138
00bbac68_4251,12232.728201292724
00bbac68_4252,12232.738617653207
00bbac68_4253,12232.744558032702
00bbac68_4254,12232.750066839671
00bbac68_4255,12232.755733116295
00bbac68_4256,12232.762635730483
00bbac68_4257,12232.775884804774
00bbac68_4258,12232.782601875882
00bbac68_4259,12232.7871584962
00bbac68_4260,12232.791519559723
00bbac68_4261,12232.796752039896
00bbac68_4262,12232.800178629464
00bbac68_4263,12232.800440254648
00bbac68_4264,12232.800951007
00bbac68_4265,12232.801343774972
00bbac68_4266,12232.80170298264
00bbac68_4267,12232.801209542677
00bbac68_4268,12232.801310630208
00bbac68_4269,12232.801559827036
00bbac68_4270,12232.801676545989
00bbac68_4271,12232.801994290245
00bbac68_4272,12232.800256574494
00bbac68_4273,12232.795035262649
00bbac68_4274,12232.794487631574
00bbac68_4275,12232.794068126934
00bbac68_4276,12232.793181982352
00bbac68_4277,12232.793935140087
00bbac68_4278,12232.78936973129
00bbac68_4279,12232.791202421417
00bbac68_4280,12232.794402145631
00bbac68_4281,12232.792749927468
00bbac68_4282,12232.796966883488
00bbac68_4283,12232.80292492348
00bbac68_4284,12232.802291293356
00bbac68_4285,12232.806061579427
00bbac68_4286,12232.802369056406
00bbac68_4287,12232.805268299997
00bbac68_4288,12232.802289266783
00bbac68_4289,12232.804878452587
00bbac68_4290,12232.801860883492
00bbac68_4291,12232.805231288732
00bbac68_4292,12232.801549232056
00bbac68_4293,12232.799467764453
00bbac68_4294,12232.802044648506
00bbac68_4295,12232.799921847096
00bbac68_4296,12232.803618253158
00bbac68_4297,12232.801752110376
00bbac68_4298,12232.797839268687
00bbac68_4299,12232.794398369011
00bbac68_4300,12232.794327834768
00bbac68_4301,12232.78926828301
00bbac68_4302,12232.784144989871
00bbac68_4303,12232.781163545962
00bbac68_4304,12232.778129290313
00bbac68_4305,12232.780270048735
00bbac68_4306,12232.777348272532
00bbac68_4307,12232.773406170742
00bbac68_4308,12232.768130659611
00bbac68_4309,12232.76194359921
00bbac68_4310,12232.756035314498
00bbac68_4311,12232.751921194222
00bbac68_4312,12232.74765922706
00bbac68_4313,12232.74223538077
00bbac68_4314,12232.73684333262
00bbac68_4315,12232.734927227197
00bbac68_4316,12232.734474538636
00bbac68_4317,12232.735475480302
00bbac68_4318,12232.737966119375
00bbac68_4319,12232.737401535249
00bbac68_4320,12232.740112264262
00bbac68_4321,12232.74311575842
00bbac68_4322,12232.745172668469
00bbac68_4323,12232.746829838788
00bbac68_4324,12232.742270816245
00bbac68_4325,12232.7419216113
00bbac68_4326,12232.742227713956
00bbac68_4327,12232.73749879386
00bbac68_4328,12232.737899022108
00bbac68_4329,12232.737022030731
00bbac68_4330,12232.729011891752
00bbac68_4331,12232.72795840655
00bbac68_4332,12232.721992285118
00bbac68_4333,12232.72121888068
00bbac68_4334,12232.720441604208
00bbac68_4335,12232.714363438155
00bbac68_4336,12232.713687184278
00bbac68_4337,12232.709304862552
00bbac68_4338,12232.703901852909
00bbac68_4339,12232.703911079376
00bbac68_4340,12232.697851363611
00bbac68_4341,12232.697066053344
00bbac68_4342,12232.689369251204
00bbac68_4343,12232.682256593076
00bbac68_4344,12232.679178563336
00bbac68_4345,12232.66888035848
00bbac68_4346,12232.664785490208
00bbac68_4347,12232.655965001066
00bbac68_4348,12232.650718900792
00bbac68_4349,12232.642149200268
00bbac68_4350,12232.63945803776
00bbac68_4351,12232.637353707269
00bbac68_4352,12232.628469855596
00bbac68_4353,12232.62641835142
00bbac68_4354,12232.619131938403
00bbac68_4355,12232.618331164129
00bbac68_4356,12232.61754752288
00bbac68_4357,12232.610400058802
00bbac68_4358,12232.608573647069
00bbac68_4359,12232.605228610872
00bbac68_4360,12232.602350096786
00bbac68_4361,12232.594121563692
00bbac68_4362,12232.589801769756
00bbac68_4363,12232.585340128231
00bbac68_4364,12232.5800942512
00bbac68_4365,12232.57767313549
00bbac68_4366,12232.568326105573
00bbac68_4367,12232.563024496358
00bbac68_4368,12232.557452361229
00bbac68_4369,12232.552504638244
00bbac68_4370,12232.547806935876
00bbac68_4371,12232.544748026758
00bbac68_4372,12232.540395940934
00bbac68_4373,12232.53430561165
00bbac68_4374,12232.528859135711
00bbac68_4375,12232.52314427232
00bbac68_4376,12232.519735147336
00bbac68_4377,12232.518469901212
00bbac68_4378,12232.515233344671
00bbac68_4379,12232.51251493203
00bbac68_4380,12232.510783078094
00bbac68_4381,12232.509973994089
00bbac68_4382,12232.507948675577
00bbac68_4383,12232.510472082748
00bbac68_4384,12232.507781403605
00bbac68_4385,12232.504365367717
00bbac68_4386,12232.500877751338
00bbac68_4387,12232.49718917715
00bbac68_4388,12232.498788419112
00bbac68_4389,12232.493426894864
00bbac68_4390,12232.48922541241
00bbac68_4391,12232.484974989871
00bbac68_4392,12232.487613650708
00bbac68_4393,12232.484348699098
00bbac68_4394,12232.481408562648
00bbac68_4395,12232.484404133884
00bbac68_4396,12232.482575913353
00bbac68_4397,12232.485433176564
00bbac68_4398,12232.482529030054
00bbac68_4399,12232.480650506572
00bbac68_4400,12232.48290781365
00bbac68_4401,12232.47975302569
00bbac68_4402,12232.481139735297
00bbac68_4403,12232.479344195532
00bbac68_4404,12232.483834150082
00bbac68_4405,12232.48250036956
00bbac68_4406,12232.487123204455
00bbac68_4407,12232.4942537112
00bbac68_4408,12232.495493072563
00bbac68_4409,12232.50370734314
00bbac68_4410,12232.50642165111
00bbac68_4411,12232.51420619868
00bbac68_4412,12232.522455599512
00bbac68_4413,12232.53177465695
00bbac68_4414,12232.53685904472
00bbac68_4415,12232.54630904476
00bbac68_4416,12232.556435027953
00bbac68_4417,12232.561238214656
00bbac68_4418,12232.572024891264
00bbac68_4419,12232.58167026636
00bbac68_4420,12232.590603196712
00bbac68_4421,12232.598660018815
00bbac68_4422,12232.607126518453
00bbac68_4423,12232.611606258528
00bbac68_4424,12232.62066894984
00bbac68_4425,12232.632141208236
00bbac68_4426,12232.645393857085
00bbac68_4427,12232.65836759994
00bbac68_4428,12232.671462011456
00bbac68_4429,12232.686480424332
00bbac68_4430,12232.699287847536
00bbac68_4431,12232.71147004587
00bbac68_4432,12232.722934338544
00bbac68_4433,12232.73252049703
00bbac68_4434,12232.7405786536
00bbac68_4435,12232.747253298548
00bbac68_4436,12232.753050325366
00bbac68_4437,12232.758108047943
00bbac68_4438,12232.76122755652
00bbac68_4439,12232.76527859424
00bbac68_4440,12232.768837284952
00bbac68_4441,12232.774175113143
00bbac68_4442,12232.77832467468
00bbac68_4443,12232.78309205467
00bbac68_4444,12232.790401922392
00bbac68_4445,12232.797526302957
00bbac68_4446,12232.798328477264
00bbac68_4447,12232.804992894991
00bbac68_4448,12232.812350506698
00bbac68_4449,12232.818800240942
00bbac68_4450,12232.819568006713
00bbac68_4451,12232.826257483057
00bbac68_4452,12232.82842105702
00bbac68_4453,12232.83392868426
00bbac68_4454,12232.839567245375
00bbac68_4455,12232.83959973267
00bbac68_4456,12232.844495876385
00bbac68_4457,12232.843233598378
00bbac68_4458,12232.84799584855
00bbac68_4459,12232.848579969455
00bbac68_4460,12232.853243936624
00bbac68_4461,12232.85353506596
00bbac68_4462,12232.853689205458
00bbac68_4463,12232.861104057898
00bbac68_4464,12232.8641635591
00bbac68_4465,12232.867824450484
00bbac68_4466,12232.877891630302
00bbac68_4467,12232.88492127405
00bbac68_4468,12232.889760060216
00bbac68_4469,12232.894538480012
00bbac68_4470,12232.899628570389
00bbac68_4471,12232.90393263372
00bbac68_4472,12232.91386865684
00bbac68_4473,12232.917703324569
00bbac68_4474,12232.92125773145
00bbac68_4475,12232.921636754769
00bbac68_4476,12232.921343337384
00bbac68_4477,12232.921646318153
00bbac68_4478,12232.920824045812
00bbac68_4479,12232.920511667568
00bbac68_4480,12232.91531177293
00bbac68_4481,12232.913979457364
00bbac68_4482,12232.911796294533
00bbac68_4483,12232.907444342807
00bbac68_4484,12232.901529480114
00bbac68_4485,12232.894352166451
00bbac68_4486,12232.88123402004
00bbac68_4487,12232.872753415308
00bbac68_4488,12232.864480951308
00bbac68_4489,12232.854451070709
00bbac68_4490,12232.848562434236
00bbac68_4491,12232.844383077563
00bbac68_4492,12232.83458268302
00bbac68_4493,12232.83162691692
00bbac68_4494,12232.82377310926
00bbac68_4495,12232.822376304786
00bbac68_4496,12232.81516429692
00bbac68_4497,12232.810458887354
00bbac68_4498,12232.79890111939
00bbac68_4499,12232.792551429657
00bbac68_4500,12232.78164522226
00bbac68_4501,12232.771496111056
00bbac68_4502,12232.766906978315
00bbac68_4503,12232.757584191064
00bbac68_4504,12232.749000746036
00bbac68_4505,12232.74427095371
00bbac68_4506,12232.733681422553
00bbac68_4507,12232.72342970971
00bbac68_4508,12232.713080036545
00bbac68_4509,12232.702140793395
00bbac68_4510,12232.690080789558
00bbac68_4511,12232.683895754406
00bbac68_4512,12232.6716487066
00bbac68_4513,12232.657029082233
00bbac68_4514,12232.644152765724
00bbac68_4515,12232.63111149152
00bbac68_4516,12232.617034858871
00bbac68_4517,12232.602780331865
00bbac68_4518,12232.587842961602
00bbac68_4519,12232.567682888824
00bbac68_4520,12232.553017425173
00bbac68_4521,12232.53731096776
00bbac68_4522,12232.5205327819
00bbac68_4523,12232.504191205418
00bbac68_4524,12232.48455844804
00bbac68_4525,12232.469682270244
00bbac68_4526,12232.454893974598
00bbac68_4527,12232.440674012243
00bbac68_4528,12232.417819320654
00bbac68_4529,12232.400480892791
00bbac68_4530,12232.381857865756
00bbac68_4531,12232.356775189948
00bbac68_4532,12232.33883172604
00bbac68_4533,12232.316929021974
00bbac68_4534,12232.30005892453
00bbac68_4535,12232.282806920815
00bbac68_4536,12232.259387525464
00bbac68_4537,12232.241507828256
00bbac68_4538,12232.22357529232
00bbac68_4539,12232.200580636092
00bbac68_4540,12232.182984682866
00bbac68_4541,12232.163643561646
00bbac68_4542,12232.139787006528
00bbac68_4543,12232.121648431155
00bbac68_4544,12232.10213149714
00bbac68_4545,12232.07916855353
00bbac68_4546,12232.061539338094
00bbac68_4547,12232.04375343752
00bbac68_4548,12232.027004997326
00bbac68_4549,12232.004350797404
00bbac68_4550,12231.98616545586
00bbac68_4551,12231.967505350918
00bbac68_4552,12231.94062650135
00bbac68_4553,12231.919302680457
00bbac68_4554,12231.898260908323
00bbac68_4555,12231.876006325503
00bbac68_4556,12230.875905149132
00bbac68_4557,12230.85300433837
00bbac68_4558,12230.83215848814
00bbac68_4559,12230.811171265505
00bbac68_4560,12230.790107261171
00bbac68_4561,12230.7656922302
00bbac68_4562,12230.747668196203
00bbac68_4563,12230.726841340169
00bbac68_4564,12230.70485972031
00bbac68_4565,12230.673533407018
00bbac68_4566,12230.646630160243
00bbac68_4567,12230.62332316531
00bbac68_4568,12230.599999586517
00bbac68_4569,12230.576615029371
00bbac68_4570,12230.556754688512
00bbac68_4571,12230.53227561422
00bbac68_4572,12230.514144619588
00bbac68_4573,12230.496930156369
00bbac68_4574,12230.480798490054
00bbac68_4575,12230.464560523738
00bbac68_4576,12230.448054976569
00bbac68_4577,12230.426239144215
00bbac68_4578,12230.410271570096
00bbac68_4579,12230.397815970811
00bbac68_4580,12230.385177122427
00bbac68_4581,12230.372703151355
00bbac68_4582,12230.360894372694
00bbac68_4583,12230.350478757298
00bbac68_4584,12230.34009770931
00bbac68_4585,12230.329471042263
00bbac68_4586,12230.314167992969
00bbac68_4587,12230.297254380052
00bbac68_4588,12230.283078267976
00bbac68_4589,12230.275293017685
00bbac68_4590,12230.272189697384
00bbac68_4591,12230.27381379461
00bbac68_4592,12230.276919319793
00bbac68_4593,12230.280349143211
00bbac68_4594,12230.283642738435
00bbac68_4595,12230.288296861336
00bbac68_4596,12230.294834375469
00bbac68_4597,12230.296745606349
00bbac68_4598,12230.29644502241
00bbac68_4599,12230.289967108884
00bbac68_4600,12230.276938184496
00bbac68_4601,12230.256702290517
00bbac68_4602,12230.230186406205
00bbac68_4603,12230.198154643882
00bbac68_4604,12230.171058864082
00bbac68_4605,12230.1477426979
00bbac68_4606,12230.123532283942
00bbac68_4607,12230.100650032498
00bbac68_4608,12230.078616164788
00bbac68_4609,12230.055982153928
00bbac68_4610,12230.034429166317
00bbac68_4611,12230.014444135297
00bbac68_4612,12229.995067258516
00bbac68_4613,12229.9781375407
00bbac68_4614,12229.962750852168
00bbac68_4615,12229.943554259236
00bbac68_4616,12229.925927307477
00bbac68_4617,12229.911772474
00bbac68_4618,12229.898886648269
00bbac68_4619,12229.885332155038
00bbac68_4620,12229.873092842678
00bbac68_4621,12229.864048039024
00bbac68_4622,12229.855005192863
00bbac68_4623,12229.846563005154
00bbac68_4624,12229.840707585105
00bbac68_4625,12229.840348080896
00bbac68_4626,12229.838826678497
00bbac68_4627,12229.838295401056
00bbac68_4628,12229.833999692002
00bbac68_4629,12229.825218343693
00bbac68_4630,12229.815818235766
00bbac68_4631,12229.803321496736
00bbac68_4632,12229.79050276421
00bbac68_4633,12229.782448663304
00bbac68_4634,12229.767277398963
00bbac68_4635,12229.750003712708
00bbac68_4636,12229.733131965704
00bbac68_4637,12229.71795157384
00bbac68_4638,12229.702033109888
00bbac68_4639,12229.692392250512
00bbac68_4640,12229.677000307693
00bbac68_4641,12229.662377093306
00bbac68_4642,12229.648616744362
00bbac68_4643,12229.634243104458
00bbac68_4644,12229.623113847145
00bbac68_4645,12229.607153548784
00bbac68_4646,12229.591422355035
00bbac68_4647,12229.573379395946
00bbac68_4648,12229.560726414724
00bbac68_4649,12229.542610523098
00bbac68_4650,12229.525843666066
00bbac68_4651,12229.507838954847
00bbac68_4652,12229.494849442654
00bbac68_4653,12229.47742314126
00bbac68_4654,12229.459797229105
00bbac68_4655,12229.44791244741
00bbac68_4656,12229.430108338473
00bbac68_4657,12229.411423080115
00bbac68_4658,12229.398940892375
00bbac68_4659,12229.382617588091
00bbac68_4660,12229.365886430778
00bbac68_4661,12229.355913405898
00bbac68_4662,12229.340182672144
00bbac68_4663,12229.325058065357
00bbac68_4664,12229.313282289644
00bbac68_4665,12229.295984032731
00bbac68_4666,12229.27772593455
00bbac68_4667,12229.264901247723
00bbac68_4668,12229.247066505195
00bbac68_4669,12229.229554764344
00bbac68_4670,12229.218034579237
00bbac68_4671,12229.20218760228
00bbac68_4672,12229.192539857668
00bbac68_4673,12229.178604376508
00bbac68_4674,12229.1658377589
00bbac68_4675,12229.157395468432
00bbac68_4676,12229.14278067409
00bbac68_4677,12229.13441776
00bbac68_4678,12229.11839839728
00bbac68_4679,12229.107792557175
00bbac68_4680,12229.092852661312
00bbac68_4681,12229.08317676404
00bbac68_4682,12229.067582725756
00bbac68_4683,12229.05757499083
00bbac68_4684,12229.041647416112
00bbac68_4685,12229.0293825751
00bbac68_4686,12229.012764796687
00bbac68_4687,12229.001478719976
00bbac68_4688,12228.986431090612
00bbac68_4689,12228.97695102043
00bbac68_4690,12228.963855796956
00bbac68_4691,12228.955604520328
00bbac68_4692,12228.942162266989
00bbac68_4693,12228.935116196584
00bbac68_4694,12228.92269699402
00bbac68_4695,12228.91521223099
00bbac68_4696,12228.903423781969
00bbac68_4697,12228.896966142944
00bbac68_4698,12228.88476711892
00bbac68_4699,12228.879021177425
00bbac68_4700,12228.871739329526
00bbac68_4701,12228.860420591074
00bbac68_4702,12228.854068766152
00bbac68_4703,12228.839984177886
00bbac68_4704,12228.83010776142
00bbac68_4705,12228.82082778859
00bbac68_4706,12228.810172031344
00bbac68_4707,12228.80649909652
00bbac68_4708,12228.80411849142
00bbac68_4709,12228.796227497867
00bbac68_4710,12228.795479721744
00bbac68_4711,12228.79416145795
00bbac68_4712,12228.786991695775
00bbac68_4713,12228.786432621797
00bbac68_4714,12228.781890786226
00bbac68_4715,12228.771699096364
00bbac68_4716,12228.765757870113
00bbac68_4717,12228.759539756637
00bbac68_4718,12228.747895574765
00bbac68_4719,12228.74152063229
00bbac68_4720,12228.734512398
00bbac68_4721,12228.728574480963
00bbac68_4722,12228.716372198032
00bbac68_4723,12228.709638668915
00bbac68_4724,12228.703775331873
00bbac68_4725,12228.697012133933
00bbac68_4726,12228.684930116724
00bbac68_4727,12228.678829862489
00bbac68_4728,12228.673836690215
00bbac68_4729,12228.669228670897
00bbac68_4730,12228.663392459364
00bbac68_4731,12228.651009760177
00bbac68_4732,12228.644290199883
00bbac68_4733,12228.637099289108
00bbac68_4734,12228.629425121308
00bbac68_4735,12228.61973629007
00bbac68_4736,12228.60834500019
00bbac68_4737,12228.596822188132
00bbac68_4738,12228.585321957553
00bbac68_4739,12228.56839971584
00bbac68_4740,12228.557648262504
00bbac68_4741,12228.545264490833
00bbac68_4742,12228.5318248026
00bbac68_4743,12228.520460784492
00bbac68_4744,12228.51114832578
00bbac68_4745,12228.501523511535
00bbac68_4746,12228.493421958734
00bbac68_4747,12228.482019947322
00bbac68_4748,12228.471121841518
00bbac68_4749,12228.458038881758
00bbac68_4750,12228.443669576003
00bbac68_4751,12228.426671541274
00bbac68_4752,12228.410248163174
00bbac68_4753,12228.394260103352
00bbac68_4754,12228.37701903128
00bbac68_4755,12228.360638647571
00bbac68_4756,12228.344320922755
00bbac68_4757,12228.331785779052
00bbac68_4758,12228.315502007305
00bbac68_4759,12228.298926333717
00bbac68_4760,12228.284114890645
00bbac68_4761,12228.268965146155
00bbac68_4762,12228.25520438612
00bbac68_4763,12228.239631988208
00bbac68_4764,12228.224942213492
00bbac68_4765,12228.219727303263
00bbac68_4766,12228.210486404483
00bbac68_4767,12228.199150758965
00bbac68_4768,12228.189297252777
00bbac68_4769,12228.178499927337
00bbac68_4770,12228.174973762056
00bbac68_4771,12228.164228063106
00bbac68_4772,12228.150243807331
00bbac68_4773,12228.136559709332
00bbac68_4774,12228.124615624576
00bbac68_4775,12228.119867918464
00bbac68_4776,12228.112797813475
00bbac68_4777,12228.106242425223
00bbac68_4778,12228.107268974369
00bbac68_4779,12228.103581644436
00bbac68_4780,12228.100082451694
00bbac68_4781,12228.104362759992
00bbac68_4782,12228.1047827053
00bbac68_4783,12228.104241984856
00bbac68_4784,12228.109319809291
00bbac68_4785,12228.110947790832
00bbac68_4786,12228.113107196026
00bbac68_4787,12228.119546408963
00bbac68_4788,12228.122153931748
00bbac68_4789,12228.124703138754
00bbac68_4790,12228.132806015305
00bbac68_4791,12228.135072539146
00bbac68_4792,12228.141864456687
00bbac68_4793,12228.142387689337
00bbac68_4794,12228.147916584408
00bbac68_4795,12228.146900727636
00bbac68_4796,12228.146623184888
00bbac68_4797,12228.152575426617
00bbac68_4798,12228.15172535988
00bbac68_4799,12228.15463737618
00bbac68_4800,12228.153755458596
00bbac68_4801,12228.15642011237
00bbac68_4802,12228.153046049978
00bbac68_4803,12228.155623813647
00bbac68_4804,12228.156403424991
00bbac68_4805,12228.150307208218
00bbac68_4806,12228.150476370804
00bbac68_4807,12228.143652682898
00bbac68_4808,12228.142903060569
00bbac68_4809,12228.136758138668
00bbac68_4810,12228.133822118867
00bbac68_4811,12228.131707863968
00bbac68_4812,12228.123901596084
00bbac68_4813,12228.120336006472
00bbac68_4814,12228.116499908128
00bbac68_4815,12228.104987866482
00bbac68_4816,12228.098649222791
00bbac68_4817,12228.087188816467
00bbac68_4818,12228.080064126976
00bbac68_4819,12228.07162332949
00bbac68_4820,12228.058664921848
00bbac68_4821,12228.051131499178
00bbac68_4822,12228.042560840891
00bbac68_4823,12228.02868515022
00bbac68_4824,12228.019128027958
00bbac68_4825,12228.008199011554
00bbac68_4826,12227.99855846432
00bbac68_4827,12227.98460729556
00bbac68_4828,12227.976343015816
00bbac68_4829,12227.96738097461
00bbac68_4830,12227.949657284978
00bbac68_4831,12227.937589230918
00bbac68_4832,12227.928476196852
00bbac68_4833,12227.915380008268
00bbac68_4834,12227.909415468312
00bbac68_4835,12227.905563908738
00bbac68_4836,12227.902033273676
00bbac68_4837,12227.891221536473
00bbac68_4838,12227.886982901298
00bbac68_4839,12227.882444111963
00bbac68_4840,12227.880852322884
00bbac68_4841,12227.875534932726
00bbac68_4842,12227.87112856999
00bbac68_4843,12227.868477344546
00bbac68_4844,12227.869824201183
00bbac68_4845,12227.872087637254
00bbac68_4846,12227.871013995784
00bbac68_4847,12227.875669815425
00bbac68_4848,12227.880959909222
00bbac68_4849,12227.88754859545
00bbac68_4850,12227.891474289248
00bbac68_4851,12227.889844017656
00bbac68_4852,12227.8947699651
00bbac68_4853,12227.898790526422
00bbac68_4854,12227.90296412334
00bbac68_4855,12227.907855009926
00bbac68_4856,12227.906312379182
00bbac68_4857,12227.910825446454
00bbac68_4858,12227.915866069796
00bbac68_4859,12227.918874168745
00bbac68_4860,12227.922584731465
00bbac68_4861,12227.925767023624
00bbac68_4862,12227.93015978891
00bbac68_4863,12227.928760256144
00bbac68_4864,12227.93062812964
00bbac68_4865,12227.93302192646
00bbac68_4866,12227.93567666297
00bbac68_4867,12227.939679763913
00bbac68_4868,12227.941907335293
00bbac68_4869,12227.945164997756
00bbac68_4870,12227.946798122077
00bbac68_4871,12227.944495605412
00bbac68_4872,12227.939910355337
00bbac68_4873,12227.930392530736
00bbac68_4874,12227.9264717088
00bbac68_4875,12227.922400775722
00bbac68_4876,12227.919573388546
00bbac68_4877,12227.914078336797
00bbac68_4878,12227.907354581224
00bbac68_4879,12227.90155644802
00bbac68_4880,12227.893505335956
00bbac68_4881,12227.886800687467
00bbac68_4882,12227.876711148758
00bbac68_4883,12227.867313284933
00bbac68_4884,12227.860291736924
00bbac68_4885,12227.854655860969
00bbac68_4886,12227.85277591332
00bbac68_4887,12227.852488485052
00bbac68_4888,12227.84762894434
00bbac68_4889,12227.841218091144
00bbac68_4890,12227.8353598082
00bbac68_4891,12227.829840659962
00bbac68_4892,12227.824274648614
00bbac68_4893,12227.82032542337
00bbac68_4894,12227.815045317531
00bbac68_4895,12227.80887651644
00bbac68_4896,12227.802279533073
00bbac68_4897,12227.795662084762
00bbac68_4898,12227.791112784696
00bbac68_4899,12227.789577891712
00bbac68_4900,12227.788759584306
00bbac68_4901,12227.786755744248
00bbac68_4902,12227.78704069997
00bbac68_4903,12227.791830394111
00bbac68_4904,12227.7972933059
00bbac68_4905,12227.804830532594
00bbac68_4906,12227.810408605368
00bbac68_4907,12227.821795099571
00bbac68_4908,12227.828087067704
00bbac68_4909,12227.833169788426
00bbac68_4910,12227.838085919127
00bbac68_4911,12227.845474729596
00bbac68_4912,12227.852069241086
00bbac68_4913,12227.859631795747
00bbac68_4914,12227.869089905009
00bbac68_4915,12227.884235669271
00bbac68_4916,12227.895239563994
00bbac68_4917,12227.903405742763
00bbac68_4918,12227.9124075144
00bbac68_4919,12227.923077574784
00bbac68_4920,12227.933478436986
00bbac68_4921,12227.950624432278
00bbac68_4922,12227.963671507114
00bbac68_4923,12227.974932257268
00bbac68_4924,12227.985104197052
00bbac68_4925,12227.996545756156
00bbac68_4926,12228.011960062766
00bbac68_4927,12228.021941621377
00bbac68_4928,12228.032211077414
00bbac68_4929,12228.04218209108
00bbac68_4930,12228.057979218363
00bbac68_4931,12228.069610500686
00bbac68_4932,12228.08201936072
00bbac68_4933,12228.100757577307
00bbac68_4934,12228.114358085324
00bbac68_4935,12228.124699399395
00bbac68_4936,12228.138137162232
00bbac68_4937,12228.147351537167
00bbac68_4938,12228.156300658877
00bbac68_4939,12228.171596589507
00bbac68_4940,12228.180851643385
00bbac68_4941,12228.187747988171
00bbac68_4942,12228.202506165377
00bbac68_4943,12228.21504755699
00bbac68_4944,12228.22743627482
00bbac68_4945,12228.246369952803
00bbac68_4946,12228.260950856107
00bbac68_4947,12228.276369960016
00bbac68_4948,12228.286970263733
00bbac68_4949,12228.296665703812
00bbac68_4950,12228.312785302123
00bbac68_4951,12228.324770408784
00bbac68_4952,12228.341438283114
00bbac68_4953,12228.351697010465
00bbac68_4954,12228.3684243592
00bbac68_4955,12228.377555073654
00bbac68_4956,12228.392836744852
00bbac68_4957,12228.406405341328
00bbac68_4958,12228.42517948373
00bbac68_4959,12228.43987397095
00bbac68_4960,12228.461049116617
00bbac68_4961,12228.476892553816
00bbac68_4962,12228.49778827935
00bbac68_4963,12228.515398809886
00bbac68_4964,12228.537900095707
00bbac68_4965,12228.555307329822
00bbac68_4966,12228.579722554718
00bbac68_4967,12228.60311965952
00bbac68_4968,12228.621915473776
00bbac68_4969,12228.64740247951
00bbac68_4970,12228.666915390902
00bbac68_4971,12228.692561198986
00bbac68_4972,12228.719025011098
00bbac68_4973,12228.738373551663
00bbac68_4974,12228.763481323052
00bbac68_4975,12228.783448126342
00bbac68_4976,12228.806899045278
00bbac68_4977,12228.83061306933
00bbac68_4978,12228.849453845649
00bbac68_4979,12228.87210433521
00bbac68_4980,12228.893673090246
00bbac68_4981,12228.910406820596
00bbac68_4982,12228.931761130145
00bbac68_4983,12228.954302574686
00bbac68_4984,12228.9746034674
00bbac68_4985,12228.989680088893
00bbac68_4986,12229.010889758418
00bbac68_4987,12229.030380175282
00bbac68_4988,12229.048819836771
00bbac68_4989,12229.062210981709
00bbac68_4990,12229.079909534292
00bbac68_4991,12229.096006999072
00bbac68_4992,12229.112674082096
00bbac68_4993,12229.121844393483
00bbac68_4994,12229.135554552317
00bbac68_4995,12229.1492319445
00bbac68_4996,12229.160908017308
00bbac68_4997,12229.173555255236
00bbac68_4998,12229.17951027607
00bbac68_4999,12229.188987967796
00bbac68_5000,12229.197731201995
00bbac68_5001,12229.206855389108
00bbac68_5002,12229.21613384952
00bbac68_5003,12229.224718881198
00bbac68_5004,12229.228803074197
00bbac68_5005,12229.23632526695
00bbac68_5006,12229.243000598542
00bbac68_5007,12229.25042458991
00bbac68_5008,12229.25695500692
00bbac68_5009,12229.262899452224
00bbac68_5010,12229.270709470578
00bbac68_5011,12229.271753548905
00bbac68_5012,12229.279338647671
00bbac68_5013,12229.2858456592
00bbac68_5014,12229.292975604272
00bbac68_5015,12229.301415597132
00bbac68_5016,12229.303057432822
00bbac68_5017,12229.310940726442
00bbac68_5018,12229.319442968872
00bbac68_5019,12229.326881954868
00bbac68_5020,12229.334040769789
00bbac68_5021,12229.343106537695
00bbac68_5022,12229.345551984492
00bbac68_5023,12229.35478287441
00bbac68_5024,12229.364601669651
00bbac68_5025,12229.373908136253
00bbac68_5026,12229.383239209168
00bbac68_5027,12229.387658561109
00bbac68_5028,12229.397094658078
00bbac68_5029,12229.405994673574
00bbac68_5030,12229.415922921513
00bbac68_5031,12229.42492752285
00bbac68_5032,12229.428235328523
00bbac68_5033,12229.43840839664
00bbac68_5034,12229.447249885896
00bbac68_5035,12229.456142127989
00bbac68_5036,12229.466244153098
00bbac68_5037,12229.470357228627
00bbac68_5038,12229.479007086376
00bbac68_5039,12229.49029941579
00bbac68_5040,12229.50137829572
00bbac68_5041,12229.509455990265
00bbac68_5042,12229.518858693722
00bbac68_5043,12229.529685007124
00bbac68_5044,12229.538267633969
00bbac68_5045,12229.548183034847
00bbac68_5046,12229.551650146685
00bbac68_5047,12229.560135145162
00bbac68_5048,12229.56941637454
00bbac68_5049,12229.578004358897
00bbac68_5050,12229.582480269752
00bbac68_5051,12229.590305278443
00bbac68_5052,12229.598634720996
00bbac68_5053,12229.607401648433
00bbac68_5054,12229.609508194062
00bbac68_5055,12229.616892693824
00bbac68_5056,12229.62540747012
00bbac68_5057,12229.633433976527
00bbac68_5058,12229.640713487392
00bbac68_5059,12229.64247877814
00bbac68_5060,12229.649591881624
00bbac68_5061,12229.65641512651
00bbac68_5062,12229.662515466813
00bbac68_5063,12229.662625456083
00bbac68_5064,12229.668427040897
00bbac68_5065,12229.673398371757
00bbac68_5066,12229.672270847395
00bbac68_5067,12229.677869461088
00bbac68_5068,12229.683366327874
00bbac68_5069,12229.6900102319
00bbac68_5070,12229.68969394844
00bbac68_5071,12229.695415683313
00bbac68_5072,12229.701586945595
00bbac68_5073,12229.707296727567
00bbac68_5074,12229.707633750104
00bbac68_5075,12229.71477403881
00bbac68_5076,12229.721012176267
00bbac68_5077,12229.727645631883
00bbac68_5078,12229.729641645034
00bbac68_5079,12229.736570427864
00bbac68_5080,12229.74424993376
00bbac68_5081,12229.744794325816
00bbac68_5082,12229.749725704116
00bbac68_5083,12229.754159033995
00bbac68_5084,12229.757605946248
00bbac68_5085,12229.7572197502
00bbac68_5086,12229.760790420003
00bbac68_5087,12229.764128228093
00bbac68_5088,12229.76065755531
00bbac68_5089,12229.762538293431
00bbac68_5090,12229.76537580392
00bbac68_5091,12229.763324923488
00bbac68_5092,12229.766479971342
00bbac68_5093,12229.769742780443
00bbac68_5094,12229.773117528131
00bbac68_5095,12229.77129052514
00bbac68_5096,12229.775455456973
00bbac68_5097,12229.778944044889
00bbac68_5098,12229.776381220125
00bbac68_5099,12229.780824550704
00bbac68_5100,12229.785556265486
00bbac68_5101,12229.785063328927
00bbac68_5102,12229.79177581732
00bbac68_5103,12229.798391792192
00bbac68_5104,12229.799728808968
00bbac68_5105,12229.80744389175
00bbac68_5106,12229.8156607212
00bbac68_5107,12229.826601497243
00bbac68_5108,12229.83089220802
00bbac68_5109,12229.840784845766
00bbac68_5110,12229.8522986338
00bbac68_5111,12229.858222116743
00bbac68_5112,12229.87054372778
00bbac68_5113,12229.882556567403
00bbac68_5114,12229.889108283764
00bbac68_5115,12229.900450691352
00bbac68_5116,12229.912335995785
00bbac68_5117,12229.917997674458
00bbac68_5118,12229.929865068829
00bbac68_5119,12229.942560594998
00bbac68_5120,12229.949791128178
00bbac68_5121,12229.962170217426
00bbac68_5122,12229.974342164329
00bbac68_5123,12229.987862921338
00bbac68_5124,12229.9941855556
00bbac68_5125,12230.005316243807
00bbac68_5126,12230.01633353472
00bbac68_5127,12230.020144695189
00bbac68_5128,12230.030678322972
00bbac68_5129,12230.040685234224
00bbac68_5130,12230.045013977997
00bbac68_5131,12230.054974521106
00bbac68_5132,12230.066575045348
00bbac68_5133,12230.072412047151
00bbac68_5134,12230.0836819572
00bbac68_5135,12230.0951139091
00bbac68_5136,12230.10521179088
00bbac68_5137,12230.10795085856
00bbac68_5138,12230.1159637507
00bbac68_5139,12230.123679831466
00bbac68_5140,12230.124811233709
00bbac68_5141,12230.130647152577
00bbac68_5142,12230.136472962457
00bbac68_5143,12230.136072019126
00bbac68_5144,12230.140631069102
00bbac68_5145,12230.14635874396
00bbac68_5146,12230.144289420836
00bbac68_5147,12230.146771722822
00bbac68_5148,12230.14917171186
00bbac68_5149,12230.15357790381
00bbac68_5150,12230.15339551168
00bbac68_5151,12230.15761243826
00bbac68_5152,12230.161180994137
00bbac68_5153,12230.15994433411
00bbac68_5154,12230.166345130994
00bbac68_5155,12230.173202847076
00bbac68_5156,12230.173244074997
00bbac68_5157,12230.182627361297
00bbac68_5158,12230.193470284552
00bbac68_5159,12230.200244112655
00bbac68_5160,12230.209984677744
00bbac68_5161,12230.22021909709
00bbac68_5162,12230.227854446131
00bbac68_5163,12230.230195620714
00bbac68_5164,12230.2379078169
00bbac68_5165,12230.245075855068
00bbac68_5166,12230.24676294847
00bbac68_5167,12230.252567280637
00bbac68_5168,12230.256950967329
00bbac68_5169,12230.256571293852
00bbac68_5170,12230.26071947401
00bbac68_5171,12230.262338242776
00bbac68_5172,12230.259614828068
00bbac68_5173,12230.261405158592
00bbac68_5174,12230.262250117376
00bbac68_5175,12230.257889768687
00bbac68_5176,12230.259819732752
00bbac68_5177,12230.263169190172
00bbac68_5178,12230.266378109962
00bbac68_5179,12230.26518345968
00bbac68_5180,12230.269517760626
00bbac68_5181,12230.272273309782
00bbac68_5182,12230.269102519109
00bbac68_5183,12230.272894879236
00bbac68_5184,12230.276457241274
00bbac68_5185,12230.27363777241
00bbac68_5186,12230.273902536612
00bbac68_5187,12230.273692304414
00bbac68_5188,12230.269489860302
00bbac68_5189,12230.26979147198
00bbac68_5190,12230.26921414844
00bbac68_5191,12230.268049566195
00bbac68_5192,12230.260792479352
00bbac68_5193,12230.257023389597
00bbac68_5194,12230.245401565871
00bbac68_5195,12230.240608930448
00bbac68_5196,12230.23720239767
00bbac68_5197,12230.22765590253
00bbac68_5198,12230.225966204132
00bbac68_5199,12230.218911228334
00bbac68_5200,12230.218843463486
00bbac68_5201,12230.213104718918
00bbac68_5202,12230.214530206673
00bbac68_5203,12230.21100209119
00bbac68_5204,12230.215033864692
00bbac68_5205,12230.21368127585
00bbac68_5206,12230.212952363418
00bbac68_5207,12230.217486750367
00bbac68_5208,12230.21743431783
00bbac68_5209,12230.219201319287
00bbac68_5210,12230.225680812024
00bbac68_5211,12230.22702048963
00bbac68_5212,12230.229694649552
00bbac68_5213,12230.240286925797
00bbac68_5214,12230.245439139686
00bbac68_5215,12230.25233914542
00bbac68_5216,12230.259318240303
00bbac68_5217,12230.27294642206
00bbac68_5218,12230.277781366018
00bbac68_5219,12230.278055520092
00bbac68_5220,12230.276220612268
00bbac68_5221,12230.275144715444
00bbac68_5222,12230.274881265545
00bbac68_5223,12230.276080035395
00bbac68_5224,12230.276599510884
00bbac68_5225,12230.279172880832
00bbac68_5226,12230.28671783088
00bbac68_5227,12230.289785748031
00bbac68_5228,12230.293892135773
00bbac68_5229,12230.29765714211
00bbac68_5230,12230.30173923877
00bbac68_5231,12230.303195306911
00bbac68_5232,12230.309902342067
00bbac68_5233,12230.316370062345
00bbac68_5234,12230.323623877452
00bbac68_5235,12230.331840471115
00bbac68_5236,12230.341599545063
00bbac68_5237,12230.35093659754
00bbac68_5238,12230.359435271432
00bbac68_5239,12230.36059226366
00bbac68_5240,12230.365930220149
00bbac68_5241,12230.373418442334
00bbac68_5242,12230.37888376528
00bbac68_5243,12230.378482216798
00bbac68_5244,12230.378409148372
00bbac68_5245,12230.375492598365
00bbac68_5246,12230.371728166068
00bbac68_5247,12230.365450575244
00bbac68_5248,12230.3621393336
00bbac68_5249,12230.35804068458
00bbac68_5250,12230.347956909394
00bbac68_5251,12230.34374311296
00bbac68_5252,12230.33540568968
00bbac68_5253,12230.33308281481
00bbac68_5254,12230.324118861394
00bbac68_5255,12230.31945576107
00bbac68_5256,12230.307118827392
00bbac68_5257,12230.299234445623
00bbac68_5258,12230.285934642923
00bbac68_5259,12230.274398827136
00bbac68_5260,12230.256373110067
00bbac68_5261,12230.244580687362
00bbac68_5262,12230.228174085947
00bbac68_5263,12230.21735434463
00bbac68_5264,12230.197715358188
00bbac68_5265,12230.1792947299
00bbac68_5266,12230.165950358783
00bbac68_5267,12230.147163566537
00bbac68_5268,12230.12842647336
00bbac68_5269,12230.11197070262
00bbac68_5270,12230.101140264424
00bbac68_5271,12230.084771608204
00bbac68_5272,12230.06906941692
00bbac68_5273,12230.053944360512
00bbac68_5274,12230.04443503203
00bbac68_5275,12230.028689785744
00bbac68_5276,12230.012379211355
00bbac68_5277,12229.99662352775
00bbac68_5278,12229.97961641956
00bbac68_5279,12229.964854083944
00bbac68_5280,12229.94998158735
00bbac68_5281,12229.93944654951
00bbac68_5282,12229.930148098894
00bbac68_5283,12229.921913185006
00bbac68_5284,12229.913979231873
00bbac68_5285,12229.908219453611
00bbac68_5286,12229.90139674484
00bbac68_5287,12229.894689867342
00bbac68_5288,12229.894635128348
00bbac68_5289,12229.889312419917
00bbac68_5290,12229.886071384926
00bbac68_5291,12229.882219027157
00bbac68_5292,12229.879133329034
00bbac68_5293,12229.876197140058
00bbac68_5294,12229.87321265219
00bbac68_5295,12229.871217649075
00bbac68_5296,12229.869854088844
00bbac68_5297,12229.868250146352
00bbac68_5298,12229.866997065594
00bbac68_5299,12229.864665605171
00bbac68_5300,12229.86274652991
00bbac68_5301,12229.85900754077
00bbac68_5302,12229.857200757724
00bbac68_5303,12229.849354624108
00bbac68_5304,12229.841287262849
00bbac68_5305,12229.833161685774
00bbac68_5306,12229.827401013676
00bbac68_5307,12229.820686435609
00bbac68_5308,12229.814030361118
00bbac68_5309,12229.8073469006
00bbac68_5310,12229.806942613894
00bbac68_5311,12229.80249462976
00bbac68_5312,12229.798831139446
00bbac68_5313,12229.795241690876
00bbac68_5314,12229.7888372122
00bbac68_5315,12229.782107322742
00bbac68_5316,12229.780040561776
00bbac68_5317,12229.77334810744
00bbac68_5318,12229.764799839544
00bbac68_5319,12229.756727758424
00bbac68_5320,12229.75156154362
00bbac68_5321,12229.746270227592
00bbac68_5322,12229.746348142207
00bbac68_5323,12229.74178133763
00bbac68_5324,12229.734007902516
00bbac68_5325,12229.725962763236
00bbac68_5326,12229.723041728212
00bbac68_5327,12229.716732559951
00bbac68_5328,12229.71156909388
00bbac68_5329,12229.706073562997
00bbac68_5330,12229.701022826874
00bbac68_5331,12229.701690970836
00bbac68_5332,12229.69804261414
00bbac68_5333,12229.696047628177
00bbac68_5334,12229.693171090596
00bbac68_5335,12229.69606046484
00bbac68_5336,12229.693706037207
00bbac68_5337,12229.692135473024
00bbac68_5338,12229.69566413695
00bbac68_5339,12229.6946916917
00bbac68_5340,12229.69261455196
00bbac68_5341,12229.691327305114
00bbac68_5342,12229.695013702696
00bbac68_5343,12229.692920459918
00bbac68_5344,12229.69143873897
00bbac68_5345,12229.695804696114
00bbac68_5346,12229.692915353136
00bbac68_5347,12229.691745859976
00bbac68_5348,12229.697347378293
00bbac68_5349,12229.697336531646
00bbac68_5350,12229.696773713593
00bbac68_5351,12229.70160539972
00bbac68_5352,12229.700783684366
00bbac68_5353,12229.700235917977
00bbac68_5354,12229.706305381798
00bbac68_5355,12229.709334951249
00bbac68_5356,12229.710610777518
00bbac68_5357,12229.716624828305
00bbac68_5358,12229.716362449724
00bbac68_5359,12229.72124707686
00bbac68_5360,12229.722752135383
00bbac68_5361,12229.72267010129
00bbac68_5362,12229.727182234266
00bbac68_5363,12229.726080670254
00bbac68_5364,12229.731036247358
00bbac68_5365,12229.73098410942
00bbac68_5366,12229.731921244827
00bbac68_5367,12229.73686719955
00bbac68_5368,12229.735857062316
00bbac68_5369,12229.740452323378
00bbac68_5370,12229.739615973116
00bbac68_5371,12229.7389371378
00bbac68_5372,12229.74219103149
00bbac68_5373,12229.740078843028
00bbac68_5374,12229.742414341055
00bbac68_5375,12229.739816438814
00bbac68_5376,12229.741884229214
00bbac68_5377,12229.737641842134
00bbac68_5378,12229.73831613667
00bbac68_5379,12229.7330370265
00bbac68_5380,12229.726503983977
00bbac68_5381,12229.726338685105
00bbac68_5382,12229.719685245524
00bbac68_5383,12229.711798503286
00bbac68_5384,12229.707050810504
00bbac68_5385,12229.698009692574
00bbac68_5386,12229.68952372828
00bbac68_5387,12229.68141457698
00bbac68_5388,12229.67118095157
00bbac68_5389,12229.660626882776
00bbac68_5390,12229.650502052136
00bbac68_5391,12229.639460444523
00bbac68_5392,12229.627183259488
00bbac68_5393,12229.614991204508
00bbac68_5394,12229.60139720764
00bbac68_5395,12229.586728647428
00bbac68_5396,12229.572154254773
00bbac68_5397,12229.556595316284
00bbac68_5398,12229.535894843875
00bbac68_5399,12229.519922302778
00bbac68_5400,12229.50286395388
00bbac68_5401,12229.486803925578
00bbac68_5402,12229.464399849645
00bbac68_5403,12229.448899409712
00bbac68_5404,12229.425451997084
00bbac68_5405,12229.407172164068
00bbac68_5406,12229.38206032242
00bbac68_5407,12229.363963142883
00bbac68_5408,12229.339509035322
00bbac68_5409,12229.3202489727
00bbac68_5410,12229.295341000616
00bbac68_5411,12229.26910654841
00bbac68_5412,12229.247849738134
00bbac68_5413,12229.220537222032
00bbac68_5414,12229.193908099916
00bbac68_5415,12229.166022433172
00bbac68_5416,12229.138726914129
00bbac68_5417,12229.117839522183
00bbac68_5418,12229.09045135538
00bbac68_5419,12229.064053519343
00bbac68_5420,12229.037266177394
00bbac68_5421,12229.01012227817
00bbac68_5422,12228.98258989141
00bbac68_5423,12228.94934482446
00bbac68_5424,12228.923010652295
00bbac68_5425,12228.898170498658
00bbac68_5426,12228.870601673552
00bbac68_5427,12228.843916067526
00bbac68_5428,12228.810921946824
00bbac68_5429,12228.784116914128
00bbac68_5430,12228.758353483265
00bbac68_5431,12228.725475673706
00bbac68_5432,12228.701528995798
00bbac68_5433,12228.676914831924
00bbac68_5434,12228.649063957948
00bbac68_5435,12228.628012561054
00bbac68_5436,12228.604245476065
00bbac68_5437,12228.586237009737
00bbac68_5438,12228.56154768887
00bbac68_5439,12228.537733292493
00bbac68_5440,12228.52084200165
00bbac68_5441,12228.499480561648
00bbac68_5442,12228.476944154289
00bbac68_5443,12228.45601291503
00bbac68_5444,12228.439759880395
00bbac68_5445,12228.420208576996
00bbac68_5446,12228.401743571714
00bbac68_5447,12228.38210457986
00bbac68_5448,12228.361947434732
00bbac68_5449,12228.34170113004
00bbac68_5450,12228.320831102945
00bbac68_5451,12228.298921317732
00bbac68_5452,12228.275256569415
00bbac68_5453,12228.24922344354
00bbac68_5454,12228.223880684627
00bbac68_5455,12228.195160556115
00bbac68_5456,12228.175575550082
00bbac68_5457,12228.153329776913
00bbac68_5458,12228.130266377306
00bbac68_5459,12228.099845476316
00bbac68_5460,12228.073200281537
00bbac68_5461,12228.046914490376
00bbac68_5462,12228.010758062204
00bbac68_5463,12227.979918755338
00bbac68_5464,12227.94185595693
00bbac68_5465,12227.907920914224
00bbac68_5466,12227.8678631593
00bbac68_5467,12227.825716344109
00bbac68_5468,12227.784012678168
00bbac68_5469,12227.735387772886
00bbac68_5470,12227.686039740129
00bbac68_5471,12227.641712164115
00bbac68_5472,12227.590826838004
00bbac68_5473,12227.538691151283
00bbac68_5474,12227.486433322723
00bbac68_5475,12227.438787995769
00bbac68_5476,12227.384457916409
00bbac68_5477,12227.327698344638
00bbac68_5478,12227.270154773098
00bbac68_5479,12227.218775621744
00bbac68_5480,12227.161735506606
00bbac68_5481,12227.105005827896
00bbac68_5482,12227.046341008185
00bbac68_5483,12226.988530908731
00bbac68_5484,12226.935316302544
00bbac68_5485,12226.878575220837
00bbac68_5486,12226.821578126212
00bbac68_5487,12226.764709968707
00bbac68_5488,12226.715531260585
00bbac68_5489,12226.66252568565
00bbac68_5490,12226.61053052087
00bbac68_5491,12226.560706296326
00bbac68_5492,12226.51328626106
00bbac68_5493,12226.472966792377
00bbac68_5494,12226.430478347924
00bbac68_5495,12226.38994467699
00bbac68_5496,12226.34821391449
00bbac68_5497,12226.306883789248
00bbac68_5498,12226.274271706368
00bbac68_5499,12226.237572798338
00bbac68_5500,12226.20436811752
00bbac68_5501,12226.172470944635
00bbac68_5502,12226.142588296503
00bbac68_5503,12226.118900980846
00bbac68_5504,12226.091386927186
00bbac68_5505,12226.06542076621
00bbac68_5506,12226.03771300306
00bbac68_5507,12226.009164959149
00bbac68_5508,12225.985457715336
00bbac68_5509,12225.957248618502
00bbac68_5510,12225.927849297266
00bbac68_5511,12225.897674094194
00bbac68_5512,12225.868131543535
00bbac68_5513,12225.837545896333
00bbac68_5514,12225.814823978157
00bbac68_5515,12225.788026993429
00bbac68_5516,12225.758016506074
00bbac68_5517,12225.725208588832
00bbac68_5518,12225.691870809913
00bbac68_5519,12225.658337055318
00bbac68_5520,12225.63206699213
00bbac68_5521,12225.597564866814
00bbac68_5522,12225.563516418591
00bbac68_5523,12225.527969026569
00bbac68_5524,12225.49110900438
00bbac68_5525,12225.453225985271
00bbac68_5526,12225.418066662794
00bbac68_5527,12225.376311062206
00bbac68_5528,12225.33266611971
00bbac68_5529,12225.288605033686
00bbac68_5530,12225.244274491872
00bbac68_5531,12225.198070119854
00bbac68_5532,12225.15107835401
00bbac68_5533,12225.109374145257
00bbac68_5534,12225.064044667412
00bbac68_5535,12225.021493346863
00bbac68_5536,12224.978538986868
00bbac68_5537,12224.936095643488
00bbac68_5538,12224.89392614048
00bbac68_5539,12224.852829601125
00bbac68_5540,12224.818849544818
00bbac68_5541,12224.777479268412
00bbac68_5542,12224.73747921966
00bbac68_5543,12224.69940262132
00bbac68_5544,12224.66038375843
00bbac68_5545,12224.621961510711
00bbac68_5546,12224.583061146786
00bbac68_5547,12224.54175792111
00bbac68_5548,12224.50752176439
00bbac68_5549,12224.466403297876
00bbac68_5550,12224.427146356024
00bbac68_5551,12224.389320792552
00bbac68_5552,12224.349237844915
00bbac68_5553,12224.309567045337
00bbac68_5554,12224.271217608988
00bbac68_5555,12224.234780597344
00bbac68_5556,12224.19839132807
00bbac68_5557,12224.171387352308
00bbac68_5558,12224.139562763105
00bbac68_5559,12224.105539398362
00bbac68_5560,12224.074096757106
00bbac68_5561,12224.040822114845
00bbac68_5562,12224.007249011014
00bbac68_5563,12223.970790218278
00bbac68_5564,12223.933984490566
00bbac68_5565,12223.89832142047
00bbac68_5566,12223.86004445374
00bbac68_5567,12223.823544195931
00bbac68_5568,12223.786933586493
00bbac68_5569,12223.754691597393
00bbac68_5570,12223.71655531837
00bbac68_5571,12223.678985296045
00bbac68_5572,12223.640657524233
00bbac68_5573,12223.60275991265
00bbac68_5574,12223.565544167834
00bbac68_5575,12223.529007269237
00bbac68_5576,12223.493392362416
00bbac68_5577,12223.458594838155
00bbac68_5578,12223.418549239374
00bbac68_5579,12223.386715945451
00bbac68_5580,12223.35316394783
00bbac68_5581,12223.319368889042
00bbac68_5582,12223.287219300237
00bbac68_5583,12223.25655270914
00bbac68_5584,12223.226409967032
00bbac68_5585,12223.194571124986
00bbac68_5586,12223.15754365312
00bbac68_5587,12223.12468609177
00bbac68_5588,12223.091532437627
00bbac68_5589,12223.060462852674
00bbac68_5590,12223.029490656278
00bbac68_5591,12222.99343207058
00bbac68_5592,12222.962982119318
00bbac68_5593,12222.932220228444
00bbac68_5594,12222.90418209204
00bbac68_5595,12222.870900854374
00bbac68_5596,12222.843438560034
00bbac68_5597,12222.817650853856
00bbac68_5598,12222.787230463817
00bbac68_5599,12222.764342792376
00bbac68_5600,12222.742454756568
00bbac68_5601,12222.714637060588
00bbac68_5602,12222.691979894043
00bbac68_5603,12222.669511307004
00bbac68_5604,12222.640713125013
00bbac68_5605,12222.615587019674
00bbac68_5606,12222.589094838628
00bbac68_5607,12222.565679801231
00bbac68_5608,12222.5397500103
00bbac68_5609,12222.509112319049
00bbac68_5610,12222.48428693744
00bbac68_5611,12222.45121813381
00bbac68_5612,12222.420084166288
00bbac68_5613,12222.382449269917
00bbac68_5614,12222.35130603388
00bbac68_5615,12222.310942406066
00bbac68_5616,12222.26763630482
00bbac68_5617,12222.227258111468
00bbac68_5618,12222.17822674961
00bbac68_5619,12222.127347349156
00bbac68_5620,12222.06658025329
00bbac68_5621,12222.002674562793
00bbac68_5622,12221.9421305682
00bbac68_5623,12221.874991263732
00bbac68_5624,12221.8152703566
00bbac68_5625,12221.749180047362
00bbac68_5626,12221.680786067653
00bbac68_5627,12221.613648980683
00bbac68_5628,12221.548256659353
00bbac68_5629,12221.480634052836
00bbac68_5630,12221.414295568662
00bbac68_5631,12221.354232980604
00bbac68_5632,12221.291182416877
00bbac68_5633,12221.232957582375
00bbac68_5634,12221.17518134058
00bbac68_5635,12221.11792295386
00bbac68_5636,12221.066008955524
00bbac68_5637,12221.008231822198
00bbac68_5638,12220.950203906605
00bbac68_5639,12220.893889040948
00bbac68_5640,12220.83703076136
00bbac68_5641,12220.779167185105
00bbac68_5642,12220.72299062816
00bbac68_5643,12220.67244865659
00bbac68_5644,12220.615125145276
00bbac68_5645,12220.558610748896
00bbac68_5646,12220.502680117384
00bbac68_5647,12220.446768620644
00bbac68_5648,12220.393125916067
00bbac68_5649,12220.342018179716
00bbac68_5650,12220.28910182255
00bbac68_5651,12220.2352113555
00bbac68_5652,12220.183566859929
00bbac68_5653,12220.13419667218
00bbac68_5654,12220.088044557484
00bbac68_5655,12220.042159209172
00bbac68_5656,12219.996178040796
00bbac68_5657,12219.950651463034
00bbac68_5658,12219.90287702046
00bbac68_5659,12219.86276090672
00bbac68_5660,12219.821665827112
00bbac68_5661,12219.778027513228
00bbac68_5662,12219.734591982033
00bbac68_5663,12219.691040060125
00bbac68_5664,12219.649175555
00bbac68_5665,12219.599164462068
00bbac68_5666,12219.553199821412
00bbac68_5667,12219.502793226871
00bbac68_5668,12219.45139595804
00bbac68_5669,12219.40066887762
00bbac68_5670,12219.344897330717
00bbac68_5671,12219.280304582226
00bbac68_5672,12219.21856890439
00bbac68_5673,12219.156480358904
00bbac68_5674,12219.093473462382
00bbac68_5675,12219.02539512016
00bbac68_5676,12218.950207245549
00bbac68_5677,12218.87926735972
00bbac68_5678,12218.80766293341
00bbac68_5679,12218.735669259811
00bbac68_5680,12218.664768625124
00bbac68_5681,12218.58908001521
00bbac68_5682,12218.523176672485
00bbac68_5683,12218.45953879538
00bbac68_5684,12218.400005932092
00bbac68_5685,12218.338861330278
00bbac68_5686,12218.283217598677
00bbac68_5687,12218.233680659458
00bbac68_5688,12218.18508050534
00bbac68_5689,12218.135313494791
00bbac68_5690,12218.091070031816
00bbac68_5691,12218.047299208409
00bbac68_5692,12218.001024924302
00bbac68_5693,12217.959116528727
00bbac68_5694,12217.914115311516
00bbac68_5695,12217.867777661391
00bbac68_5696,12217.813346599538
00bbac68_5697,12217.763923288108
00bbac68_5698,12217.716569310687
00bbac68_5699,12217.66408243353
00bbac68_5700,12217.618406156213
00bbac68_5701,12217.571255626972
00bbac68_5702,12217.520996199586
00bbac68_5703,12217.477037456949
00bbac68_5704,12217.431214987004
00bbac68_5705,12217.382661693577
00bbac68_5706,12217.33750679717
00bbac68_5707,12217.292435258549
00bbac68_5708,12217.24009365386
00bbac68_5709,12217.192902196914
00bbac68_5710,12217.146588297532
00bbac68_5711,12217.097295888336
00bbac68_5712,12217.053334999076
00bbac68_5713,12217.005089416629
00bbac68_5714,12216.962359666006
00bbac68_5715,12216.922305106402
00bbac68_5716,12216.87542646097
00bbac68_5717,12216.832716995135
00bbac68_5718,12216.787918769223
00bbac68_5719,12216.745643427195
00bbac68_5720,12216.704470740962
00bbac68_5721,12216.65686396381
00bbac68_5722,12216.61328384237
00bbac68_5723,12216.562914307708
00bbac68_5724,12216.51864785367
00bbac68_5725,12216.468007286614
00bbac68_5726,12216.42401120957
00bbac68_5727,12216.382320986822
00bbac68_5728,12216.331871412252
00bbac68_5729,12216.28666551046
00bbac68_5730,12216.23376879602
00bbac68_5731,12216.182729575234
00bbac68_5732,12216.125147603389
00bbac68_5733,12216.072364710904
00bbac68_5734,12216.015210947004
00bbac68_5735,12215.966353761976
00bbac68_5736,12215.911817268894
00bbac68_5737,12215.862099237092
00bbac68_5738,12215.805909548944
00bbac68_5739,12215.75307158011
00bbac68_5740,12215.697942311032
00bbac68_5741,12215.6490745968
00bbac68_5742,12215.59518847896
00bbac68_5743,12215.549762684424
00bbac68_5744,12215.499630352975
00bbac68_5745,12215.452950420851
00bbac68_5746,12215.400315327264
00bbac68_5747,12215.35082521655
00bbac68_5748,12215.303786470797
00bbac68_5749,12215.254516302166
00bbac68_5750,12215.208369354048
00bbac68_5751,12215.158111636709
00bbac68_5752,12215.118927185653
00bbac68_5753,12215.074111227268
00bbac68_5754,12215.03088678075
00bbac68_5755,12214.996892044624
00bbac68_5756,12214.959722785235
00bbac68_5757,12214.929107598302
00bbac68_5758,12214.89694254078
00bbac68_5759,12214.87166353008
00bbac68_5760,12214.84099548349
00bbac68_5761,12214.816062404028
00bbac68_5762,12214.785898554155
00bbac68_5763,12214.753690772184
00bbac68_5764,12214.723626144396
00bbac68_5765,12214.689835242589
00bbac68_5766,12214.659518749688
00bbac68_5767,12214.623854842504
00bbac68_5768,12214.593244444182
00bbac68_5769,12214.559985078566
00bbac68_5770,12214.531194203411
00bbac68_5771,12214.495162976422
00bbac68_5772,12214.462449534854
00bbac68_5773,12214.429216730969
00bbac68_5774,12214.388250212503
00bbac68_5775,12214.353437698255
00bbac68_5776,12214.30972625946
00bbac68_5777,12214.26973835526
00bbac68_5778,12214.227709992392
00bbac68_5779,12214.186557293444
00bbac68_5780,12214.137276790694
00bbac68_5781,12214.094598275824
00bbac68_5782,12214.048273128175
00bbac68_5783,12213.997640019748
00bbac68_5784,12213.95262317456
00bbac68_5785,12213.898560743277
00bbac68_5786,12213.84937061281
00bbac68_5787,12213.799552888911
00bbac68_5788,12213.739982457311
00bbac68_5789,12213.68590401366
00bbac68_5790,12213.630832828734
00bbac68_5791,12213.569040998416
00bbac68_5792,12213.512763190352
00bbac68_5793,12213.4555306092
00bbac68_5794,12213.392291225631
00bbac68_5795,12213.334841962009
00bbac68_5796,12213.273607612891
00bbac68_5797,12213.201576039008
00bbac68_5798,12213.136653903328
00bbac68_5799,12213.074769893905
00bbac68_5800,12213.009757039095
00bbac68_5801,12212.950132051536
00bbac68_5802,12212.893606005218
00bbac68_5803,12212.833427693822
00bbac68_5804,12212.767259565764
00bbac68_5805,12212.705521479227
00bbac68_5806,12212.645398886594
00bbac68_5807,12212.58142258586
00bbac68_5808,12212.523103091804
00bbac68_5809,12212.467506235129
00bbac68_5810,12212.4128838899
00bbac68_5811,12212.359526668675
00bbac68_5812,12212.301336367524
00bbac68_5813,12212.24795626538
00bbac68_5814,12212.19408067026
00bbac68_5815,12212.142858631494
00bbac68_5816,12212.094964301728
00bbac68_5817,12212.042313401113
00bbac68_5818,12211.996148049722
00bbac68_5819,12211.95081848395
00bbac68_5820,12211.906476990487
00bbac68_5821,12211.864832310242
00bbac68_5822,12211.82406846095
00bbac68_5823,12211.776212897365
00bbac68_5824,12211.736261600288
00bbac68_5825,12211.699070096303
00bbac68_5826,12211.659174137632
00bbac68_5827,12211.61821583664
00bbac68_5828,12211.579151419986
00bbac68_5829,12211.536800844557
00bbac68_5830,12211.49672028704
00bbac68_5831,12211.449814928435
00bbac68_5832,12211.409059610236
00bbac68_5833,12211.366374225256
00bbac68_5834,12211.324484824245
00bbac68_5835,12211.286153407003
00bbac68_5836,12211.247355943664
00bbac68_5837,12211.206136830624
00bbac68_5838,12211.16676025906
00bbac68_5839,12211.126312269258
00bbac68_5840,12211.085459458462
00bbac68_5841,12211.045029056284
00bbac68_5842,12211.005789486537
00bbac68_5843,12210.966163246458
00bbac68_5844,12210.927025950128
00bbac68_5845,12210.89106090844
00bbac68_5846,12210.853874031143
00bbac68_5847,12210.816177963568
00bbac68_5848,12210.778074780588
00bbac68_5849,12210.736949379148
00bbac68_5850,12210.698482378491
00bbac68_5851,12210.660238529495
00bbac68_5852,12210.619171803042
00bbac68_5853,12210.577333913683
00bbac68_5854,12210.536312531742
00bbac68_5855,12210.491528077217
00bbac68_5856,12210.447506955044
00bbac68_5857,12210.408750141029
00bbac68_5858,12210.365859672213
00bbac68_5859,12210.323851669367
00bbac68_5860,12210.280983228618
00bbac68_5861,12210.237771330065
00bbac68_5862,12210.193176275528
00bbac68_5863,12210.152614194052
00bbac68_5864,12210.11149275229
00bbac68_5865,12210.07133176982
00bbac68_5866,12210.031560614196
00bbac68_5867,12209.997143843662
00bbac68_5868,12209.956640587454
00bbac68_5869,12209.91250340822
00bbac68_5870,12209.874262024045
00bbac68_5871,12209.836431331076
00bbac68_5872,12209.79213785853
00bbac68_5873,12209.759429771952
00bbac68_5874,12209.721611566456
00bbac68_5875,12209.683666497853
00bbac68_5876,12209.651828853162
00bbac68_5877,12209.619463651965
00bbac68_5878,12209.58621013522
00bbac68_5879,12209.549479537687
00bbac68_5880,12209.519210361104
00bbac68_5881,12209.48509629137
00bbac68_5882,12209.451395695476
00bbac68_5883,12209.4159382318
00bbac68_5884,12209.377962726205
00bbac68_5885,12209.342662151084
00bbac68_5886,12209.308642390257
00bbac68_5887,12209.274475831317
00bbac68_5888,12209.241897094013
00bbac68_5889,12209.212001668986
00bbac68_5890,12209.169964770845
00bbac68_5891,12209.133801055246
00bbac68_5892,12209.093350022653
00bbac68_5893,12209.04138859575
00bbac68_5894,12208.999695635726
00bbac68_5895,12208.953141759328
00bbac68_5896,12208.89815351602
00bbac68_5897,12208.847025352456
00bbac68_5898,12208.793023019898
00bbac68_5899,12208.735282798552
00bbac68_5900,12208.675116443685
00bbac68_5901,12208.620922707643
00bbac68_5902,12208.569157149988
00bbac68_5903,12208.515092615016
00bbac68_5904,12208.45974593901
00bbac68_5905,12208.401858230343
00bbac68_5906,12208.345458945829
00bbac68_5907,12208.287125662431
00bbac68_5908,12208.230706617673
00bbac68_5909,12208.175269464637
00bbac68_5910,12208.121022151274
00bbac68_5911,12208.06757150728
00bbac68_5912,12208.011627213788
00bbac68_5913,12207.9535054618
00bbac68_5914,12207.895193144172
00bbac68_5915,12207.83507441834
00bbac68_5916,12207.778427869642
00bbac68_5917,12207.72199097443
00bbac68_5918,12207.6654204536
00bbac68_5919,12207.613121835318
00bbac68_5920,12207.564236254091
00bbac68_5921,12207.51537813706
00bbac68_5922,12207.46732447172
00bbac68_5923,12207.422867950405
00bbac68_5924,12207.375652059938
00bbac68_5925,12207.327878919754
00bbac68_5926,12207.288121814978
00bbac68_5927,12207.243757965636
00bbac68_5928,12207.201667240726
00bbac68_5929,12207.1612212313
00bbac68_5930,12207.1219957649
00bbac68_5931,12207.087384174003
00bbac68_5932,12207.043388271008
00bbac68_5933,12207.002559645964
00bbac68_5934,12206.958905119473
00bbac68_5935,12206.921189054596
00bbac68_5936,12206.877484329923
00bbac68_5937,12206.836604373068
00bbac68_5938,12206.794915628452
00bbac68_5939,12206.75298409812
00bbac68_5940,12206.713185712444
00bbac68_5941,12206.678910890958
00bbac68_5942,12206.638194133013
00bbac68_5943,12206.602601788883
00bbac68_5944,12206.56928071218
00bbac68_5945,12206.540067805296
00bbac68_5946,12206.511324750722
00bbac68_5947,12206.47761176583
00bbac68_5948,12206.440640791156
00bbac68_5949,12206.411502476316
00bbac68_5950,12206.372715194915
00bbac68_5951,12206.340144457998
00bbac68_5952,12206.310209740808
00bbac68_5953,12206.273849703306
00bbac68_5954,12206.238438119246
00bbac68_5955,12206.206349033868
00bbac68_5956,12206.166202899742
00bbac68_5957,12206.128300067598
00bbac68_5958,12206.095849956364
00bbac68_5959,12206.057272168971
00bbac68_5960,12206.02291932918
00bbac68_5961,12205.99372384236
00bbac68_5962,12205.956940813374
00bbac68_5963,12205.921357638705
00bbac68_5964,12205.893285455008
00bbac68_5965,12205.85941412939
00bbac68_5966,12205.826631993728
00bbac68_5967,12205.802638863486
00bbac68_5968,12205.774243532298
00bbac68_5969,12205.747150972802
00bbac68_5970,12205.717191317472
00bbac68_5971,12205.69358831286
00bbac68_5972,12205.66375109129
00bbac68_5973,12205.630533823798
00bbac68_5974,12205.59954189244
00bbac68_5975,12205.575663280986
00bbac68_5976,12205.547770092471
00bbac68_5977,12205.522137166325
00bbac68_5978,12205.4980180177
00bbac68_5979,12205.479753675909
00bbac68_5980,12205.455277467578
00bbac68_5981,12205.429401793128
00bbac68_5982,12205.4010697864
00bbac68_5983,12205.373425883316
00bbac68_5984,12205.350116061203
00bbac68_5985,12205.320013112883
00bbac68_5986,12205.29395679251
00bbac68_5987,12205.266529273897
00bbac68_5988,12205.237658114922
00bbac68_5989,12205.214957282442
00bbac68_5990,12205.185529879014
00bbac68_5991,12205.153520536787
00bbac68_5992,12205.123444499632
00bbac68_5993,12205.090888540864
00bbac68_5994,12205.059775196754
00bbac68_5995,12205.032638437318
00bbac68_5996,12205.011859437504
00bbac68_5997,12204.985229202415
00bbac68_5998,12204.96063518394
00bbac68_5999,12204.93676887621
00bbac68_6000,12204.91471031793
00bbac68_6001,12204.892474243858
00bbac68_6002,12204.869838479271
00bbac68_6003,12204.84747614036
00bbac68_6004,12204.83308852286
00bbac68_6005,12204.81418288337
00bbac68_6006,12204.795388600747
00bbac68_6007,12204.77467568421
00bbac68_6008,12204.75060871887
00bbac68_6009,12204.72979616238
00bbac68_6010,12204.712441394644
00bbac68_6011,12204.690813759506
00bbac68_6012,12204.671080604769
00bbac68_6013,12204.649219269217
00bbac68_6014,12204.624022839387
00bbac68_6015,12204.605739123886
00bbac68_6016,12204.58542441398
00bbac68_6017,12204.558784703804
00bbac68_6018,12204.537756536392
00bbac68_6019,12204.514439346289
00bbac68_6020,12204.48996531486
00bbac68_6021,12204.46791045888
00bbac68_6022,12204.444921846269
00bbac68_6023,12204.41842829328
00bbac68_6024,12204.394714986072
00bbac68_6025,12204.369072742073
00bbac68_6026,12204.34538269685
00bbac68_6027,12204.318470590806
00bbac68_6028,12204.285511195256
00bbac68_6029,12204.254926037827
00bbac68_6030,12204.227571487054
00bbac68_6031,12204.200120420088
00bbac68_6032,12204.170035769275
00bbac68_6033,12204.13613174044
00bbac68_6034,12204.107916270828
00bbac68_6035,12204.082225526585
00bbac68_6036,12204.054815816631
00bbac68_6037,12204.028340049064
00bbac68_6038,12204.004740766566
00bbac68_6039,12203.978879845976
00bbac68_6040,12203.952225973637
00bbac68_6041,12203.925072589083
00bbac68_6042,12203.89538719957
00bbac68_6043,12203.86435750914
00bbac68_6044,12203.83428597146
00bbac68_6045,12203.805875944145
00bbac68_6046,12203.777893829352
00bbac68_6047,12203.74972946167
00bbac68_6048,12203.723019422345
00bbac68_6049,12203.691736444242
00bbac68_6050,12203.663994825052
00bbac68_6051,12203.635474465633
00bbac68_6052,12203.607495811468
00bbac68_6053,12203.581587128694
00bbac68_6054,12203.555757606144
00bbac68_6055,12203.53163547358
00bbac68_6056,12203.509242187887
00bbac68_6057,12203.485387777751
00bbac68_6058,12203.463622990655
00bbac68_6059,12203.440389851772
00bbac68_6060,12203.41987873958
00bbac68_6061,12203.399806422663
00bbac68_6062,12203.374691644722
00bbac68_6063,12203.349789217653
00bbac68_6064,12203.331631622514
00bbac68_6065,12203.312239579696
00bbac68_6066,12203.290541249688
00bbac68_6067,12203.272588549811
00bbac68_6068,12203.255002172646
00bbac68_6069,12203.23508361283
00bbac68_6070,12203.219227560474
00bbac68_6071,12203.202143869332
00bbac68_6072,12203.183206140526
00bbac68_6073,12203.163090343678
00bbac68_6074,12203.138107939452
00bbac68_6075,12203.117315866946
00bbac68_6076,12203.093639321482
00bbac68_6077,12203.070297433816
00bbac68_6078,12203.044571188886
00bbac68_6079,12203.026366451955
00bbac68_6080,12203.005381732466
00bbac68_6081,12202.981977174884
00bbac68_6082,12202.953456967189
00bbac68_6083,12202.93319448513
00bbac68_6084,12202.909207579349
00bbac68_6085,12202.879993752456
00bbac68_6086,12202.855593461432
00bbac68_6087,12202.830721950277
00bbac68_6088,12202.80358748926
00bbac68_6089,12202.78187075698
00bbac68_6090,12202.759971088451
00bbac68_6091,12202.733555896762
00bbac68_6092,12202.710543253896
00bbac68_6093,12202.691358347442
00bbac68_6094,12202.66608018782
00bbac68_6095,12202.647710335776
00bbac68_6096,12202.62352132663
00bbac68_6097,12202.604680642362
00bbac68_6098,12202.582193018285
00bbac68_6099,12202.55478820041
00bbac68_6100,12202.533707739814
00bbac68_6101,12202.504278328466
00bbac68_6102,12202.48397812902
00bbac68_6103,12202.459977143266
00bbac68_6104,12202.437857588717
00bbac68_6105,12202.415767076009
00bbac68_6106,12202.388992670363
00bbac68_6107,12202.366521451071
00bbac68_6108,12202.344305463172
00bbac68_6109,12202.3152097967
00bbac68_6110,12202.29744590598
00bbac68_6111,12202.281194582843
00bbac68_6112,12202.258475011158
00bbac68_6113,12202.23454342888
00bbac68_6114,12202.216485131536
00bbac68_6115,12202.201336122658
00bbac68_6116,12202.186663519851
00bbac68_6117,12202.17061529865
00bbac68_6118,12202.153003761072
00bbac68_6119,12202.13670757594
00bbac68_6120,12202.121539750293
00bbac68_6121,12202.10025315606
00bbac68_6122,12202.079229949735
00bbac68_6123,12202.05284845507
00bbac68_6124,12202.03635749361
00bbac68_6125,12202.01516594272
00bbac68_6126,12201.998093933278
00bbac68_6127,12201.97375782624
00bbac68_6128,12201.948899889188
00bbac68_6129,12201.922434445923
00bbac68_6130,12201.899419382044
00bbac68_6131,12201.8720864845
00bbac68_6132,12201.842667041376
00bbac68_6133,12201.813539608182
00bbac68_6134,12201.784594453133
00bbac68_6135,12201.758843254036
00bbac68_6136,12201.732951078811
00bbac68_6137,12201.703353561292
00bbac68_6138,12201.671375746331
00bbac68_6139,12201.642635868977
00bbac68_6140,12201.606819824416
00bbac68_6141,12201.57465635602
00bbac68_6142,12201.53781450558
00bbac68_6143,12201.504901793462
00bbac68_6144,12201.472791527534
00bbac68_6145,12201.436535201196
00bbac68_6146,12201.40461450432
00bbac68_6147,12201.372899499123
00bbac68_6148,12201.33275183636
00bbac68_6149,12201.298532999266
00bbac68_6150,12201.266112598943
00bbac68_6151,12201.229321950035
00bbac68_6152,12201.201981957942
00bbac68_6153,12201.16670677276
00bbac68_6154,12201.138373220529
00bbac68_6155,12201.10846625692
00bbac68_6156,12201.078930499723
00bbac68_6157,12201.05148656154
00bbac68_6158,12201.029306527653
00bbac68_6159,12201.002504897848
00bbac68_6160,12200.991378588282
00bbac68_6161,12200.973187128997
00bbac68_6162,12200.956782050613
00bbac68_6163,12200.937858275993
00bbac68_6164,12200.924006837133
00bbac68_6165,12200.901658979008
00bbac68_6166,12200.886838950624
00bbac68_6167,12200.878826076554
00bbac68_6168,12200.8583738008
00bbac68_6169,12200.84380242228
00bbac68_6170,12200.83383657171
00bbac68_6171,12200.819833348942
00bbac68_6172,12200.805233048864
00bbac68_6173,12200.788458768562
00bbac68_6174,12200.781172453047
00bbac68_6175,12200.771183461618
00bbac68_6176,12200.76025244126
00bbac68_6177,12200.747999455656
00bbac68_6178,12200.737735530918
00bbac68_6179,12200.727217652384
00bbac68_6180,12200.71995650566
00bbac68_6181,12200.712681192
00bbac68_6182,12200.70455196391
00bbac68_6183,12200.696805189942
00bbac68_6184,12200.693960832295
00bbac68_6185,12200.682873965943
00bbac68_6186,12200.67054635788
00bbac68_6187,12200.659069800657
00bbac68_6188,12200.646420047146
00bbac68_6189,12200.63254228991
00bbac68_6190,12200.615651688557
00bbac68_6191,12200.605009417712
00bbac68_6192,12200.587739153689
00bbac68_6193,12200.569403552328
00bbac68_6194,12200.548837548871
00bbac68_6195,12200.529670246322
00bbac68_6196,12200.515636433312
00bbac68_6197,12200.495012682277
00bbac68_6198,12200.47311075643
00bbac68_6199,12200.449476763715
00bbac68_6200,12200.433762796336
00bbac68_6201,12200.41225285043
00bbac68_6202,12200.390311696678
00bbac68_6203,12200.375599855768
00bbac68_6204,12200.355865660647
00bbac68_6205,12200.339165980318
00bbac68_6206,12200.318644795396
00bbac68_6207,12200.29854356105
00bbac68_6208,12200.283191502567
00bbac68_6209,12200.262557282163
00bbac68_6210,12200.24923302614
00bbac68_6211,12200.229967697174
00bbac68_6212,12200.216653254984
00bbac68_6213,12200.203986949138
00bbac68_6214,12200.181423643617
00bbac68_6215,12200.167093183158
00bbac68_6216,12200.149356068623
00bbac68_6217,12200.136234652386
00bbac68_6218,12200.127175565674
00bbac68_6219,12200.111772867866
00bbac68_6220,12200.102127041491
00bbac68_6221,12200.089020152369
00bbac68_6222,12200.071164528645
00bbac68_6223,12200.05371355218
00bbac68_6224,12200.03833685142
00bbac68_6225,12200.025760983312
00bbac68_6226,12200.00925929925
00bbac68_6227,12199.997912620647
00bbac68_6228,12199.986125115483
00bbac68_6229,12199.977861038406
00bbac68_6230,12199.969870345632
00bbac68_6231,12199.963166332172
00bbac68_6232,12199.955563390278
00bbac68_6233,12199.94921120339
00bbac68_6234,12199.943014773478
00bbac68_6235,12199.936276633794
00bbac68_6236,12199.92834481658
00bbac68_6237,12199.922279366823
00bbac68_6238,12199.91521583443
00bbac68_6239,12199.91254176113
00bbac68_6240,12199.911677381502
00bbac68_6241,12199.91640372482
00bbac68_6242,12199.915084970757
00bbac68_6243,12199.915033092158
00bbac68_6244,12199.922141717456
00bbac68_6245,12199.923395742906
00bbac68_6246,12199.924848787592
00bbac68_6247,12199.933058125593
00bbac68_6248,12199.93789703856
00bbac68_6249,12199.945400759909
00bbac68_6250,12199.947269526496
00bbac68_6251,12199.954480425407
00bbac68_6252,12199.955442131555
00bbac68_6253,12199.962807063725
00bbac68_6254,12199.964897822005
00bbac68_6255,12199.97218145537
00bbac68_6256,12199.979935246474
00bbac68_6257,12199.981520569265
00bbac68_6258,12199.98789330232
00bbac68_6259,12199.994356604691
00bbac68_6260,12200.000732814238
00bbac68_6261,12200.002248081832
00bbac68_6262,12200.00976628204
00bbac68_6263,12200.02058919687
00bbac68_6264,12200.028179780997
00bbac68_6265,12200.03637657241
00bbac68_6266,12200.043113734748
00bbac68_6267,12200.047970927542
00bbac68_6268,12200.054157266037
00bbac68_6269,12200.059554142092
00bbac68_6270,12200.063125929486
00bbac68_6271,12200.064636169784
00bbac68_6272,12200.066275259343
00bbac68_6273,12200.06509238429
00bbac68_6274,12200.063698208256
00bbac68_6275,12200.069867238526
00bbac68_6276,12200.06884388056
00bbac68_6277,12200.067694193169
00bbac68_6278,12200.068544107877
00bbac68_6279,12200.071767111596
00bbac68_6280,12200.066547326638
00bbac68_6281,12200.067844012843
00bbac68_6282,12200.061672824222
00bbac68_6283,12200.055026151353
00bbac68_6284,12200.057158382377
00bbac68_6285,12200.05400004897
00bbac68_6286,12200.055307175891
00bbac68_6287,12200.051515463563
00bbac68_6288,12200.05169163882
00bbac68_6289,12200.051774758089
00bbac68_6290,12200.045708265823
00bbac68_6291,12200.04525053212
00bbac68_6292,12200.044471111523
00bbac68_6293,12200.038280903633
00bbac68_6294,12200.036852245164
00bbac68_6295,12200.03354448919
00bbac68_6296,12200.033103188536
00bbac68_6297,12200.032204543932
00bbac68_6298,12200.03165856664
00bbac68_6299,12200.029554843815
00bbac68_6300,12200.02992693823
00bbac68_6301,12200.032018477732
00bbac68_6302,12200.031641508758
00bbac68_6303,12200.03108407011
00bbac68_6304,12200.030669209757
00bbac68_6305,12200.035994014495
00bbac68_6306,12200.036374862471
00bbac68_6307,12200.037976357027
00bbac68_6308,12200.03958832356
00bbac68_6309,12200.039629879207
00bbac68_6310,12200.038871887597
00bbac68_6311,12200.045361914536
00bbac68_6312,12200.04557831433
00bbac68_6313,12200.04554984984
00bbac68_6314,12200.051617592932
00bbac68_6315,12200.052153918516
00bbac68_6316,12200.05308721141
00bbac68_6317,12200.060866004713
00bbac68_6318,12200.061718211062
00bbac68_6319,12200.069092671009
00bbac68_6320,12200.073481091047
00bbac68_6321,12200.083623361512
00bbac68_6322,12200.08805895393
00bbac68_6323,12200.0976215896
00bbac68_6324,12200.100336405078
00bbac68_6325,12200.108276053044
00bbac68_6326,12200.111719028002
00bbac68_6327,12200.122074629988
00bbac68_6328,12200.126450855923
00bbac68_6329,12200.13579410762
00bbac68_6330,12200.13851532025
00bbac68_6331,12200.141773389754
00bbac68_6332,12200.151248064338
00bbac68_6333,12200.155071551848
00bbac68_6334,12200.165894879276
00bbac68_6335,12200.17089638006
00bbac68_6336,12200.17159363107
00bbac68_6337,12200.17972297766
00bbac68_6338,12200.181940959428
00bbac68_6339,12200.184793249771
00bbac68_6340,12200.187893306247
00bbac68_6341,12200.19828845025
00bbac68_6342,12200.205530859792
00bbac68_6343,12200.210021108129
00bbac68_6344,12200.214180927564
00bbac68_6345,12200.22371209432
00bbac68_6346,12200.23158296777
00bbac68_6347,12200.241812239236
00bbac68_6348,12200.253868912045
00bbac68_6349,12200.26458683004
00bbac68_6350,12200.280586418028
00bbac68_6351,12200.292865316136
00bbac68_6352,12200.30571083687
00bbac68_6353,12200.318983620024
00bbac68_6354,12200.33239677784
00bbac68_6355,12200.344371067607
00bbac68_6356,12200.358944141
00bbac68_6357,12200.372509203253
00bbac68_6358,12200.387712765449
00bbac68_6359,12200.40286196081
00bbac68_6360,12200.416236246883
00bbac68_6361,12200.430722606585
00bbac68_6362,12200.443416371412
00bbac68_6363,12200.457770995234
00bbac68_6364,12200.47310641276
00bbac68_6365,12200.486734149772
00bbac68_6366,12200.49916188445
00bbac68_6367,12200.513129806592
00bbac68_6368,12200.525668804929
00bbac68_6369,12200.540338804778
00bbac68_6370,12200.553930123464
00bbac68_6371,12200.56672479394
00bbac68_6372,12200.580070634616
00bbac68_6373,12200.592864961116
00bbac68_6374,12200.599206140643
00bbac68_6375,12200.610737060735
00bbac68_6376,12200.622781123247
00bbac68_6377,12200.632760711922
00bbac68_6378,12200.642602538055
00bbac68_6379,12200.644913490036
00bbac68_6380,12200.653698370574
00bbac68_6381,12200.661355726575
00bbac68_6382,12200.667075052108
00bbac68_6383,12200.669782390578
00bbac68_6384,12200.681071298128
00bbac68_6385,12200.689165596894
00bbac68_6386,12200.697737042778
00bbac68_6387,12200.697373439838
00bbac68_6388,12200.699912615364
00bbac68_6389,12200.704030059953
00bbac68_6390,12200.700466237242
00bbac68_6391,12200.704078089178
00bbac68_6392,12200.7001939752
00bbac68_6393,12200.701014254031
00bbac68_6394,12200.701580735691
00bbac68_6395,12200.69226763316
00bbac68_6396,12200.68720591346
00bbac68_6397,12200.68168913262
00bbac68_6398,12200.68145683968
00bbac68_6399,12200.67543975139
00bbac68_6400,12200.673070310311
00bbac68_6401,12200.665335595291
00bbac68_6402,12200.662320451578
00bbac68_6403,12200.652258667857
00bbac68_6404,12200.647900967708
00bbac68_6405,12200.639740050943
00bbac68_6406,12200.638341495378
00bbac68_6407,12200.627463205828
00bbac68_6408,12200.61408219124
00bbac68_6409,12200.60556066787
00bbac68_6410,12200.592619979703
00bbac68_6411,12200.584761055155
00bbac68_6412,12200.57051237364
00bbac68_6413,12200.559310637866
00bbac68_6414,12200.551400895129
00bbac68_6415,12200.538402911645
00bbac68_6416,12200.528570704677
00bbac68_6417,12200.52338757692
00bbac68_6418,12200.512104872554
00bbac68_6419,12200.499113128284
00bbac68_6420,12200.487824424094
00bbac68_6421,12200.473823527484
00bbac68_6422,12200.459182170734
00bbac68_6423,12200.452363471775
00bbac68_6424,12200.437684154502
00bbac68_6425,12200.423740400527
00bbac68_6426,12200.41785545252
00bbac68_6427,12200.405883694784
00bbac68_6428,12200.398310935629
00bbac68_6429,12200.401523251256
00bbac68_6430,12200.3953798744
00bbac68_6431,12200.390611827594
00bbac68_6432,12200.39230912961
00bbac68_6433,12200.3875071227
00bbac68_6434,12200.389411010754
00bbac68_6435,12200.388383578784
00bbac68_6436,12200.384922658512
00bbac68_6437,12200.386215523158
00bbac68_6438,12200.38447719485
00bbac68_6439,12200.382580376712
00bbac68_6440,12200.386571755378
00bbac68_6441,12200.385006728253
00bbac68_6442,12200.386525219055
00bbac68_6443,12200.384966766633
00bbac68_6444,12200.382359632724
00bbac68_6445,12200.38016556162
00bbac68_6446,12200.377370538568
00bbac68_6447,12200.380471880198
00bbac68_6448,12200.378715589804
00bbac68_6449,12200.38329076886
00bbac68_6450,12200.38268294481
00bbac68_6451,12200.383360318128
00bbac68_6452,12200.385184852588
00bbac68_6453,12200.381836473562
00bbac68_6454,12200.383564882446
00bbac68_6455,12200.379055241136
00bbac68_6456,12200.378461184113
00bbac68_6457,12200.374702195595
00bbac68_6458,12200.368417244505
00bbac68_6459,12200.368214681965
00bbac68_6460,12200.362680177024
00bbac68_6461,12200.364057015226
00bbac68_6462,12200.354022211226
00bbac68_6463,12200.351242021188
00bbac68_6464,12200.341847581516
00bbac68_6465,12200.33871360947
00bbac68_6466,12200.332183565002
00bbac68_6467,12200.331222845918
00bbac68_6468,12200.326141492318
00bbac68_6469,12200.329871257276
00bbac68_6470,12200.329530372424
00bbac68_6471,12200.331860415468
00bbac68_6472,12200.335193748691
00bbac68_6473,12200.345883741977
00bbac68_6474,12200.35030681314
00bbac68_6475,12200.363289799814
00bbac68_6476,12200.37037929607
00bbac68_6477,12200.382098881397
00bbac68_6478,12200.387987270677
00bbac68_6479,12200.400705652815
00bbac68_6480,12200.40915823928
00bbac68_6481,12200.425689781932
00bbac68_6482,12200.435018360207
00bbac68_6483,12200.450260190746
00bbac68_6484,12200.46082453445
00bbac68_6485,12200.478090550529
00bbac68_6486,12200.491034570145
00bbac68_6487,12200.506658300492
00bbac68_6488,12200.52794478261
00bbac68_6489,12200.541561237984
00bbac68_6490,12200.557416820384
00bbac68_6491,12200.569834836797
00bbac68_6492,12200.588570719068
00bbac68_6493,12200.601787430604
00bbac68_6494,12200.619903103585
00bbac68_6495,12200.636622130816
00bbac68_6496,12200.646691204567
00bbac68_6497,12200.66379409378
00bbac68_6498,12200.676600914914
00bbac68_6499,12200.692513720624
00bbac68_6500,12200.70228322143
00bbac68_6501,12200.716984687266
00bbac68_6502,12200.73080274022
00bbac68_6503,12200.73867439141
00bbac68_6504,12200.75293694901
00bbac68_6505,12200.762499955626
00bbac68_6506,12200.779068480697
00bbac68_6507,12200.791410374355
00bbac68_6508,12200.795646208426
00bbac68_6509,12200.806432504363
00bbac68_6510,12200.816151955012
00bbac68_6511,12200.819044597036
00bbac68_6512,12200.825716464064
00bbac68_6513,12200.826846005344
00bbac68_6514,12200.834819951217
00bbac68_6515,12200.842324744535
00bbac68_6516,12200.841746732323
00bbac68_6517,12200.849285772349
00bbac68_6518,12200.853753347688
00bbac68_6519,12200.852598401823
00bbac68_6520,12200.858913296512
00bbac68_6521,12200.862211285352
00bbac68_6522,12200.857035884155
00bbac68_6523,12200.86239211221
00bbac68_6524,12200.870517503172
00bbac68_6525,12200.8798992519
00bbac68_6526,12200.88137915742
00bbac68_6527,12200.88832251022
00bbac68_6528,12200.895235526596
00bbac68_6529,12200.902209076125
00bbac68_6530,12200.909738717924
00bbac68_6531,12200.920245852967
00bbac68_6532,12200.930877641764
00bbac68_6533,12200.932493590006
00bbac68_6534,12200.939244384408
00bbac68_6535,12200.94405175599
00bbac68_6536,12200.945254822547
00bbac68_6537,12200.9506380257
00bbac68_6538,12200.957334290284
00bbac68_6539,12200.963239623656
00bbac68_6540,12200.969914573248
00bbac68_6541,12200.96942289982
00bbac68_6542,12200.974390903906
00bbac68_6543,12200.979369741344
00bbac68_6544,12200.98403939722
00bbac68_6545,12200.984311954013
00bbac68_6546,12200.990464109884
00bbac68_6547,12201.00030027526
00bbac68_6548,12201.009946384278
00bbac68_6549,12201.01877132223
00bbac68_6550,12201.018616111476
00bbac68_6551,12201.026130592396
00bbac68_6552,12201.03302998656
00bbac68_6553,12201.038996049056
00bbac68_6554,12201.044279553342
00bbac68_6555,12201.049293049882
00bbac68_6556,12201.049538711806
00bbac68_6557,12201.055565799064
00bbac68_6558,12201.0583325714
00bbac68_6559,12201.06306492735
00bbac68_6560,12201.07006180652
00bbac68_6561,12201.073553454027
00bbac68_6562,12201.07971403494
00bbac68_6563,12201.084491913094
00bbac68_6564,12201.084136259586
00bbac68_6565,12201.08855520276
00bbac68_6566,12201.092351652163
00bbac68_6567,12201.095942201164
00bbac68_6568,12201.100427046324
00bbac68_6569,12201.106311823938
00bbac68_6570,12201.111261000198
00bbac68_6571,12201.116185275292
00bbac68_6572,12201.118675627646
00bbac68_6573,12201.122777336135
00bbac68_6574,12201.125033148102
00bbac68_6575,12201.120861126095
00bbac68_6576,12201.121067644392
00bbac68_6577,12201.121004299735
00bbac68_6578,12201.118859768234
00bbac68_6579,12201.11919626914
00bbac68_6580,12201.116543634154
00bbac68_6581,12201.114451254747
00bbac68_6582,12201.114272305338
00bbac68_6583,12201.116995747516
00bbac68_6584,12201.123074677866
00bbac68_6585,12201.118578089216
00bbac68_6586,12201.11471226996
00bbac68_6587,12201.111872587097
00bbac68_6588,12201.11380043067
00bbac68_6589,12201.119089689517
00bbac68_6590,12201.121872228488
00bbac68_6591,12201.128959397302
00bbac68_6592,12201.13877797682
00bbac68_6593,12201.148864497773
00bbac68_6594,12201.161855347998
00bbac68_6595,12201.174647086787
00bbac68_6596,12201.18696624845
00bbac68_6597,12201.202270929572
00bbac68_6598,12201.218085655162
00bbac68_6599,12201.231367372931
00bbac68_6600,12201.251395309406
00bbac68_6601,12201.26557244857
00bbac68_6602,12201.282437476126
00bbac68_6603,12201.299573932962
00bbac68_6604,12201.320826399638
00bbac68_6605,12201.342048774091
00bbac68_6606,12201.365304159724
00bbac68_6607,12201.387067744025
00bbac68_6608,12201.407590319564
00bbac68_6609,12201.427163229931
00bbac68_6610,12201.44969339879
00bbac68_6611,12201.474283930394
00bbac68_6612,12201.503180829382
00bbac68_6613,12201.526590460177
00bbac68_6614,12201.551637487104
00bbac68_6615,12201.575415440531
00bbac68_6616,12201.599186838188
00bbac68_6617,12201.621152529606
00bbac68_6618,12201.641481644208
00bbac68_6619,12201.669053390027
00bbac68_6620,12201.689021550805
00bbac68_6621,12201.706502375062
00bbac68_6622,12201.726546129285
00bbac68_6623,12201.742513471978
00bbac68_6624,12201.75880561244
00bbac68_6625,12201.778680611187
00bbac68_6626,12201.794990554154
00bbac68_6627,12201.81002953358
00bbac68_6628,12201.824458283068
00bbac68_6629,12201.837677353264
00bbac68_6630,12201.850458909648
00bbac68_6631,12201.865698350595
00bbac68_6632,12201.871116565811
00bbac68_6633,12201.87716532652
00bbac68_6634,12201.882769459706
00bbac68_6635,12201.891274918122
00bbac68_6636,12201.893633392156
00bbac68_6637,12201.8976772713
00bbac68_6638,12201.901301397693
00bbac68_6639,12201.912510945358
00bbac68_6640,12201.915942228685
00bbac68_6641,12201.923401472774
00bbac68_6642,12201.928646287608
00bbac68_6643,12201.937784945409
00bbac68_6644,12201.940014872696
00bbac68_6645,12201.9398629502
00bbac68_6646,12201.946832530222
00bbac68_6647,12201.958397698349
00bbac68_6648,12201.96818718848
00bbac68_6649,12201.977489789646
00bbac68_6650,12201.99062433938
00bbac68_6651,12202.000867497767
00bbac68_6652,12202.012326899296
00bbac68_6653,12202.020851637497
00bbac68_6654,12202.036431955974
00bbac68_6655,12202.042680720406
00bbac68_6656,12202.050956315465
00bbac68_6657,12202.064401639396
00bbac68_6658,12202.070839907963
00bbac68_6659,12202.078709164289
00bbac68_6660,12202.09395636514
00bbac68_6661,12202.10327915505
00bbac68_6662,12202.11013156673
00bbac68_6663,12202.122293597928
00bbac68_6664,12202.125142592184
00bbac68_6665,12202.131886483246
00bbac68_6666,12202.134499927157
00bbac68_6667,12202.136391910755
00bbac68_6668,12202.142660868256
00bbac68_6669,12202.14383598746
00bbac68_6670,12202.14535876139
00bbac68_6671,12202.150668010332
00bbac68_6672,12202.148694709736
00bbac68_6673,12202.153405735186
00bbac68_6674,12202.158144842757
00bbac68_6675,12202.169073145771
00bbac68_6676,12202.175723796252
00bbac68_6677,12202.1792016653
00bbac68_6678,12202.1887047484
00bbac68_6679,12202.194728006292
00bbac68_6680,12202.206095575815
00bbac68_6681,12202.211219598625
00bbac68_6682,12202.225865406672
00bbac68_6683,12202.233174672076
00bbac68_6684,12202.23944913204
00bbac68_6685,12202.250302178076
00bbac68_6686,12202.256906648268
00bbac68_6687,12202.268764830533
00bbac68_6688,12202.279096044664
00bbac68_6689,12202.291825321776
00bbac68_6690,12202.303177811316
00bbac68_6691,12202.320457418227
00bbac68_6692,12202.331532737966
00bbac68_6693,12202.349554146169
00bbac68_6694,12202.36442183931
00bbac68_6695,12202.381426198874
00bbac68_6696,12202.396782444832
00bbac68_6697,12202.418689058495
00bbac68_6698,12202.4336583312
00bbac68_6699,12202.453508458935
00bbac68_6700,12202.471547534453
00bbac68_6701,12202.48301054267
00bbac68_6702,12202.499574595518
00bbac68_6703,12202.511762132825
00bbac68_6704,12202.529494357745
00bbac68_6705,12202.540059899846
00bbac68_6706,12202.555612837668
00bbac68_6707,12202.56550813054
00bbac68_6708,12202.58516357933
00bbac68_6709,12202.603248684642
00bbac68_6710,12202.61564538876
00bbac68_6711,12202.63613023796
00bbac68_6712,12202.648646854384
00bbac68_6713,12202.663392229264
00bbac68_6714,12202.680269153288
00bbac68_6715,12202.690580987182
00bbac68_6716,12202.708049758872
00bbac68_6717,12202.72083955098
00bbac68_6718,12202.730461175208
00bbac68_6719,12202.74506744056
00bbac68_6720,12202.757150661018
00bbac68_6721,12202.766820074849
00bbac68_6722,12202.783926015774
00bbac68_6723,12202.79798150652
00bbac68_6724,12202.80527423854
00bbac68_6725,12202.821165096631
00bbac68_6726,12202.836837689429
00bbac68_6727,12202.85458290996
00bbac68_6728,12202.868494787685
00bbac68_6729,12202.883364650224
00bbac68_6730,12202.89670478618
00bbac68_6731,12202.905888062474
00bbac68_6732,12202.921726685125
00bbac68_6733,12202.941041229496
00bbac68_6734,12202.95969113972
00bbac68_6735,12202.970731946516
00bbac68_6736,12202.989085256051
00bbac68_6737,12203.005860189483
00bbac68_6738,12203.022996563614
00bbac68_6739,12203.038075774928
00bbac68_6740,12203.04870297605
00bbac68_6741,12203.06455225672
00bbac68_6742,12203.081939500036
00bbac68_6743,12203.09622660906
00bbac68_6744,12203.111568831486
00bbac68_6745,12203.126539928702
00bbac68_6746,12203.135552228736
00bbac68_6747,12203.149246203391
00bbac68_6748,12203.162954047908
00bbac68_6749,12203.172922313372
00bbac68_6750,12203.186015339972
00bbac68_6751,12203.194763780746
00bbac68_6752,12203.20411756822
00bbac68_6753,12203.209680337512
00bbac68_6754,12203.2185190753
00bbac68_6755,12203.225179623598
00bbac68_6756,12203.23846699054
00bbac68_6757,12203.248629581962
00bbac68_6758,12203.255188490744
00bbac68_6759,12203.266230808124
00bbac68_6760,12203.277816249163
00bbac68_6761,12203.286028683078
00bbac68_6762,12203.29134252604
00bbac68_6763,12203.299720304694
00bbac68_6764,12203.309492512552
00bbac68_6765,12203.318938232738
00bbac68_6766,12203.32974629394
00bbac68_6767,12203.340628731728
00bbac68_6768,12203.353769912885
00bbac68_6769,12203.366405023124
00bbac68_6770,12203.37907368517
00bbac68_6771,12203.393676653894
00bbac68_6772,12203.407821600162
00bbac68_6773,12203.41863632113
00bbac68_6774,12203.431183786566
00bbac68_6775,12203.44400138794
00bbac68_6776,12203.456401551672
00bbac68_6777,12203.469541378126
00bbac68_6778,12203.489007269369
00bbac68_6779,12203.505552181923
00bbac68_6780,12203.52471684738
00bbac68_6781,12203.54673518993
00bbac68_6782,12203.564271619052
00bbac68_6783,12203.580786799295
00bbac68_6784,12203.599514151912
00bbac68_6785,12203.617450431717
00bbac68_6786,12203.636452783616
00bbac68_6787,12203.662465882877
00bbac68_6788,12203.679151063148
00bbac68_6789,12203.694551475057
00bbac68_6790,12203.718259662364
00bbac68_6791,12203.742866672004
00bbac68_6792,12203.7656216904
00bbac68_6793,12203.786828996468
00bbac68_6794,12203.811303114471
00bbac68_6795,12203.832973648114
00bbac68_6796,12203.8531788808
00bbac68_6797,12203.87412145239
00bbac68_6798,12203.894694024068
00bbac68_6799,12203.91503821638
00bbac68_6800,12203.94249705485
00bbac68_6801,12203.96318809916
00bbac68_6802,12203.982293582532
00bbac68_6803,12204.001006690634
00bbac68_6804,12204.020610888723
00bbac68_6805,12204.039970350126
00bbac68_6806,12204.060643088416
00bbac68_6807,12204.08386220628
00bbac68_6808,12204.101376663775
00bbac68_6809,12204.121122623212
00bbac68_6810,12204.139175408996
00bbac68_6811,12204.158525476623
00bbac68_6812,12204.17779870966
00bbac68_6813,12204.20072856072
00bbac68_6814,12204.215844917511
00bbac68_6815,12204.236699005862
00bbac68_6816,12204.257036416677
00bbac68_6817,12204.2748664606
00bbac68_6818,12204.29148496856
00bbac68_6819,12204.317798886648
00bbac68_6820,12204.338564800932
00bbac68_6821,12204.354640585152
00bbac68_6822,12204.374650621616
00bbac68_6823,12204.39894950534
00bbac68_6824,12204.419882877724
00bbac68_6825,12204.444483968911
00bbac68_6826,12204.46561185257
00bbac68_6827,12204.487334380385
00bbac68_6828,12204.507466925432
00bbac68_6829,12204.52801200001
00bbac68_6830,12204.546730144735
00bbac68_6831,12204.570946176176
00bbac68_6832,12204.58671756676
00bbac68_6833,12204.600753569588
00bbac68_6834,12204.618342627631
00bbac68_6835,12204.636969715357
00bbac68_6836,12204.6542872993
00bbac68_6837,12204.680670990174
00bbac68_6838,12204.699700649402
00bbac68_6839,12204.718628675935
00bbac68_6840,12204.734429207538
00bbac68_6841,12204.749652710663
00bbac68_6842,12204.766162709975
00bbac68_6843,12204.784519202003
00bbac68_6844,12204.807191777452
00bbac68_6845,12204.822714519489
00bbac68_6846,12204.841850615088
00bbac68_6847,12204.85955427861
00bbac68_6848,12204.877669165624
00bbac68_6849,12204.898309970416
00bbac68_6850,12204.922325325228
00bbac68_6851,12204.938666755455
00bbac68_6852,12204.950985706142
00bbac68_6853,12204.963067759509
00bbac68_6854,12204.978220824458
00bbac68_6855,12204.99359513447
00bbac68_6856,12205.011581436302
00bbac68_6857,12205.02612186219
00bbac68_6858,12205.038693856794
00bbac68_6859,12205.052053749552
00bbac68_6860,12205.065494469716
00bbac68_6861,12205.080580614029
00bbac68_6862,12205.100410705214
00bbac68_6863,12205.115359246807
00bbac68_6864,12205.133533535323
00bbac68_6865,12205.153701495638
00bbac68_6866,12205.172126999536
00bbac68_6867,12205.189856682418
00bbac68_6868,12205.213662739265
00bbac68_6869,12205.230126575943
00bbac68_6870,12205.245789547616
00bbac68_6871,12205.261835414223
00bbac68_6872,12205.276575850516
00bbac68_6873,12205.291626486716
00bbac68_6874,12205.312506648675
00bbac68_6875,12205.329591980071
00bbac68_6876,12205.345221758758
00bbac68_6877,12205.36200625845
00bbac68_6878,12205.374137452329
00bbac68_6879,12205.388505423933
00bbac68_6880,12205.402645778047
00bbac68_6881,12205.42448061272
00bbac68_6882,12205.443020821132
00bbac68_6883,12205.45793444085
00bbac68_6884,12205.472463640575
00bbac68_6885,12205.486830894377
00bbac68_6886,12205.502096518416
00bbac68_6887,12205.525166023352
00bbac68_6888,12205.54545656524
00bbac68_6889,12205.565556678946
00bbac68_6890,12205.584515152115
00bbac68_6891,12205.605618989888
00bbac68_6892,12205.6275003004
00bbac68_6893,12205.65048578686
00bbac68_6894,12205.676191430004
00bbac68_6895,12205.700331923355
00bbac68_6896,12205.725338353652
00bbac68_6897,12205.747470075856
00bbac68_6898,12205.768556612678
00bbac68_6899,12205.793907817992
00bbac68_6900,12205.817434334363
00bbac68_6901,12205.845416723438
00bbac68_6902,12205.873332103036
00bbac68_6903,12205.901707178022
00bbac68_6904,12205.930115799212
00bbac68_6905,12205.960316498138
00bbac68_6906,12205.990476063947
00bbac68_6907,12206.017573692578
00bbac68_6908,12206.044368547984
00bbac68_6909,12206.068713432853
00bbac68_6910,12206.095955590456
00bbac68_6911,12206.12081183114
00bbac68_6912,12206.1450569219
00bbac68_6913,12206.169614585811
00bbac68_6914,12206.194457232445
00bbac68_6915,12206.21550683545
00bbac68_6916,12206.23679373082
00bbac68_6917,12206.255343145553
00bbac68_6918,12206.27447195696
00bbac68_6919,12206.294200976638
00bbac68_6920,12206.31569235081
00bbac68_6921,12206.337522514514
00bbac68_6922,12206.35609521204
00bbac68_6923,12206.367017850704
00bbac68_6924,12206.376151818273
00bbac68_6925,12206.38939052585
00bbac68_6926,12206.401229030527
00bbac68_6927,12206.412723144796
00bbac68_6928,12206.423118010542
00bbac68_6929,12206.433506228885
00bbac68_6930,12206.439247507762
00bbac68_6931,12206.448982226231
00bbac68_6932,12206.46001573695
00bbac68_6933,12206.47333382893
00bbac68_6934,12206.484697954862
00bbac68_6935,12206.49177423081
00bbac68_6936,12206.506654070485
00bbac68_6937,12206.51928376293
00bbac68_6938,12206.53409769386
00bbac68_6939,12206.549202068218
00bbac68_6940,12206.563946755148
00bbac68_6941,12206.586061053778
00bbac68_6942,12206.604868441911
00bbac68_6943,12206.618786239906
00bbac68_6944,12206.639474197116
00bbac68_6945,12206.66202955391
00bbac68_6946,12206.687782241868
00bbac68_6947,12206.70973118046
00bbac68_6948,12206.734946582055
00bbac68_6949,12206.757255880126
00bbac68_6950,12206.776927346946
00bbac68_6951,12206.80233068021
00bbac68_6952,12206.829941705246
00bbac68_6953,12206.8472081842
00bbac68_6954,12206.871321222214
00bbac68_6955,12206.899865524709
00bbac68_6956,12206.920306784416
00bbac68_6957,12206.946887654718
00bbac68_6958,12206.97159276735
00bbac68_6959,12206.996877477794
00bbac68_6960,12207.02357687315
00bbac68_6961,12207.04680140772
00bbac68_6962,12207.073118625864
00bbac68_6963,12207.092746708591
00bbac68_6964,12207.11841442574
00bbac68_6965,12207.137021351376
00bbac68_6966,12207.160145076605
00bbac68_6967,12207.178785149485
00bbac68_6968,12207.201305814504
00bbac68_6969,12207.216145394728
00bbac68_6970,12207.2355107534
00bbac68_6971,12207.249004552265
00bbac68_6972,12207.2674765392
00bbac68_6973,12207.279633318349
00bbac68_6974,12207.299232227777
00bbac68_6975,12207.31193209518
00bbac68_6976,12207.329757801592
00bbac68_6977,12207.341142228104
00bbac68_6978,12207.362215621511
00bbac68_6979,12207.37466079718
00bbac68_6980,12207.392586481656
00bbac68_6981,12207.402035665513
00bbac68_6982,12207.410919220732
00bbac68_6983,12207.426371960675
00bbac68_6984,12207.44181866363
00bbac68_6985,12207.461443849996
00bbac68_6986,12207.476304628024
00bbac68_6987,12207.494280767916
00bbac68_6988,12207.51876897044
00bbac68_6989,12207.54087211665
00bbac68_6990,12207.561283367864
00bbac68_6991,12207.58399505702
00bbac68_6992,12207.602305751356
00bbac68_6993,12207.619927112297
00bbac68_6994,12207.641357586235
00bbac68_6995,12207.65774221114
00bbac68_6996,12207.67244979961
00bbac68_6997,12207.69442831468
00bbac68_6998,12207.7142887271
00bbac68_6999,12207.730461197689
00bbac68_7000,12207.755136802229
00bbac68_7001,12207.77176873428
00bbac68_7002,12207.787551410083
00bbac68_7003,12207.809180143428
00bbac68_7004,12207.823239303883
00bbac68_7005,12207.83763299968
00bbac68_7006,12207.849835081845
00bbac68_7007,12207.862096691328
00bbac68_7008,12207.867542116945
00bbac68_7009,12207.8708673699
00bbac68_7010,12207.879280318466
00bbac68_7011,12207.882320711557
00bbac68_7012,12207.884593738392
00bbac68_7013,12207.883722184928
00bbac68_7014,12207.889946545887
00bbac68_7015,12207.88770896494
00bbac68_7016,12207.88481944566
00bbac68_7017,12207.882534611304
00bbac68_7018,12207.878479236002
00bbac68_7019,12207.879966481529
00bbac68_7020,12207.882186762632
00bbac68_7021,12207.881103573523
00bbac68_7022,12207.880916730322
00bbac68_7023,12207.883918076326
00bbac68_7024,12207.8937974667
00bbac68_7025,12207.900708364192
00bbac68_7026,12207.909019743092
00bbac68_7027,12207.915998059749
00bbac68_7028,12207.925017962383
00bbac68_7029,12207.938606651394
00bbac68_7030,12207.950081922028
00bbac68_7031,12207.964556434885
00bbac68_7032,12207.980168713397
00bbac68_7033,12207.997986781487
00bbac68_7034,12208.013816112929
00bbac68_7035,12208.030857242786
00bbac68_7036,12208.05420253299
00bbac68_7037,12208.07264087913
00bbac68_7038,12208.092503424046
00bbac68_7039,12208.113126148824
00bbac68_7040,12208.137505927058
00bbac68_7041,12208.162789381551
00bbac68_7042,12208.189473529226
00bbac68_7043,12208.216299910197
00bbac68_7044,12208.243671978773
00bbac68_7045,12208.27731721801
00bbac68_7046,12208.305749554827
00bbac68_7047,12208.336609032496
00bbac68_7048,12208.368203176771
00bbac68_7049,12208.396772721311
00bbac68_7050,12208.422919322737
00bbac68_7051,12208.448862722107
00bbac68_7052,12208.472116909445
00bbac68_7053,12208.49397934501
00bbac68_7054,12208.515175741952
00bbac68_7055,12208.5342218571
00bbac68_7056,12208.552677418054
00bbac68_7057,12208.570177668407
00bbac68_7058,12208.586484319238
00bbac68_7059,12208.598859773872
00bbac68_7060,12208.611402055089
00bbac68_7061,12208.62226039248
00bbac68_7062,12208.632611547666
00bbac68_7063,12208.640500177937
00bbac68_7064,12208.646387060064
00bbac68_7065,12208.652085360009
00bbac68_7066,12208.655524403324
00bbac68_7067,12208.655801215418
00bbac68_7068,12208.656082899544
00bbac68_7069,12208.656555029258
00bbac68_7070,12208.661041549483
00bbac68_7071,12208.665390477585
00bbac68_7072,12208.668840961076
00bbac68_7073,12208.671332152608
00bbac68_7074,12208.67178279461
00bbac68_7075,12208.67029182914
00bbac68_7076,12208.672657113024
00bbac68_7077,12208.675648224806
00bbac68_7078,12208.679797736437
00bbac68_7079,12208.68693077123
00bbac68_7080,12208.689404382429
00bbac68_7081,12208.69966522733
00bbac68_7082,12208.71444968438
00bbac68_7083,12208.730631431104
00bbac68_7084,12208.74774281933
00bbac68_7085,12208.766834160251
00bbac68_7086,12208.784994678212
00bbac68_7087,12208.802332944571
00bbac68_7088,12208.818356075855
00bbac68_7089,12208.835137927588
00bbac68_7090,12208.85238900601
00bbac68_7091,12208.870068501095
00bbac68_7092,12208.887710395851
00bbac68_7093,12208.9073356111
00bbac68_7094,12208.925386470177
00bbac68_7095,12208.947184775603
00bbac68_7096,12208.968816824585
00bbac68_7097,12208.98768687682
00bbac68_7098,12209.009491167231
00bbac68_7099,12209.035987757588
00bbac68_7100,12209.063097683029
00bbac68_7101,12209.0881330799
00bbac68_7102,12209.114175679691
00bbac68_7103,12209.138580228437
00bbac68_7104,12209.165946899984
00bbac68_7105,12209.194272983088
00bbac68_7106,12209.219328073828
00bbac68_7107,12209.24318868564
00bbac68_7108,12209.263015090142
00bbac68_7109,12209.28011680357
00bbac68_7110,12209.2979218888
00bbac68_7111,12209.312312164957
00bbac68_7112,12209.324303974285
00bbac68_7113,12209.337731928365
00bbac68_7114,12209.351863369311
00bbac68_7115,12209.369324482948
00bbac68_7116,12209.386980503872
00bbac68_7117,12209.401969290948
00bbac68_7118,12209.418335403634
00bbac68_7119,12209.432486255748
00bbac68_7120,12209.446661845015
00bbac68_7121,12209.469109177977
00bbac68_7122,12209.483712238649
00bbac68_7123,12209.4964149644
00bbac68_7124,12209.50815721447
00bbac68_7125,12209.519557701871
00bbac68_7126,12209.53068582257
00bbac68_7127,12209.54078319847
00bbac68_7128,12209.553248443755
00bbac68_7129,12209.563677913133
00bbac68_7130,12209.579838787397
00bbac68_7131,12209.594769984207
00bbac68_7132,12209.606715316546
00bbac68_7133,12209.62574874505
00bbac68_7134,12209.638041851274
00bbac68_7135,12209.64852710458
00bbac68_7136,12209.659948939365
00bbac68_7137,12209.673933116705
00bbac68_7138,12209.688284872474
00bbac68_7139,12209.699342107608
00bbac68_7140,12209.709090502767
00bbac68_7141,12209.72420623785
00bbac68_7142,12209.731214378722
00bbac68_7143,12209.73962746636
00bbac68_7144,12209.748421398075
00bbac68_7145,12209.754929747334
00bbac68_7146,12209.76249041894
00bbac68_7147,12209.771966650496
00bbac68_7148,12209.787896521366
00bbac68_7149,12209.80175205375
00bbac68_7150,12209.815787936472
00bbac68_7151,12209.83231208098
00bbac68_7152,12209.847440210937
00bbac68_7153,12209.860361826592
00bbac68_7154,12209.875179648252
00bbac68_7155,12209.883556362443
00bbac68_7156,12209.892256839688
00bbac68_7157,12209.897894056665
00bbac68_7158,12209.906813083797
00bbac68_7159,12209.92227131623
00bbac68_7160,12209.927025562603
00bbac68_7161,12209.93218230789
00bbac68_7162,12209.9377970707
00bbac68_7163,12209.944759282364
00bbac68_7164,12209.954963262551
00bbac68_7165,12209.95854475076
00bbac68_7166,12209.965315973805
00bbac68_7167,12209.97027339008
00bbac68_7168,12209.97514213391
00bbac68_7169,12209.986029414646
00bbac68_7170,12209.989162835782
00bbac68_7171,12209.99273084793
00bbac68_7172,12209.99720359184
00bbac68_7173,12210.007752911766
00bbac68_7174,12210.01139971726
00bbac68_7175,12210.014419633968
00bbac68_7176,12210.014962055366
00bbac68_7177,12210.02065495361
00bbac68_7178,12210.02150430761
00bbac68_7179,12210.02211021982
00bbac68_7180,12210.028812596596
00bbac68_7181,12210.031332752387
00bbac68_7182,12210.033964338929
00bbac68_7183,12210.037107503922
00bbac68_7184,12210.049289184888
00bbac68_7185,12210.056568056418
00bbac68_7186,12210.062450502588
00bbac68_7187,12210.073956764994
00bbac68_7188,12210.082017030512
00bbac68_7189,12210.09059127868
00bbac68_7190,12210.104764475134
00bbac68_7191,12210.109821951277
00bbac68_7192,12210.115119273129
00bbac68_7193,12210.124540257031
00bbac68_7194,12210.128699853669
00bbac68_7195,12210.127799231788
00bbac68_7196,12210.133352144729
00bbac68_7197,12210.135727127334
00bbac68_7198,12210.135589750796
00bbac68_7199,12210.142965239662
00bbac68_7200,12210.146280526806
00bbac68_7201,12210.149134734664
00bbac68_7202,12210.159755792996
00bbac68_7203,12210.16999190452
00bbac68_7204,12210.18452609878
00bbac68_7205,12210.19192012288
00bbac68_7206,12210.200379805405
00bbac68_7207,12210.21191403994
00bbac68_7208,12210.21541099308
00bbac68_7209,12210.223917275638
00bbac68_7210,12210.225969513784
00bbac68_7211,12210.232994370872
00bbac68_7212,12210.230645602527
00bbac68_7213,12210.227352597029
00bbac68_7214,12210.233917676464
00bbac68_7215,12210.236762058914
00bbac68_7216,12210.24959832612
00bbac68_7217,12210.25857894588
00bbac68_7218,12210.276793981837
00bbac68_7219,12210.295389970852
00bbac68_7220,12210.320775797876
00bbac68_7221,12210.343412422502
00bbac68_7222,12210.374572319564
00bbac68_7223,12210.401731235155
00bbac68_7224,12210.42640490277
00bbac68_7225,12210.46085848317
00bbac68_7226,12210.489948055048
00bbac68_7227,12210.525098100989
00bbac68_7228,12210.555654754053
00bbac68_7229,12210.591941766505
00bbac68_7230,12210.631156458488
00bbac68_7231,12210.66812418958
00bbac68_7232,12210.711101839224
00bbac68_7233,12210.75072462509
00bbac68_7234,12210.799682594476
00bbac68_7235,12210.845362408829
00bbac68_7236,12210.898587024154
00bbac68_7237,12210.950408154222
00bbac68_7238,12211.009247019649
00bbac68_7239,12211.065628012544
00bbac68_7240,12211.127762434266
00bbac68_7241,12211.189860853794
00bbac68_7242,12211.24747977584
00bbac68_7243,12211.310590869394
00bbac68_7244,12211.36753650764
00bbac68_7245,12211.426988316302
00bbac68_7246,12211.479840954633
00bbac68_7247,12211.53905469106
00bbac68_7248,12211.598268704543
00bbac68_7249,12211.648965736618
00bbac68_7250,12211.705067803372
00bbac68_7251,12211.754620667256
00bbac68_7252,12211.80599211463
00bbac68_7253,12211.858509362675
00bbac68_7254,12211.902451834518
00bbac68_7255,12211.947416788284
00bbac68_7256,12211.99613531908
00bbac68_7257,12212.035780219569
00bbac68_7258,12212.077608266844
00bbac68_7259,12212.115218007604
00bbac68_7260,12212.143177352727
00bbac68_7261,12212.176030841843
00bbac68_7262,12212.207478576844
00bbac68_7263,12212.231267735202
00bbac68_7264,12212.257559875065
00bbac68_7265,12212.285519217883
00bbac68_7266,12212.304720484848
00bbac68_7267,12212.329819588098
00bbac68_7268,12212.354616806586
00bbac68_7269,12212.376422301368
00bbac68_7270,12212.39908066117
00bbac68_7271,12212.422891898434
00bbac68_7272,12212.4432999271
00bbac68_7273,12212.46932934783
00bbac68_7274,12212.4976330034
00bbac68_7275,12212.525654853463
00bbac68_7276,12212.546216608313
00bbac68_7277,12212.570429731051
00bbac68_7278,12212.59482853618
00bbac68_7279,12212.61319260436
00bbac68_7280,12212.63544949735
00bbac68_7281,12212.659848649108
00bbac68_7282,12212.677126127272
00bbac68_7283,12212.697239396482
00bbac68_7284,12212.714528411314
00bbac68_7285,12212.725443676442
00bbac68_7286,12212.742170469162
00bbac68_7287,12212.760904294932
00bbac68_7288,12212.773011843106
00bbac68_7289,12212.79074130712
00bbac68_7290,12212.8107733435
00bbac68_7291,12212.828190907128
00bbac68_7292,12212.839217979015
00bbac68_7293,12212.859687031065
00bbac68_7294,12212.877130880534
00bbac68_7295,12212.88632521882
00bbac68_7296,12212.902562980677
00bbac68_7297,12212.9184665646
00bbac68_7298,12212.928953389288
00bbac68_7299,12212.943919080377
00bbac68_7300,12212.95833033794
00bbac68_7301,12212.965734267174
00bbac68_7302,12212.977711445108
00bbac68_7303,12212.99073719067
00bbac68_7304,12213.002745660588
00bbac68_7305,12213.010733792114
00bbac68_7306,12213.027198775031
00bbac68_7307,12213.03773375032
00bbac68_7308,12213.042237658818
00bbac68_7309,12213.05063785486
00bbac68_7310,12213.06254516744
00bbac68_7311,12213.068654309876
00bbac68_7312,12213.087025714838
00bbac68_7313,12213.108644556249
00bbac68_7314,12213.128060129951
00bbac68_7315,12213.149783512372
00bbac68_7316,12213.170885054084
00bbac68_7317,12213.18790498592
00bbac68_7318,12213.1990446924
00bbac68_7319,12213.213373073217
00bbac68_7320,12213.230143691722
00bbac68_7321,12213.238590448414
00bbac68_7322,12213.251765265824
00bbac68_7323,12213.264121810676
00bbac68_7324,12213.27228478462
00bbac68_7325,12213.286728794814
00bbac68_7326,12213.301211401573
00bbac68_7327,12213.310606058469
00bbac68_7328,12213.330564271231
00bbac68_7329,12213.350346780691
00bbac68_7330,12213.36748197372
00bbac68_7331,12213.380517251902
00bbac68_7332,12213.394347366548
00bbac68_7333,12213.406907676526
00bbac68_7334,12213.417152240178
00bbac68_7335,12213.433728433018
00bbac68_7336,12213.453177327588
00bbac68_7337,12213.466496740555
00bbac68_7338,12213.487708568902
00bbac68_7339,12213.50751076146
00bbac68_7340,12213.524322965766
00bbac68_7341,12213.5457425741
00bbac68_7342,12213.56541653914
00bbac68_7343,12213.579108127502
00bbac68_7344,12213.599224101625
00bbac68_7345,12213.61969106441
00bbac68_7346,12213.644744007906
00bbac68_7347,12213.666535017035
00bbac68_7348,12213.694889056638
00bbac68_7349,12213.723690519084
00bbac68_7350,12213.747231177696
00bbac68_7351,12213.773672656838
00bbac68_7352,12213.798268784956
00bbac68_7353,12213.818303034532
00bbac68_7354,12213.840228741054
00bbac68_7355,12213.86092072048
00bbac68_7356,12213.878617306886
00bbac68_7357,12213.902904331391
00bbac68_7358,12213.928322739765
00bbac68_7359,12213.949569272474
00bbac68_7360,12213.967418868848
00bbac68_7361,12213.99171194369
00bbac68_7362,12214.019618149576
00bbac68_7363,12214.04091169775
00bbac68_7364,12214.065346464298
00bbac68_7365,12214.090381170168
00bbac68_7366,12214.109893051622
00bbac68_7367,12214.13312148353
00bbac68_7368,12214.159581541397
00bbac68_7369,12214.186329915205
00bbac68_7370,12214.207515211096
00bbac68_7371,12214.23091288843
00bbac68_7372,12214.255013151109
00bbac68_7373,12214.268878797378
00bbac68_7374,12214.28642470259
00bbac68_7375,12214.301987655674
00bbac68_7376,12214.319835517428
00bbac68_7377,12214.32991510911
00bbac68_7378,12214.346016537602
00bbac68_7379,12214.36117658644
00bbac68_7380,12214.378506931404
00bbac68_7381,12214.3889193403
00bbac68_7382,12214.40544030006
00bbac68_7383,12214.4240296365
00bbac68_7384,12214.444374142036
00bbac68_7385,12214.458413520566
00bbac68_7386,12214.473465139785
00bbac68_7387,12214.48950246796
00bbac68_7388,12214.506185778748
00bbac68_7389,12214.521397190194
00bbac68_7390,12214.532509680175
00bbac68_7391,12214.553619680322
00bbac68_7392,12214.577764801756
00bbac68_7393,12214.597934885074
00bbac68_7394,12214.621184487278
00bbac68_7395,12214.640332970826
00bbac68_7396,12214.66605664594
00bbac68_7397,12214.692058255783
00bbac68_7398,12214.721977095844
00bbac68_7399,12214.753051451102
00bbac68_7400,12214.781370421437
00bbac68_7401,12214.815349026874
00bbac68_7402,12214.850689559553
00bbac68_7403,12214.889197565408
00bbac68_7404,12214.92729799385
00bbac68_7405,12214.9660430161
00bbac68_7406,12215.000777063822
00bbac68_7407,12215.043298624068
00bbac68_7408,12215.08630037137
00bbac68_7409,12215.126406521927
00bbac68_7410,12215.164455085318
00bbac68_7411,12215.20293260931
00bbac68_7412,12215.245569228682
00bbac68_7413,12215.280482290424
00bbac68_7414,12215.324987426276
00bbac68_7415,12215.369776585483
00bbac68_7416,12215.4172088384
00bbac68_7417,12215.463770969312
00bbac68_7418,12215.511149769776
00bbac68_7419,12215.560056483024
00bbac68_7420,12215.611569446046
00bbac68_7421,12215.657115172313
00bbac68_7422,12215.7075507037
00bbac68_7423,12215.755471711414
00bbac68_7424,12215.799451701318
00bbac68_7425,12215.844248876045
00bbac68_7426,12215.8847680152
00bbac68_7427,12215.924778692895
00bbac68_7428,12215.964447909411
00bbac68_7429,12216.00071246206
00bbac68_7430,12216.03503412546
00bbac68_7431,12216.05660766134
00bbac68_7432,12216.083346986556
00bbac68_7433,12216.10619564358
00bbac68_7434,12216.128253815848
00bbac68_7435,12216.147124773031
00bbac68_7436,12216.163535540369
00bbac68_7437,12216.179555182596
00bbac68_7438,12216.19366749861
00bbac68_7439,12216.205593416347
00bbac68_7440,12216.215784589383
00bbac68_7441,12216.22511607751
00bbac68_7442,12216.23303217854
00bbac68_7443,12216.23927754959
00bbac68_7444,12216.241703150625
00bbac68_7445,12216.2404992274
00bbac68_7446,12216.239134909138
00bbac68_7447,12216.2390970406
00bbac68_7448,12216.23764052781
00bbac68_7449,12216.235073068969
00bbac68_7450,12216.233650290143
00bbac68_7451,12216.23224208512
00bbac68_7452,12216.230594508608
00bbac68_7453,12216.226898929068
00bbac68_7454,12216.22510889146
00bbac68_7455,12216.22453691136
00bbac68_7456,12216.223818214025
00bbac68_7457,12216.223826872714
00bbac68_7458,12216.22350094657
00bbac68_7459,12216.224165424805
00bbac68_7460,12216.224930245902
00bbac68_7461,12216.225646316076
00bbac68_7462,12216.226799225124
00bbac68_7463,12216.230746331456
00bbac68_7464,12216.236151052608
00bbac68_7465,12216.2452262769
00bbac68_7466,12216.254822236931
00bbac68_7467,12216.266486703538
00bbac68_7468,12216.270223810963
00bbac68_7469,12216.273290411682
00bbac68_7470,12216.280767860782
00bbac68_7471,12216.289727075982
00bbac68_7472,12216.300169584178
00bbac68_7473,12216.317112854056
00bbac68_7474,12216.3339118234
00bbac68_7475,12216.350620032335
00bbac68_7476,12216.366027623531
00bbac68_7477,12216.38096728202
00bbac68_7478,12216.40232805119
00bbac68_7479,12216.41956597728
00bbac68_7480,12216.44088568071
00bbac68_7481,12216.46635997523
00bbac68_7482,12216.483513156829
00bbac68_7483,12216.497807477448
00bbac68_7484,12216.517159650177
00bbac68_7485,12216.530792256535
00bbac68_7486,12216.542775003702
00bbac68_7487,12216.562820624416
00bbac68_7488,12216.57425235262
00bbac68_7489,12216.584769235267
00bbac68_7490,12216.599555009216
00bbac68_7491,12216.60757228249
00bbac68_7492,12216.623859134435
00bbac68_7493,12216.639215349838
00bbac68_7494,12216.654972054148
00bbac68_7495,12216.678112673397
00bbac68_7496,12216.695886497851
00bbac68_7497,12216.719501372983
00bbac68_7498,12216.73925187399
00bbac68_7499,12216.766177353222
00bbac68_7500,12216.79207999471
00bbac68_7501,12216.822157991366
00bbac68_7502,12216.848423761245
00bbac68_7503,12216.875750586983
00bbac68_7504,12216.894258632034
00bbac68_7505,12216.918854822492
00bbac68_7506,12216.939433498605
00bbac68_7507,12216.967539665104
00bbac68_7508,12216.99291584848
00bbac68_7509,12217.013256816892
00bbac68_7510,12217.037198514106
00bbac68_7511,12217.062206929795
00bbac68_7512,12217.081222937508
00bbac68_7513,12217.104504858691
00bbac68_7514,12217.12132417798
00bbac68_7515,12217.14394878324
00bbac68_7516,12217.168749721362
00bbac68_7517,12217.191490524798
00bbac68_7518,12217.20700369958
00bbac68_7519,12217.224261543644
00bbac68_7520,12217.242223061672
00bbac68_7521,12217.25381206741
00bbac68_7522,12217.269882110024
00bbac68_7523,12217.285840988614
00bbac68_7524,12217.299850883606
00bbac68_7525,12217.310960286504
00bbac68_7526,12217.322301422482
00bbac68_7527,12217.334602196055
00bbac68_7528,12217.351514193946
00bbac68_7529,12217.368709288385
00bbac68_7530,12217.38534448906
00bbac68_7531,12217.39691725548
00bbac68_7532,12217.411160272426
00bbac68_7533,12217.426967780546
00bbac68_7534,12217.44797236647
00bbac68_7535,12217.472392568405
00bbac68_7536,12217.502443721434
00bbac68_7537,12217.53628751408
00bbac68_7538,12217.571556128813
00bbac68_7539,12217.607203333257
00bbac68_7540,12217.64485690903
00bbac68_7541,12217.683373684378
00bbac68_7542,12217.721787737164
00bbac68_7543,12217.760236260896
00bbac68_7544,12217.7976047823
00bbac68_7545,12217.833906035154
00bbac68_7546,12217.86661683962
00bbac68_7547,12217.8972395204
00bbac68_7548,12217.926185232696
00bbac68_7549,12217.962497181006
00bbac68_7550,12217.999689526794
00bbac68_7551,12218.037718558631
00bbac68_7552,12218.076297971213
00bbac68_7553,12218.11270064772
00bbac68_7554,12218.147349471332
00bbac68_7555,12218.179617325226
00bbac68_7556,12218.208877092571
00bbac68_7557,12218.23555165656
00bbac68_7558,12218.256913900355
00e12e8b_2083,11605.530882420053
00e12e8b_2084,11605.514375683226
00e12e8b_2085,11605.50125011922
00e12e8b_2086,11605.487935277984
00e12e8b_2087,11605.483310709456
00e12e8b_2088,11605.48380596359
00e12e8b_2089,11605.48165059033
00e12e8b_2090,11605.489924139629
00e12e8b_2091,11605.50085616142
00e12e8b_2092,11605.50983915579
00e12e8b_2093,11605.528952927049
00e12e8b_2094,11605.550350791793
00e12e8b_2095,11605.570493718327
00e12e8b_2096,11605.59820814357
00e12e8b_2097,11605.624320869574
00e12e8b_2098,11605.657696827042
00e12e8b_2099,11605.693692305114
00e12e8b_2100,11605.727640952562
00e12e8b_2101,11605.768350447432
00e12e8b_2102,11605.806781408186
00e12e8b_2103,11605.851587557288
00e12e8b_2104,11605.89843003826
00e12e8b_2105,11605.942516853966
00e12e8b_2106,11605.992809278643
00e12e8b_2107,11606.039086417011
00e12e8b_2108,11606.093651672689
00e12e8b_2109,11606.142906648529
00e12e8b_2110,11606.199973484465
00e12e8b_2111,11606.257245938166
00e12e8b_2112,11606.309790110943
00e12e8b_2113,11606.369600969943
00e12e8b_2114,11606.41924062128
00e12e8b_2115,11606.474942574596
00e12e8b_2116,11606.526371639511
00e12e8b_2117,11606.58235942779
00e12e8b_2118,11606.633797944502
00e12e8b_2119,11606.691827140685
00e12e8b_2120,11606.743695884614
00e12e8b_2121,11606.80103528806
00e12e8b_2122,11606.853767803306
00e12e8b_2123,11606.910525169524
00e12e8b_2124,11606.9610992835
00e12e8b_2125,11607.017666347385
00e12e8b_2126,11607.067033182628
00e12e8b_2127,11607.120992582672
00e12e8b_2128,11607.168925428456
00e12e8b_2129,11607.214796332428
00e12e8b_2130,11607.266303508675
00e12e8b_2131,11607.30934272452
00e12e8b_2132,11607.356371679498
00e12e8b_2133,11607.397000726543
00e12e8b_2134,11607.440197371345
00e12e8b_2135,11607.475139805862
00e12e8b_2136,11607.510204224123
00e12e8b_2137,11607.547824360356
00e12e8b_2138,11607.578817302596
00e12e8b_2139,11607.61526646011
00e12e8b_2140,11607.645160899669
00e12e8b_2141,11607.67430086897
00e12e8b_2142,11607.710902750274
00e12e8b_2143,11607.740873148632
00e12e8b_2144,11607.776817672266
00e12e8b_2145,11607.80874173387
00e12e8b_2146,11607.839992368165
00e12e8b_2147,11607.878927237947
00e12e8b_2148,11607.912189113356
00e12e8b_2149,11607.9444735766
00e12e8b_2150,11607.983164450548
00e12e8b_2151,11608.015704944337
00e12e8b_2152,11608.049490969364
00e12e8b_2153,11608.090628962716
00e12e8b_2154,11608.125693622997
00e12e8b_2155,11608.161231815076
00e12e8b_2156,11608.198787211204
00e12e8b_2157,11608.241871482118
00e12e8b_2158,11608.280485593932
00e12e8b_2159,11608.319931627588
00e12e8b_2160,11608.359261248814
00e12e8b_2161,11608.405039516114
00e12e8b_2162,11608.447836896969
00e12e8b_2163,11608.49086519461
00e12e8b_2164,11608.535020310355
00e12e8b_2165,11608.580410133583
00e12e8b_2166,11608.630996864886
00e12e8b_2167,11608.67814329804
00e12e8b_2168,11608.725036005262
00e12e8b_2169,11608.772582990032
00e12e8b_2170,11608.82165464296
00e12e8b_2171,11608.87030778727
00e12e8b_2172,11608.919028904076
00e12e8b_2173,11608.969500225548
00e12e8b_2174,11609.02497881541
00e12e8b_2175,11609.076020597808
00e12e8b_2176,11609.128115980067
00e12e8b_2177,11609.179699380333
00e12e8b_2178,11609.23150176861
00e12e8b_2179,11609.283970554376
00e12e8b_2180,11609.334465830432
00e12e8b_2181,11609.384203312758
00e12e8b_2182,11609.434123700135
00e12e8b_2183,11609.48166423248
00e12e8b_2184,11609.529213594573
00e12e8b_2185,11609.57435248624
00e12e8b_2186,11609.617823162136
00e12e8b_2187,11609.661089166246
00e12e8b_2188,11609.702269661911
00e12e8b_2189,11609.742072859448
00e12e8b_2190,11609.78058079568
00e12e8b_2191,11609.810448756434
00e12e8b_2192,11609.844340645355
00e12e8b_2193,11609.877351549969
00e12e8b_2194,11609.906792641184
00e12e8b_2195,11609.935195600803
00e12e8b_2196,11609.960353813663
00e12e8b_2197,11609.98571014369
00e12e8b_2198,11610.00995273542
00e12e8b_2199,11610.028905542506
00e12e8b_2200,11610.051711739972
00e12e8b_2201,11610.073675062766
00e12e8b_2202,11610.094946364165
00e12e8b_2203,11610.11072952572
00e12e8b_2204,11610.12129250605
00e12e8b_2205,11610.138097662915
00e12e8b_2206,11610.15534452776
00e12e8b_2207,11610.1721892137
00e12e8b_2208,11610.185260534488
00e12e8b_2209,11610.204660487349
00e12e8b_2210,11610.22618248111
00e12e8b_2211,11610.248008752566
00e12e8b_2212,11610.266476634137
00e12e8b_2213,11610.294256412755
00e12e8b_2214,11610.323115953155
00e12e8b_2215,11610.350072882036
00e12e8b_2216,11610.38514790256
00e12e8b_2217,11610.422818930188
00e12e8b_2218,11610.451877213169
00e12e8b_2219,11610.490536453744
00e12e8b_2220,11610.533098055788
00e12e8b_2221,11610.572591169415
00e12e8b_2222,11610.619266484868
00e12e8b_2223,11610.664177355526
00e12e8b_2224,11610.717083299984
00e12e8b_2225,11610.771990443318
00e12e8b_2226,11610.824619271572
00e12e8b_2227,11610.885429837765
00e12e8b_2228,11610.94320289019
00e12e8b_2229,11611.007314142644
00e12e8b_2230,11611.068688472991
00e12e8b_2231,11611.137215641713
00e12e8b_2232,11611.200116773043
00e12e8b_2233,11611.268921061155
00e12e8b_2234,11611.333554054549
00e12e8b_2235,11611.40628345028
00e12e8b_2236,11611.472448791654
00e12e8b_2237,11611.545661069453
00e12e8b_2238,11611.613790429725
00e12e8b_2239,11611.682234073072
00e12e8b_2240,11611.751994868451
00e12e8b_2241,11611.818198362642
00e12e8b_2242,11611.890107155908
00e12e8b_2243,11611.956491811126
00e12e8b_2244,11612.021455131067
00e12e8b_2245,11612.092148416692
00e12e8b_2246,11612.156251019394
00e12e8b_2247,11612.223097101009
00e12e8b_2248,11612.282858936063
00e12e8b_2249,11612.340447621184
00e12e8b_2250,11612.4001136125
00e12e8b_2251,11612.450554449224
00e12e8b_2252,11612.498808991537
00e12e8b_2253,11612.549380366268
00e12e8b_2254,11612.589620977084
00e12e8b_2255,11612.62828932385
00e12e8b_2256,11612.66969534464
00e12e8b_2257,11612.704603780378
00e12e8b_2258,11612.735756736383
00e12e8b_2259,11612.770679072277
00e12e8b_2260,11612.7973136127
00e12e8b_2261,11612.821489150683
00e12e8b_2262,11612.843711409523
00e12e8b_2263,11612.871321554096
00e12e8b_2264,11612.895783558592
00e12e8b_2265,11612.919254369248
00e12e8b_2266,11612.942822518797
00e12e8b_2267,11612.97185866476
00e12e8b_2268,11612.99566485347
00e12e8b_2269,11613.017275179209
00e12e8b_2270,11613.038783076105
00e12e8b_2271,11613.065061024266
00e12e8b_2272,11613.084970888034
00e12e8b_2273,11613.102747582958
00e12e8b_2274,11613.12098691761
00e12e8b_2275,11613.1437786866
00e12e8b_2276,11613.157685013985
00e12e8b_2277,11613.172011137956
00e12e8b_2278,11613.185348021216
00e12e8b_2279,11613.202054032638
00e12e8b_2280,11613.222208267773
00e12e8b_2281,11613.235919793366
00e12e8b_2282,11613.248581047024
00e12e8b_2283,11613.259352443616
00e12e8b_2284,11613.267747147129
00e12e8b_2285,11613.27543016286
00e12e8b_2286,11613.281424878174
00e12e8b_2287,11613.291102925235
00e12e8b_2288,11613.295233361529
00e12e8b_2289,11613.2978761291
00e12e8b_2290,11613.298593704349
00e12e8b_2291,11613.297293145672
00e12e8b_2292,11613.295455387784
00e12e8b_2293,11613.292762363695
00e12e8b_2294,11613.288563729013
00e12e8b_2295,11613.288035443838
00e12e8b_2296,11613.282083162923
00e12e8b_2297,11613.274742153866
00e12e8b_2298,11613.26564403348
00e12e8b_2299,11613.256082252628
00e12e8b_2300,11613.245300422592
00e12e8b_2301,11613.232405680275
00e12e8b_2302,11613.218929001148
00e12e8b_2303,11613.206907792855
00e12e8b_2304,11613.195538154056
00e12e8b_2305,11613.184765780004
00e12e8b_2306,11613.17318686489
00e12e8b_2307,11613.16278415748
00e12e8b_2308,11613.1525186494
00e12e8b_2309,11613.140784945504
00e12e8b_2310,11613.130764047097
00e12e8b_2311,11613.122120780474
00e12e8b_2312,11613.113230739134
00e12e8b_2313,11613.10290657284
00e12e8b_2314,11613.092973871848
00e12e8b_2315,11613.082897468435
00e12e8b_2316,11613.071735431651
00e12e8b_2317,11613.057731187462
00e12e8b_2318,11613.047216042152
00e12e8b_2319,11613.036930405797
00e12e8b_2320,11613.02650202253
00e12e8b_2321,11613.018231294369
00e12e8b_2322,11613.010300119671
00e12e8b_2323,11612.999567343615
00e12e8b_2324,11612.988895451796
00e12e8b_2325,11612.980513277613
00e12e8b_2326,11612.973399269931
00e12e8b_2327,11612.962061444165
00e12e8b_2328,11612.956255469118
00e12e8b_2329,11612.952382937685
00e12e8b_2330,11612.94798925387
00e12e8b_2331,11612.944781415514
00e12e8b_2332,11612.944707440198
00e12e8b_2333,11612.94571667653
00e12e8b_2334,11612.948809100712
00e12e8b_2335,11612.945025509314
00e12e8b_2336,11612.949680058571
00e12e8b_2337,11612.955457725157
00e12e8b_2338,11612.960098713753
00e12e8b_2339,11612.966108530309
00e12e8b_2340,11612.97240680008
00e12e8b_2341,11612.972882615835
00e12e8b_2342,11612.978977236286
00e12e8b_2343,11612.98642919102
00e12e8b_2344,11612.994671930086
00e12e8b_2345,11613.00065567942
00e12e8b_2346,11613.003006921905
00e12e8b_2347,11613.01400353845
00e12e8b_2348,11613.02564686727
00e12e8b_2349,11613.031925193503
00e12e8b_2350,11613.045888170707
00e12e8b_2351,11613.061235101795
00e12e8b_2352,11613.078569417885
00e12e8b_2353,11613.088728388742
00e12e8b_2354,11613.105444283889
00e12e8b_2355,11613.11812961259
00e12e8b_2356,11613.135854686188
00e12e8b_2357,11613.150961753212
00e12e8b_2358,11613.161157399558
00e12e8b_2359,11613.175936404396
00e12e8b_2360,11613.187905864055
00e12e8b_2361,11613.193854354316
00e12e8b_2362,11613.207811346809
00e12e8b_2363,11613.21552765534
00e12e8b_2364,11613.228204544952
00e12e8b_2365,11613.23536848472
00e12e8b_2366,11613.24740639592
00e12e8b_2367,11613.253521091929
00e12e8b_2368,11613.263387624043
00e12e8b_2369,11613.268528740537
00e12e8b_2370,11613.27930121304
00e12e8b_2371,11613.2826582514
00e12e8b_2372,11613.291135520043
00e12e8b_2373,11613.293916748453
00e12e8b_2374,11613.302627614748
00e12e8b_2375,11613.303464641289
00e12e8b_2376,11613.304165061056
00e12e8b_2377,11613.309496562226
00e12e8b_2378,11613.308294633289
00e12e8b_2379,11613.30460151702
00e12e8b_2380,11613.305932162422
00e12e8b_2381,11613.30116384024
00e12e8b_2382,11613.299521009909
00e12e8b_2383,11613.292538380878
00e12e8b_2384,11613.289048793384
00e12e8b_2385,11613.281212898097
00e12e8b_2386,11613.2780694778
00e12e8b_2387,11613.270934163878
00e12e8b_2388,11613.265986430712
00e12e8b_2389,11613.265621785697
00e12e8b_2390,11613.26217368486
00e12e8b_2391,11613.260146169085
00e12e8b_2392,11613.259300766842
00e12e8b_2393,11613.257065208942
00e12e8b_2394,11613.263660319968
00e12e8b_2395,11613.265024038625
00e12e8b_2396,11613.267775116929
00e12e8b_2397,11613.27040377256
00e12e8b_2398,11613.275171249215
00e12e8b_2399,11613.280229945936
00e12e8b_2400,11613.291775455158
00e12e8b_2401,11613.29955449175
00e12e8b_2402,11613.30876217156
00e12e8b_2403,11613.31875182932
00e12e8b_2404,11613.32802858096
00e12e8b_2405,11613.340237452325
00e12e8b_2406,11613.353463439646
00e12e8b_2407,11613.364624640531
00e12e8b_2408,11613.377737579976
00e12e8b_2409,11613.394737124445
00e12e8b_2410,11613.413650409955
00e12e8b_2411,11613.432351351476
00e12e8b_2412,11613.454716959011
00e12e8b_2413,11613.476403064768
00e12e8b_2414,11613.500010794123
00e12e8b_2415,11613.5223092531
00e12e8b_2416,11613.543964181354
00e12e8b_2417,11613.566543584067
00e12e8b_2418,11613.589202832558
00e12e8b_2419,11613.609493701608
00e12e8b_2420,11613.628929441556
00e12e8b_2421,11613.64664534677
00e12e8b_2422,11613.66308335157
00e12e8b_2423,11613.671638096628
00e12e8b_2424,11613.68974223582
00e12e8b_2425,11613.705917092822
00e12e8b_2426,11613.72152671978
00e12e8b_2427,11613.73104669575
00e12e8b_2428,11613.741967640222
00e12e8b_2429,11613.74627497228
00e12e8b_2430,11613.759428263444
00e12e8b_2431,11613.772073503083
00e12e8b_2432,11613.78676546286
00e12e8b_2433,11613.799598416192
00e12e8b_2434,11613.809023973496
00e12e8b_2435,11613.822203200856
00e12e8b_2436,11613.835619757505
00e12e8b_2437,11613.843458307208
00e12e8b_2438,11613.857162215128
00e12e8b_2439,11613.871752174684
00e12e8b_2440,11613.884588352515
00e12e8b_2441,11613.892228062312
00e12e8b_2442,11613.906436804677
00e12e8b_2443,11613.913580327324
00e12e8b_2444,11613.925160453018
00e12e8b_2445,11613.937213258074
00e12e8b_2446,11613.949785756366
00e12e8b_2447,11613.967469428904
00e12e8b_2448,11613.984712802456
00e12e8b_2449,11613.995823997066
00e12e8b_2450,11614.014449744787
00e12e8b_2451,11614.027477567592
00e12e8b_2452,11614.048878044508
00e12e8b_2453,11614.065441575967
00e12e8b_2454,11614.090295933069
00e12e8b_2455,11614.107603181335
00e12e8b_2456,11614.132535038132
00e12e8b_2457,11614.151591807386
00e12e8b_2458,11614.176966226907
00e12e8b_2459,11614.196196639896
00e12e8b_2460,11614.22125340854
00e12e8b_2461,11614.239761273457
00e12e8b_2462,11614.26193493041
00e12e8b_2463,11614.278259326748
00e12e8b_2464,11614.299145931504
00e12e8b_2465,11614.31372573456
00e12e8b_2466,11614.32804185358
00e12e8b_2467,11614.348099692876
00e12e8b_2468,11614.362916598711
00e12e8b_2469,11614.380267077571
00e12e8b_2470,11614.392438593351
00e12e8b_2471,11614.404052405138
00e12e8b_2472,11614.42236763312
00e12e8b_2473,11614.431061752235
00e12e8b_2474,11614.440992067464
00e12e8b_2475,11614.451624445215
00e12e8b_2476,11614.46661069246
00e12e8b_2477,11614.47514792566
00e12e8b_2478,11614.483644602224
00e12e8b_2479,11614.497669502038
00e12e8b_2480,11614.50427887549
00e12e8b_2481,11614.510579561384
00e12e8b_2482,11614.515828174764
00e12e8b_2483,11614.51858747052
00e12e8b_2484,11614.525079712374
00e12e8b_2485,11614.523397847115
00e12e8b_2486,11614.51924038022
00e12e8b_2487,11614.514104005164
00e12e8b_2488,11614.516105538847
00e12e8b_2489,11614.522596860885
00e12e8b_2490,11614.523780815794
00e12e8b_2491,11614.516030810342
00e12e8b_2492,11614.50818508779
00e12e8b_2493,11614.501692161492
00e12e8b_2494,11614.4978143248
00e12e8b_2495,11614.491318705168
00e12e8b_2496,11614.484066007337
00e12e8b_2497,11614.480624868313
00e12e8b_2498,11614.474395197883
00e12e8b_2499,11614.469966983786
00e12e8b_2500,11614.462106581916
00e12e8b_2501,11614.457975899382
00e12e8b_2502,11614.458146650784
00e12e8b_2503,11614.452230209256
00e12e8b_2504,11614.44173629828
00e12e8b_2505,11614.435224443603
00e12e8b_2506,11614.430204429722
00e12e8b_2507,11614.425172985608
00e12e8b_2508,11614.42055098386
00e12e8b_2509,11614.415820934551
00e12e8b_2510,11614.407929038292
00e12e8b_2511,11614.404610278065
00e12e8b_2512,11614.40186151491
00e12e8b_2513,11614.399448727678
00e12e8b_2514,11614.397349012928
00e12e8b_2515,11614.396108867992
00e12e8b_2516,11614.389167751106
00e12e8b_2517,11614.3850303154
00e12e8b_2518,11614.384824385248
00e12e8b_2519,11614.385038754888
00e12e8b_2520,11614.38268676796
00e12e8b_2521,11614.38200313387
00e12e8b_2522,11614.374479967802
00e12e8b_2523,11614.372432573531
00e12e8b_2524,11614.36929059809
00e12e8b_2525,11614.36726093692
00e12e8b_2526,11614.358836777958
00e12e8b_2527,11614.349900592551
00e12e8b_2528,11614.34554536066
00e12e8b_2529,11614.340365539876
00e12e8b_2530,11614.330767913092
00e12e8b_2531,11614.328712734165
00e12e8b_2532,11614.326171512974
00e12e8b_2533,11614.31845791185
00e12e8b_2534,11614.310997094444
00e12e8b_2535,11614.300956996478
00e12e8b_2536,11614.293178765123
00e12e8b_2537,11614.285992875028
00e12e8b_2538,11614.278321396749
00e12e8b_2539,11614.26995858361
00e12e8b_2540,11614.255354363382
00e12e8b_2541,11614.244912927184
00e12e8b_2542,11614.232862804129
00e12e8b_2543,11614.22113608186
00e12e8b_2544,11614.20939918362
00e12e8b_2545,11614.19743833879
00e12e8b_2546,11614.1860625745
00e12e8b_2547,11614.170901550986
00e12e8b_2548,11614.157032222223
00e12e8b_2549,11614.143132775143
00e12e8b_2550,11614.12958780358
00e12e8b_2551,11614.11589247499
00e12e8b_2552,11614.107562463598
00e12e8b_2553,11614.103804970458
00e12e8b_2554,11614.099062054698
00e12e8b_2555,11614.09162967786
00e12e8b_2556,11614.08670548689
00e12e8b_2557,11614.081231664632
00e12e8b_2558,11614.080738607772
00e12e8b_2559,11614.083228854664
00e12e8b_2560,11614.084970726848
00e12e8b_2561,11614.091070582315
00e12e8b_2562,11614.095924402189
00e12e8b_2563,11614.100727886576
00e12e8b_2564,11614.107634006235
00e12e8b_2565,11614.116101801696
00e12e8b_2566,11614.126751825452
00e12e8b_2567,11614.133131528142
00e12e8b_2568,11614.140161571544
00e12e8b_2569,11614.147513736156
00e12e8b_2570,11614.155507058978
00e12e8b_2571,11614.16752756093
00e12e8b_2572,11614.178257020514
00e12e8b_2573,11614.189533863975
00e12e8b_2574,11614.199384197243
00e12e8b_2575,11614.211934158884
00e12e8b_2576,11614.223971033618
00e12e8b_2577,11614.23678202168
00e12e8b_2578,11614.253750479984
00e12e8b_2579,11614.273953404683
00e12e8b_2580,11614.28898494309
00e12e8b_2581,11614.303273683114
00e12e8b_2582,11614.31810518158
00e12e8b_2583,11614.333482315998
00e12e8b_2584,11614.348290427326
00e12e8b_2585,11614.364924991216
00e12e8b_2586,11614.38153697714
00e12e8b_2587,11614.396810044218
00e12e8b_2588,11614.415434259688
00e12e8b_2589,11614.436906994084
00e12e8b_2590,11614.452456034986
00e12e8b_2591,11614.466966524553
00e12e8b_2592,11614.47902340248
00e12e8b_2593,11614.492088594234
00e12e8b_2594,11614.507796118862
00e12e8b_2595,11614.529152273804
00e12e8b_2596,11614.545829950375
00e12e8b_2597,11614.560589638411
00e12e8b_2598,11614.573519025244
00e12e8b_2599,11614.58802390979
00e12e8b_2600,11614.603350134745
00e12e8b_2601,11614.62447508414
00e12e8b_2602,11614.63862629739
00e12e8b_2603,11614.652837509526
00e12e8b_2604,11614.668570047625
00e12e8b_2605,11614.68801051203
00e12e8b_2606,11614.699879279084
00e12e8b_2607,11614.711902894403
00e12e8b_2608,11614.724576367793
00e12e8b_2609,11614.742819595962
00e12e8b_2610,11614.754685581229
00e12e8b_2611,11614.767841821846
00e12e8b_2612,11614.780863149575
00e12e8b_2613,11614.797606110638
00e12e8b_2614,11614.808601098131
00e12e8b_2615,11614.819691627792
00e12e8b_2616,11614.83746552854
00e12e8b_2617,11614.847599077482
00e12e8b_2618,11614.857019168492
00e12e8b_2619,11614.8659801251
00e12e8b_2620,11614.878157270165
00e12e8b_2621,11614.886183485018
00e12e8b_2622,11614.894170381163
00e12e8b_2623,11614.907729357154
00e12e8b_2624,11614.915227087631
00e12e8b_2625,11614.921485511271
00e12e8b_2626,11614.931664459187
00e12e8b_2627,11614.937912137466
00e12e8b_2628,11614.943268348936
00e12e8b_2629,11614.9433047336
00e12e8b_2630,11614.952810340614
00e12e8b_2631,11614.956830026673
00e12e8b_2632,11614.957456648972
00e12e8b_2633,11614.958424062888
00e12e8b_2634,11614.963164197012
00e12e8b_2635,11614.96119665784
00e12e8b_2636,11614.953042904008
00e12e8b_2637,11614.94945364663
00e12e8b_2638,11614.93931963726
00e12e8b_2639,11614.927506930846
00e12e8b_2640,11614.91265560562
00e12e8b_2641,11614.908840000311
00e12e8b_2642,11614.901092006185
00e12e8b_2643,11614.892342393136
00e12e8b_2644,11614.878597494851
00e12e8b_2645,11614.870644120325
00e12e8b_2646,11614.863876375754
00e12e8b_2647,11614.855336942192
00e12e8b_2648,11614.846204451384
00e12e8b_2649,11614.842661012744
00e12e8b_2650,11614.836904551248
00e12e8b_2651,11614.832593589816
00e12e8b_2652,11614.830756914642
00e12e8b_2653,11614.828541097057
00e12e8b_2654,11614.828001978844
00e12e8b_2655,11614.828990808914
00e12e8b_2656,11614.82758931979
00e12e8b_2657,11614.829933122042
00e12e8b_2658,11614.83132818874
00e12e8b_2659,11614.832724851096
00e12e8b_2660,11614.832159472022
00e12e8b_2661,11614.83822529481
00e12e8b_2662,11614.844003992992
00e12e8b_2663,11614.856386937883
00e12e8b_2664,11614.868454734826
00e12e8b_2665,11614.88569029616
00e12e8b_2666,11614.895663056446
00e12e8b_2667,11614.918740406283
00e12e8b_2668,11614.941113748904
00e12e8b_2669,11614.967187020817
00e12e8b_2670,11614.98379150398
00e12e8b_2671,11615.007116350354
00e12e8b_2672,11615.031478466984
00e12e8b_2673,11615.053965466695
00e12e8b_2674,11615.071468108268
00e12e8b_2675,11615.09037849406
00e12e8b_2676,11615.109018233114
00e12e8b_2677,11615.130446345996
00e12e8b_2678,11615.142917415233
00e12e8b_2679,11615.162536488147
00e12e8b_2680,11615.175580105692
00e12e8b_2681,11615.195107324998
00e12e8b_2682,11615.21071071728
00e12e8b_2683,11615.22215160892
00e12e8b_2684,11615.24015228848
00e12e8b_2685,11615.254313135634
00e12e8b_2686,11615.261732937544
00e12e8b_2687,11615.276196140396
00e12e8b_2688,11615.283596233869
00e12e8b_2689,11615.298068891114
00e12e8b_2690,11615.306636840249
00e12e8b_2691,11615.317289312465
00e12e8b_2692,11615.319533073496
00e12e8b_2693,11615.324040606542
00e12e8b_2694,11615.323811588838
00e12e8b_2695,11615.32543892746
00e12e8b_2696,11615.318515123428
00e12e8b_2697,11615.320780205118
00e12e8b_2698,11615.31116037835
00e12e8b_2699,11615.315934630964
00e12e8b_2700,11615.312553899694
00e12e8b_2701,11615.316228706151
00e12e8b_2702,11615.320081381353
00e12e8b_2703,11615.321441637194
00e12e8b_2704,11615.32131454458
00e12e8b_2705,11615.322422956484
00e12e8b_2706,11615.320739776183
00e12e8b_2707,11615.324047079224
00e12e8b_2708,11615.321683839593
00e12e8b_2709,11615.324212512402
00e12e8b_2710,11615.3212764852
00e12e8b_2711,11615.331410228304
00e12e8b_2712,11615.33132373748
00e12e8b_2713,11615.328830505725
00e12e8b_2714,11615.335490410816
00e12e8b_2715,11615.33541681555
00e12e8b_2716,11615.333828542764
00e12e8b_2717,11615.335167742393
00e12e8b_2718,11615.335535126493
00e12e8b_2719,11615.344320240414
00e12e8b_2720,11615.343866776971
00e12e8b_2721,11615.349935263815
00e12e8b_2722,11615.352615425916
00e12e8b_2723,11615.36095751642
00e12e8b_2724,11615.37276055306
00e12e8b_2725,11615.381729560928
00e12e8b_2726,11615.38665771136
00e12e8b_2727,11615.395757705195
00e12e8b_2728,11615.400598275815
00e12e8b_2729,11615.408738335203
00e12e8b_2730,11615.4152100069
00e12e8b_2731,11615.430652734138
00e12e8b_2732,11615.43896800202
00e12e8b_2733,11615.44507907171
00e12e8b_2734,11615.453478845018
00e12e8b_2735,11615.45856106537
00e12e8b_2736,11615.464977231586
00e12e8b_2737,11615.471696428202
00e12e8b_2738,11615.474529492283
00e12e8b_2739,11615.478945558512
00e12e8b_2740,11615.482690242356
00e12e8b_2741,11615.49051513031
00e12e8b_2742,11615.489640003558
00e12e8b_2743,11615.49006993064
00e12e8b_2744,11615.49073639546
00e12e8b_2745,11615.490145373353
00e12e8b_2746,11615.492619071334
00e12e8b_2747,11615.494827905572
00e12e8b_2748,11615.49724785917
00e12e8b_2749,11615.500818363342
00e12e8b_2750,11615.500402014804
00e12e8b_2751,11615.502492995764
00e12e8b_2752,11615.503973142322
00e12e8b_2753,11615.506837951369
00e12e8b_2754,11615.507271995615
00e12e8b_2755,11615.50695282163
00e12e8b_2756,11615.50934794731
00e12e8b_2757,11615.510630765504
00e12e8b_2758,11615.511791370884
00e12e8b_2759,11615.51312368415
00e12e8b_2760,11615.513412827346
00e12e8b_2761,11615.513767136725
00e12e8b_2762,11615.506909558077
00e12e8b_2763,11615.5058010882
00e12e8b_2764,11615.504061174852
00e12e8b_2765,11615.505027414463
00e12e8b_2766,11615.506582105398
00e12e8b_2767,11615.509002319242
00e12e8b_2768,11615.514398466868
00e12e8b_2769,11615.519756832078
00e12e8b_2770,11615.525500341151
00e12e8b_2771,11615.534000782793
00e12e8b_2772,11615.538287423644
00e12e8b_2773,11615.539540519245
00e12e8b_2774,11615.548129387698
00e12e8b_2775,11615.55516841113
00e12e8b_2776,11615.561450087014
00e12e8b_2777,11615.568921382775
00e12e8b_2778,11615.57709448553
00e12e8b_2779,11615.576857484866
00e12e8b_2780,11615.581194489583
00e12e8b_2781,11615.585081050354
00e12e8b_2782,11615.591964336236
00e12e8b_2783,11615.598942910425
00e12e8b_2784,11615.598566518169
00e12e8b_2785,11615.60190348298
00e12e8b_2786,11615.606292108232
00e12e8b_2787,11615.611768520084
00e12e8b_2788,11615.616837013356
00e12e8b_2789,11615.6158729097
00e12e8b_2790,11615.622386889656
00e12e8b_2791,11615.627484693992
00e12e8b_2792,11615.63140169419
00e12e8b_2793,11615.632777809624
00e12e8b_2794,11615.636390825875
00e12e8b_2795,11615.639206575954
00e12e8b_2796,11615.643208997555
00e12e8b_2797,11615.6408770704
00e12e8b_2798,11615.64410253918
00e12e8b_2799,11615.64844528806
00e12e8b_2800,11615.645613367278
00e12e8b_2801,11615.6475983388
00e12e8b_2802,11615.651798550149
00e12e8b_2803,11615.648578155116
00e12e8b_2804,11615.653116455542
00e12e8b_2805,11615.657880166851
00e12e8b_2806,11615.659370138392
00e12e8b_2807,11615.664377522102
00e12e8b_2808,11615.668796003662
00e12e8b_2809,11615.669223184885
00e12e8b_2810,11615.672878719735
00e12e8b_2811,11615.67528238539
00e12e8b_2812,11615.673867549713
00e12e8b_2813,11615.676897148243
00e12e8b_2814,11615.678332744734
00e12e8b_2815,11615.677723529832
00e12e8b_2816,11615.680021666394
00e12e8b_2817,11615.68220372111
00e12e8b_2818,11615.680218552148
00e12e8b_2819,11615.683084845856
00e12e8b_2820,11615.686205350106
00e12e8b_2821,11615.690169754713
00e12e8b_2822,11615.686092021097
00e12e8b_2823,11615.686797076904
00e12e8b_2824,11615.688151924562
00e12e8b_2825,11615.690213266378
00e12e8b_2826,11615.684505155585
00e12e8b_2827,11615.686961575544
00e12e8b_2828,11615.689053857142
00e12e8b_2829,11615.690512594314
00e12e8b_2830,11615.692803561196
00e12e8b_2831,11615.697396158495
00e12e8b_2832,11615.693385351216
00e12e8b_2833,11615.694376528456
00e12e8b_2834,11615.698090062788
00e12e8b_2835,11615.703938505336
00e12e8b_2836,11615.70733260709
00e12e8b_2837,11615.71261984288
00e12e8b_2838,11615.717129057672
00e12e8b_2839,11615.723961463676
00e12e8b_2840,11615.730467049549
00e12e8b_2841,11615.73669978674
00e12e8b_2842,11615.74471131694
00e12e8b_2843,11615.751604897556
00e12e8b_2844,11615.75761038542
00e12e8b_2845,11615.765998937555
00e12e8b_2846,11615.77265995573
00e12e8b_2847,11615.7803339151
00e12e8b_2848,11615.78756994041
00e12e8b_2849,11615.790176914066
00e12e8b_2850,11615.79425204487
00e12e8b_2851,11615.794947383263
00e12e8b_2852,11615.797986169004
00e12e8b_2853,11615.798517086256
00e12e8b_2854,11615.799763124209
00e12e8b_2855,11615.805405023038
00e12e8b_2856,11615.807126120868
00e12e8b_2857,11615.807195354517
00e12e8b_2858,11615.808487109703
00e12e8b_2859,11615.806697129883
00e12e8b_2860,11615.80589025909
00e12e8b_2861,11615.809837035222
00e12e8b_2862,11615.807717424184
00e12e8b_2863,11615.803058393776
00e12e8b_2864,11615.799478365116
00e12e8b_2865,11615.801541392011
00e12e8b_2866,11615.79521754968
00e12e8b_2867,11615.790645889028
00e12e8b_2868,11615.783295750947
00e12e8b_2869,11615.782896549576
00e12e8b_2870,11615.775338670748
00e12e8b_2871,11615.76267506573
00e12e8b_2872,11615.760058787662
00e12e8b_2873,11615.751317761478
00e12e8b_2874,11615.743704382645
00e12e8b_2875,11615.739511014735
00e12e8b_2876,11615.734047400842
00e12e8b_2877,11615.728943721617
00e12e8b_2878,11615.726000776269
00e12e8b_2879,11615.720205067651
00e12e8b_2880,11615.72152049144
00e12e8b_2881,11615.711849055137
00e12e8b_2882,11615.71213837268
00e12e8b_2883,11615.707159720829
00e12e8b_2884,11615.704352508648
00e12e8b_2885,11615.699682664326
00e12e8b_2886,11615.69743088322
00e12e8b_2887,11615.6916483479
00e12e8b_2888,11615.690482798727
00e12e8b_2889,11615.685999496118
00e12e8b_2890,11615.687252475704
00e12e8b_2891,11615.685476293407
00e12e8b_2892,11615.685712937964
00e12e8b_2893,11615.682603460387
00e12e8b_2894,11615.690180721984
00e12e8b_2895,11615.694468944315
00e12e8b_2896,11615.693462378644
00e12e8b_2897,11615.701792998623
00e12e8b_2898,11615.704536063897
00e12e8b_2899,11615.71357711359
00e12e8b_2900,11615.722990224323
00e12e8b_2901,11615.725922023455
00e12e8b_2902,11615.73684606856
00e12e8b_2903,11615.743938237876
00e12e8b_2904,11615.753239644968
00e12e8b_2905,11615.75969907702
00e12e8b_2906,11615.766770257076
00e12e8b_2907,11615.780217694708
00e12e8b_2908,11615.782612609266
00e12e8b_2909,11615.79077344034
00e12e8b_2910,11615.80362523118
00e12e8b_2911,11615.809419799
00e12e8b_2912,11615.824255180924
00e12e8b_2913,11615.83794850011
00e12e8b_2914,11615.848255831845
00e12e8b_2915,11615.863904740529
00e12e8b_2916,11615.87698728502
00e12e8b_2917,11615.89357315853
00e12e8b_2918,11615.907386453666
00e12e8b_2919,11615.925129563086
00e12e8b_2920,11615.94000193681
00e12e8b_2921,11615.958774230126
00e12e8b_2922,11615.975088889838
00e12e8b_2923,11615.987901806711
00e12e8b_2924,11616.009163272343
00e12e8b_2925,11616.022813113424
00e12e8b_2926,11616.03617737271
00e12e8b_2927,11616.057928171607
00e12e8b_2928,11616.072038905391
00e12e8b_2929,11616.089537510226
00e12e8b_2930,11616.108699715456
00e12e8b_2931,11616.12432986213
00e12e8b_2932,11616.143219251448
00e12e8b_2933,11616.159305198724
00e12e8b_2934,11616.177265341568
00e12e8b_2935,11616.195398679494
00e12e8b_2936,11616.21375369951
00e12e8b_2937,11616.238097720136
00e12e8b_2938,11616.255658864462
00e12e8b_2939,11616.274629805086
00e12e8b_2940,11616.292407628916
00e12e8b_2941,11616.308417876888
00e12e8b_2942,11616.32688403556
00e12e8b_2943,11616.342153508627
00e12e8b_2944,11616.351328534894
00e12e8b_2945,11616.367258447062
00e12e8b_2946,11616.380461982808
00e12e8b_2947,11616.395159324207
00e12e8b_2948,11616.408821163384
00e12e8b_2949,11616.425502581536
00e12e8b_2950,11616.43774674503
00e12e8b_2951,11616.447160920005
00e12e8b_2952,11616.458422768035
00e12e8b_2953,11616.47345418677
00e12e8b_2954,11616.48523338366
00e12e8b_2955,11616.486412392238
00e12e8b_2956,11616.495261496082
00e12e8b_2957,11616.5027389779
00e12e8b_2958,11616.499185709552
00e12e8b_2959,11616.50351951201
00e12e8b_2960,11616.499853313771
00e12e8b_2961,11616.497724640443
00e12e8b_2962,11616.493043476496
00e12e8b_2963,11616.49341139349
00e12e8b_2964,11616.48834386076
00e12e8b_2965,11616.48970858715
00e12e8b_2966,11616.483752805909
00e12e8b_2967,11616.484609291088
00e12e8b_2968,11616.479200548983
00e12e8b_2969,11616.479807054506
00e12e8b_2970,11616.473663278291
00e12e8b_2971,11616.469817259203
00e12e8b_2972,11616.47040570253
00e12e8b_2973,11616.46596817258
00e12e8b_2974,11616.462300042602
00e12e8b_2975,11616.457896503396
00e12e8b_2976,11616.456873335808
00e12e8b_2977,11616.449451040247
00e12e8b_2978,11616.443197834336
00e12e8b_2979,11616.437688463331
00e12e8b_2980,11616.432858960085
00e12e8b_2981,11616.428378982966
00e12e8b_2982,11616.429968922868
00e12e8b_2983,11616.425877514555
00e12e8b_2984,11616.425113339545
00e12e8b_2985,11616.42270529106
00e12e8b_2986,11616.422242351027
00e12e8b_2987,11616.423135894252
00e12e8b_2988,11616.422755436266
00e12e8b_2989,11616.421992700103
00e12e8b_2990,11616.421553294984
00e12e8b_2991,11616.418249978742
00e12e8b_2992,11616.408688452684
00e12e8b_2993,11616.40546195321
00e12e8b_2994,11616.403504031505
00e12e8b_2995,11616.40171929262
00e12e8b_2996,11616.400786452588
00e12e8b_2997,11616.398888262142
00e12e8b_2998,11616.391644950068
00e12e8b_2999,11616.391082676157
00e12e8b_3000,11616.38989952035
00e12e8b_3001,11616.383445851076
00e12e8b_3002,11616.383294400372
00e12e8b_3003,11616.385086862134
00e12e8b_3004,11616.38476112082
00e12e8b_3005,11616.378752890168
00e12e8b_3006,11616.380120011738
00e12e8b_3007,11616.379541392766
00e12e8b_3008,11616.372320503073
00e12e8b_3009,11616.370785896928
00e12e8b_3010,11616.366356540508
00e12e8b_3011,11616.360648881537
00e12e8b_3012,11616.349651931783
00e12e8b_3013,11616.340512130892
00e12e8b_3014,11616.330012454806
00e12e8b_3015,11616.314366261508
00e12e8b_3016,11616.304025254276
00e12e8b_3017,11616.292275100795
00e12e8b_3018,11616.279773491766
00e12e8b_3019,11616.260180568032
00e12e8b_3020,11616.246186902974
00e12e8b_3021,11616.231844865268
00e12e8b_3022,11616.215287825911
00e12e8b_3023,11616.19317490321
00e12e8b_3024,11616.174286419053
00e12e8b_3025,11616.155748896535
00e12e8b_3026,11616.13533315728
00e12e8b_3027,11616.108477102596
00e12e8b_3028,11616.087092411632
00e12e8b_3029,11616.064010980872
00e12e8b_3030,11616.04014018732
00e12e8b_3031,11616.008671252388
00e12e8b_3032,11615.981699150114
00e12e8b_3033,11615.955630399683
00e12e8b_3034,11615.931387393375
00e12e8b_3035,11615.900051389095
00e12e8b_3036,11615.87502861458
00e12e8b_3037,11615.851973581652
00e12e8b_3038,11615.829221885522
00e12e8b_3039,11615.802167969472
00e12e8b_3040,11615.782067467351
00e12e8b_3041,11615.761857935318
00e12e8b_3042,11615.743083498392
00e12e8b_3043,11615.72621749738
00e12e8b_3044,11615.703606686202
00e12e8b_3045,11615.688096561804
00e12e8b_3046,11615.673307683654
00e12e8b_3047,11615.660901085454
00e12e8b_3048,11615.642267976637
00e12e8b_3049,11615.630423350329
00e12e8b_3050,11615.622450544372
00e12e8b_3051,11615.613703241504
00e12e8b_3052,11615.606013002434
00e12e8b_3053,11615.59412227061
00e12e8b_3054,11615.587714580992
00e12e8b_3055,11615.582711255713
00e12e8b_3056,11615.580783436224
00e12e8b_3057,11615.578657861444
00e12e8b_3058,11615.57293677119
00e12e8b_3059,11615.574592428164
00e12e8b_3060,11615.573584535015
00e12e8b_3061,11615.573848632788
00e12e8b_3062,11615.576508167796
00e12e8b_3063,11615.57367328215
00e12e8b_3064,11615.57419780429
00e12e8b_3065,11615.57722824805
00e12e8b_3066,11615.578390490806
00e12e8b_3067,11615.577597362724
00e12e8b_3068,11615.571659673053
00e12e8b_3069,11615.569242183125
00e12e8b_3070,11615.568683457504
00e12e8b_3071,11615.569162951298
00e12e8b_3072,11615.570804608791
00e12e8b_3073,11615.565215871502
00e12e8b_3074,11615.565463413834
00e12e8b_3075,11615.56790231549
00e12e8b_3076,11615.56803603732
00e12e8b_3077,11615.567684603804
00e12e8b_3078,11615.567876378716
00e12e8b_3079,11615.562352364726
00e12e8b_3080,11615.561824367524
00e12e8b_3081,11615.560853669793
00e12e8b_3082,11615.557883943526
00e12e8b_3083,11615.555784148735
00e12e8b_3084,11615.555154900012
00e12e8b_3085,11615.549597020934
00e12e8b_3086,11615.550531763842
00e12e8b_3087,11615.549510400417
00e12e8b_3088,11615.547749168069
00e12e8b_3089,11615.545657657089
00e12e8b_3090,11615.542401991992
00e12e8b_3091,11615.540053413151
00e12e8b_3092,11615.533903953938
00e12e8b_3093,11615.533698180954
00e12e8b_3094,11615.53277330783
00e12e8b_3095,11615.52991418888
00e12e8b_3096,11615.5266368515
00e12e8b_3097,11615.523263050023
00e12e8b_3098,11615.518908757467
00e12e8b_3099,11615.510161450016
00e12e8b_3100,11615.50647980427
00e12e8b_3101,11615.503785787852
00e12e8b_3102,11615.500190501769
00e12e8b_3103,11615.495765241358
00e12e8b_3104,11615.486320424112
00e12e8b_3105,11615.48070672371
00e12e8b_3106,11615.47276433743
00e12e8b_3107,11615.464141247096
00e12e8b_3108,11615.448981640811
00e12e8b_3109,11615.437717803754
00e12e8b_3110,11615.42495681869
00e12e8b_3111,11615.405443990916
00e12e8b_3112,11615.3898350876
00e12e8b_3113,11615.37423103768
00e12e8b_3114,11615.35320127184
00e12e8b_3115,11615.335941858808
00e12e8b_3116,11615.316408057332
00e12e8b_3117,11615.28952151761
00e12e8b_3118,11615.267911773117
00e12e8b_3119,11615.244009319333
00e12e8b_3120,11615.213003263274
00e12e8b_3121,11615.191034600262
00e12e8b_3122,11615.162037949724
00e12e8b_3123,11615.13858162665
00e12e8b_3124,11615.109908510556
00e12e8b_3125,11615.086298804206
00e12e8b_3126,11615.062005919088
00e12e8b_3127,11615.0310770146
00e12e8b_3128,11615.00546228222
00e12e8b_3129,11614.972824250472
00e12e8b_3130,11614.944824222586
00e12e8b_3131,11614.910938621848
00e12e8b_3132,11614.879744147514
00e12e8b_3133,11614.841065034238
00e12e8b_3134,11614.801446007905
00e12e8b_3135,11614.768068779682
00e12e8b_3136,11614.725338942577
00e12e8b_3137,11614.686512435906
00e12e8b_3138,11614.638049951598
00e12e8b_3139,11614.594339398343
00e12e8b_3140,11614.544353989697
00e12e8b_3141,11614.494601616108
00e12e8b_3142,11614.448340691022
00e12e8b_3143,11614.395663506635
00e12e8b_3144,11614.343505638331
00e12e8b_3145,11614.299096946388
00e12e8b_3146,11614.247819577762
00e12e8b_3147,11614.195265710125
00e12e8b_3148,11614.148788863058
00e12e8b_3149,11614.095228148735
00e12e8b_3150,11614.04086553458
00e12e8b_3151,11613.99172331405
00e12e8b_3152,11613.93509041928
00e12e8b_3153,11613.877957250455
00e12e8b_3154,11613.820839872598
00e12e8b_3155,11613.766255165674
00e12e8b_3156,11613.716301519573
00e12e8b_3157,11613.661319656328
00e12e8b_3158,11613.609339625556
00e12e8b_3159,11613.558956052697
00e12e8b_3160,11613.511760069952
00e12e8b_3161,11613.471343421628
00e12e8b_3162,11613.422904499575
00e12e8b_3163,11613.3733192389
00e12e8b_3164,11613.322841548106
00e12e8b_3165,11613.269496432313
00e12e8b_3166,11613.214283120094
00e12e8b_3167,11613.158608743128
00e12e8b_3168,11613.10353882884
00e12e8b_3169,11613.05272430685
00e12e8b_3170,11612.995740208293
00e12e8b_3171,11612.940002833517
00e12e8b_3172,11612.883741205676
00e12e8b_3173,11612.826655034123
00e12e8b_3174,11612.76838129689
00e12e8b_3175,11612.709980557323
00e12e8b_3176,11612.649733439566
00e12e8b_3177,11612.590564069167
00e12e8b_3178,11612.53327029523
00e12e8b_3179,11612.475788117174
00e12e8b_3180,11612.41975020391
00e12e8b_3181,11612.364266930896
00e12e8b_3182,11612.31025983878
00e12e8b_3183,11612.254937296124
00e12e8b_3184,11612.193537731637
00e12e8b_3185,11612.136848613827
00e12e8b_3186,11612.07951814914
00e12e8b_3187,11612.021396417636
00e12e8b_3188,11611.963222735474
00e12e8b_3189,11611.908399225333
00e12e8b_3190,11611.853203306582
00e12e8b_3191,11611.79833488573
00e12e8b_3192,11611.744921894002
00e12e8b_3193,11611.686942387363
00e12e8b_3194,11611.63546430618
00e12e8b_3195,11611.591551227491
00e12e8b_3196,11611.541351606633
00e12e8b_3197,11611.492378408218
00e12e8b_3198,11611.444177145837
00e12e8b_3199,11611.401337857244
00e12e8b_3200,11611.357809154182
00e12e8b_3201,11611.320349952575
00e12e8b_3202,11611.279026448225
00e12e8b_3203,11611.23782484072
00e12e8b_3204,11611.206277313076
00e12e8b_3205,11611.169892267691
00e12e8b_3206,11611.140856672357
00e12e8b_3207,11611.106836364292
00e12e8b_3208,11611.081420798328
00e12e8b_3209,11611.051083575778
00e12e8b_3210,11611.029580616723
00e12e8b_3211,11611.008355274562
00e12e8b_3212,11610.984571717569
00e12e8b_3213,11610.967640746596
00e12e8b_3214,11610.951061757652
00e12e8b_3215,11610.936807063168
00e12e8b_3216,11610.92358756109
00e12e8b_3217,11610.911867725095
00e12e8b_3218,11610.900228782866
00e12e8b_3219,11610.892400023684
00e12e8b_3220,11610.881439028552
00e12e8b_3221,11610.864068483876
00e12e8b_3222,11610.84865225772
00e12e8b_3223,11610.831571874707
00e12e8b_3224,11610.817480086782
00e12e8b_3225,11610.8089908962
00e12e8b_3226,11610.799985529313
00e12e8b_3227,11610.788928200693
00e12e8b_3228,11610.785076607564
00e12e8b_3229,11610.77841444034
00e12e8b_3230,11610.775337288544
00e12e8b_3231,11610.768998168496
00e12e8b_3232,11610.769046588211
00e12e8b_3233,11610.764216157831
00e12e8b_3234,11610.76345942326
00e12e8b_3235,11610.764085697392
00e12e8b_3236,11610.759559304426
00e12e8b_3237,11610.75943809808
00e12e8b_3238,11610.758827361438
00e12e8b_3239,11610.758509585668
00e12e8b_3240,11610.75747223511
00e12e8b_3241,11610.7552510494
00e12e8b_3242,11610.753793275891
00e12e8b_3243,11610.753216991638
00e12e8b_3244,11610.753686116865
00e12e8b_3245,11610.753971218008
00e12e8b_3246,11610.755445175691
00e12e8b_3247,11610.757490497092
00e12e8b_3248,11610.758865856613
00e12e8b_3249,11610.765992829563
00e12e8b_3250,11610.768317888502
00e12e8b_3251,11610.767747682414
00e12e8b_3252,11610.77278835238
00e12e8b_3253,11610.772547665034
00e12e8b_3254,11610.777798138992
00e12e8b_3255,11610.777611556536
00e12e8b_3256,11610.782415192258
00e12e8b_3257,11610.78125237794
00e12e8b_3258,11610.782489789037
00e12e8b_3259,11610.784805237305
00e12e8b_3260,11610.780871300403
00e12e8b_3261,11610.780200687965
00e12e8b_3262,11610.777768194584
00e12e8b_3263,11610.775024346533
00e12e8b_3264,11610.773168267788
00e12e8b_3265,11610.769891529491
00e12e8b_3266,11610.768000214352
00e12e8b_3267,11610.76472304497
00e12e8b_3268,11610.759449901936
00e12e8b_3269,11610.75493914936
00e12e8b_3270,11610.749708912928
00e12e8b_3271,11610.742195154737
00e12e8b_3272,11610.730340755
00e12e8b_3273,11610.71777604849
00e12e8b_3274,11610.708712963607
00e12e8b_3275,11610.69133618017
00e12e8b_3276,11610.672740525695
00e12e8b_3277,11610.657123902198
00e12e8b_3278,11610.631806161262
00e12e8b_3279,11610.614356247104
00e12e8b_3280,11610.588784275078
00e12e8b_3281,11610.570275250166
00e12e8b_3282,11610.552750623854
00e12e8b_3283,11610.529843536617
00e12e8b_3284,11610.515681975216
00e12e8b_3285,11610.497323646192
00e12e8b_3286,11610.475585516531
00e12e8b_3287,11610.45894172148
00e12e8b_3288,11610.446220347356
00e12e8b_3289,11610.430845583578
00e12e8b_3290,11610.417624721274
00e12e8b_3291,11610.402437833614
00e12e8b_3292,11610.389888869431
00e12e8b_3293,11610.378948312127
00e12e8b_3294,11610.364749752896
00e12e8b_3295,11610.345447631596
00e12e8b_3296,11610.334271664064
00e12e8b_3297,11610.323751515443
00e12e8b_3298,11610.314581835855
00e12e8b_3299,11610.299052686069
00e12e8b_3300,11610.290669253573
00e12e8b_3301,11610.284235183364
00e12e8b_3302,11610.276874809648
00e12e8b_3303,11610.266154249655
00e12e8b_3304,11610.261225702428
00e12e8b_3305,11610.255251527811
00e12e8b_3306,11610.244466323284
00e12e8b_3307,11610.239028583692
00e12e8b_3308,11610.231728027751
00e12e8b_3309,11610.22181784934
00e12e8b_3310,11610.2060716186
00e12e8b_3311,11610.197362597308
00e12e8b_3312,11610.18833607493
00e12e8b_3313,11610.174625473452
00e12e8b_3314,11610.165748939064
00e12e8b_3315,11610.155930388451
00e12e8b_3316,11610.14359896556
00e12e8b_3317,11610.12706701864
00e12e8b_3318,11610.116274318045
00e12e8b_3319,11610.10424539526
00e12e8b_3320,11610.08769841959
00e12e8b_3321,11610.076494296907
00e12e8b_3322,11610.06405582959
00e12e8b_3323,11610.047374828584
00e12e8b_3324,11610.036281105393
00e12e8b_3325,11610.026164846728
00e12e8b_3326,11610.0153481776
00e12e8b_3327,11610.00040892954
00e12e8b_3328,11609.991078117348
00e12e8b_3329,11609.980727844875
00e12e8b_3330,11609.965445167483
00e12e8b_3331,11609.955272275947
00e12e8b_3332,11609.944534503957
00e12e8b_3333,11609.92988823607
00e12e8b_3334,11609.921762646882
00e12e8b_3335,11609.914001654528
00e12e8b_3336,11609.899943214052
00e12e8b_3337,11609.893033758086
00e12e8b_3338,11609.886485800058
00e12e8b_3339,11609.874086938422
00e12e8b_3340,11609.867810660544
00e12e8b_3341,11609.856225179588
00e12e8b_3342,11609.85092729765
00e12e8b_3343,11609.845740393008
00e12e8b_3344,11609.837092957969
00e12e8b_3345,11609.833896341775
00e12e8b_3346,11609.831332954474
00e12e8b_3347,11609.824851665397
00e12e8b_3348,11609.824319018113
00e12e8b_3349,11609.823059881415
00e12e8b_3350,11609.817624626332
00e12e8b_3351,11609.817125101532
00e12e8b_3352,11609.810597639727
00e12e8b_3353,11609.808727763037
00e12e8b_3354,11609.807300785513
00e12e8b_3355,11609.80020619537
00e12e8b_3356,11609.797513457885
00e12e8b_3357,11609.794823130927
00e12e8b_3358,11609.787277063351
00e12e8b_3359,11609.785204306509
00e12e8b_3360,11609.776692625032
00e12e8b_3361,11609.775836881345
00e12e8b_3362,11609.77344405542
00e12e8b_3363,11609.766836051202
00e12e8b_3364,11609.767945644424
00e12e8b_3365,11609.765088307922
00e12e8b_3366,11609.768124521546
00e12e8b_3367,11609.773232654212
00e12e8b_3368,11609.773290730403
00e12e8b_3369,11609.778971004846
00e12e8b_3370,11609.77914662162
00e12e8b_3371,11609.785702805104
00e12e8b_3372,11609.792694173795
00e12e8b_3373,11609.79247055124
00e12e8b_3374,11609.798547747125
00e12e8b_3375,11609.798413279732
00e12e8b_3376,11609.803161170084
00e12e8b_3377,11609.8044705663
00e12e8b_3378,11609.810213614111
00e12e8b_3379,11609.81789857909
00e12e8b_3380,11609.817929764467
00e12e8b_3381,11609.823789634149
00e12e8b_3382,11609.824377509794
00e12e8b_3383,11609.831163855288
00e12e8b_3384,11609.83334700116
00e12e8b_3385,11609.84038469967
00e12e8b_3386,11609.841420501289
00e12e8b_3387,11609.847536693063
00e12e8b_3388,11609.847649646495
00e12e8b_3389,11609.852678811989
00e12e8b_3390,11609.851381773587
00e12e8b_3391,11609.856006417504
00e12e8b_3392,11609.85594664721
00e12e8b_3393,11609.856004288678
00e12e8b_3394,11609.861183682173
00e12e8b_3395,11609.86071010666
00e12e8b_3396,11609.859823791398
00e12e8b_3397,11609.864892352423
00e12e8b_3398,11609.864705059426
00e12e8b_3399,11609.869780398663
00e12e8b_3400,11609.870164062077
00e12e8b_3401,11609.870045191466
00e12e8b_3402,11609.865354247962
00e12e8b_3403,11609.870154939605
00e12e8b_3404,11609.87105051972
00e12e8b_3405,11609.873030184976
00e12e8b_3406,11609.87627061774
00e12e8b_3407,11609.885597564244
00e12e8b_3408,11609.890669831835
00e12e8b_3409,11609.895332719374
00e12e8b_3410,11609.897211207784
00e12e8b_3411,11609.907067220673
00e12e8b_3412,11609.911035122042
00e12e8b_3413,11609.91439040714
00e12e8b_3414,11609.916001349771
00e12e8b_3415,11609.913822096369
00e12e8b_3416,11609.913543280449
00e12e8b_3417,11609.910723089415
00e12e8b_3418,11609.904866900331
00e12e8b_3419,11609.908609113148
00e12e8b_3420,11609.906381596787
00e12e8b_3421,11609.90409893674
00e12e8b_3422,11609.899504776917
00e12e8b_3423,11609.896579270631
00e12e8b_3424,11609.89324297554
00e12e8b_3425,11609.887848390596
00e12e8b_3426,11609.884049145998
00e12e8b_3427,11609.87762189698
00e12e8b_3428,11609.873049687998
00e12e8b_3429,11609.868348792776
00e12e8b_3430,11609.861773273667
00e12e8b_3431,11609.85617725496
00e12e8b_3432,11609.843932323483
00e12e8b_3433,11609.838485706328
00e12e8b_3434,11609.830339067474
00e12e8b_3435,11609.823753633142
00e12e8b_3436,11609.814924027864
00e12e8b_3437,11609.80652616849
00e12e8b_3438,11609.796689851024
00e12e8b_3439,11609.7883959672
00e12e8b_3440,11609.772323000136
00e12e8b_3441,11609.76631211149
00e12e8b_3442,11609.75646747285
00e12e8b_3443,11609.746724463932
00e12e8b_3444,11609.738165459828
00e12e8b_3445,11609.723177934373
00e12e8b_3446,11609.71512200238
00e12e8b_3447,11609.70550162793
00e12e8b_3448,11609.690582536838
00e12e8b_3449,11609.683339330622
00e12e8b_3450,11609.674897183244
00e12e8b_3451,11609.666933577228
00e12e8b_3452,11609.65401679844
00e12e8b_3453,11609.645397658993
00e12e8b_3454,11609.63719048107
00e12e8b_3455,11609.624839469878
00e12e8b_3456,11609.6174550368
00e12e8b_3457,11609.604756081086
00e12e8b_3458,11609.595684830068
00e12e8b_3459,11609.586284616697
00e12e8b_3460,11609.571612345328
00e12e8b_3461,11609.561851422524
00e12e8b_3462,11609.545152582215
00e12e8b_3463,11609.538650889044
00e12e8b_3464,11609.521811100583
00e12e8b_3465,11609.512571351524
00e12e8b_3466,11609.498841997653
00e12e8b_3467,11609.490669945812
00e12e8b_3468,11609.47837233476
00e12e8b_3469,11609.472847640203
00e12e8b_3470,11609.462633746114
00e12e8b_3471,11609.462840917264
00e12e8b_3472,11609.453661702308
00e12e8b_3473,11609.445004129466
00e12e8b_3474,11609.442277594811
00e12e8b_3475,11609.431378909188
00e12e8b_3476,11609.42617745584
00e12e8b_3477,11609.413272623851
00e12e8b_3478,11609.398588874848
00e12e8b_3479,11609.390023634278
00e12e8b_3480,11609.371443454376
00e12e8b_3481,11609.3560527121
00e12e8b_3482,11609.347948776303
00e12e8b_3483,11609.3343507054
00e12e8b_3484,11609.319355117925
00e12e8b_3485,11609.30379512402
00e12e8b_3486,11609.296724057684
00e12e8b_3487,11609.28373470255
00e12e8b_3488,11609.26479438303
00e12e8b_3489,11609.2448331601
00e12e8b_3490,11609.230489124911
00e12e8b_3491,11609.211873705824
00e12e8b_3492,11609.192143520428
00e12e8b_3493,11609.174662727328
00e12e8b_3494,11609.155240021715
00e12e8b_3495,11609.14392684622
00e12e8b_3496,11609.12554598855
00e12e8b_3497,11609.10847956506
00e12e8b_3498,11609.089807960718
00e12e8b_3499,11609.07202846354
00e12e8b_3500,11609.052875631553
00e12e8b_3501,11609.036089720154
00e12e8b_3502,11609.018217780178
00e12e8b_3503,11609.004961681843
00e12e8b_3504,11608.996920612177
00e12e8b_3505,11608.982847179235
00e12e8b_3506,11608.972012816826
00e12e8b_3507,11608.959361874468
00e12e8b_3508,11608.949047151971
00e12e8b_3509,11608.938266022607
00e12e8b_3510,11608.92351253753
00e12e8b_3511,11608.912211782386
00e12e8b_3512,11608.901399303377
00e12e8b_3513,11608.889642930324
00e12e8b_3514,11608.8808440375
00e12e8b_3515,11608.867283722817
00e12e8b_3516,11608.859157837776
00e12e8b_3517,11608.851168477251
00e12e8b_3518,11608.844438772878
00e12e8b_3519,11608.838595755236
00e12e8b_3520,11608.831407914806
00e12e8b_3521,11608.822450264695
00e12e8b_3522,11608.813069056268
00e12e8b_3523,11608.803303996894
00e12e8b_3524,11608.78731025061
00e12e8b_3525,11608.77532466121
00e12e8b_3526,11608.76015354106
00e12e8b_3527,11608.748118277965
00e12e8b_3528,11608.736570890447
00e12e8b_3529,11608.72366888947
00e12e8b_3530,11608.705788495048
00e12e8b_3531,11608.692064327724
00e12e8b_3532,11608.67804343234
00e12e8b_3533,11608.662747769402
00e12e8b_3534,11608.641280694304
00e12e8b_3535,11608.6223865123
00e12e8b_3536,11608.605909977976
00e12e8b_3537,11608.582365743485
00e12e8b_3538,11608.563004286796
00e12e8b_3539,11608.544882049662
00e12e8b_3540,11608.526652974408
00e12e8b_3541,11608.501550133546
00e12e8b_3542,11608.482164333562
00e12e8b_3543,11608.454945246403
00e12e8b_3544,11608.43092025568
00e12e8b_3545,11608.405075653587
00e12e8b_3546,11608.374538312844
00e12e8b_3547,11608.3469097434
00e12e8b_3548,11608.319565833985
00e12e8b_3549,11608.29146171179
00e12e8b_3550,11608.270582037128
00e12e8b_3551,11608.243634315266
00e12e8b_3552,11608.224233213266
00e12e8b_3553,11608.19939012597
00e12e8b_3554,11608.181242962664
00e12e8b_3555,11608.157969009308
00e12e8b_3556,11608.1394705551
00e12e8b_3557,11608.116707447962
00e12e8b_3558,11608.10055746838
00e12e8b_3559,11608.07929850422
00e12e8b_3560,11608.06419446648
00e12e8b_3561,11608.043254607628
00e12e8b_3562,11608.028059464836
00e12e8b_3563,11608.00639600342
00e12e8b_3564,11607.98711672196
00e12e8b_3565,11607.974012151248
00e12e8b_3566,11607.956146314573
00e12e8b_3567,11607.945176152243
00e12e8b_3568,11607.930331785345
00e12e8b_3569,11607.91495600577
00e12e8b_3570,11607.904583015592
00e12e8b_3571,11607.890170910314
00e12e8b_3572,11607.875579488042
00e12e8b_3573,11607.865113338656
00e12e8b_3574,11607.847799756652
00e12e8b_3575,11607.82874043884
00e12e8b_3576,11607.81429159204
00e12e8b_3577,11607.79486369496
00e12e8b_3578,11607.77380678492
00e12e8b_3579,11607.756303673388
00e12e8b_3580,11607.731290166195
00e12e8b_3581,11607.706098120609
00e12e8b_3582,11607.682823341587
00e12e8b_3583,11607.654674352012
00e12e8b_3584,11607.626054108998
00e12e8b_3585,11607.599288682104
00e12e8b_3586,11607.5678408468
00e12e8b_3587,11607.535717543917
00e12e8b_3588,11607.501741488211
00e12e8b_3589,11607.473200894212
00e12e8b_3590,11607.43684102245
00e12e8b_3591,11607.400273263736
00e12e8b_3592,11607.36766438848
00e12e8b_3593,11607.328476253577
00e12e8b_3594,11607.288409611516
00e12e8b_3595,11607.24926076487
00e12e8b_3596,11607.205174575289
00e12e8b_3597,11607.160337163965
00e12e8b_3598,11607.115348551495
00e12e8b_3599,11607.075007407297
00e12e8b_3600,11607.030104109954
00e12e8b_3601,11606.985053136075
00e12e8b_3602,11606.946756767136
00e12e8b_3603,11606.901356915529
00e12e8b_3604,11606.853635515496
00e12e8b_3605,11606.812044309672
00e12e8b_3606,11606.777490302924
00e12e8b_3607,11606.737328998292
00e12e8b_3608,11606.699300329916
00e12e8b_3609,11606.662925303332
00e12e8b_3610,11606.635121270065
00e12e8b_3611,11606.603772835915
00e12e8b_3612,11606.577460782964
00e12e8b_3613,11606.552636341115
00e12e8b_3614,11606.536861638431
00e12e8b_3615,11606.517089706387
00e12e8b_3616,11606.50105098026
00e12e8b_3617,11606.485592075029
00e12e8b_3618,11606.480627332068
00e12e8b_3619,11606.471835048698
00e12e8b_3620,11606.466212619978
00e12e8b_3621,11606.466390684544
00e12e8b_3622,11606.475519848736
00e12e8b_3623,11606.482968560944
00e12e8b_3624,11606.493215737051
00e12e8b_3625,11606.507060777703
00e12e8b_3626,11606.527738092682
00e12e8b_3627,11606.54192414445
00e12e8b_3628,11606.559667665586
00e12e8b_3629,11606.576906900287
00e12e8b_3630,11606.594092305715
00e12e8b_3631,11606.617041608724
00e12e8b_3632,11606.634410972878
00e12e8b_3633,11606.651697677637
00e12e8b_3634,11606.670314966608
00e12e8b_3635,11606.688172709864
00e12e8b_3636,11606.710598193236
00e12e8b_3637,11606.727252274784
00e12e8b_3638,11606.742328939552
00e12e8b_3639,11606.756082825836
00e12e8b_3640,11606.76764227
00e12e8b_3641,11606.784785632934
00e12e8b_3642,11606.794778319869
00e12e8b_3643,11606.802992245352
00e12e8b_3644,11606.811215346268
00e12e8b_3645,11606.815581751962
00e12e8b_3646,11606.825781554677
00e12e8b_3647,11606.8292796822
00e12e8b_3648,11606.828284534688
00e12e8b_3649,11606.825618115212
00e12e8b_3650,11606.82224761699
00e12e8b_3651,11606.817507423184
00e12e8b_3652,11606.815630512012
00e12e8b_3653,11606.80635641294
00e12e8b_3654,11606.793436430688
00e12e8b_3655,11606.778382579956
00e12e8b_3656,11606.76330109882
00e12e8b_3657,11606.746861492684
00e12e8b_3658,11606.735210785682
00e12e8b_3659,11606.71521527855
00e12e8b_3660,11606.69394797469
00e12e8b_3661,11606.6699978412
00e12e8b_3662,11606.642960749465
00e12e8b_3663,11606.61432470692
00e12e8b_3664,11606.585217943162
00e12e8b_3665,11606.56224960226
00e12e8b_3666,11606.532519832414
00e12e8b_3667,11606.50209358315
00e12e8b_3668,11606.473141093333
00e12e8b_3669,11606.444590671072
00e12e8b_3670,11606.416037033392
00e12e8b_3671,11606.38806633327
00e12e8b_3672,11606.359455883012
00e12e8b_3673,11606.331001929822
00e12e8b_3674,11606.303453002009
00e12e8b_3675,11606.27475010048
00e12e8b_3676,11606.246649744462
00e12e8b_3677,11606.221839809834
00e12e8b_3678,11606.193122773548
00e12e8b_3679,11606.162733788664
00e12e8b_3680,11606.133304552415
00e12e8b_3681,11606.105079162871
00e12e8b_3682,11606.07633091617
00e12e8b_3683,11606.047752788598
00e12e8b_3684,11606.018147160185
00e12e8b_3685,11605.989126607496
00e12e8b_3686,11605.954420489772
00e12e8b_3687,11605.92978149988
00e12e8b_3688,11605.904004456115
00e12e8b_3689,11605.878765045793
00e12e8b_3690,11605.853334424886
00e12e8b_3691,11605.828828417398
00e12e8b_3692,11605.804268347274
00e12e8b_3693,11605.77820555314
00e12e8b_3694,11605.751636482735
00e12e8b_3695,11605.722451020953
00e12e8b_3696,11605.69258553856
00e12e8b_3697,11605.661768200249
00e12e8b_3698,11605.625875234213
00e12e8b_3699,11605.594345598933
00e12e8b_3700,11605.562209553707
00e12e8b_3701,11605.5313381372
00e12e8b_3702,11605.498641168528
00e12e8b_3703,11605.462908626929
00e12e8b_3704,11605.421923938333
00e12e8b_3705,11605.384976823276
00e12e8b_3706,11605.347506053216
00e12e8b_3707,11605.30922812492
00e12e8b_3708,11605.270417126616
00e12e8b_3709,11605.22906388116
00e12e8b_3710,11605.192204156
00e12e8b_3711,11605.155517789874
00e12e8b_3712,11605.118812570185
00e12e8b_3713,11605.080679598865
00e12e8b_3714,11605.036093490817
00e12e8b_3715,11604.9973528174
00e12e8b_3716,11604.958476576683
00e12e8b_3717,11604.91514349213
00e12e8b_3718,11604.875061024031
00e12e8b_3719,11604.834100283122
00e12e8b_3720,11604.7940080885
00e12e8b_3721,11604.748171521424
00e12e8b_3722,11604.707235140932
00e12e8b_3723,11604.667665180354
00e12e8b_3724,11604.623064931442
00e12e8b_3725,11604.584996082664
00e12e8b_3726,11604.543020969224
00e12e8b_3727,11604.508814496
00e12e8b_3728,11604.475436439085
00e12e8b_3729,11604.436582195154
00e12e8b_3730,11604.40405162113
00e12e8b_3731,11604.369286440891
00e12e8b_3732,11604.329224499856
00e12e8b_3733,11604.295414663611
00e12e8b_3734,11604.254981206625
00e12e8b_3735,11604.21931016994
00e12e8b_3736,11604.177664589202
00e12e8b_3737,11604.142108473108
00e12e8b_3738,11604.105679830933
00e12e8b_3739,11604.063250817228
00e12e8b_3740,11604.027272986525
00e12e8b_3741,11603.985304168336
00e12e8b_3742,11603.950636051995
00e12e8b_3743,11603.910127995525
00e12e8b_3744,11603.875448477856
00e12e8b_3745,11603.837515068108
00e12e8b_3746,11603.805651584666
00e12e8b_3747,11603.767760005776
00e12e8b_3748,11603.734893498862
00e12e8b_3749,11603.696883901455
00e12e8b_3750,11603.657062267646
00e12e8b_3751,11603.622800714991
00e12e8b_3752,11603.581208703592
00e12e8b_3753,11603.545301045422
00e12e8b_3754,11603.50156319596
00e12e8b_3755,11603.462496129245
00e12e8b_3756,11603.418882436588
00e12e8b_3757,11603.374909175036
00e12e8b_3758,11603.335679343916
00e12e8b_3759,11603.29232959674
00e12e8b_3760,11603.255816404064
00e12e8b_3761,11603.21452660533
00e12e8b_3762,11603.171516431556
00e12e8b_3763,11603.136196200972
00e12e8b_3764,11603.098181313642
00e12e8b_3765,11603.062136992989
00e12e8b_3766,11603.032943333676
00e12e8b_3767,11602.999769468706
00e12e8b_3768,11602.975852219894
00e12e8b_3769,11602.947401189387
00e12e8b_3770,11602.925660596024
00e12e8b_3771,11602.900418937075
00e12e8b_3772,11602.87872738605
00e12e8b_3773,11602.863222355296
00e12e8b_3774,11602.844690540933
00e12e8b_3775,11602.834594967053
00e12e8b_3776,11602.821690147332
00e12e8b_3777,11602.815288844891
00e12e8b_3778,11602.80714666622
00e12e8b_3779,11602.801873507504
00e12e8b_3780,11602.805085288644
00e12e8b_3781,11602.804333558464
00e12e8b_3782,11602.81129018724
00e12e8b_3783,11602.81415594807
00e12e8b_3784,11602.8256572113
00e12e8b_3785,11602.831022142464
00e12e8b_3786,11602.842111960344
00e12e8b_3787,11602.846980199489
00e12e8b_3788,11602.858614106855
00e12e8b_3789,11602.863317173204
00e12e8b_3790,11602.874522113108
00e12e8b_3791,11602.87808906818
00e12e8b_3792,11602.887674594576
00e12e8b_3793,11602.889867277485
00e12e8b_3794,11602.897446954932
00e12e8b_3795,11602.898498614264
00e12e8b_3796,11602.905796506677
00e12e8b_3797,11602.906102477957
00e12e8b_3798,11602.910891250544
00e12e8b_3799,11602.909604885124
00e12e8b_3800,11602.914234851483
00e12e8b_3801,11602.91655418006
00e12e8b_3802,11602.912022584056
00e12e8b_3803,11602.91231120319
00e12e8b_3804,11602.907972134426
00e12e8b_3805,11602.906118166324
00e12e8b_3806,11602.896994610204
00e12e8b_3807,11602.890833154232
00e12e8b_3808,11602.877658949354
00e12e8b_3809,11602.86636107491
00e12e8b_3810,11602.85317627784
00e12e8b_3811,11602.829354432588
00e12e8b_3812,11602.811353515985
00e12e8b_3813,11602.786107325775
00e12e8b_3814,11602.766251780522
00e12e8b_3815,11602.745678180503
00e12e8b_3816,11602.71969843974
00e12e8b_3817,11602.697179527637
00e12e8b_3818,11602.66900417483
00e12e8b_3819,11602.647030604156
00e12e8b_3820,11602.622930646548
00e12e8b_3821,11602.59249801673
00e12e8b_3822,11602.568778440072
00e12e8b_3823,11602.546083863406
00e12e8b_3824,11602.516753812351
00e12e8b_3825,11602.493994624589
00e12e8b_3826,11602.47225683645
00e12e8b_3827,11602.446005068154
00e12e8b_3828,11602.425299436603
00e12e8b_3829,11602.40469987423
00e12e8b_3830,11602.378678309513
00e12e8b_3831,11602.359507825257
00e12e8b_3832,11602.339634933423
00e12e8b_3833,11602.312945229589
00e12e8b_3834,11602.292090538464
00e12e8b_3835,11602.27369645822
00e12e8b_3836,11602.2504352119
00e12e8b_3837,11602.23354810478
00e12e8b_3838,11602.217491514397
00e12e8b_3839,11602.196615270865
00e12e8b_3840,11602.180334301467
00e12e8b_3841,11602.16497929844
00e12e8b_3842,11602.149016606863
00e12e8b_3843,11602.12863062266
00e12e8b_3844,11602.112683137108
00e12e8b_3845,11602.09592863311
00e12e8b_3846,11602.073095633184
00e12e8b_3847,11602.055881915054
00e12e8b_3848,11602.037397883914
00e12e8b_3849,11602.017959574549
00e12e8b_3850,11601.99362237568
00e12e8b_3851,11601.976355509303
00e12e8b_3852,11601.95789974716
00e12e8b_3853,11601.9387120469
00e12e8b_3854,11601.9168586476
00e12e8b_3855,11601.89127981942
00e12e8b_3856,11601.86940663368
00e12e8b_3857,11601.848147333483
00e12e8b_3858,11601.826627719358
00e12e8b_3859,11601.802000158235
00e12e8b_3860,11601.782103494896
00e12e8b_3861,11601.761449852876
00e12e8b_3862,11601.74130898463
00e12e8b_3863,11601.716064776298
00e12e8b_3864,11601.69455148046
00e12e8b_3865,11601.672623407934
00e12e8b_3866,11601.651297714388
00e12e8b_3867,11601.621963913023
00e12e8b_3868,11601.598048207772
00e12e8b_3869,11601.574380091968
00e12e8b_3870,11601.551756651965
00e12e8b_3871,11601.522366868874
00e12e8b_3872,11601.501214904569
00e12e8b_3873,11601.479759646429
00e12e8b_3874,11601.459125062123
00e12e8b_3875,11601.431620510491
00e12e8b_3876,11601.40835431386
00e12e8b_3877,11601.386247781084
00e12e8b_3878,11601.36083316033
00e12e8b_3879,11601.341290211516
00e12e8b_3880,11601.322839919074
00e12e8b_3881,11601.305988067808
00e12e8b_3882,11601.284078182503
00e12e8b_3883,11601.26954872684
00e12e8b_3884,11601.256121446751
00e12e8b_3885,11601.235664139967
00e12e8b_3886,11601.221906489762
00e12e8b_3887,11601.205793905374
00e12e8b_3888,11601.184644610696
00e12e8b_3889,11601.165785879468
00e12e8b_3890,11601.145954104271
00e12e8b_3891,11601.12335807917
00e12e8b_3892,11601.093986585993
00e12e8b_3893,11601.070481351337
00e12e8b_3894,11601.045597679338
00e12e8b_3895,11601.017229779074
00e12e8b_3896,11600.992667562728
00e12e8b_3897,11600.968958634468
00e12e8b_3898,11600.938197104304
00e12e8b_3899,11600.914241053217
00e12e8b_3900,11600.888969570558
00e12e8b_3901,11600.859558658663
00e12e8b_3902,11600.83430908563
00e12e8b_3903,11600.810756535297
00e12e8b_3904,11600.779068261145
00e12e8b_3905,11600.751923232525
00e12e8b_3906,11600.725516130784
00e12e8b_3907,11600.691259374127
00e12e8b_3908,11600.663386727983
00e12e8b_3909,11600.628514317215
00e12e8b_3910,11600.599124072312
00e12e8b_3911,11600.568710838412
00e12e8b_3912,11600.53289986192
00e12e8b_3913,11600.501681246797
00e12e8b_3914,11600.471726408943
00e12e8b_3915,11600.437461112317
00e12e8b_3916,11600.40994705574
00e12e8b_3917,11600.38301379602
00e12e8b_3918,11600.349984245138
00e12e8b_3919,11600.319806971656
00e12e8b_3920,11600.28283962998
00e12e8b_3921,11600.253558603148
00e12e8b_3922,11600.223541300513
00e12e8b_3923,11600.188736947111
00e12e8b_3924,11600.159688099404
00e12e8b_3925,11600.126411521032
00e12e8b_3926,11600.098575958622
00e12e8b_3927,11600.072431496445
00e12e8b_3928,11600.040847003997
00e12e8b_3929,11600.015916404358
00e12e8b_3930,11599.986938967068
00e12e8b_3931,11599.96247099321
00e12e8b_3932,11599.939564751956
00e12e8b_3933,11599.910379842053
00e12e8b_3934,11599.88810331327
00e12e8b_3935,11599.859498861537
00e12e8b_3936,11599.838551446584
00e12e8b_3937,11599.816541458416
00e12e8b_3938,11599.790476383076
00e12e8b_3939,11599.769551946782
00e12e8b_3940,11599.74357907678
00e12e8b_3941,11599.723492788076
00e12e8b_3942,11599.698912758571
00e12e8b_3943,11599.68246852108
00e12e8b_3944,11599.658686436243
00e12e8b_3945,11599.64250537696
00e12e8b_3946,11599.626244329913
00e12e8b_3947,11599.604731535495
00e12e8b_3948,11599.588684110491
00e12e8b_3949,11599.567781037436
00e12e8b_3950,11599.551028154016
00e12e8b_3951,11599.529734906584
00e12e8b_3952,11599.512698062248
00e12e8b_3953,11599.48948954097
00e12e8b_3954,11599.472191072136
00e12e8b_3955,11599.448293830335
00e12e8b_3956,11599.425179558511
00e12e8b_3957,11599.39392352011
00e12e8b_3958,11599.371188539297
00e12e8b_3959,11599.342476173202
00e12e8b_3960,11599.320265602042
00e12e8b_3961,11599.29174240668
00e12e8b_3962,11599.27015434167
00e12e8b_3963,11599.24227023402
00e12e8b_3964,11599.2137234132
00e12e8b_3965,11599.192476246062
00e12e8b_3966,11599.164773643732
00e12e8b_3967,11599.137532437457
00e12e8b_3968,11599.114345931324
00e12e8b_3969,11599.085669508491
00e12e8b_3970,11599.060890985107
00e12e8b_3971,11599.03150475187
00e12e8b_3972,11599.00032739364
00e12e8b_3973,11598.9716930115
00e12e8b_3974,11598.948413954937
00e12e8b_3975,11598.9179131188
00e12e8b_3976,11598.889003671404
00e12e8b_3977,11598.863973752472
00e12e8b_3978,11598.831084160009
00e12e8b_3979,11598.799281491543
00e12e8b_3980,11598.76492110615
00e12e8b_3981,11598.74008847762
00e12e8b_3982,11598.710951574489
00e12e8b_3983,11598.681408118293
00e12e8b_3984,11598.6534955265
00e12e8b_3985,11598.62626364367
00e12e8b_3986,11598.603281730951
00e12e8b_3987,11598.57469912816
00e12e8b_3988,11598.545690392708
00e12e8b_3989,11598.514923018707
00e12e8b_3990,11598.484320127123
00e12e8b_3991,11598.450592371655
00e12e8b_3992,11598.41587789212
00e12e8b_3993,11598.38557088684
00e12e8b_3994,11598.347468740028
00e12e8b_3995,11598.309082999112
00e12e8b_3996,11598.270898255025
00e12e8b_3997,11598.231061286266
00e12e8b_3998,11598.191236284692
00e12e8b_3999,11598.15027633217
00e12e8b_4000,11598.106236430518
00e12e8b_4001,11598.062137500712
00e12e8b_4002,11598.017258778626
00e12e8b_4003,11597.970560551872
00e12e8b_4004,11597.923569157125
00e12e8b_4005,11597.876634971804
00e12e8b_4006,11597.827958630874
00e12e8b_4007,11597.779452566609
00e12e8b_4008,11597.730122928631
00e12e8b_4009,11597.678482014564
00e12e8b_4010,11597.625627460384
00e12e8b_4011,11597.571488111662
00e12e8b_4012,11597.515862373746
00e12e8b_4013,11597.458477091031
00e12e8b_4014,11597.394401922147
00e12e8b_4015,11597.33444204042
00e12e8b_4016,11597.274189781368
00e12e8b_4017,11597.21559564254
00e12e8b_4018,11597.15735176318
00e12e8b_4019,11597.101527498462
00e12e8b_4020,11597.045301129016
00e12e8b_4021,11596.98466568924
00e12e8b_4022,11596.928489695076
00e12e8b_4023,11596.875288980082
00e12e8b_4024,11596.823251444426
00e12e8b_4025,11596.769125617306
00e12e8b_4026,11596.71133063736
00e12e8b_4027,11596.6620015364
00e12e8b_4028,11596.612297623462
00e12e8b_4029,11596.563971949334
00e12e8b_4030,11596.513894497646
00e12e8b_4031,11596.469612513209
00e12e8b_4032,11596.426927983666
00e12e8b_4033,11596.387197256969
00e12e8b_4034,11596.340868667274
00e12e8b_4035,11596.302581632865
00e12e8b_4036,11596.266045446457
00e12e8b_4037,11596.223268189922
00e12e8b_4038,11596.189339158338
00e12e8b_4039,11596.156695842796
00e12e8b_4040,11596.117523540968
00e12e8b_4041,11596.085775763697
00e12e8b_4042,11596.052565605876
00e12e8b_4043,11596.027747287148
00e12e8b_4044,11595.999690890363
00e12e8b_4045,11595.969485581798
00e12e8b_4046,11595.944754600756
00e12e8b_4047,11595.920255364294
00e12e8b_4048,11595.890197293238
00e12e8b_4049,11595.8694110036
00e12e8b_4050,11595.847965247096
00e12e8b_4051,11595.828563362364
00e12e8b_4052,11595.803571952358
00e12e8b_4053,11595.783874947032
00e12e8b_4054,11595.765258037703
00e12e8b_4055,11595.74595748735
00e12e8b_4056,11595.72433435132
00e12e8b_4057,11595.704986662366
00e12e8b_4058,11595.680942031817
00e12e8b_4059,11595.65185462939
00e12e8b_4060,11595.621540417687
00e12e8b_4061,11595.594565265266
00e12e8b_4062,11595.56491176396
00e12e8b_4063,11595.5354299678
00e12e8b_4064,11595.507389073313
00e12e8b_4065,11595.482668245622
00e12e8b_4066,11595.461357437052
00e12e8b_4067,11595.434273581126
00e12e8b_4068,11595.407053298191
00e12e8b_4069,11595.380636186164
00e12e8b_4070,11595.358307537756
00e12e8b_4071,11595.331914027454
00e12e8b_4072,11595.30337960238
00e12e8b_4073,11595.28325827814
00e12e8b_4074,11595.255246283406
00e12e8b_4075,11595.232893614728
00e12e8b_4076,11595.205839476688
00e12e8b_4077,11595.184277480615
00e12e8b_4078,11595.154757287768
00e12e8b_4079,11595.131633939158
00e12e8b_4080,11595.105422248382
00e12e8b_4081,11595.072572437768
00e12e8b_4082,11595.04602270793
00e12e8b_4083,11595.021465404663
00e12e8b_4084,11594.990494582316
00e12e8b_4085,11594.968339100182
00e12e8b_4086,11594.947553901517
00e12e8b_4087,11594.928172112686
00e12e8b_4088,11594.902791184006
00e12e8b_4089,11594.884116179754
00e12e8b_4090,11594.864471973084
00e12e8b_4091,11594.846185280894
00e12e8b_4092,11594.82746334659
00e12e8b_4093,11594.80721654464
00e12e8b_4094,11594.787465557189
00e12e8b_4095,11594.76596081922
00e12e8b_4096,11594.743888291783
00e12e8b_4097,11594.720976208202
00e12e8b_4098,11594.70159178326
00e12e8b_4099,11594.687310573634
00e12e8b_4100,11594.669003938636
00e12e8b_4101,11594.65035369301
00e12e8b_4102,11594.631254216152
00e12e8b_4103,11594.617079581009
00e12e8b_4104,11594.598800494356
00e12e8b_4105,11594.58060306366
00e12e8b_4106,11594.569434503135
00e12e8b_4107,11594.551376998912
00e12e8b_4108,11594.532914750554
00e12e8b_4109,11594.519127132173
00e12e8b_4110,11594.50042068688
00e12e8b_4111,11594.48530917174
00e12e8b_4112,11594.465319568631
00e12e8b_4113,11594.448762537091
00e12e8b_4114,11594.427751925316
00e12e8b_4115,11594.408830418284
00e12e8b_4116,11594.390353122844
00e12e8b_4117,11594.36619495691
00e12e8b_4118,11594.345770063064
00e12e8b_4119,11594.326804654573
00e12e8b_4120,11594.308956187007
00e12e8b_4121,11594.28807677336
00e12e8b_4122,11594.27208747102
00e12e8b_4123,11594.255556783228
00e12e8b_4124,11594.238809564584
00e12e8b_4125,11594.21991266934
00e12e8b_4126,11594.200598036528
00e12e8b_4127,11594.179952407572
00e12e8b_4128,11594.160592796872
00e12e8b_4129,11594.140423464103
00e12e8b_4130,11594.115602829514
00e12e8b_4131,11594.092595736214
00e12e8b_4132,11594.068506600051
00e12e8b_4133,11594.046169585625
00e12e8b_4134,11594.02207721584
00e12e8b_4135,11593.999044415756
00e12e8b_4136,11593.98154871327
00e12e8b_4137,11593.957122950906
00e12e8b_4138,11593.934360531885
00e12e8b_4139,11593.917224646091
00e12e8b_4140,11593.895826747876
00e12e8b_4141,11593.87401304714
00e12e8b_4142,11593.860150971685
00e12e8b_4143,11593.840165359808
00e12e8b_4144,11593.826310880631
00e12e8b_4145,11593.808248837728
00e12e8b_4146,11593.79456176873
00e12e8b_4147,11593.783364493738
00e12e8b_4148,11593.772733881577
00e12e8b_4149,11593.764524753107
00e12e8b_4150,11593.75147523574
00e12e8b_4151,11593.741994648832
00e12e8b_4152,11593.732580245742
00e12e8b_4153,11593.724014250092
00e12e8b_4154,11593.724579708063
00e12e8b_4155,11593.72050261093
00e12e8b_4156,11593.72014237291
00e12e8b_4157,11593.721445578583
00e12e8b_4158,11593.727464605665
00e12e8b_4159,11593.73077628847
00e12e8b_4160,11593.731376765594
00e12e8b_4161,11593.739644712568
00e12e8b_4162,11593.748740312478
00e12e8b_4163,11593.75139501685
00e12e8b_4164,11593.761531422962
00e12e8b_4165,11593.764203107305
00e12e8b_4166,11593.761356457391
00e12e8b_4167,11593.762699815088
00e12e8b_4168,11593.765591922584
00e12e8b_4169,11593.771630721596
00e12e8b_4170,11593.776998539935
00e12e8b_4171,11593.784970731042
00e12e8b_4172,11593.792407515
00e12e8b_4173,11593.800380035744
00e12e8b_4174,11593.814223893394
00e12e8b_4175,11593.823274208618
00e12e8b_4176,11593.833956862323
00e12e8b_4177,11593.841982036169
00e12e8b_4178,11593.856755587232
00e12e8b_4179,11593.86288966478
00e12e8b_4180,11593.874715762518
00e12e8b_4181,11593.886343938311
00e12e8b_4182,11593.891358325618
00e12e8b_4183,11593.901633839672
00e12e8b_4184,11593.910891271713
00e12e8b_4185,11593.91844662777
00e12e8b_4186,11593.920551204295
00e12e8b_4187,11593.925636449369
00e12e8b_4188,11593.930414028697
00e12e8b_4189,11593.9373055808
00e12e8b_4190,11593.945259490163
00e12e8b_4191,11593.960988137394
00e12e8b_4192,11593.974177772305
00e12e8b_4193,11593.988207444014
00e12e8b_4194,11594.00219465558
00e12e8b_4195,11594.021672757235
00e12e8b_4196,11594.03388117511
00e12e8b_4197,11594.05291517696
00e12e8b_4198,11594.064755825748
00e12e8b_4199,11594.081217632069
00e12e8b_4200,11594.089807705488
00e12e8b_4201,11594.102944491671
00e12e8b_4202,11594.11562995374
00e12e8b_4203,11594.125327562417
00e12e8b_4204,11594.138022620118
00e12e8b_4205,11594.150390560875
00e12e8b_4206,11594.15880200723
00e12e8b_4207,11594.17864279725
00e12e8b_4208,11594.192310100949
00e12e8b_4209,11594.203303152575
00e12e8b_4210,11594.21541167231
00e12e8b_4211,11594.227358737517
00e12e8b_4212,11594.240431060129
00e12e8b_4213,11594.259072457917
00e12e8b_4214,11594.271727841837
00e12e8b_4215,11594.291310192944
00e12e8b_4216,11594.305278360574
00e12e8b_4217,11594.323354293145
00e12e8b_4218,11594.33624902738
00e12e8b_4219,11594.353604253454
00e12e8b_4220,11594.371170754615
00e12e8b_4221,11594.38937487429
00e12e8b_4222,11594.405389214606
00e12e8b_4223,11594.415953553247
00e12e8b_4224,11594.430005815291
00e12e8b_4225,11594.443574003262
00e12e8b_4226,11594.467360199043
00e12e8b_4227,11594.48829433571
00e12e8b_4228,11594.507463757498
00e12e8b_4229,11594.526910581944
00e12e8b_4230,11594.54581169715
00e12e8b_4231,11594.57103813578
00e12e8b_4232,11594.587577842292
00e12e8b_4233,11594.609951122628
00e12e8b_4234,11594.627126952098
00e12e8b_4235,11594.650096639933
00e12e8b_4236,11594.665066414003
00e12e8b_4237,11594.686723883678
00e12e8b_4238,11594.704323847502
00e12e8b_4239,11594.72677052915
00e12e8b_4240,11594.744287038711
00e12e8b_4241,11594.767855864608
00e12e8b_4242,11594.786294553513
00e12e8b_4243,11594.810587769503
00e12e8b_4244,11594.829537156453
00e12e8b_4245,11594.853745619206
00e12e8b_4246,11594.87287925369
00e12e8b_4247,11594.897999830828
00e12e8b_4248,11594.92298701972
00e12e8b_4249,11594.9433829567
00e12e8b_4250,11594.969476815468
00e12e8b_4251,11594.991764134127
00e12e8b_4252,11595.020904107932
00e12e8b_4253,11595.044995987046
00e12e8b_4254,11595.074968208206
00e12e8b_4255,11595.099526535038
00e12e8b_4256,11595.129750301516
00e12e8b_4257,11595.154940183793
00e12e8b_4258,11595.184992214155
00e12e8b_4259,11595.209785490782
00e12e8b_4260,11595.240578037334
00e12e8b_4261,11595.26499244641
00e12e8b_4262,11595.29913696548
00e12e8b_4263,11595.328680827268
00e12e8b_4264,11595.36355846644
00e12e8b_4265,11595.393526986954
00e12e8b_4266,11595.428951285614
00e12e8b_4267,11595.45833681349
00e12e8b_4268,11595.492491359826
00e12e8b_4269,11595.52241251723
00e12e8b_4270,11595.557444437589
00e12e8b_4271,11595.585382194562
00e12e8b_4272,11595.61005679802
00e12e8b_4273,11595.638953070284
00e12e8b_4274,11595.662842501606
00e12e8b_4275,11595.693819977954
00e12e8b_4276,11595.71923269557
00e12e8b_4277,11595.750794863055
00e12e8b_4278,11595.77811330493
00e12e8b_4279,11595.811191293818
00e12e8b_4280,11595.838497685529
00e12e8b_4281,11595.872325557944
00e12e8b_4282,11595.899349397572
00e12e8b_4283,11595.933102964756
00e12e8b_4284,11595.9615651671
00e12e8b_4285,11595.99482586687
00e12e8b_4286,11596.02310080012
00e12e8b_4287,11596.052890384992
00e12e8b_4288,11596.086364490828
00e12e8b_4289,11596.11476350596
00e12e8b_4290,11596.150230980598
00e12e8b_4291,11596.179139362092
00e12e8b_4292,11596.21240923541
00e12e8b_4293,11596.239178127602
00e12e8b_4294,11596.269463110022
00e12e8b_4295,11596.29516562072
00e12e8b_4296,11596.320190194823
00e12e8b_4297,11596.355054006974
00e12e8b_4298,11596.38374357589
00e12e8b_4299,11596.419813559054
00e12e8b_4300,11596.45110739941
00e12e8b_4301,11596.48582156508
00e12e8b_4302,11596.515458388996
00e12e8b_4303,11596.545402796586
00e12e8b_4304,11596.579574625634
00e12e8b_4305,11596.607292489303
00e12e8b_4306,11596.63981862788
00e12e8b_4307,11596.666019860051
00e12e8b_4308,11596.697855329268
00e12e8b_4309,11596.723281134977
00e12e8b_4310,11596.747454720826
00e12e8b_4311,11596.777255268167
00e12e8b_4312,11596.802667014545
00e12e8b_4313,11596.83214012777
00e12e8b_4314,11596.854944239223
00e12e8b_4315,11596.882663036917
00e12e8b_4316,11596.903182226424
00e12e8b_4317,11596.925277002929
00e12e8b_4318,11596.952508051649
00e12e8b_4319,11596.974364569562
00e12e8b_4320,11597.0011384735
00e12e8b_4321,11597.021775974106
00e12e8b_4322,11597.044996296045
00e12e8b_4323,11597.074380963595
00e12e8b_4324,11597.097907746058
00e12e8b_4325,11597.122028354375
00e12e8b_4326,11597.15220408593
00e12e8b_4327,11597.17665222911
00e12e8b_4328,11597.207717747233
00e12e8b_4329,11597.233849946815
00e12e8b_4330,11597.259517932582
00e12e8b_4331,11597.291305007948
00e12e8b_4332,11597.31665024568
00e12e8b_4333,11597.353507282824
00e12e8b_4334,11597.385682882565
00e12e8b_4335,11597.41800711492
00e12e8b_4336,11597.456004807613
00e12e8b_4337,11597.488175451776
00e12e8b_4338,11597.527801626944
00e12e8b_4339,11597.562502680776
00e12e8b_4340,11597.597300397438
00e12e8b_4341,11597.650361117026
00e12e8b_4342,11597.695374253284
00e12e8b_4343,11597.748579625302
00e12e8b_4344,11597.796865665445
00e12e8b_4345,11597.845141296271
00e12e8b_4346,11597.900495587988
00e12e8b_4347,11597.949489952904
00e12e8b_4348,11598.00429875446
00e12e8b_4349,11598.0524010021
00e12e8b_4350,11598.101918498654
00e12e8b_4351,11598.157369450564
00e12e8b_4352,11598.205993305408
00e12e8b_4353,11598.261427621006
00e12e8b_4354,11598.309944166109
00e12e8b_4355,11598.345748263962
00e12e8b_4356,11598.38731438216
00e12e8b_4357,11598.421742498293
00e12e8b_4358,11598.46163308659
00e12e8b_4359,11598.4972956751
00e12e8b_4360,11598.530525598131
00e12e8b_4361,11598.570042303949
00e12e8b_4362,11598.60195937052
00e12e8b_4363,11598.639333185718
00e12e8b_4364,11598.669262899766
00e12e8b_4365,11598.703170554574
00e12e8b_4366,11598.731638198384
00e12e8b_4367,11598.75793068829
00e12e8b_4368,11598.79063145208
00e12e8b_4369,11598.815186851703
00e12e8b_4370,11598.842390470742
00e12e8b_4371,11598.864263631564
00e12e8b_4372,11598.888595923534
00e12e8b_4373,11598.907400138984
00e12e8b_4374,11598.923219462227
00e12e8b_4375,11598.946193202855
00e12e8b_4376,11598.962890564584
00e12e8b_4377,11598.983686653224
00e12e8b_4378,11598.994555808924
00e12e8b_4379,11599.009513581932
00e12e8b_4380,11599.01874676704
00e12e8b_4381,11599.029406756148
00e12e8b_4382,11599.04424957469
00e12e8b_4383,11599.05410760916
00e12e8b_4384,11599.067883564385
00e12e8b_4385,11599.078191443688
00e12e8b_4386,11599.09524979256
00e12e8b_4387,11599.10568734661
00e12e8b_4388,11599.121850332644
00e12e8b_4389,11599.13164927674
00e12e8b_4390,11599.149952562911
00e12e8b_4391,11599.163238223846
00e12e8b_4392,11599.178610165993
00e12e8b_4393,11599.199880712167
00e12e8b_4394,11599.215498090372
00e12e8b_4395,11599.237726021234
00e12e8b_4396,11599.255403699592
00e12e8b_4397,11599.280722140991
00e12e8b_4398,11599.302584818392
00e12e8b_4399,11599.329515633037
00e12e8b_4400,11599.348996135004
00e12e8b_4401,11599.3754003145
00e12e8b_4402,11599.398348148174
00e12e8b_4403,11599.425892814916
00e12e8b_4404,11599.46159987002
00e12e8b_4405,11599.4918701784
00e12e8b_4406,11599.52806545778
00e12e8b_4407,11599.560934119656
00e12e8b_4408,11599.60068305257
00e12e8b_4409,11599.636212363292
00e12e8b_4410,11599.679212156983
00e12e8b_4411,11599.715915504656
00e12e8b_4412,11599.758706164452
00e12e8b_4413,11599.79595250506
00e12e8b_4414,11599.83801421025
00e12e8b_4415,11599.873176050069
00e12e8b_4416,11599.913432157728
00e12e8b_4417,11599.949429767988
00e12e8b_4418,11599.990646195924
00e12e8b_4419,11600.02765819334
00e12e8b_4420,11600.067692605662
00e12e8b_4421,11600.102111507334
00e12e8b_4422,11600.141501072563
00e12e8b_4423,11600.176453452035
00e12e8b_4424,11600.209007862
00e12e8b_4425,11600.245662030966
00e12e8b_4426,11600.275813483631
00e12e8b_4427,11600.311584347386
00e12e8b_4428,11600.340452751909
00e12e8b_4429,11600.373909030102
00e12e8b_4430,11600.399877018674
00e12e8b_4431,11600.430700689576
00e12e8b_4432,11600.45421159546
00e12e8b_4433,11600.481425918402
00e12e8b_4434,11600.501055202592
00e12e8b_4435,11600.52591090196
00e12e8b_4436,11600.541891244971
00e12e8b_4437,11600.556725171042
00e12e8b_4438,11600.574286422932
00e12e8b_4439,11600.59014882654
00e12e8b_4440,11600.61055740853
00e12e8b_4441,11600.625988748823
00e12e8b_4442,11600.638569626151
00e12e8b_4443,11600.65638835846
00e12e8b_4444,11600.669484085209
00e12e8b_4445,11600.68814904154
00e12e8b_4446,11600.700217177106
00e12e8b_4447,11600.711723408258
00e12e8b_4448,11600.725585673998
00e12e8b_4449,11600.734407174568
00e12e8b_4450,11600.744344106086
00e12e8b_4451,11600.757994402496
00e12e8b_4452,11600.766692706376
00e12e8b_4453,11600.776292821214
00e12e8b_4454,11600.79028515056
00e12e8b_4455,11600.798637975004
00e12e8b_4456,11600.807582922262
00e12e8b_4457,11600.821434223595
00e12e8b_4458,11600.830163360766
00e12e8b_4459,11600.839498505637
00e12e8b_4460,11600.853930271289
00e12e8b_4461,11600.864283274042
00e12e8b_4462,11600.873899147024
00e12e8b_4463,11600.88954498202
00e12e8b_4464,11600.898832367013
00e12e8b_4465,11600.909849517548
00e12e8b_4466,11600.921387106708
00e12e8b_4467,11600.939440146616
00e12e8b_4468,11600.952540051934
00e12e8b_4469,11600.96636445227
00e12e8b_4470,11600.98079359948
00e12e8b_4471,11601.00208768355
00e12e8b_4472,11601.017953212404
00e12e8b_4473,11601.034966306612
00e12e8b_4474,11601.05238532505
00e12e8b_4475,11601.075635598108
00e12e8b_4476,11601.095510784691
00e12e8b_4477,11601.114611923776
00e12e8b_4478,11601.133979924576
00e12e8b_4479,11601.159844521608
00e12e8b_4480,11601.18107354398
00e12e8b_4481,11601.20351670975
00e12e8b_4482,11601.226695800538
00e12e8b_4483,11601.245099731434
00e12e8b_4484,11601.262450347282
00e12e8b_4485,11601.286044862263
00e12e8b_4486,11601.305483068973
00e12e8b_4487,11601.32568155012
00e12e8b_4488,11601.34769093679
00e12e8b_4489,11601.369083383011
00e12e8b_4490,11601.39126426058
00e12e8b_4491,11601.418839353575
00e12e8b_4492,11601.440478468088
00e12e8b_4493,11601.461880427018
00e12e8b_4494,11601.484858340504
00e12e8b_4495,11601.507135918742
00e12e8b_4496,11601.528964584988
00e12e8b_4497,11601.550992569591
00e12e8b_4498,11601.572435697237
00e12e8b_4499,11601.600106287837
00e12e8b_4500,11601.623181299405
00e12e8b_4501,11601.64550817472
00e12e8b_4502,11601.667714398314
00e12e8b_4503,11601.690025792872
00e12e8b_4504,11601.712205478869
00e12e8b_4505,11601.732736625814
00e12e8b_4506,11601.754251280528
00e12e8b_4507,11601.775321781271
00e12e8b_4508,11601.796172408902
00e12e8b_4509,11601.819035466726
00e12e8b_4510,11601.843023591173
00e12e8b_4511,11601.866782436624
00e12e8b_4512,11601.892439821331
00e12e8b_4513,11601.916615209057
00e12e8b_4514,11601.94106708448
00e12e8b_4515,11601.966584817726
00e12e8b_4516,11601.991847480733
00e12e8b_4517,11602.016983964571
00e12e8b_4518,11602.04282604574
00e12e8b_4519,11602.067212014988
00e12e8b_4520,11602.090448557135
00e12e8b_4521,11602.113388099717
00e12e8b_4522,11602.136276844398
00e12e8b_4523,11602.15926193554
00e12e8b_4524,11602.18268262206
00e12e8b_4525,11602.205000618462
00e12e8b_4526,11602.2268593848
00e12e8b_4527,11602.248147615464
00e12e8b_4528,11602.269837337364
00e12e8b_4529,11602.322033447555
00e12e8b_4530,11602.341154995853
00e12e8b_4531,11602.355201611765
00e12e8b_4532,11602.373946224823
00e12e8b_4533,11602.392626066949
00e12e8b_4534,11602.411712111876
00e12e8b_4535,11602.430095663796
00e12e8b_4536,11602.44803426713
00e12e8b_4537,11602.461996123217
00e12e8b_4538,11602.47986400737
00e12e8b_4539,11602.49882985316
00e12e8b_4540,11602.515570110856
00e12e8b_4541,11602.526639955802
00e12e8b_4542,11602.54219485799
00e12e8b_4543,11602.555543066926
00e12e8b_4544,11602.571532950453
00e12e8b_4545,11602.581783432644
00e12e8b_4546,11602.5966868723
00e12e8b_4547,11602.611437790803
00e12e8b_4548,11602.619803235231
00e12e8b_4549,11602.633552935888
00e12e8b_4550,11602.648386776053
00e12e8b_4551,11602.656231434175
00e12e8b_4552,11602.669624355734
00e12e8b_4553,11602.675708388237
00e12e8b_4554,11602.686343847268
00e12e8b_4555,11602.698794118223
00e12e8b_4556,11602.704159794244
00e12e8b_4557,11602.716470846206
00e12e8b_4558,11602.724815063124
00e12e8b_4559,11602.738243627176
00e12e8b_4560,11602.746655632844
00e12e8b_4561,11602.761305902432
00e12e8b_4562,11602.770290981898
00e12e8b_4563,11602.785599095052
00e12e8b_4564,11602.795107844486
00e12e8b_4565,11602.81080893199
00e12e8b_4566,11602.821847077746
00e12e8b_4567,11602.837706228662
00e12e8b_4568,11602.84849917884
00e12e8b_4569,11602.865093761957
00e12e8b_4570,11602.875867291328
00e12e8b_4571,11602.887558876051
00e12e8b_4572,11602.90451920662
00e12e8b_4573,11602.91620829032
00e12e8b_4574,11602.935660914214
00e12e8b_4575,11602.94759699579
00e12e8b_4576,11602.96003455723
00e12e8b_4577,11602.980290725956
00e12e8b_4578,11602.995109951971
00e12e8b_4579,11603.011706434716
00e12e8b_4580,11603.03381633878
00e12e8b_4581,11603.05055351242
00e12e8b_4582,11603.06812174754
00e12e8b_4583,11603.0849795814
00e12e8b_4584,11603.1068435197
00e12e8b_4585,11603.123569980056
00e12e8b_4586,11603.139372420164
00e12e8b_4587,11603.155849577326
00e12e8b_4588,11603.17499869894
00e12e8b_4589,11603.187934339505
00e12e8b_4590,11603.201503561286
00e12e8b_4591,11603.213124223055
00e12e8b_4592,11603.226134686436
00e12e8b_4593,11603.240452251428
00e12e8b_4594,11603.25963778718
00e12e8b_4595,11603.272930077106
00e12e8b_4596,11603.2874594434
00e12e8b_4597,11603.30076985807
00e12e8b_4598,11603.31505911671
00e12e8b_4599,11603.327337344104
00e12e8b_4600,11603.339036103427
00e12e8b_4601,11603.352094840087
00e12e8b_4602,11603.363029253367
00e12e8b_4603,11603.37422013026
00e12e8b_4604,11603.386292486475
00e12e8b_4605,11603.39717253378
00e12e8b_4606,11603.408645737032
00e12e8b_4607,11603.418522876436
00e12e8b_4608,11603.428147997718
00e12e8b_4609,11603.43873725014
00e12e8b_4610,11603.446783816562
00e12e8b_4611,11603.455358382456
00e12e8b_4612,11603.4654021745
00e12e8b_4613,11603.474608034125
00e12e8b_4614,11603.488602524816
00e12e8b_4615,11603.502092377164
00e12e8b_4616,11603.515972510126
00e12e8b_4617,11603.531480644931
00e12e8b_4618,11603.545642423222
00e12e8b_4619,11603.559676989516
00e12e8b_4620,11603.569243862165
00e12e8b_4621,11603.582688918732
00e12e8b_4622,11603.59692586032
00e12e8b_4623,11603.609554838336
00e12e8b_4624,11603.620982456549
00e12e8b_4625,11603.633641406792
00e12e8b_4626,11603.643973950915
00e12e8b_4627,11603.656179027625
00e12e8b_4628,11603.66917175935
00e12e8b_4629,11603.68093105574
00e12e8b_4630,11603.693758030844
00e12e8b_4631,11603.700219646638
00e12e8b_4632,11603.712361766116
00e12e8b_4633,11603.725244986454
00e12e8b_4634,11603.736959462389
00e12e8b_4635,11603.749138065356
00e12e8b_4636,11603.762394131889
00e12e8b_4637,11603.77435878705
00e12e8b_4638,11603.785423024869
00e12e8b_4639,11603.79524956808
00e12e8b_4640,11603.80352984512
00e12e8b_4641,11603.812545173954
00e12e8b_4642,11603.815395303463
00e12e8b_4643,11603.823016869415
00e12e8b_4644,11603.831166388958
00e12e8b_4645,11603.839756529203
00e12e8b_4646,11603.849279749098
00e12e8b_4647,11603.85840239072
00e12e8b_4648,11603.866854156826
00e12e8b_4649,11603.878825731164
00e12e8b_4650,11603.889867457696
00e12e8b_4651,11603.902863524709
00e12e8b_4652,11603.91200801068
00e12e8b_4653,11603.926315967905
00e12e8b_4654,11603.941466560971
00e12e8b_4655,11603.957618295815
00e12e8b_4656,11603.973197588224
00e12e8b_4657,11603.98988886749
00e12e8b_4658,11604.00497491761
00e12e8b_4659,11604.017575294583
00e12e8b_4660,11604.030822827246
00e12e8b_4661,11604.03784307058
00e12e8b_4662,11604.049897524828
00e12e8b_4663,11604.06278260767
00e12e8b_4664,11604.074907868864
00e12e8b_4665,11604.088118432608
00e12e8b_4666,11604.100642874337
00e12e8b_4667,11604.11355608264
00e12e8b_4668,11604.127984557646
00e12e8b_4669,11604.142155319732
00e12e8b_4670,11604.15089746684
00e12e8b_4671,11604.16645553407
00e12e8b_4672,11604.18097060142
00e12e8b_4673,11604.19655033278
00e12e8b_4674,11604.210782897671
00e12e8b_4675,11604.224177116246
00e12e8b_4676,11604.238091167355
00e12e8b_4677,11604.250396834228
00e12e8b_4678,11604.26211860122
00e12e8b_4679,11604.26991186578
00e12e8b_4680,11604.282264013726
00e12e8b_4681,11604.294377145938
00e12e8b_4682,11604.305443186331
00e12e8b_4683,11604.31724763338
00e12e8b_4684,11604.329828010525
00e12e8b_4685,11604.341519533751
00e12e8b_4686,11604.352067008314
00e12e8b_4687,11604.35759768016
00e12e8b_4688,11604.367770900632
00e12e8b_4689,11604.377937961775
00e12e8b_4690,11604.387175116028
00e12e8b_4691,11604.396323507666
00e12e8b_4692,11604.405841038755
00e12e8b_4693,11604.414511930188
00e12e8b_4694,11604.422027578015
00e12e8b_4695,11604.42571639828
00e12e8b_4696,11604.433459461165
00e12e8b_4697,11604.441014765194
00e12e8b_4698,11604.448598399526
00e12e8b_4699,11604.457926055737
00e12e8b_4700,11604.468437993572
00e12e8b_4701,11604.478948923872
00e12e8b_4702,11604.491025284306
00e12e8b_4703,11604.498137301714
00e12e8b_4704,11604.51064161958
00e12e8b_4705,11604.524380405626
00e12e8b_4706,11604.537344564456
00e12e8b_4707,11604.550704068017
00e12e8b_4708,11604.56513030792
00e12e8b_4709,11604.579069635018
00e12e8b_4710,11604.58814075419
00e12e8b_4711,11604.604631312734
00e12e8b_4712,11604.61884319326
00e12e8b_4713,11604.633787034976
00e12e8b_4714,11604.646891623994
00e12e8b_4715,11604.65425270618
00e12e8b_4716,11604.666188212126
00e12e8b_4717,11604.67689491862
00e12e8b_4718,11604.682039614489
00e12e8b_4719,11604.69324636234
00e12e8b_4720,11604.705511832066
00e12e8b_4721,11604.71180193921
00e12e8b_4722,11604.724864333954
00e12e8b_4723,11604.730997494686
00e12e8b_4724,11604.744293294332
00e12e8b_4725,11604.749852001363
00e12e8b_4726,11604.761185416111
00e12e8b_4727,11604.766953729446
00e12e8b_4728,11604.777276747329
00e12e8b_4729,11604.781193280713
00e12e8b_4730,11604.79102936825
00e12e8b_4731,11604.792593094488
00e12e8b_4732,11604.800197675006
00e12e8b_4733,11604.802432711009
00e12e8b_4734,11604.804782998346
00e12e8b_4735,11604.813690920832
00e12e8b_4736,11604.816546835958
00e12e8b_4737,11604.81903127697
00e12e8b_4738,11604.823615267243
00e12e8b_4739,11604.83300499491
00e12e8b_4740,11604.83855922574
00e12e8b_4741,11604.842824379632
00e12e8b_4742,11604.84805895343
00e12e8b_4743,11604.8546338632
00e12e8b_4744,11604.860054683324
00e12e8b_4745,11604.865072954412
00e12e8b_4746,11604.875957083072
00e12e8b_4747,11604.88043624411
00e12e8b_4748,11604.88610349658
00e12e8b_4749,11604.88988608019
00e12e8b_4750,11604.89375106395
00e12e8b_4751,11604.898673160134
00e12e8b_4752,11604.902096864636
00e12e8b_4753,11604.90585742336
00e12e8b_4754,11604.904948195232
00e12e8b_4755,11604.90949514584
00e12e8b_4756,11604.914991041836
00e12e8b_4757,11604.919075824037
00e12e8b_4758,11604.923184161413
00e12e8b_4759,11604.927046864315
00e12e8b_4760,11604.924619276995
00e12e8b_4761,11604.927536232082
00e12e8b_4762,11604.931728686188
00e12e8b_4763,11604.934465413182
00e12e8b_4764,11604.932843148174
00e12e8b_4765,11604.936113898502
00e12e8b_4766,11604.939637058877
00e12e8b_4767,11604.938668108867
00e12e8b_4768,11604.942064557734
00e12e8b_4769,11604.945891713642
00e12e8b_4770,11604.946438561978
00e12e8b_4771,11604.951221972196
00e12e8b_4772,11604.950463797011
00e12e8b_4773,11604.95575244202
00e12e8b_4774,11604.954724066696
00e12e8b_4775,11604.960211097949
00e12e8b_4776,11604.959531067328
00e12e8b_4777,11604.964229057114
00e12e8b_4778,11604.964633353236
00e12e8b_4779,11604.963702131728
00e12e8b_4780,11604.96858540071
00e12e8b_4781,11604.968503515947
00e12e8b_4782,11604.96756420824
00e12e8b_4783,11604.973200016477
00e12e8b_4784,11604.97171732461
00e12e8b_4785,11604.970294779336
00e12e8b_4786,11604.97633549013
00e12e8b_4787,11604.975103005338
00e12e8b_4788,11604.975277113792
00e12e8b_4789,11604.97592079777
00e12e8b_4790,11604.976243727222
00e12e8b_4791,11604.97721470924
00e12e8b_4792,11604.983847834465
00e12e8b_4793,11604.984784540557
00e12e8b_4794,11604.987371621852
00e12e8b_4795,11604.989497427596
00e12e8b_4796,11604.992031340542
00e12e8b_4797,11604.994825020138
00e12e8b_4798,11604.996477563254
00e12e8b_4799,11604.998798111052
00e12e8b_4800,11604.998596110723
00e12e8b_4801,11604.998945615458
00e12e8b_4802,11605.000411920582
00e12e8b_4803,11605.00038165366
00e12e8b_4804,11604.995578162354
00e12e8b_4805,11604.997358355668
00e12e8b_4806,11604.997865310525
00e12e8b_4807,11604.998989311436
00e12e8b_4808,11604.998684609494
00e12e8b_4809,11604.99846322195
00e12e8b_4810,11604.998693759557
00e12e8b_4811,11604.997735849742
00e12e8b_4812,11604.996694444224
00e12e8b_4813,11604.996535573157
00e12e8b_4814,11604.995279593271
00e12e8b_4815,11604.998922769835
00e12e8b_4816,11604.997923947389
00e12e8b_4817,11604.995799366396
00e12e8b_4818,11604.994218609188
00e12e8b_4819,11604.991304648074
00e12e8b_4820,11604.988660540086
00e12e8b_4821,11604.99267262042
00e12e8b_4822,11604.988430210607
00e12e8b_4823,11604.985622308675
00e12e8b_4824,11604.990642958504
00e12e8b_4825,11604.98953732389
00e12e8b_4826,11604.99106802679
00e12e8b_4827,11604.997997350922
00e12e8b_4828,11605.00023689038
00e12e8b_4829,11605.003534271164
00e12e8b_4830,11605.011731687046
00e12e8b_4831,11605.014457538298
00e12e8b_4832,11605.02312077872
00e12e8b_4833,11605.024559572872
00e12e8b_4834,11605.032050570337
00e12e8b_4835,11605.031433010188
00e12e8b_4836,11605.035777400495
00e12e8b_4837,11605.034141483127
00e12e8b_4838,11605.03623928232
00e12e8b_4839,11605.039868432204
00e12e8b_4840,11605.038636754674
00e12e8b_4841,11605.04118487982
00e12e8b_4842,11605.045838167556
00e12e8b_4843,11605.044550896542
00e12e8b_4844,11605.049029008584
00e12e8b_4845,11605.05518094485
00e12e8b_4846,11605.061108948952
00e12e8b_4847,11605.060891834826
00e12e8b_4848,11605.06755612367
00e12e8b_4849,11605.072817694268
00e12e8b_4850,11605.079930000167
00e12e8b_4851,11605.086484223022
00e12e8b_4852,11605.093646045156
00e12e8b_4853,11605.096830012528
00e12e8b_4854,11605.104776025695
00e12e8b_4855,11605.112384955944
00e12e8b_4856,11605.120317630945
00e12e8b_4857,11605.12677876692
00e12e8b_4858,11605.134229694808
00e12e8b_4859,11605.142974175496
00e12e8b_4860,11605.1508793675
00e12e8b_4861,11605.166705230826
00e12e8b_4862,11605.176337833782
00e12e8b_4863,11605.185581721238
00e12e8b_4864,11605.194990673888
00e12e8b_4865,11605.203249083554
00e12e8b_4866,11605.21163975677
00e12e8b_4867,11605.22042222188
00e12e8b_4868,11605.233489573424
00e12e8b_4869,11605.24213573827
00e12e8b_4870,11605.24972731608
00e12e8b_4871,11605.257365733209
00e12e8b_4872,11605.271964219564
00e12e8b_4873,11605.279975000232
00e12e8b_4874,11605.288095771575
00e12e8b_4875,11605.303121549385
00e12e8b_4876,11605.311686217085
00e12e8b_4877,11605.327219964283
00e12e8b_4878,11605.335959327942
00e12e8b_4879,11605.34966473476
00e12e8b_4880,11605.358594166984
00e12e8b_4881,11605.371905116026
00e12e8b_4882,11605.37950704425
00e12e8b_4883,11605.393344745964
00e12e8b_4884,11605.400274794814
00e12e8b_4885,11605.413564345334
00e12e8b_4886,11605.420243808916
00e12e8b_4887,11605.432056291334
00e12e8b_4888,11605.444538787018
00e12e8b_4889,11605.44972124062
00e12e8b_4890,11605.46021258441
00e12e8b_4891,11605.471167502572
00e12e8b_4892,11605.473905893428
00e12e8b_4893,11605.483424634263
00e12e8b_4894,11605.491897625572
00e12e8b_4895,11605.500142586006
00e12e8b_4896,11605.509320757454
00e12e8b_4897,11605.5117918109
00e12e8b_4898,11605.519591285858
00e12e8b_4899,11605.528064984936
00e12e8b_4900,11605.534826887257
00e12e8b_4901,11605.543276229337
00e12e8b_4902,11605.54522718444
00e12e8b_4903,11605.5523783087
00e12e8b_4904,11605.559754602144
00e12e8b_4905,11605.565974290052
00e12e8b_4906,11605.564167595956
00e12e8b_4907,11605.56856487084
00e12e8b_4908,11605.567134091078
00e12e8b_4909,11605.572773212243
00e12e8b_4910,11605.577390962542
00e12e8b_4911,11605.57717845354
00e12e8b_4912,11605.57794656772
00e12e8b_4913,11605.58347923923
00e12e8b_4914,11605.583432388212
00e12e8b_4915,11605.58970869627
00e12e8b_4916,11605.589786345
00e12e8b_4917,11605.590823203953
00e12e8b_4918,11605.598541980224
00e12e8b_4919,11605.599229338768
00e12e8b_4920,11605.601398573654
00e12e8b_4921,11605.60310592845
00e12e8b_4922,11605.611520774692
00e12e8b_4923,11605.61467474585
00e12e8b_4924,11605.617129883893
00e12e8b_4925,11605.621056323704
00e12e8b_4926,11605.626363438958
00e12e8b_4927,11605.62988223969
00e12e8b_4928,11605.633372787348
00e12e8b_4929,11605.637115929623
00e12e8b_4930,11605.642085181174
00e12e8b_4931,11605.64937900035
00e12e8b_4932,11605.656357188393
00e12e8b_4933,11605.664211749812
00e12e8b_4934,11605.67353727492
00e12e8b_4935,11605.676594624652
00e12e8b_4936,11605.68591656579
00e12e8b_4937,11605.693736265031
00e12e8b_4938,11605.701087932292
00e12e8b_4939,11605.703514809287
00e12e8b_4940,11605.710308345966
00e12e8b_4941,11605.716795765944
00e12e8b_4942,11605.71808079231
00e12e8b_4943,11605.722222188302
00e12e8b_4944,11605.720396169469
00e12e8b_4945,11605.725185304924
00e12e8b_4946,11605.724144549742
00e12e8b_4947,11605.729187729825
00e12e8b_4948,11605.72697653062
00e12e8b_4949,11605.724547647776
00e12e8b_4950,11605.728999955536
00e12e8b_4951,11605.726698560982
00e12e8b_4952,11605.725941346118
00e12e8b_4953,11605.729484980471
00e12e8b_4954,11605.727281393914
00e12e8b_4955,11605.725832409144
00e12e8b_4956,11605.72336223406
00e12e8b_4957,11605.725652537323
00e12e8b_4958,11605.722947726234
00e12e8b_4959,11605.718915723117
00e12e8b_4960,11605.7144679954
00e12e8b_4961,11605.71111682814
00e12e8b_4962,11605.70580126089
00e12e8b_4963,11605.70102460891
00e12e8b_4964,11605.695741081816
00e12e8b_4965,11605.690799080929
00e12e8b_4966,11605.686181246394
00e12e8b_4967,11605.683620514008
00e12e8b_4968,11605.67499189698
00e12e8b_4969,11605.673686736558
00e12e8b_4970,11605.672225996765
00e12e8b_4971,11605.671801452529
00e12e8b_4972,11605.664810257244
00e12e8b_4973,11605.662606461148
00e12e8b_4974,11605.66131007528
00e12e8b_4975,11605.650130867863
00e12e8b_4976,11605.645084754651
00e12e8b_4977,11605.640620208622
00e12e8b_4978,11605.628957877336
00e12e8b_4979,11605.623696629971
00e12e8b_4980,11605.61170673023
00e12e8b_4981,11605.604396955392
00e12e8b_4982,11605.592524373822
00e12e8b_4983,11605.584358685865
00e12e8b_4984,11605.571669599334
00e12e8b_4985,11605.559341391134
00e12e8b_4986,11605.551678004722
00e12e8b_4987,11605.539320685852
00e12e8b_4988,11605.526478244708
00e12e8b_4989,11605.513298396152
00e12e8b_4990,11605.507559340698
00e12e8b_4991,11605.49527828135
00e12e8b_4992,11605.482689015023
00e12e8b_4993,11605.471141132584
00e12e8b_4994,11605.45737688214
00e12e8b_4995,11605.444331027462
00e12e8b_4996,11605.42965331098
00e12e8b_4997,11605.414197841044
00e12e8b_4998,11605.406192495871
00e12e8b_4999,11605.392213751988
00e12e8b_5000,11605.377952405335
00e12e8b_5001,11605.365219282856
00e12e8b_5002,11605.35195193423
00e12e8b_5003,11605.338669048066
00e12e8b_5004,11605.32678186956
00e12e8b_5005,11605.314024157367
00e12e8b_5006,11605.302541985988
00e12e8b_5007,11605.293851812112
00e12e8b_5008,11605.279950032742
00e12e8b_5009,11605.267485852935
00e12e8b_5010,11605.253766048228
00e12e8b_5011,11605.239209685467
00e12e8b_5012,11605.224872846256
00e12e8b_5013,11605.208722078996
00e12e8b_5014,11605.194935283922
00e12e8b_5015,11605.17995231539
00e12e8b_5016,11605.1646920949
00e12e8b_5017,11605.152155206591
00e12e8b_5018,11605.144258960234
00e12e8b_5019,11605.13074774862
00e12e8b_5020,11605.118930124252
00e12e8b_5021,11605.10664504438
00e12e8b_5022,11605.094642822562
00e12e8b_5023,11605.083013225736
00e12e8b_5024,11605.072691875568
00e12e8b_5025,11605.062439850844
00e12e8b_5026,11605.05177677606
00e12e8b_5027,11605.041776794156
00e12e8b_5028,11605.032784464094
00e12e8b_5029,11605.02402701519
00e12e8b_5030,11605.01553431575
00e12e8b_5031,11605.006890626904
00e12e8b_5032,11605.00311542028
00e12e8b_5033,11604.994681556442
00e12e8b_5034,11604.984755600664
00e12e8b_5035,11604.974029832358
00e12e8b_5036,11604.967168635492
00e12e8b_5037,11604.959160952232
00e12e8b_5038,11604.952283739942
00e12e8b_5039,11604.94700687371
00e12e8b_5040,11604.939864682608
00e12e8b_5041,11604.933767846022
00e12e8b_5042,11604.927033130947
00e12e8b_5043,11604.920992205196
00e12e8b_5044,11604.915825933367
00e12e8b_5045,11604.908580222504
00e12e8b_5046,11604.901599743363
00e12e8b_5047,11604.895141163295
00e12e8b_5048,11604.887668742776
00e12e8b_5049,11604.881299568086
00e12e8b_5050,11604.873212433016
00e12e8b_5051,11604.865983996198
00e12e8b_5052,11604.858818789033
00e12e8b_5053,11604.851689526891
00e12e8b_5054,11604.843624706366
00e12e8b_5055,11604.842356757688
00e12e8b_5056,11604.834020584009
00e12e8b_5057,11604.826743382033
00e12e8b_5058,11604.817851290683
00e12e8b_5059,11604.808238678912
00e12e8b_5060,11604.799288917511
00e12e8b_5061,11604.789544646876
00e12e8b_5062,11604.77913285478
00e12e8b_5063,11604.768964082148
00e12e8b_5064,11604.757006514066
00e12e8b_5065,11604.744245017791
00e12e8b_5066,11604.731724382384
00e12e8b_5067,11604.716485190977
00e12e8b_5068,11604.703763709407
00e12e8b_5069,11604.688864536542
00e12e8b_5070,11604.672372210927
00e12e8b_5071,11604.658084290875
00e12e8b_5072,11604.641161900556
00e12e8b_5073,11604.625305264466
00e12e8b_5074,11604.60977738298
00e12e8b_5075,11604.593361538877
00e12e8b_5076,11604.576548279234
00e12e8b_5077,11604.559202833329
00e12e8b_5078,11604.539571726578
00e12e8b_5079,11604.51945060744
00e12e8b_5080,11604.496391540944
00e12e8b_5081,11604.474486307588
00e12e8b_5082,11604.446135640324
00e12e8b_5083,11604.423634017512
00e12e8b_5084,11604.400943563249
00e12e8b_5085,11604.377414273098
00e12e8b_5086,11604.354355818929
00e12e8b_5087,11604.33120857538
00e12e8b_5088,11604.30825762485
00e12e8b_5089,11604.28376127868
00e12e8b_5090,11604.26163019941
00e12e8b_5091,11604.238400508428
00e12e8b_5092,11604.217341664767
00e12e8b_5093,11604.194718222174
00e12e8b_5094,11604.171486602028
00e12e8b_5095,11604.148799329863
00e12e8b_5096,11604.125061930505
00e12e8b_5097,11604.09693523029
00e12e8b_5098,11604.07383510328
00e12e8b_5099,11604.050372339632
00e12e8b_5100,11604.02621558689
00e12e8b_5101,11604.001664890657
00e12e8b_5102,11603.969820827451
00e12e8b_5103,11603.94487458402
00e12e8b_5104,11603.918801792375
00e12e8b_5105,11603.894206328392
00e12e8b_5106,11603.86652388466
00e12e8b_5107,11603.84349423077
00e12e8b_5108,11603.8216169602
00e12e8b_5109,11603.795549248644
00e12e8b_5110,11603.774502828035
00e12e8b_5111,11603.755599206825
00e12e8b_5112,11603.730687644867
00e12e8b_5113,11603.71207752556
00e12e8b_5114,11603.6889014433
00e12e8b_5115,11603.669374863011
00e12e8b_5116,11603.649611301022
00e12e8b_5117,11603.624107251851
00e12e8b_5118,11603.600814695485
00e12e8b_5119,11603.575349040722
00e12e8b_5120,11603.554587805964
00e12e8b_5121,11603.529542307037
00e12e8b_5122,11603.511537272856
00e12e8b_5123,11603.486873512604
00e12e8b_5124,11603.468828977351
00e12e8b_5125,11603.446093218845
00e12e8b_5126,11603.423314404872
00e12e8b_5127,11603.407048143725
00e12e8b_5128,11603.38810463682
00e12e8b_5129,11603.372854094623
00e12e8b_5130,11603.354654555762
00e12e8b_5131,11603.33750282523
00e12e8b_5132,11603.32518966661
00e12e8b_5133,11603.309642564993
00e12e8b_5134,11603.292467365882
00e12e8b_5135,11603.27954625063
00e12e8b_5136,11603.26149999166
00e12e8b_5137,11603.242753894365
00e12e8b_5138,11603.223380052426
00e12e8b_5139,11603.208311683606
00e12e8b_5140,11603.187427437795
00e12e8b_5141,11603.168955614066
00e12e8b_5142,11603.148566972464
00e12e8b_5143,11603.129974251857
00e12e8b_5144,11603.116851317296
00e12e8b_5145,11603.097287231629
00e12e8b_5146,11603.078182487705
00e12e8b_5147,11603.058421945909
00e12e8b_5148,11603.038983605467
00e12e8b_5149,11603.020292342935
00e12e8b_5150,11603.001764517669
00e12e8b_5151,11602.981967913816
00e12e8b_5152,11602.969181053864
00e12e8b_5153,11602.949233271507
00e12e8b_5154,11602.930061137757
00e12e8b_5155,11602.910855285108
00e12e8b_5156,11602.891279545544
00e12e8b_5157,11602.874193710744
00e12e8b_5158,11602.852237544976
00e12e8b_5159,11602.832075443332
00e12e8b_5160,11602.80527903665
00e12e8b_5161,11602.78301703881
00e12e8b_5162,11602.762751814604
00e12e8b_5163,11602.742328772689
00e12e8b_5164,11602.721780336087
00e12e8b_5165,11602.700376437851
00e12e8b_5166,11602.680651052326
00e12e8b_5167,11602.661294512727
00e12e8b_5168,11602.64235341399
00e12e8b_5169,11602.616437206969
00e12e8b_5170,11602.596865210686
00e12e8b_5171,11602.577393658874
00e12e8b_5172,11602.555523981882
00e12e8b_5173,11602.52887005978
00e12e8b_5174,11602.508911630332
00e12e8b_5175,11602.485551816284
00e12e8b_5176,11602.46287508234
00e12e8b_5177,11602.433811024466
00e12e8b_5178,11602.410289219602
00e12e8b_5179,11602.389672373423
00e12e8b_5180,11602.363673945729
00e12e8b_5181,11602.343481752498
00e12e8b_5182,11602.324244813271
00e12e8b_5183,11602.297712909149
00e12e8b_5184,11602.279123490873
00e12e8b_5185,11602.260679313857
00e12e8b_5186,11602.236596274852
00e12e8b_5187,11602.212113397058
00e12e8b_5188,11602.188683964338
00e12e8b_5189,11602.165945634631
00e12e8b_5190,11602.141846745646
00e12e8b_5191,11602.12090067366
00e12e8b_5192,11602.098932777615
00e12e8b_5193,11602.076049058547
00e12e8b_5194,11602.051397907897
00e12e8b_5195,11602.02812119132
00e12e8b_5196,11602.00476544749
00e12e8b_5197,11601.979834354868
00e12e8b_5198,11601.955780845776
00e12e8b_5199,11601.930957450822
00e12e8b_5200,11601.907029575928
00e12e8b_5201,11601.887961966551
00e12e8b_5202,11601.863704233856
00e12e8b_5203,11601.838442574612
00e12e8b_5204,11601.81878312295
00e12e8b_5205,11601.791540870312
00e12e8b_5206,11601.772274166558
00e12e8b_5207,11601.746610804095
00e12e8b_5208,11601.71888703272
00e12e8b_5209,11601.69668872803
00e12e8b_5210,11601.675323630538
00e12e8b_5211,11601.64930432029
00e12e8b_5212,11601.629119570644
00e12e8b_5213,11601.604777413042
00e12e8b_5214,11601.58617021798
00e12e8b_5215,11601.566832557492
00e12e8b_5216,11601.5497345332
00e12e8b_5217,11601.527480133333
00e12e8b_5218,11601.511057925258
00e12e8b_5219,11601.492886652912
00e12e8b_5220,11601.477203511196
00e12e8b_5221,11601.460482407092
00e12e8b_5222,11601.44295188788
00e12e8b_5223,11601.425543761452
00e12e8b_5224,11601.407569993326
00e12e8b_5225,11601.388845404745
00e12e8b_5226,11601.3708740427
00e12e8b_5227,11601.353913549254
00e12e8b_5228,11601.337115676592
00e12e8b_5229,11601.326049790729
00e12e8b_5230,11601.3087327774
00e12e8b_5231,11601.293090524649
00e12e8b_5232,11601.276619610757
00e12e8b_5233,11601.266250613173
00e12e8b_5234,11601.251939394188
00e12e8b_5235,11601.242669676734
00e12e8b_5236,11601.228823965856
00e12e8b_5237,11601.219185617088
00e12e8b_5238,11601.206372544526
00e12e8b_5239,11601.199240944316
00e12e8b_5240,11601.185354762583
00e12e8b_5241,11601.178489298172
00e12e8b_5242,11601.16666252409
00e12e8b_5243,11601.15982636909
00e12e8b_5244,11601.151217846154
00e12e8b_5245,11601.142385321942
00e12e8b_5246,11601.127466103248
00e12e8b_5247,11601.117233962954
00e12e8b_5248,11601.111041159476
00e12e8b_5249,11601.107353181436
00e12e8b_5250,11601.104465594726
00e12e8b_5251,11601.101586789153
00e12e8b_5252,11601.098089259163
00e12e8b_5253,11601.095784785364
00e12e8b_5254,11601.09359878579
00e12e8b_5255,11601.091276750743
00e12e8b_5256,11601.089842763891
00e12e8b_5257,11601.08858757198
00e12e8b_5258,11601.085717163887
00e12e8b_5259,11601.08864694394
00e12e8b_5260,11601.086391342224
00e12e8b_5261,11601.08293302878
00e12e8b_5262,11601.07759712276
00e12e8b_5263,11601.078750367831
00e12e8b_5264,11601.07560903205
00e12e8b_5265,11601.077920470712
00e12e8b_5266,11601.07394381816
00e12e8b_5267,11601.075366942863
00e12e8b_5268,11601.072344424796
00e12e8b_5269,11601.07418059719
00e12e8b_5270,11601.071280666598
00e12e8b_5271,11601.074765711532
00e12e8b_5272,11601.078647189175
00e12e8b_5273,11601.07785047493
00e12e8b_5274,11601.08228234706
00e12e8b_5275,11601.086617492718
00e12e8b_5276,11601.091889869957
00e12e8b_5277,11601.09121615143
00e12e8b_5278,11601.094990468371
00e12e8b_5279,11601.0987077066
00e12e8b_5280,11601.10237475867
00e12e8b_5281,11601.104822127603
00e12e8b_5282,11601.109542576269
00e12e8b_5283,11601.108233022873
00e12e8b_5284,11601.112924377558
00e12e8b_5285,11601.116805658188
00e12e8b_5286,11601.122328562538
00e12e8b_5287,11601.127593558362
00e12e8b_5288,11601.127157539366
00e12e8b_5289,11601.132125228449
00e12e8b_5290,11601.137786823412
00e12e8b_5291,11601.143009332833
00e12e8b_5292,11601.142785785025
00e12e8b_5293,11601.145462905395
00e12e8b_5294,11601.14774369962
00e12e8b_5295,11601.15004080504
00e12e8b_5296,11601.14643243722
00e12e8b_5297,11601.14866343654
00e12e8b_5298,11601.15018543799
00e12e8b_5299,11601.1456541856
00e12e8b_5300,11601.146464447174
00e12e8b_5301,11601.14636610728
00e12e8b_5302,11601.141517446516
00e12e8b_5303,11601.141834701615
00e12e8b_5304,11601.142326203306
00e12e8b_5305,11601.137694225992
00e12e8b_5306,11601.138226231946
00e12e8b_5307,11601.139177543357
00e12e8b_5308,11601.134645566037
00e12e8b_5309,11601.1358927994
00e12e8b_5310,11601.137009361177
00e12e8b_5311,11601.132286373504
00e12e8b_5312,11601.134034530558
00e12e8b_5313,11601.13060072876
00e12e8b_5314,11601.132381787516
00e12e8b_5315,11601.133721847693
00e12e8b_5316,11601.129201562871
00e12e8b_5317,11601.130851578571
00e12e8b_5318,11601.127561015786
00e12e8b_5319,11601.129568299835
00e12e8b_5320,11601.126855174023
00e12e8b_5321,11601.129287692158
00e12e8b_5322,11601.125367421317
00e12e8b_5323,11601.127329700954
00e12e8b_5324,11601.123686801207
00e12e8b_5325,11601.125827571745
00e12e8b_5326,11601.12098114015
00e12e8b_5327,11601.121635515738
00e12e8b_5328,11601.115758951282
00e12e8b_5329,11601.116533031864
00e12e8b_5330,11601.111725823866
00e12e8b_5331,11601.10890050125
00e12e8b_5332,11601.10168216245
00e12e8b_5333,11601.1008266859
00e12e8b_5334,11601.09433816011
00e12e8b_5335,11601.088517164178
00e12e8b_5336,11601.088412547932
00e12e8b_5337,11601.083691389573
00e12e8b_5338,11601.08434240996
00e12e8b_5339,11601.079762313066
00e12e8b_5340,11601.075078209582
00e12e8b_5341,11601.076218418328
00e12e8b_5342,11601.071336479978
00e12e8b_5343,11601.072651197526
00e12e8b_5344,11601.068451753365
00e12e8b_5345,11601.063930060012
00e12e8b_5346,11601.065732046376
00e12e8b_5347,11601.06164523335
00e12e8b_5348,11601.058035449478
00e12e8b_5349,11601.060152226828
00e12e8b_5350,11601.055571300898
00e12e8b_5351,11601.05091723946
00e12e8b_5352,11601.052708210053
00e12e8b_5353,11601.046523494972
00e12e8b_5354,11601.044024574068
00e12e8b_5355,11601.042265917162
00e12e8b_5356,11601.0464820469
00e12e8b_5357,11601.046072518477
00e12e8b_5358,11601.046235078216
00e12e8b_5359,11601.047696226946
00e12e8b_5360,11601.054644671116
00e12e8b_5361,11601.05608642025
00e12e8b_5362,11601.057908549175
00e12e8b_5363,11601.060148754026
00e12e8b_5364,11601.06764131061
00e12e8b_5365,11601.069318728874
00e12e8b_5366,11601.070251661837
00e12e8b_5367,11601.070840855742
00e12e8b_5368,11601.070767292327
00e12e8b_5369,11601.073952426395
00e12e8b_5370,11601.073472192526
00e12e8b_5371,11601.072969145738
00e12e8b_5372,11601.072171546712
00e12e8b_5373,11601.07204826508
00e12e8b_5374,11601.070703521644
00e12e8b_5375,11601.075075469676
00e12e8b_5376,11601.073923721293
00e12e8b_5377,11601.072615980403
00e12e8b_5378,11601.070375416288
00e12e8b_5379,11601.068584774708
00e12e8b_5380,11601.072611977
00e12e8b_5381,11601.06975400386
00e12e8b_5382,11601.066653666248
00e12e8b_5383,11601.064711980867
00e12e8b_5384,11601.067711218018
00e12e8b_5385,11601.064388259643
00e12e8b_5386,11601.060413056362
00e12e8b_5387,11601.056861387333
00e12e8b_5388,11601.05838909876
00e12e8b_5389,11601.054233761846
00e12e8b_5390,11601.048441943063
00e12e8b_5391,11601.047243092631
00e12e8b_5392,11601.04325110415
00e12e8b_5393,11601.038957601668
00e12e8b_5394,11601.039534511305
00e12e8b_5395,11601.034918783897
00e12e8b_5396,11601.027499928352
00e12e8b_5397,11601.025632455228
00e12e8b_5398,11601.018858398242
00e12e8b_5399,11601.017467014744
00e12e8b_5400,11601.010305356349
00e12e8b_5401,11601.00455425858
00e12e8b_5402,11601.003431122646
00e12e8b_5403,11600.99854279018
00e12e8b_5404,11600.9990146467
00e12e8b_5405,11600.993807748251
00e12e8b_5406,11600.994502689173
00e12e8b_5407,11600.98980110027
00e12e8b_5408,11600.985743732886
00e12e8b_5409,11600.987557304525
00e12e8b_5410,11600.9830714422
00e12e8b_5411,11600.984854551896
00e12e8b_5412,11600.98106604498
00e12e8b_5413,11600.98271326192
00e12e8b_5414,11600.9792420818
00e12e8b_5415,11600.981117754833
00e12e8b_5416,11600.978122353874
00e12e8b_5417,11600.981490140224
00e12e8b_5418,11600.983767309226
00e12e8b_5419,11600.98130441502
00e12e8b_5420,11600.985556305452
00e12e8b_5421,11600.985850748111
00e12e8b_5422,11600.99302345539
00e12e8b_5423,11600.995614615667
00e12e8b_5424,11601.00394712363
00e12e8b_5425,11601.013834812811
00e12e8b_5426,11601.017425675103
00e12e8b_5427,11601.026795688576
00e12e8b_5428,11601.031046963351
00e12e8b_5429,11601.040304389746
00e12e8b_5430,11601.049531894463
00e12e8b_5431,11601.052410652366
00e12e8b_5432,11601.059329905647
00e12e8b_5433,11601.06572058834
00e12e8b_5434,11601.065030145954
00e12e8b_5435,11601.071152819271
00e12e8b_5436,11601.077219886756
00e12e8b_5437,11601.079991977453
00e12e8b_5438,11601.077333100451
00e12e8b_5439,11601.08152861472
00e12e8b_5440,11601.085455838653
00e12e8b_5441,11601.084188699911
00e12e8b_5442,11601.089372019003
00e12e8b_5443,11601.094926846
00e12e8b_5444,11601.100075086615
00e12e8b_5445,11601.105430125688
00e12e8b_5446,11601.104767063496
00e12e8b_5447,11601.110015602831
00e12e8b_5448,11601.114447630156
00e12e8b_5449,11601.118177739563
00e12e8b_5450,11601.120594827406
00e12e8b_5451,11601.11596380065
00e12e8b_5452,11601.115337996924
00e12e8b_5453,11601.113433862369
00e12e8b_5454,11601.111833433675
00e12e8b_5455,11601.109974572682
00e12e8b_5456,11601.107480668066
00e12e8b_5457,11601.102014632232
00e12e8b_5458,11601.102801541794
00e12e8b_5459,11601.102091012508
00e12e8b_5460,11601.105676269624
00e12e8b_5461,11601.110440193364
00e12e8b_5462,11601.117656737171
00e12e8b_5463,11601.125831334546
00e12e8b_5464,11601.13450762221
00e12e8b_5465,11601.14365621543
00e12e8b_5466,11601.15350963824
00e12e8b_5467,11601.163600289708
00e12e8b_5468,11601.173498365608
00e12e8b_5469,11601.183273076069
00e12e8b_5470,11601.192508157985
00e12e8b_5471,11601.195044563176
00e12e8b_5472,11601.20258732983
00e12e8b_5473,11601.210456485844
00e12e8b_5474,11601.217003144937
00e12e8b_5475,11601.222334472062
00e12e8b_5476,11601.228058630331
00e12e8b_5477,11601.234944590711
00e12e8b_5478,11601.242079026984
00e12e8b_5479,11601.243043030992
00e12e8b_5480,11601.251416621197
00e12e8b_5481,11601.260259476145
00e12e8b_5482,11601.269801976365
00e12e8b_5483,11601.278293582
00e12e8b_5484,11601.279373869367
00e12e8b_5485,11601.285804327308
00e12e8b_5486,11601.290700130396
00e12e8b_5487,11601.294337574556
00e12e8b_5488,11601.290795652492
00e12e8b_5489,11601.29107306563
00e12e8b_5490,11601.289998507742
00e12e8b_5491,11601.287144277165
00e12e8b_5492,11601.27900179878
00e12e8b_5493,11601.27659168296
00e12e8b_5494,11601.27477090967
00e12e8b_5495,11601.267320993124
00e12e8b_5496,11601.265018481765
00e12e8b_5497,11601.261661755563
00e12e8b_5498,11601.256282294242
00e12e8b_5499,11601.255956172092
00e12e8b_5500,11601.254334654106
00e12e8b_5501,11601.247521048546
00e12e8b_5502,11601.246080021803
00e12e8b_5503,11601.244894922176
00e12e8b_5504,11601.237166640713
00e12e8b_5505,11601.235732308209
00e12e8b_5506,11601.228463573683
00e12e8b_5507,11601.226810691094
00e12e8b_5508,11601.21912686318
00e12e8b_5509,11601.216997550477
00e12e8b_5510,11601.214211467728
00e12e8b_5511,11601.205260727653
00e12e8b_5512,11601.203501569848
00e12e8b_5513,11601.1971916755
00e12e8b_5514,11601.19773983194
00e12e8b_5515,11601.19211819883
00e12e8b_5516,11601.19274934932
00e12e8b_5517,11601.187771644223
00e12e8b_5518,11601.18399687283
00e12e8b_5519,11601.186697623736
00e12e8b_5520,11601.184309020806
00e12e8b_5521,11601.186392907814
00e12e8b_5522,11601.182682418574
00e12e8b_5523,11601.18396576932
00e12e8b_5524,11601.17978210536
00e12e8b_5525,11601.17739381698
00e12e8b_5526,11601.180698459635
00e12e8b_5527,11601.179645497348
00e12e8b_5528,11601.178709348373
00e12e8b_5529,11601.183884772
00e12e8b_5530,11601.183072430207
00e12e8b_5531,11601.181071987145
00e12e8b_5532,11601.185864058809
00e12e8b_5533,11601.184714512625
00e12e8b_5534,11601.183050783158
00e12e8b_5535,11601.186876566648
00e12e8b_5536,11601.184894938271
00e12e8b_5537,11601.18136907545
00e12e8b_5538,11601.184005185773
00e12e8b_5539,11601.18221961196
00e12e8b_5540,11601.180623065182
00e12e8b_5541,11601.17918003572
00e12e8b_5542,11601.1767146006
00e12e8b_5543,11601.178284764592
00e12e8b_5544,11601.173648802314
00e12e8b_5545,11601.17034758615
00e12e8b_5546,11601.167023021146
00e12e8b_5547,11601.163672227958
00e12e8b_5548,11601.166181284636
00e12e8b_5549,11601.163269192071
00e12e8b_5550,11601.161047933623
00e12e8b_5551,11601.158193713143
00e12e8b_5552,11601.156291401352
00e12e8b_5553,11601.154247992295
00e12e8b_5554,11601.152767514392
00e12e8b_5555,11601.150862180584
00e12e8b_5556,11601.154134885452
00e12e8b_5557,11601.15077264828
00e12e8b_5558,11601.148441926038
00e12e8b_5559,11601.14635436876
00e12e8b_5560,11601.144380048292
00e12e8b_5561,11601.14358589273
00e12e8b_5562,11601.1425067071
00e12e8b_5563,11601.141607420064
00e12e8b_5564,11601.139910418537
00e12e8b_5565,11601.138560272391
00e12e8b_5566,11601.138074391827
00e12e8b_5567,11601.137591996772
00e12e8b_5568,11601.137349681589
00e12e8b_5569,11601.14271457641
00e12e8b_5570,11601.14322190118
00e12e8b_5571,11601.14259380016
00e12e8b_5572,11601.142972726111
00e12e8b_5573,11601.143623593456
00e12e8b_5574,11601.144498578076
00e12e8b_5575,11601.150463874828
00e12e8b_5576,11601.150803091508
00e12e8b_5577,11601.150249527343
00e12e8b_5578,11601.150584327628
00e12e8b_5579,11601.15642075241
00e12e8b_5580,11601.156228028254
00e12e8b_5581,11601.155758346988
00e12e8b_5582,11601.156175753196
00e12e8b_5583,11601.162229089256
00e12e8b_5584,11601.161264068556
00e12e8b_5585,11601.161751092188
00e12e8b_5586,11601.167722385064
00e12e8b_5587,11601.168408513133
00e12e8b_5588,11601.174453321615
00e12e8b_5589,11601.175104281385
00e12e8b_5590,11601.175327417706
00e12e8b_5591,11601.1798389696
00e12e8b_5592,11601.180144319203
00e12e8b_5593,11601.186053620717
00e12e8b_5594,11601.186006123098
00e12e8b_5595,11601.191479346831
00e12e8b_5596,11601.190862135456
00e12e8b_5597,11601.19485238419
00e12e8b_5598,11601.195134451991
00e12e8b_5599,11601.200711253096
00e12e8b_5600,11601.201064971268
00e12e8b_5601,11601.205865404783
00e12e8b_5602,11601.204725957978
00e12e8b_5603,11601.209361390873
00e12e8b_5604,11601.209119968888
00e12e8b_5605,11601.211568370987
00e12e8b_5606,11601.21501204139
00e12e8b_5607,11601.21392949744
00e12e8b_5608,11601.21860607862
00e12e8b_5609,11601.218119879984
00e12e8b_5610,11601.224362184434
00e12e8b_5611,11601.229559439416
00e12e8b_5612,11601.236690029147
00e12e8b_5613,11601.238401535187
00e12e8b_5614,11601.24673578228
00e12e8b_5615,11601.255839028092
00e12e8b_5616,11601.259159622685
00e12e8b_5617,11601.267025057568
00e12e8b_5618,11601.276822627817
00e12e8b_5619,11601.286943176034
00e12e8b_5620,11601.2977846874
00e12e8b_5621,11601.303231991553
00e12e8b_5622,11601.315232415673
00e12e8b_5623,11601.326824371896
00e12e8b_5624,11601.337555348926
00e12e8b_5625,11601.349589733123
00e12e8b_5626,11601.361709024017
00e12e8b_5627,11601.367520588325
00e12e8b_5628,11601.380077176576
00e12e8b_5629,11601.393156090548
00e12e8b_5630,11601.407302831813
00e12e8b_5631,11601.420079360629
00e12e8b_5632,11601.43371847616
00e12e8b_5633,11601.447125300136
00e12e8b_5634,11601.461613417716
00e12e8b_5635,11601.476004979802
00e12e8b_5636,11601.491310973115
00e12e8b_5637,11601.505206591311
00e12e8b_5638,11601.51916411216
00e12e8b_5639,11601.532289051816
00e12e8b_5640,11601.545652964369
00e12e8b_5641,11601.558040258578
00e12e8b_5642,11601.56986838612
00e12e8b_5643,11601.581252580045
00e12e8b_5644,11601.597738156925
00e12e8b_5645,11601.6096448206
00e12e8b_5646,11601.621280313528
00e12e8b_5647,11601.632303497856
00e12e8b_5648,11601.643156538525
00e12e8b_5649,11601.653064848617
00e12e8b_5650,11601.661732405162
00e12e8b_5651,11601.673798468191
00e12e8b_5652,11601.681940000926
00e12e8b_5653,11601.688887303626
00e12e8b_5654,11601.694867568778
00e12e8b_5655,11601.706698698916
00e12e8b_5656,11601.71218303289
00e12e8b_5657,11601.716088798146
00e12e8b_5658,11601.72105631702
00e12e8b_5659,11601.730021441264
00e12e8b_5660,11601.732192310676
00e12e8b_5661,11601.733174297837
00e12e8b_5662,11601.734914493394
00e12e8b_5663,11601.742586142243
00e12e8b_5664,11601.74307585844
00e12e8b_5665,11601.744278806382
00e12e8b_5666,11601.748946313166
00e12e8b_5667,11601.75395480976
00e12e8b_5668,11601.758326384826
00e12e8b_5669,11601.76800469153
00e12e8b_5670,11601.772306117367
00e12e8b_5671,11601.775263988784
00e12e8b_5672,11601.779643000127
00e12e8b_5673,11601.782749877711
00e12e8b_5674,11601.786725689915
00e12e8b_5675,11601.790911527536
00e12e8b_5676,11601.795109114351
00e12e8b_5677,11601.799178406793
00e12e8b_5678,11601.805246101452
00e12e8b_5679,11601.81091260937
00e12e8b_5680,11601.8218507501
00e12e8b_5681,11601.82774665377
00e12e8b_5682,11601.83329559989
00e12e8b_5683,11601.837783773355
00e12e8b_5684,11601.841533210543
00e12e8b_5685,11601.846154114332
00e12e8b_5686,11601.844747726667
00e12e8b_5687,11601.84866019692
00e12e8b_5688,11601.851798900072
00e12e8b_5689,11601.854279179352
00e12e8b_5690,11601.857133473995
00e12e8b_5691,11601.858575696957
00e12e8b_5692,11601.86125203866
00e12e8b_5693,11601.86463608038
00e12e8b_5694,11601.868625950752
00e12e8b_5695,11601.871439219738
00e12e8b_5696,11601.873933042152
00e12e8b_5697,11601.875701763907
00e12e8b_5698,11601.872928010176
00e12e8b_5699,11601.875902680613
00e12e8b_5700,11601.879044130848
00e12e8b_5701,11601.88233841007
00e12e8b_5702,11601.885934245827
00e12e8b_5703,11601.889963576125
00e12e8b_5704,11601.886985029743
00e12e8b_5705,11601.891373380078
00e12e8b_5706,11601.895305602624
00e12e8b_5707,11601.89883859281
00e12e8b_5708,11601.897292030617
00e12e8b_5709,11601.901145003118
00e12e8b_5710,11601.90476816428
00e12e8b_5711,11601.906663249483
00e12e8b_5712,11601.905183687815
00e12e8b_5713,11601.90964781346
00e12e8b_5714,11601.91394082976
00e12e8b_5715,11601.912929071306
00e12e8b_5716,11601.91706784752
00e12e8b_5717,11601.92041865504
00e12e8b_5718,11601.919281828788
00e12e8b_5719,11601.92382023527
00e12e8b_5720,11601.928880897596
00e12e8b_5721,11601.929190473762
00e12e8b_5722,11601.935345237558
00e12e8b_5723,11601.936301128651
00e12e8b_5724,11601.941834291756
00e12e8b_5725,11601.948546605248
00e12e8b_5726,11601.950059897452
00e12e8b_5727,11601.957452468305
00e12e8b_5728,11601.958854212617
00e12e8b_5729,11601.965733925228
00e12e8b_5730,11601.967070414796
00e12e8b_5731,11601.973075859967
00e12e8b_5732,11601.973956457892
00e12e8b_5733,11601.978136357691
00e12e8b_5734,11601.977592620478
00e12e8b_5735,11601.983640356715
00e12e8b_5736,11601.984819723457
00e12e8b_5737,11601.990689556484
00e12e8b_5738,11601.992726501274
00e12e8b_5739,11602.000616462945
00e12e8b_5740,11602.00298874933
00e12e8b_5741,11602.011648437629
00e12e8b_5742,11602.01390186423
00e12e8b_5743,11602.015681935884
00e12e8b_5744,11602.021879092765
00e12e8b_5745,11602.022716581854
00e12e8b_5746,11602.022477716955
00e12e8b_5747,11602.026285864276
00e12e8b_5748,11602.02334288168
00e12e8b_5749,11602.025188913256
00e12e8b_5750,11602.022690732229
00e12e8b_5751,11602.01923926904
00e12e8b_5752,11602.016534527178
00e12e8b_5753,11602.019584707916
00e12e8b_5754,11602.01718520081
00e12e8b_5755,11602.019100770443
00e12e8b_5756,11602.013769844554
00e12e8b_5757,11602.013296694826
00e12e8b_5758,11602.008999979762
00e12e8b_5759,11602.01068116718
00e12e8b_5760,11602.007547789048
00e12e8b_5761,11602.010346073155
00e12e8b_5762,11602.00794791869
00e12e8b_5763,11602.011470720488
00e12e8b_5764,11602.013535254078
00e12e8b_5765,11602.012109319823
00e12e8b_5766,11602.0162275629
00e12e8b_5767,11602.021075686182
00e12e8b_5768,11602.026183529466
00e12e8b_5769,11602.026248486382
00e12e8b_5770,11602.032052758228
00e12e8b_5771,11602.036324357654
00e12e8b_5772,11602.04111634715
00e12e8b_5773,11602.046741704267
00e12e8b_5774,11602.052820872505
00e12e8b_5775,11602.059382791216
00e12e8b_5776,11602.066884547396
00e12e8b_5777,11602.07331823448
00e12e8b_5778,11602.080858049136
00e12e8b_5779,11602.090218551904
00e12e8b_5780,11602.100005653105
00e12e8b_5781,11602.117031741634
00e12e8b_5782,11602.128427167012
00e12e8b_5783,11602.14117856826
00e12e8b_5784,11602.154321450284
00e12e8b_5785,11602.174765414831
00e12e8b_5786,11602.190713942491
00e12e8b_5787,11602.207296680845
00e12e8b_5788,11602.230225342846
00e12e8b_5789,11602.248340697242
00e12e8b_5790,11602.272242974024
00e12e8b_5791,11602.29006201178
00e12e8b_5792,11602.308761628934
00e12e8b_5793,11602.333030288202
00e12e8b_5794,11602.357050167182
00e12e8b_5795,11602.376959093606
00e12e8b_5796,11602.40228670463
00e12e8b_5797,11602.420923291424
00e12e8b_5798,11602.446623340067
00e12e8b_5799,11602.471932791876
00e12e8b_5800,11602.491493372743
00e12e8b_5801,11602.516283226554
00e12e8b_5802,11602.541339333848
00e12e8b_5803,11602.566954946911
00e12e8b_5804,11602.591361335477
00e12e8b_5805,11602.616765670702
00e12e8b_5806,11602.636630342666
00e12e8b_5807,11602.66154993201
00e12e8b_5808,11602.686523070131
00e12e8b_5809,11602.710065895862
00e12e8b_5810,11602.733130737808
00e12e8b_5811,11602.755489103292
00e12e8b_5812,11602.777755959503
00e12e8b_5813,11602.804969580768
00e12e8b_5814,11602.826138764069
00e12e8b_5815,11602.846104129056
00e12e8b_5816,11602.86656775523
00e12e8b_5817,11602.887894545009
00e12e8b_5818,11602.913470066149
00e12e8b_5819,11602.934403841313
00e12e8b_5820,11602.954125521872
00e12e8b_5821,11602.973652699098
00e12e8b_5822,11602.998208992976
00e12e8b_5823,11603.015856359732
00e12e8b_5824,11603.0383103378
00e12e8b_5825,11603.05637277834
00e12e8b_5826,11603.078717107432
00e12e8b_5827,11603.095378952865
00e12e8b_5828,11603.116916608617
00e12e8b_5829,11603.132976935796
00e12e8b_5830,11603.153918203872
00e12e8b_5831,11603.167261788583
00e12e8b_5832,11603.187252140477
00e12e8b_5833,11603.208392192131
00e12e8b_5834,11603.223076519578
00e12e8b_5835,11603.242942167184
00e12e8b_5836,11603.262727909863
00e12e8b_5837,11603.282080490382
00e12e8b_5838,11603.300374663391
00e12e8b_5839,11603.319461075123
00e12e8b_5840,11603.332481802732
00e12e8b_5841,11603.319457629384
00e12e8b_5842,11603.33899161285
00e12e8b_5843,11603.360397011278
00e12e8b_5844,11603.383064504003
00e12e8b_5845,11603.404329519824
00e12e8b_5846,11603.425502666174
00e12e8b_5847,11603.447474892506
00e12e8b_5848,11603.468258194427
00e12e8b_5849,11603.49426185592
00e12e8b_5850,11603.514512082596
00e12e8b_5851,11603.535994310254
00e12e8b_5852,11603.556687708446
00e12e8b_5853,11603.577345734771
00e12e8b_5854,11603.596604211096
00e12e8b_5855,11603.615275913176
00e12e8b_5856,11603.634486886256
00e12e8b_5857,11603.649701401113
00e12e8b_5858,11603.663905707992
00e12e8b_5859,11603.679022141052
00e12e8b_5860,11603.69534503863
00e12e8b_5861,11603.71652119964
00e12e8b_5862,11603.734000023467
00e12e8b_5863,11603.75262564632
00e12e8b_5864,11603.773223842045
00e12e8b_5865,11603.793581615875
00e12e8b_5866,11603.81549493246
00e12e8b_5867,11603.839000198068
00e12e8b_5868,11603.863522421932
00e12e8b_5869,11603.893984462737
00e12e8b_5870,11603.92188941428
00e12e8b_5871,11603.949779364792
00e12e8b_5872,11603.978425144556
00e12e8b_5873,11604.009601870965
00e12e8b_5874,11604.040765199192
00e12e8b_5875,11604.072338212643
00e12e8b_5876,11604.109413081962
00e12e8b_5877,11604.14263865985
00e12e8b_5878,11604.177095564992
00e12e8b_5879,11604.211904442796
00e12e8b_5880,11604.24840896868
00e12e8b_5881,11604.284749787188
00e12e8b_5882,11604.32797610238
00e12e8b_5883,11604.366520631434
00e12e8b_5884,11604.404094029733
00e12e8b_5885,11604.441929346876
00e12e8b_5886,11604.481357195613
00e12e8b_5887,11604.52599453309
00e12e8b_5888,11604.566020041944
00e12e8b_5889,11604.606660138234
00e12e8b_5890,11604.645792869009
00e12e8b_5891,11604.682518109998
00e12e8b_5892,11604.724960080071
00e12e8b_5893,11604.76143007953
00e12e8b_5894,11604.79597949873
00e12e8b_5895,11604.829307663886
00e12e8b_5896,11604.868911593703
00e12e8b_5897,11604.899985358126
00e12e8b_5898,11604.93073866072
00e12e8b_5899,11604.961714131405
00e12e8b_5900,11604.992496707107
00e12e8b_5901,11605.028246384078
00e12e8b_5902,11605.058718515971
00e12e8b_5903,11605.087230665673
00e12e8b_5904,11605.115031273086
00e12e8b_5905,11605.148025161669
00e12e8b_5906,11605.176589179866
00e12e8b_5907,11605.202698398864
00e12e8b_5908,11605.23402714092
00e12e8b_5909,11605.260216981636
00e12e8b_5910,11605.284950571277
00e12e8b_5911,11605.309076125224
00e12e8b_5912,11605.338771336828
00e12e8b_5913,11605.36052626242
00e12e8b_5914,11605.381383785469
00e12e8b_5915,11605.40956943291
00e12e8b_5916,11605.430135082355
00e12e8b_5917,11605.449942056675
00e12e8b_5918,11605.474954025194
00e12e8b_5919,11605.508125069704
00e12e8b_5920,11605.535996341516
00e12e8b_5921,11605.566047262537
00e12e8b_5922,11605.604847591843
00e12e8b_5923,11605.636825179105
00e12e8b_5924,11605.669044387798
00e12e8b_5925,11605.70844788069
00e12e8b_5926,11605.742683949338
00e12e8b_5927,11605.776143541098
00e12e8b_5928,11605.817170591694
00e12e8b_5929,11605.851463827414
00e12e8b_5930,11605.885628084812
00e12e8b_5931,11605.924856059646
00e12e8b_5932,11605.955275885352
00e12e8b_5933,11605.98360362338
00e12e8b_5934,11606.01785773475
00e12e8b_5935,11606.044199877835
00e12e8b_5936,11606.07607439725
00e12e8b_5937,11606.10433448888
00e12e8b_5938,11606.132437766752
00e12e8b_5939,11606.16617033827
00e12e8b_5940,11606.19360011134
00e12e8b_5941,11606.220617629697
00e12e8b_5942,11606.252575929351
00e12e8b_5943,11606.277629885772
00e12e8b_5944,11606.301612722003
00e12e8b_5945,11606.329381878708
00e12e8b_5946,11606.351301695646
00e12e8b_5947,11606.371673358031
00e12e8b_5948,11606.39038812982
00e12e8b_5949,11606.40686239412
00e12e8b_5950,11606.42239177311
00e12e8b_5951,11606.43714043508
00e12e8b_5952,11606.453194764632
00e12e8b_5953,11606.468224903909
00e12e8b_5954,11606.484708425356
00e12e8b_5955,11606.500353169924
00e12e8b_5956,11606.516968427906
00e12e8b_5957,11606.533426569771
00e12e8b_5958,11606.54554392631
00e12e8b_5959,11606.56246965523
00e12e8b_5960,11606.579449467476
00e12e8b_5961,11606.597093567296
00e12e8b_5962,11606.60898578013
00e12e8b_5963,11606.6285293521
00e12e8b_5964,11606.643475989738
00e12e8b_5965,11606.66519378988
00e12e8b_5966,11606.68729093432
00e12e8b_5967,11606.704705593556
00e12e8b_5968,11606.72235607184
00e12e8b_5969,11606.747131936829
00e12e8b_5970,11606.764629354093
00e12e8b_5971,11606.787383485414
00e12e8b_5972,11606.804204248658
00e12e8b_5973,11606.819923827376
00e12e8b_5974,11606.835387401532
00e12e8b_5975,11606.856112631183
00e12e8b_5976,11606.872702787949
00e12e8b_5977,11606.88903728535
00e12e8b_5978,11606.905351394118
00e12e8b_5979,11606.921485091869
00e12e8b_5980,11606.938068500362
00e12e8b_5981,11606.953962641324
00e12e8b_5982,11606.96957439858
00e12e8b_5983,11606.985760223044
00e12e8b_5984,11607.000357776584
00e12e8b_5985,11607.01588154714
00e12e8b_5986,11607.031054565708
00e12e8b_5987,11607.047282325282
00e12e8b_5988,11607.058038706044
00e12e8b_5989,11607.073735239204
00e12e8b_5990,11607.089062031577
00e12e8b_5991,11607.098685753994
00e12e8b_5992,11607.112253475652
00e12e8b_5993,11607.124765788923
00e12e8b_5994,11607.13113788563
00e12e8b_5995,11607.140990730357
00e12e8b_5996,11607.14663035265
00e12e8b_5997,11607.157974577654
00e12e8b_5998,11607.16314137364
00e12e8b_5999,11607.17198599196
00e12e8b_6000,11607.17436748956
00e12e8b_6001,11607.17663735939
00e12e8b_6002,11607.177732860731
00e12e8b_6003,11607.184686408204
00e12e8b_6004,11607.185791474089
00e12e8b_6005,11607.186364181563
00e12e8b_6006,11607.188738606412
00e12e8b_6007,11607.190654738486
00e12e8b_6008,11607.197416963916
00e12e8b_6009,11607.19988042808
00e12e8b_6010,11607.202628573254
00e12e8b_6011,11607.206471691188
00e12e8b_6012,11607.209823938878
00e12e8b_6013,11607.208966915085
00e12e8b_6014,11607.211926737293
00e12e8b_6015,11607.2154604131
00e12e8b_6016,11607.218620721442
00e12e8b_6017,11607.221303587205
00e12e8b_6018,11607.223181194147
00e12e8b_6019,11607.218621950578
00e12e8b_6020,11607.220372013437
00e12e8b_6021,11607.221002852251
00e12e8b_6022,11607.216305592923
00e12e8b_6023,11607.217523500633
00e12e8b_6024,11607.212842624367
00e12e8b_6025,11607.211683889062
00e12e8b_6026,11607.205040263429
00e12e8b_6027,11607.204029304512
00e12e8b_6028,11607.198645154856
00e12e8b_6029,11607.19751737496
00e12e8b_6030,11607.190425772897
00e12e8b_6031,11607.184091236184
00e12e8b_6032,11607.182732681842
00e12e8b_6033,11607.17542022542
00e12e8b_6034,11607.167853426929
00e12e8b_6035,11607.16114235271
00e12e8b_6036,11607.153021528196
00e12e8b_6037,11607.14550645082
00e12e8b_6038,11607.144296266517
00e12e8b_6039,11607.136776581874
00e12e8b_6040,11607.128182321669
00e12e8b_6041,11607.118592938674
00e12e8b_6042,11607.110511530242
00e12e8b_6043,11607.104139340936
00e12e8b_6044,11607.09695243498
00e12e8b_6045,11607.091032606995
00e12e8b_6046,11607.085350913298
00e12e8b_6047,11607.079198114676
00e12e8b_6048,11607.077320826069
00e12e8b_6049,11607.069867440036
00e12e8b_6050,11607.063544407196
00e12e8b_6051,11607.056017933424
00e12e8b_6052,11607.046646245004
00e12e8b_6053,11607.035877890612
00e12e8b_6054,11607.02573348999
00e12e8b_6055,11607.01574353105
00e12e8b_6056,11607.004804923685
00e12e8b_6057,11606.993269844948
00e12e8b_6058,11606.980441053596
00e12e8b_6059,11606.966528883724
00e12e8b_6060,11606.954223263505
00e12e8b_6061,11606.941775161766
00e12e8b_6062,11606.928377951224
00e12e8b_6063,11606.914962462346
00e12e8b_6064,11606.900461716548
00e12e8b_6065,11606.880010408906
00e12e8b_6066,11606.863971568033
00e12e8b_6067,11606.84876741596
00e12e8b_6068,11606.832907586797
00e12e8b_6069,11606.81805164765
00e12e8b_6070,11606.801310383898
00e12e8b_6071,11606.785812774804
00e12e8b_6072,11606.76750810579
00e12e8b_6073,11606.74978453261
00e12e8b_6074,11606.731718977226
00e12e8b_6075,11606.707555726409
00e12e8b_6076,11606.687744585506
00e12e8b_6077,11606.66762858228
00e12e8b_6078,11606.64494316344
00e12e8b_6079,11606.623032273405
00e12e8b_6080,11606.600660978867
00e12e8b_6081,11606.57852686289
00e12e8b_6082,11606.550926708427
00e12e8b_6083,11606.528201637368
00e12e8b_6084,11606.505483904695
00e12e8b_6085,11606.480375932422
00e12e8b_6086,11606.45861248049
00e12e8b_6087,11606.431260675849
00e12e8b_6088,11606.410211725311
00e12e8b_6089,11606.389095409691
00e12e8b_6090,11606.369308756395
00e12e8b_6091,11606.342373141622
00e12e8b_6092,11606.322152339551
00e12e8b_6093,11606.30228169414
00e12e8b_6094,11606.2834052265
00e12e8b_6095,11606.258286370485
00e12e8b_6096,11606.238782591156
00e12e8b_6097,11606.220372082778
00e12e8b_6098,11606.194266797267
00e12e8b_6099,11606.173629089286
00e12e8b_6100,11606.152631031257
00e12e8b_6101,11606.126407111058
00e12e8b_6102,11606.10549559407
00e12e8b_6103,11606.084211360325
00e12e8b_6104,11606.053228331151
00e12e8b_6105,11606.029651414116
00e12e8b_6106,11606.005150875995
00e12e8b_6107,11605.974073739771
00e12e8b_6108,11605.949367927167
00e12e8b_6109,11605.92865468828
00e12e8b_6110,11605.903689999328
00e12e8b_6111,11605.884752039186
00e12e8b_6112,11605.860822977127
00e12e8b_6113,11605.840059169408
00e12e8b_6114,11605.812164828832
00e12e8b_6115,11605.78950752717
00e12e8b_6116,11605.76407344103
00e12e8b_6117,11605.7335947676
00e12e8b_6118,11605.707044594948
00e12e8b_6119,11605.677685676124
00e12e8b_6120,11605.652450304866
00e12e8b_6121,11605.623175749804
00e12e8b_6122,11605.599419885457
00e12e8b_6123,11605.569914494175
00e12e8b_6124,11605.549326143786
00e12e8b_6125,11605.523924048954
00e12e8b_6126,11605.506893235568
00e12e8b_6127,11605.484610614214
00e12e8b_6128,11605.468215297253
00e12e8b_6129,11605.446048075386
00e12e8b_6130,11605.428682394566
00e12e8b_6131,11605.407392233892
00e12e8b_6132,11605.39017364994
00e12e8b_6133,11605.36978647203
00e12e8b_6134,11605.35532779386
00e12e8b_6135,11605.336719592597
00e12e8b_6136,11605.31729463839
00e12e8b_6137,11605.305093476436
00e12e8b_6138,11605.28858237782
00e12e8b_6139,11605.277821703889
00e12e8b_6140,11605.264137291731
00e12e8b_6141,11605.251195487268
00e12e8b_6142,11605.245870136738
00e12e8b_6143,11605.236269990044
00e12e8b_6144,11605.234380286183
00e12e8b_6145,11605.227423725357
00e12e8b_6146,11605.222015194588
00e12e8b_6147,11605.223341238325
00e12e8b_6148,11605.22004854854
00e12e8b_6149,11605.218768310087
00e12e8b_6150,11605.222764322592
00e12e8b_6151,11605.221404353317
00e12e8b_6152,11605.218487108625
00e12e8b_6153,11605.218670471411
00e12e8b_6154,11605.213897011832
00e12e8b_6155,11605.205683430382
00e12e8b_6156,11605.19845910479
00e12e8b_6157,11605.194471315594
00e12e8b_6158,11605.183926705124
00e12e8b_6159,11605.170777711748
00e12e8b_6160,11605.163500365066
00e12e8b_6161,11605.148937353382
00e12e8b_6162,11605.133699030366
00e12e8b_6163,11605.120762824114
00e12e8b_6164,11605.110662060608
00e12e8b_6165,11605.097081418457
00e12e8b_6166,11605.080634262416
00e12e8b_6167,11605.064127838406
00e12e8b_6168,11605.051429275009
00e12e8b_6169,11605.031407865948
00e12e8b_6170,11605.011471935097
00e12e8b_6171,11604.98910398858
00e12e8b_6172,11604.966021959586
00e12e8b_6173,11604.940052659234
00e12e8b_6174,11604.91960433757
00e12e8b_6175,11604.891667656226
00e12e8b_6176,11604.864037447533
00e12e8b_6177,11604.835568071809
00e12e8b_6178,11604.806413308535
00e12e8b_6179,11604.77812788621
00e12e8b_6180,11604.753836091331
00e12e8b_6181,11604.725034675934
00e12e8b_6182,11604.694206323464
00e12e8b_6183,11604.664274789222
00e12e8b_6184,11604.634851093706
00e12e8b_6185,11604.603963842048
00e12e8b_6186,11604.573260353063
00e12e8b_6187,11604.541542402312
00e12e8b_6188,11604.510126731408
00e12e8b_6189,11604.478715773908
00e12e8b_6190,11604.44226650705
00e12e8b_6191,11604.405746638451
00e12e8b_6192,11604.368434183983
00e12e8b_6193,11604.332378633688
00e12e8b_6194,11604.295692167736
00e12e8b_6195,11604.261026560718
00e12e8b_6196,11604.22659311011
00e12e8b_6197,11604.192303144431
00e12e8b_6198,11604.15902545688
00e12e8b_6199,11604.126178328934
00e12e8b_6200,11604.094783557724
00e12e8b_6201,11604.06438283962
00e12e8b_6202,11604.033642321076
00e12e8b_6203,11604.004079250062
00e12e8b_6204,11603.972925781336
00e12e8b_6205,11603.94301310872
00e12e8b_6206,11603.912983088136
00e12e8b_6207,11603.88184070084
00e12e8b_6208,11603.85248996168
00e12e8b_6209,11603.82206200014
00e12e8b_6210,11603.792250553865
00e12e8b_6211,11603.76163065719
00e12e8b_6212,11603.729804452105
00e12e8b_6213,11603.69964065276
00e12e8b_6214,11603.670531888662
00e12e8b_6215,11603.637848633149
00e12e8b_6216,11603.611127633212
00e12e8b_6217,11603.584145661584
00e12e8b_6218,11603.559135322745
00e12e8b_6219,11603.534434386023
00e12e8b_6220,11603.512541663982
00e12e8b_6221,11603.491643100064
00e12e8b_6222,11603.471259327423
00e12e8b_6223,11603.452429130952
00e12e8b_6224,11603.426215442058
00e12e8b_6225,11603.40698662518
00e12e8b_6226,11603.388346228625
00e12e8b_6227,11603.36872491084
00e12e8b_6228,11603.350823763292
00e12e8b_6229,11603.332705032064
00e12e8b_6230,11603.309884504084
00e12e8b_6231,11603.293224818632
00e12e8b_6232,11603.276368791056
00e12e8b_6233,11603.261527199393
00e12e8b_6234,11603.239025811945
00e12e8b_6235,11603.223408364993
00e12e8b_6236,11603.208499318993
00e12e8b_6237,11603.194230179914
00e12e8b_6238,11603.175300438112
00e12e8b_6239,11603.161726506336
00e12e8b_6240,11603.14997801548
00e12e8b_6241,11603.13151376533
00e12e8b_6242,11603.11821589555
00e12e8b_6243,11603.108125870296
00e12e8b_6244,11603.09142256884
00e12e8b_6245,11603.080538016897
00e12e8b_6246,11603.06962446201
00e12e8b_6247,11603.05336643154
00e12e8b_6248,11603.043405230796
00e12e8b_6249,11603.02788672214
00e12e8b_6250,11603.019076400607
00e12e8b_6251,11603.010598911167
00e12e8b_6252,11602.99588899034
00e12e8b_6253,11602.988471546472
00e12e8b_6254,11602.974996970384
00e12e8b_6255,11602.968433679309
00e12e8b_6256,11602.95589446808
00e12e8b_6257,11602.948249545623
00e12e8b_6258,11602.936390444584
00e12e8b_6259,11602.93085542075
00e12e8b_6260,11602.919943662684
00e12e8b_6261,11602.914698958257
00e12e8b_6262,11602.90119696215
00e12e8b_6263,11602.888496828333
00e12e8b_6264,11602.87964365755
00e12e8b_6265,11602.86681786253
00e12e8b_6266,11602.858422780431
00e12e8b_6267,11602.84370948844
00e12e8b_6268,11602.827815864508
00e12e8b_6269,11602.816673115669
00e12e8b_6270,11602.798996917152
00e12e8b_6271,11602.786921938074
00e12e8b_6272,11602.767975593648
00e12e8b_6273,11602.748236696012
00e12e8b_6274,11602.732864071608
00e12e8b_6275,11602.71070569244
00e12e8b_6276,11602.68749620799
00e12e8b_6277,11602.66226163791
00e12e8b_6278,11602.642580732556
00e12e8b_6279,11602.6170699739
00e12e8b_6280,11602.591334875286
00e12e8b_6281,11602.565104627336
00e12e8b_6282,11602.541721934278
00e12e8b_6283,11602.511129372311
00e12e8b_6284,11602.479146127618
00e12e8b_6285,11602.446921844072
00e12e8b_6286,11602.418480702563
00e12e8b_6287,11602.382010020548
00e12e8b_6288,11602.346078143975
00e12e8b_6289,11602.307089613289
00e12e8b_6290,11602.268453685052
00e12e8b_6291,11602.229197594095
00e12e8b_6292,11602.187270067376
00e12e8b_6293,11602.15065923284
00e12e8b_6294,11602.10677377047
00e12e8b_6295,11602.064425921984
00e12e8b_6296,11602.022815686669
00e12e8b_6297,11601.979262205772
00e12e8b_6298,11601.935849192863
00e12e8b_6299,11601.890553114446
00e12e8b_6300,11601.84607351598
00e12e8b_6301,11601.801914202844
00e12e8b_6302,11601.7581200012
00e12e8b_6303,11601.7154652859
00e12e8b_6304,11601.671067397354
00e12e8b_6305,11601.627325813
00e12e8b_6306,11601.583734639751
00e12e8b_6307,11601.538642920625
00e12e8b_6308,11601.496843211124
00e12e8b_6309,11601.460525661469
00e12e8b_6310,11601.425450859071
00e12e8b_6311,11601.39163945682
00e12e8b_6312,11601.358204724096
00e12e8b_6313,11601.325428160848
00e12e8b_6314,11601.29377644104
00e12e8b_6315,11601.26202891688
00e12e8b_6316,11601.22482116652
00e12e8b_6317,11601.194404807124
00e12e8b_6318,11601.163533317802
00e12e8b_6319,11601.13325490132
00e12e8b_6320,11601.102047870436
00e12e8b_6321,11601.07068059051
00e12e8b_6322,11601.040819932296
00e12e8b_6323,11601.006228947092
00e12e8b_6324,11600.97685161308
00e12e8b_6325,11600.94941523374
00e12e8b_6326,11600.92202929432
00e12e8b_6327,11600.896333178156
00e12e8b_6328,11600.869957853194
00e12e8b_6329,11600.83891501573
00e12e8b_6330,11600.813911945175
00e12e8b_6331,11600.790427941616
00e12e8b_6332,11600.766705988288
00e12e8b_6333,11600.742640694672
00e12e8b_6334,11600.719951398318
00e12e8b_6335,11600.690712082793
00e12e8b_6336,11600.667323019788
00e12e8b_6337,11600.644484488685
00e12e8b_6338,11600.623506667993
00e12e8b_6339,11600.604994782385
00e12e8b_6340,11600.583687645603
00e12e8b_6341,11600.556548907723
00e12e8b_6342,11600.535974590215
00e12e8b_6343,11600.514803609798
00e12e8b_6344,11600.495499873214
00e12e8b_6345,11600.478686855186
00e12e8b_6346,11600.46345197142
00e12e8b_6347,11600.442445920877
00e12e8b_6348,11600.42753158166
00e12e8b_6349,11600.41472462414
00e12e8b_6350,11600.403071436636
00e12e8b_6351,11600.391648361918
00e12e8b_6352,11600.37368210553
00e12e8b_6353,11600.362875690324
00e12e8b_6354,11600.353518198615
00e12e8b_6355,11600.34458280024
00e12e8b_6356,11600.335859947014
00e12e8b_6357,11600.327940006651
00e12e8b_6358,11600.315130669764
00e12e8b_6359,11600.308411853286
00e12e8b_6360,11600.301729370698
00e12e8b_6361,11600.29727396784
00e12e8b_6362,11600.29334082708
00e12e8b_6363,11600.29007072936
00e12e8b_6364,11600.281900155907
00e12e8b_6365,11600.27994917901
00e12e8b_6366,11600.278502099329
00e12e8b_6367,11600.278001667675
00e12e8b_6368,11600.278015037116
00e12e8b_6369,11600.273532402116
00e12e8b_6370,11600.27538788872
00e12e8b_6371,11600.27778052498
00e12e8b_6372,11600.280102736971
00e12e8b_6373,11600.284894706228
00e12e8b_6374,11600.290531784674
00e12e8b_6375,11600.291606806772
00e12e8b_6376,11600.299668997322
00e12e8b_6377,11600.308566055155
00e12e8b_6378,11600.318195757647
00e12e8b_6379,11600.328455882172
00e12e8b_6380,11600.333694206114
00e12e8b_6381,11600.344908506846
00e12e8b_6382,11600.356446561746
00e12e8b_6383,11600.368206148183
