id,tvt
000d7d20_1442,11752.128012853362
000d7d20_1443,11752.128787822743
000d7d20_1444,11752.129618961322
000d7d20_1445,11752.130499047404
000d7d20_1446,11752.131420859298
000d7d20_1447,11752.132377175312
000d7d20_1448,11752.124110773755
000d7d20_1449,11752.125114432934
000d7d20_1450,11752.126130931156
000d7d20_1451,11752.127117401857
000d7d20_1452,11752.11712294966
000d7d20_1453,11752.118052593842
000d7d20_1454,11752.11901831153
000d7d20_1455,11752.110803166412
000d7d20_1456,11752.111770262018
000d7d20_1457,11752.112761069631
000d7d20_1458,11752.10466616706
000d7d20_1459,11752.10584573603
000d7d20_1460,11752.097742383805
000d7d20_1461,11752.098992247578
000d7d20_1462,11752.091305729917
000d7d20_1463,11752.082025337084
000d7d20_1464,11752.08399507411
000d7d20_1465,11752.076748799103
000d7d20_1466,11752.069686203531
000d7d20_1467,11752.072066214294
000d7d20_1468,11752.065348770217
000d7d20_1469,11752.058603331116
000d7d20_1470,11752.051847375667
000d7d20_1471,11752.045041401503
000d7d20_1472,11752.03803806781
000d7d20_1473,11752.03120706526
000d7d20_1474,11752.02247470287
000d7d20_1475,11752.015133035158
000d7d20_1476,11752.007508454297
000d7d20_1477,11751.999881918024
000d7d20_1478,11751.99215220993
000d7d20_1479,11751.98421216063
000d7d20_1480,11751.976276756775
000d7d20_1481,11751.968262322916
000d7d20_1482,11751.960380549346
000d7d20_1483,11751.943240289762
000d7d20_1484,11751.933666206383
000d7d20_1485,11751.925744266293
000d7d20_1486,11751.908515216088
000d7d20_1487,11751.90058395081
000d7d20_1488,11751.892688996764
000d7d20_1489,11751.875672787504
000d7d20_1490,11751.867842282987
000d7d20_1491,11751.852428981285
000d7d20_1492,11751.8446113001
000d7d20_1493,11751.82941436373
000d7d20_1494,11751.82146764852
000d7d20_1495,11751.806358699418
000d7d20_1496,11751.78971181936
000d7d20_1497,11751.784290293366
000d7d20_1498,11751.769599573998
000d7d20_1499,11751.753320911595
000d7d20_1500,11751.738995571914
000d7d20_1501,11751.73738806288
000d7d20_1502,11751.728233556802
000d7d20_1503,11751.71749799815
000d7d20_1504,11751.706597097716
000d7d20_1505,11751.69761211087
000d7d20_1506,11751.686594271128
000d7d20_1507,11751.684627382976
000d7d20_1508,11751.67536686541
000d7d20_1509,11751.664341803194
000d7d20_1510,11751.653340779174
000d7d20_1511,11751.644359622996
000d7d20_1512,11751.633812259
000d7d20_1513,11751.622729829209
000d7d20_1514,11751.613950616982
000d7d20_1515,11751.604058766556
000d7d20_1516,11751.603822025743
000d7d20_1517,11751.596424393714
000d7d20_1518,11751.587178363789
000d7d20_1519,11751.578271299892
000d7d20_1520,11751.571363049648
000d7d20_1521,11751.56356680736
000d7d20_1522,11751.555724083246
000d7d20_1523,11751.550457039548
000d7d20_1524,11751.543890036572
000d7d20_1525,11751.537129926945
000d7d20_1526,11751.532279104136
000d7d20_1527,11751.525627859886
000d7d20_1528,11751.51866696821
000d7d20_1529,11751.512665977823
000d7d20_1530,11751.496142899368
000d7d20_1531,11751.488439100816
000d7d20_1532,11751.481564902737
000d7d20_1533,11751.472192301502
000d7d20_1534,11751.46176228632
000d7d20_1535,11751.452602552628
000d7d20_1536,11751.441837998096
000d7d20_1537,11751.431064318504
000d7d20_1538,11751.421871115535
000d7d20_1539,11751.401936180906
000d7d20_1540,11751.390627798524
000d7d20_1541,11751.380720491596
000d7d20_1542,11751.369231716812
000d7d20_1543,11751.357772238602
000d7d20_1544,11751.347505730784
000d7d20_1545,11751.326435455348
000d7d20_1546,11751.315711817686
000d7d20_1547,11751.307311834951
000d7d20_1548,11751.297746440396
000d7d20_1549,11751.279359901231
000d7d20_1550,11751.271965839913
000d7d20_1551,11751.26321958994
000d7d20_1552,11751.254853159884
000d7d20_1553,11751.238369989407
000d7d20_1554,11751.229866469816
000d7d20_1555,11751.221770743989
000d7d20_1556,11751.205859914897
000d7d20_1557,11751.196989149475
000d7d20_1558,11751.188348754582
000d7d20_1559,11751.181127375348
000d7d20_1560,11751.16262996481
000d7d20_1561,11751.154160857814
000d7d20_1562,11751.13857137785
000d7d20_1563,11751.130418207274
000d7d20_1564,11751.122028132091
000d7d20_1565,11751.106256803389
000d7d20_1566,11751.097989311109
000d7d20_1567,11751.08069531859
000d7d20_1568,11751.07409176448
000d7d20_1569,11751.065629356432
000d7d20_1570,11751.048526141874
000d7d20_1571,11751.042166028656
000d7d20_1572,11751.024237833377
000d7d20_1573,11751.015404077876
000d7d20_1574,11750.99929054662
000d7d20_1575,11750.990142800572
000d7d20_1576,11750.971618414304
000d7d20_1577,11750.964106600211
000d7d20_1578,11750.945358277591
000d7d20_1579,11750.93546066447
000d7d20_1580,11750.917620117849
000d7d20_1581,11750.907943496695
000d7d20_1582,11750.891075246727
000d7d20_1583,11750.882283510837
000d7d20_1584,11750.863912303936
000d7d20_1585,11750.856504024903
000d7d20_1586,11750.837747004018
000d7d20_1587,11750.818604077283
000d7d20_1588,11750.810516145297
000d7d20_1589,11750.791372100692
000d7d20_1590,11750.781311338573
000d7d20_1591,11750.763881682587
000d7d20_1592,11750.74467514888
000d7d20_1593,11750.73495734055
000d7d20_1594,11750.717829068892
000d7d20_1595,11750.69825761408
000d7d20_1596,11750.68802661788
000d7d20_1597,11750.670987477815
000d7d20_1598,11750.65183509617
000d7d20_1599,11750.642488915715
000d7d20_1600,11750.625648283503
000d7d20_1601,11750.607404030992
000d7d20_1602,11750.598444775762
000d7d20_1603,11750.582059390665
000d7d20_1604,11750.56420523071
000d7d20_1605,11750.55575572198
000d7d20_1606,11750.539993938106
000d7d20_1607,11750.522126957692
000d7d20_1608,11750.513643163204
000d7d20_1609,11750.497739315304
000d7d20_1610,11750.489619181304
000d7d20_1611,11750.471693709207
000d7d20_1612,11750.455672345555
000d7d20_1613,11750.446852470386
000d7d20_1614,11750.428301096166
000d7d20_1615,11750.411779640172
000d7d20_1616,11750.402265311166
000d7d20_1617,11750.382756501214
000d7d20_1618,11750.373785698528
000d7d20_1619,11750.353553460667
000d7d20_1620,11750.333261208236
000d7d20_1621,11750.32227175458
000d7d20_1622,11750.302199396485
000d7d20_1623,11750.281956141422
000d7d20_1624,11750.271323097504
000d7d20_1625,11750.25121461432
000d7d20_1626,11750.240308943155
000d7d20_1627,11750.219552579394
000d7d20_1628,11750.200781355086
000d7d20_1629,11750.189258449796
000d7d20_1630,11750.1687080118
000d7d20_1631,11750.151407364956
000d7d20_1632,11750.12480695541
000d7d20_1633,11750.09819544676
000d7d20_1634,11750.082893525068
000d7d20_1635,11750.057245569547
000d7d20_1636,11750.041571355176
000d7d20_1637,11750.01713708648
000d7d20_1638,11749.99497370543
000d7d20_1639,11749.980035397562
000d7d20_1640,11749.955592084689
000d7d20_1641,11749.939818115006
000d7d20_1642,11749.916316705054
000d7d20_1643,11749.90024836341
000d7d20_1644,11749.874763168766
000d7d20_1645,11749.848949873644
000d7d20_1646,11749.83426167563
000d7d20_1647,11749.808105762177
000d7d20_1648,11749.79130311522
000d7d20_1649,11749.765315948083
000d7d20_1650,11749.750477092934
000d7d20_1651,11749.72492803214
000d7d20_1652,11749.709099175128
000d7d20_1653,11749.683862815344
000d7d20_1654,11749.660525949472
000d7d20_1655,11749.644580206445
000d7d20_1656,11749.619555722827
000d7d20_1657,11749.603541052988
000d7d20_1658,11749.580512723169
000d7d20_1659,11749.565067001644
000d7d20_1660,11749.540405433248
000d7d20_1661,11749.525055036109
000d7d20_1662,11749.502667634575
000d7d20_1663,11749.477959375614
000d7d20_1664,11749.46273356192
000d7d20_1665,11749.438390679064
000d7d20_1666,11749.425288829643
000d7d20_1667,11749.40137941102
000d7d20_1668,11749.387147102494
000d7d20_1669,11749.363221608026
000d7d20_1670,11749.350569219172
000d7d20_1671,11749.326880096603
000d7d20_1672,11749.312474169888
000d7d20_1673,11749.288553300568
000d7d20_1674,11749.275885501753
000d7d20_1675,11749.25188357541
000d7d20_1676,11749.237420597605
000d7d20_1677,11749.213435055097
000d7d20_1678,11749.20070007382
000d7d20_1679,11749.176816564614
000d7d20_1680,11749.16275992232
000d7d20_1681,11749.139256617977
000d7d20_1682,11749.126808234709
000d7d20_1683,11749.103382970963
000d7d20_1684,11749.08923767135
000d7d20_1685,11749.06435552556
000d7d20_1686,11749.051587496466
000d7d20_1687,11749.028391045338
000d7d20_1688,11749.015047860184
000d7d20_1689,11748.993349794226
000d7d20_1690,11748.98306358342
000d7d20_1691,11748.96184002198
000d7d20_1692,11748.95066506392
000d7d20_1693,11748.930505850773
000d7d20_1694,11748.92139506624
000d7d20_1695,11748.910353252304
000d7d20_1696,11748.889662760324
000d7d20_1697,11748.877591152994
000d7d20_1698,11748.866996377446
000d7d20_1699,11748.853734190474
000d7d20_1700,11748.83015441771
000d7d20_1701,11748.814301523176
000d7d20_1702,11748.801392519825
000d7d20_1703,11748.786572341054
000d7d20_1704,11748.771291710376
000d7d20_1705,11748.756199258036
000d7d20_1706,11748.732947700064
000d7d20_1707,11748.717236946735
000d7d20_1708,11748.701924060682
000d7d20_1709,11748.686523618067
000d7d20_1710,11748.672707223004
000d7d20_1711,11748.657225167935
000d7d20_1712,11748.641844787337
000d7d20_1713,11748.626853053736
000d7d20_1714,11748.613876448006
000d7d20_1715,11748.608222523815
000d7d20_1716,11748.593361613235
000d7d20_1717,11748.57851914092
000d7d20_1718,11748.56587905671
000d7d20_1719,11748.55121874496
000d7d20_1720,11748.53650245903
000d7d20_1721,11748.53128280368
000d7d20_1722,11748.518525269104
000d7d20_1723,11748.50440929163
000d7d20_1724,11748.49040850474
000d7d20_1725,11748.48562347692
000d7d20_1726,11748.473699692724
000d7d20_1727,11748.459745482189
000d7d20_1728,11748.45489579708
000d7d20_1729,11748.440816397915
000d7d20_1730,11748.437592414692
000d7d20_1731,11748.423165186863
000d7d20_1732,11748.417888540316
000d7d20_1733,11748.403287462505
000d7d20_1734,11748.39941899679
000d7d20_1735,11748.384547725993
000d7d20_1736,11748.37917305494
000d7d20_1737,11748.364934145313
000d7d20_1738,11748.361510998056
000d7d20_1739,11748.356571253982
000d7d20_1740,11748.342613054909
000d7d20_1741,11748.337791609032
000d7d20_1742,11748.334763658791
000d7d20_1743,11748.320380545814
000d7d20_1744,11748.315238481891
000d7d20_1745,11748.310267923272
000d7d20_1746,11748.30715263778
000d7d20_1747,11748.302118778262
000d7d20_1748,11748.288232092204
000d7d20_1749,11748.28399750431
000d7d20_1750,11748.281832219707
000d7d20_1751,11748.27851569722
000d7d20_1752,11748.275389603814
000d7d20_1753,11748.272599911275
000d7d20_1754,11748.271300748189
000d7d20_1755,11748.26855708004
000d7d20_1756,11748.265684095
000d7d20_1757,11748.262384305315
000d7d20_1758,11748.26070363845
000d7d20_1759,11748.257016175165
000d7d20_1760,11748.252999971455
000d7d20_1761,11748.249080905069
000d7d20_1762,11748.24647410957
000d7d20_1763,11748.251249465022
000d7d20_1764,11748.24754538258
000d7d20_1765,11748.244153929532
000d7d20_1766,11748.242549942788
000d7d20_1767,11748.239399810194
000d7d20_1768,11748.245604433345
000d7d20_1769,11748.24465063948
000d7d20_1770,11748.241776115256
000d7d20_1771,11748.247998850484
000d7d20_1772,11748.243569480946
000d7d20_1773,11748.24155830899
000d7d20_1774,11748.247532439062
000d7d20_1775,11748.244621749474
000d7d20_1776,11748.251314446166
000d7d20_1777,11748.250954862377
000d7d20_1778,11748.258337080524
000d7d20_1779,11748.256963036709
000d7d20_1780,11748.265348482684
000d7d20_1781,11748.266398371516
000d7d20_1782,11748.274988516394
000d7d20_1783,11748.283410779304
000d7d20_1784,11748.282513673672
000d7d20_1785,11748.29212539433
000d7d20_1786,11748.289773367404
000d7d20_1787,11748.295603662704
000d7d20_1788,11748.291079553192
000d7d20_1789,11748.29837315217
000d7d20_1790,11748.294211493883
000d7d20_1791,11748.299365557072
000d7d20_1792,11748.29474403823
000d7d20_1793,11748.301370519828
000d7d20_1794,11748.29715412584
000d7d20_1795,11748.293083366476
000d7d20_1796,11748.29791397263
000d7d20_1797,11748.29499495268
000d7d20_1798,11748.299308783637
000d7d20_1799,11748.2943008643
000d7d20_1800,11748.289458587577
000d7d20_1801,11748.286297297009
000d7d20_1802,11748.290725329698
000d7d20_1803,11748.2860704018
000d7d20_1804,11748.281430073856
000d7d20_1805,11748.277934147623
000d7d20_1806,11748.28242921708
000d7d20_1807,11748.278251060046
000d7d20_1808,11748.274156721664
000d7d20_1809,11748.272728798303
000d7d20_1810,11748.269766148973
000d7d20_1811,11748.266680267034
000d7d20_1812,11748.272548422525
000d7d20_1813,11748.27083600814
000d7d20_1814,11748.26726722134
000d7d20_1815,11748.26366461846
000d7d20_1816,11748.259986889689
000d7d20_1817,11748.257915832064
000d7d20_1818,11748.25412347499
000d7d20_1819,11748.250051909708
000d7d20_1820,11748.245482882132
000d7d20_1821,11748.2423521339
000d7d20_1822,11748.237951871217
000d7d20_1823,11748.233721168976
000d7d20_1824,11748.229650568344
000d7d20_1825,11748.227525790444
000d7d20_1826,11748.214390455414
000d7d20_1827,11748.210470716724
000d7d20_1828,11748.206725658809
000d7d20_1829,11748.204641516671
000d7d20_1830,11748.200812018877
000d7d20_1831,11748.197290670056
000d7d20_1832,11748.184678503803
000d7d20_1833,11748.183189399184
000d7d20_1834,11748.180056866298
000d7d20_1835,11748.176833259487
000d7d20_1836,11748.16462818821
000d7d20_1837,11748.163490016086
000d7d20_1838,11748.16064516208
000d7d20_1839,11748.148959660946
000d7d20_1840,11748.14638599709
000d7d20_1841,11748.145430709925
000d7d20_1842,11748.133239337503
000d7d20_1843,11748.130395746668
000d7d20_1844,11748.118111477848
000d7d20_1845,11748.11507314941
000d7d20_1846,11748.102923006014
000d7d20_1847,11748.101694435274
000d7d20_1848,11748.089517780769
000d7d20_1849,11748.086628102814
000d7d20_1850,11748.074440532222
000d7d20_1851,11748.071572456198
000d7d20_1852,11748.057857835722
000d7d20_1853,11748.054896582882
000d7d20_1854,11748.041265646743
000d7d20_1855,11748.03878483455
000d7d20_1856,11748.025337789652
000d7d20_1857,11748.013665109042
000d7d20_1858,11748.00945513977
000d7d20_1859,11747.996433327016
000d7d20_1860,11747.982483881911
000d7d20_1861,11747.98042632844
000d7d20_1862,11747.968109825248
000d7d20_1863,11747.957869750106
000d7d20_1864,11747.946423724645
000d7d20_1865,11747.946255936866
000d7d20_1866,11747.935188221803
000d7d20_1867,11747.925883472908
000d7d20_1868,11747.91456515966
000d7d20_1869,11747.904708507134
000d7d20_1870,11747.89324455206
000d7d20_1871,11747.892507516572
000d7d20_1872,11747.880214508376
000d7d20_1873,11747.86903957713
000d7d20_1874,11747.855152623002
000d7d20_1875,11747.841650711622
000d7d20_1876,11747.829450630325
000d7d20_1877,11747.81548398638
000d7d20_1878,11747.802999736869
000d7d20_1879,11747.788616860387
000d7d20_1880,11747.775782732935
000d7d20_1881,11747.7610366336
000d7d20_1882,11747.747997378625
000d7d20_1883,11747.733419892696
000d7d20_1884,11747.729490794123
000d7d20_1885,11747.714848298676
000d7d20_1886,11747.702137214976
000d7d20_1887,11747.687814416324
000d7d20_1888,11747.675387311094
000d7d20_1889,11747.66159532488
000d7d20_1890,11747.658351205471
000d7d20_1891,11747.643753518292
000d7d20_1892,11747.630808959811
000d7d20_1893,11747.61540805489
000d7d20_1894,11747.602077851105
000d7d20_1895,11747.59686181878
000d7d20_1896,11747.584439944028
000d7d20_1897,11747.569696395716
000d7d20_1898,11747.556857179916
000d7d20_1899,11747.551992698793
000d7d20_1900,11747.539447507854
000d7d20_1901,11747.525516316367
000d7d20_1902,11747.522819961165
000d7d20_1903,11747.50933224959
000d7d20_1904,11747.49788123412
000d7d20_1905,11747.493903355837
000d7d20_1906,11747.482004190726
000d7d20_1907,11747.468202863012
000d7d20_1908,11747.465120590983
000d7d20_1909,11747.450377942929
000d7d20_1910,11747.44747898703
000d7d20_1911,11747.434333189747
000d7d20_1912,11747.42321306246
000d7d20_1913,11747.41949171612
000d7d20_1914,11747.408752113164
000d7d20_1915,11747.40758939019
000d7d20_1916,11747.395429360844
000d7d20_1917,11747.39446177445
000d7d20_1918,11747.382580237068
000d7d20_1919,11747.38161391859
000d7d20_1920,11747.369468399103
000d7d20_1921,11747.36852053997
000d7d20_1922,11747.355660271796
000d7d20_1923,11747.35359011705
000d7d20_1924,11747.340209399115
000d7d20_1925,11747.337272116529
000d7d20_1926,11747.332903036891
000d7d20_1927,11747.3212061193
000d7d20_1928,11747.317789258164
000d7d20_1929,11747.306915531375
000d7d20_1930,11747.30415216478
000d7d20_1931,11747.303706128569
000d7d20_1932,11747.293094114237
000d7d20_1933,11747.294079619434
000d7d20_1934,11747.29363242804
000d7d20_1935,11747.285278585616
000d7d20_1936,11747.28296694696
000d7d20_1937,11747.28357867397
000d7d20_1938,11747.273240096549
000d7d20_1939,11747.274751058856
000d7d20_1940,11747.274253477091
000d7d20_1941,11747.275582550592
000d7d20_1942,11747.265937016116
000d7d20_1943,11747.267278775616
000d7d20_1944,11747.266052661997
000d7d20_1945,11747.26701101504
000d7d20_1946,11747.268028835062
000d7d20_1947,11747.262057052
000d7d20_1948,11747.263560952244
000d7d20_1949,11747.267122836
000d7d20_1950,11747.269705939754
000d7d20_1951,11747.272459762597
000d7d20_1952,11747.273911540722
000d7d20_1953,11747.276171045129
000d7d20_1954,11747.26932937617
000d7d20_1955,11747.271592186107
000d7d20_1956,11747.27201253578
000d7d20_1957,11747.266018025137
000d7d20_1958,11747.25750116965
000d7d20_1959,11747.243833518163
000d7d20_1960,11747.22845398033
000d7d20_1961,11747.211612768891
000d7d20_1962,11747.195764899045
000d7d20_1963,11747.177989068874
000d7d20_1964,11747.162540736465
000d7d20_1965,11747.147443850528
000d7d20_1966,11747.136402220553
000d7d20_1967,11747.124716805993
000d7d20_1968,11747.117614413524
000d7d20_1969,11747.11236936644
000d7d20_1970,11747.110692140895
000d7d20_1971,11747.110117991406
000d7d20_1972,11747.108368124496
000d7d20_1973,11747.112773609037
000d7d20_1974,11747.109934506208
000d7d20_1975,11747.105230467065
000d7d20_1976,11747.102050987189
000d7d20_1977,11747.097737270466
000d7d20_1978,11747.094883194935
000d7d20_1979,11747.09963068317
000d7d20_1980,11747.097121306835
000d7d20_1981,11747.091545643116
000d7d20_1982,11747.087437520631
000d7d20_1983,11747.090570271266
000d7d20_1984,11747.086159588696
000d7d20_1985,11747.080267448517
000d7d20_1986,11747.085813618614
000d7d20_1987,11747.080140771595
000d7d20_1988,11747.07635659534
000d7d20_1989,11747.08172784863
000d7d20_1990,11747.076361701753
000d7d20_1991,11747.082136101875
000d7d20_1992,11747.077525412142
000d7d20_1993,11747.084651601215
000d7d20_1994,11747.081259680288
000d7d20_1995,11747.088579975682
000d7d20_1996,11747.084917253374
000d7d20_1997,11747.0909260973
000d7d20_1998,11747.086713612796
000d7d20_1999,11747.09273046786
000d7d20_2000,11747.08834876654
000d7d20_2001,11747.094762686196
000d7d20_2002,11747.090418181124
000d7d20_2003,11747.098040926432
000d7d20_2004,11747.104224455925
000d7d20_2005,11747.103760165344
000d7d20_2006,11747.111590251949
000d7d20_2007,11747.122077072909
000d7d20_2008,11747.122199413598
000d7d20_2009,11747.133567302672
000d7d20_2010,11747.142399048143
000d7d20_2011,11747.1522170547
000d7d20_2012,11747.152782983783
000d7d20_2013,11747.165281730784
000d7d20_2014,11747.177132013505
000d7d20_2015,11747.190908370325
000d7d20_2016,11747.203422083772
000d7d20_2017,11747.20783040774
000d7d20_2018,11747.220839433829
000d7d20_2019,11747.23603948358
000d7d20_2020,11747.248548165971
000d7d20_2021,11747.262511274315
000d7d20_2022,11747.27441865996
000d7d20_2023,11747.286428505196
000d7d20_2024,11747.295739642052
000d7d20_2025,11747.304617895565
000d7d20_2026,11747.311041824752
000d7d20_2027,11747.315182641194
000d7d20_2028,11747.32212799097
000d7d20_2029,11747.326737939571
000d7d20_2030,11747.333249324578
000d7d20_2031,11747.336939228418
000d7d20_2032,11747.34293041442
000d7d20_2033,11747.348396309037
000d7d20_2034,11747.366040343311
000d7d20_2035,11747.37298803667
000d7d20_2036,11747.381719952342
000d7d20_2037,11747.38950581554
000d7d20_2038,11747.40017935833
000d7d20_2039,11747.417633122588
000d7d20_2040,11747.428147252052
000d7d20_2041,11747.43535682517
000d7d20_2042,11747.44324050496
000d7d20_2043,11747.458178292842
000d7d20_2044,11747.46551407722
000d7d20_2045,11747.47054643477
000d7d20_2046,11747.486339749132
000d7d20_2047,11747.490909948605
000d7d20_2048,11747.49847572976
000d7d20_2049,11747.513909305471
000d7d20_2050,11747.521893743857
000d7d20_2051,11747.537366777078
000d7d20_2052,11747.54533513686
000d7d20_2053,11747.55233945902
000d7d20_2054,11747.57069961558
000d7d20_2055,11747.57754167447
000d7d20_2056,11747.595528735286
000d7d20_2057,11747.602254563391
000d7d20_2058,11747.620256829276
000d7d20_2059,11747.636765433286
000d7d20_2060,11747.64602636973
000d7d20_2061,11747.662666613109
000d7d20_2062,11747.67192934106
000d7d20_2063,11747.690621003623
000d7d20_2064,11747.706528962535
000d7d20_2065,11747.7154697266
000d7d20_2066,11747.732068850117
000d7d20_2067,11747.750479969587
000d7d20_2068,11747.756966627829
000d7d20_2069,11747.774616460396
000d7d20_2070,11747.7827273805
000d7d20_2071,11747.802280596525
000d7d20_2072,11747.822231634073
000d7d20_2073,11747.836599265447
000d7d20_2074,11747.859781385972
000d7d20_2075,11747.876358196414
000d7d20_2076,11747.901422949377
000d7d20_2077,11747.919139361513
000d7d20_2078,11747.94352059899
000d7d20_2079,11747.968816440884
000d7d20_2080,11747.981123379892
000d7d20_2081,11748.0040653989
000d7d20_2082,11748.01250547077
000d7d20_2083,11748.029852115837
000d7d20_2084,11748.034375252511
000d7d20_2085,11748.050148497978
000d7d20_2086,11748.056076034409
000d7d20_2087,11748.07270250372
000d7d20_2088,11748.080320950636
000d7d20_2089,11748.09941334595
000d7d20_2090,11748.108220763
000d7d20_2091,11748.11799026176
000d7d20_2092,11748.136456349754
000d7d20_2093,11748.146963549683
000d7d20_2094,11748.163487825415
000d7d20_2095,11748.171496704252
000d7d20_2096,11748.184982470391
000d7d20_2097,11748.189109413952
000d7d20_2098,11748.189210717732
000d7d20_2099,11748.200153488318
000d7d20_2100,11748.20176679887
000d7d20_2101,11748.210963282365
000d7d20_2102,11748.212134129944
000d7d20_2103,11748.21524643262
000d7d20_2104,11748.2271728893
000d7d20_2105,11748.23093726355
000d7d20_2106,11748.238058108504
000d7d20_2107,11748.25276230246
000d7d20_2108,11748.260937237988
000d7d20_2109,11748.270869211685
000d7d20_2110,11748.289033720232
000d7d20_2111,11748.298070114131
000d7d20_2112,11748.308330862064
000d7d20_2113,11748.326547503731
000d7d20_2114,11748.334868275711
000d7d20_2115,11748.342855432307
000d7d20_2116,11748.352267184966
000d7d20_2117,11748.3690288648
000d7d20_2118,11748.377236867813
000d7d20_2119,11748.384874066238
000d7d20_2120,11748.39284518448
000d7d20_2121,11748.412300943684
000d7d20_2122,11748.420304256571
000d7d20_2123,11748.42769891678
000d7d20_2124,11748.436433504656
000d7d20_2125,11748.446326145127
000d7d20_2126,11748.464789388236
000d7d20_2127,11748.47326134284
000d7d20_2128,11748.48129144534
000d7d20_2129,11748.489623830814
000d7d20_2130,11748.497918690053
000d7d20_2131,11748.516406425611
000d7d20_2132,11748.525906652176
000d7d20_2133,11748.534864590696
000d7d20_2134,11748.545401385452
000d7d20_2135,11748.5538012736
000d7d20_2136,11748.561543266358
000d7d20_2137,11748.568745866593
000d7d20_2138,11748.57718818078
000d7d20_2139,11748.592973096796
000d7d20_2140,11748.599783856944
000d7d20_2141,11748.605966133293
000d7d20_2142,11748.611814868143
000d7d20_2143,11748.618632481826
000d7d20_2144,11748.623289163785
000d7d20_2145,11748.627925537765
000d7d20_2146,11748.63288983381
000d7d20_2147,11748.641966426372
000d7d20_2148,11748.648713343076
000d7d20_2149,11748.654578107577
000d7d20_2150,11748.66034422876
000d7d20_2151,11748.666225012556
000d7d20_2152,11748.673913472434
000d7d20_2153,11748.680701525802
000d7d20_2154,11748.68819580726
000d7d20_2155,11748.696131690129
000d7d20_2156,11748.706354417183
000d7d20_2157,11748.715218244795
000d7d20_2158,11748.723704609103
000d7d20_2159,11748.732117343556
000d7d20_2160,11748.742246918686
000d7d20_2161,11748.750513091163
000d7d20_2162,11748.75851649084
000d7d20_2163,11748.76631029616
000d7d20_2164,11748.774263937608
000d7d20_2165,11748.783713117224
000d7d20_2166,11748.791347473643
000d7d20_2167,11748.79936512922
000d7d20_2168,11748.807398375751
000d7d20_2169,11748.81715268053
000d7d20_2170,11748.825096698532
000d7d20_2171,11748.833773112408
000d7d20_2172,11748.84159632013
000d7d20_2173,11748.850651699096
000d7d20_2174,11748.856581396749
000d7d20_2175,11748.862315189976
000d7d20_2176,11748.868072131258
000d7d20_2177,11748.873498357938
000d7d20_2178,11748.880140889489
000d7d20_2179,11748.885569680884
000d7d20_2180,11748.891527938558
000d7d20_2181,11748.897706622698
000d7d20_2182,11748.905949748689
000d7d20_2183,11748.92184318845
000d7d20_2184,11748.928488421285
000d7d20_2185,11748.935501613974
000d7d20_2186,11748.944575128173
000d7d20_2187,11748.952352867182
000d7d20_2188,11748.959365033312
000d7d20_2189,11748.966580707496
000d7d20_2190,11748.97344657001
000d7d20_2191,11748.98291626899
000d7d20_2192,11748.999693420355
000d7d20_2193,11749.00720948706
000d7d20_2194,11749.014517100297
000d7d20_2195,11749.024311173283
000d7d20_2196,11749.032259252348
000d7d20_2197,11749.040208768978
000d7d20_2198,11749.048397986666
000d7d20_2199,11749.06745648786
000d7d20_2200,11749.075871836669
000d7d20_2201,11749.082358766238
000d7d20_2202,11749.08993487019
000d7d20_2203,11749.098932159875
000d7d20_2204,11749.11968349115
000d7d20_2205,11749.130345502112
000d7d20_2206,11749.141654440316
000d7d20_2207,11749.153358358495
000d7d20_2208,11749.176236866788
000d7d20_2209,11749.188182912112
000d7d20_2210,11749.200300753437
000d7d20_2211,11749.21231380057
000d7d20_2212,11749.225685089525
000d7d20_2213,11749.245750881675
000d7d20_2214,11749.255790694417
000d7d20_2215,11749.264702610675
000d7d20_2216,11749.281799740264
000d7d20_2217,11749.289943706166
000d7d20_2218,11749.298042476685
000d7d20_2219,11749.306078028396
000d7d20_2220,11749.323224827363
000d7d20_2221,11749.332915532765
000d7d20_2222,11749.341072939094
000d7d20_2223,11749.358632270923
000d7d20_2224,11749.366995899887
000d7d20_2225,11749.377189952078
000d7d20_2226,11749.395146329109
000d7d20_2227,11749.404093307485
000d7d20_2228,11749.412533539604
000d7d20_2229,11749.430052303036
000d7d20_2230,11749.440292689267
000d7d20_2231,11749.44867996672
000d7d20_2232,11749.465831134676
000d7d20_2233,11749.47398614354
000d7d20_2234,11749.483674865627
000d7d20_2235,11749.500412346955
000d7d20_2236,11749.508194693732
000d7d20_2237,11749.525574153817
000d7d20_2238,11749.53610415308
000d7d20_2239,11749.544933893489
000d7d20_2240,11749.563398922774
000d7d20_2241,11749.57288496434
000d7d20_2242,11749.592090922391
000d7d20_2243,11749.604154331017
000d7d20_2244,11749.613667768346
000d7d20_2245,11749.630449158823
000d7d20_2246,11749.639356331914
000d7d20_2247,11749.6604781213
000d7d20_2248,11749.67163283555
000d7d20_2249,11749.693304285734
000d7d20_2250,11749.706217422312
000d7d20_2251,11749.731446379124
000d7d20_2252,11749.745903723611
000d7d20_2253,11749.769233181672
000d7d20_2254,11749.783264940648
000d7d20_2255,11749.796142039912
000d7d20_2256,11749.819023447832
000d7d20_2257,11749.8293964908
000d7d20_2258,11749.837835160077
000d7d20_2259,11749.844635158364
000d7d20_2260,11749.851400395512
000d7d20_2261,11749.855121515988
000d7d20_2262,11749.871281515108
000d7d20_2263,11749.87767773496
000d7d20_2264,11749.8760841039
000d7d20_2265,11749.882334738057
000d7d20_2266,11749.889279491768
000d7d20_2267,11749.896988433338
000d7d20_2268,11749.90425986901
000d7d20_2269,11749.913638353732
000d7d20_2270,11749.91280881323
000d7d20_2271,11749.921011470276
000d7d20_2272,11749.919632476702
000d7d20_2273,11749.929056571824
000d7d20_2274,11749.92740106586
000d7d20_2275,11749.935366825248
000d7d20_2276,11749.934554377449
000d7d20_2277,11749.945576115802
000d7d20_2278,11749.945273049274
000d7d20_2279,11749.943152427384
000d7d20_2280,11749.941066308187
000d7d20_2281,11749.94830698107
000d7d20_2282,11749.948735960164
000d7d20_2283,11749.945906207868
000d7d20_2284,11749.943503586506
000d7d20_2285,11749.941190165988
000d7d20_2286,11749.941138578297
000d7d20_2287,11749.940103501558
000d7d20_2288,11749.929321269889
000d7d20_2289,11749.924818597652
000d7d20_2290,11749.923805985123
000d7d20_2291,11749.92259090962
000d7d20_2292,11749.913627426404
000d7d20_2293,11749.915322912728
000d7d20_2294,11749.917775728114
000d7d20_2295,11749.9134885265
000d7d20_2296,11749.91822926532
000d7d20_2297,11749.912733670064
000d7d20_2298,11749.906460195492
000d7d20_2299,11749.909119503604
000d7d20_2300,11749.901217677409
000d7d20_2301,11749.892356120585
000d7d20_2302,11749.882016008723
000d7d20_2303,11749.87941020156
000d7d20_2304,11749.866204573866
000d7d20_2305,11749.848797541104
000d7d20_2306,11749.833779001896
000d7d20_2307,11749.818970590815
000d7d20_2308,11749.806004216967
000d7d20_2309,11749.792125388414
000d7d20_2310,11749.76983711565
000d7d20_2311,11749.75726306561
000d7d20_2312,11749.74698030484
000d7d20_2313,11749.734529120116
000d7d20_2314,11749.713396088726
000d7d20_2315,11749.703654246898
000d7d20_2316,11749.69350885846
000d7d20_2317,11749.675350025247
000d7d20_2318,11749.652037186972
000d7d20_2319,11749.638878964142
000d7d20_2320,11749.616355573427
000d7d20_2321,11749.60468709802
000d7d20_2322,11749.584942612626
000d7d20_2323,11749.56385036184
000d7d20_2324,11749.543848736785
000d7d20_2325,11749.531108694917
000d7d20_2326,11749.529937401296
000d7d20_2327,11749.521150236696
000d7d20_2328,11749.516071080976
000d7d20_2329,11749.51323314328
000d7d20_2330,11749.512677026754
000d7d20_2331,11749.501950081172
000d7d20_2332,11749.4969853668
000d7d20_2333,11749.489769572388
000d7d20_2334,11749.480080319643
000d7d20_2335,11749.459577624357
000d7d20_2336,11749.446452970547
000d7d20_2337,11749.43071416646
000d7d20_2338,11749.406409781495
000d7d20_2339,11749.385243838547
000d7d20_2340,11749.355804807285
000d7d20_2341,11749.337980174336
000d7d20_2342,11749.308667413989
000d7d20_2343,11749.279473168834
000d7d20_2344,11749.257812437629
000d7d20_2345,11749.223871260428
000d7d20_2346,11749.18830251809
000d7d20_2347,11749.153848719294
000d7d20_2348,11749.116236716973
000d7d20_2349,11749.078856171913
000d7d20_2350,11749.04157432179
000d7d20_2351,11749.00766296788
000d7d20_2352,11748.982844387698
000d7d20_2353,11748.949016864572
000d7d20_2354,11748.91833080061
000d7d20_2355,11748.887112566175
000d7d20_2356,11748.85871343984
000d7d20_2357,11748.830040571467
000d7d20_2358,11748.802484154265
000d7d20_2359,11748.776181945786
000d7d20_2360,11748.74687674855
000d7d20_2361,11748.719038038234
000d7d20_2362,11748.690644693745
000d7d20_2363,11748.66199811306
000d7d20_2364,11748.630694282252
000d7d20_2365,11748.60066684198
000d7d20_2366,11748.570700762595
000d7d20_2367,11748.540037016694
000d7d20_2368,11748.499058210473
000d7d20_2369,11748.46592363046
000d7d20_2370,11748.431832139171
000d7d20_2371,11748.400664653574
000d7d20_2372,11748.3698954534
000d7d20_2373,11748.339628369837
000d7d20_2374,11748.309781617994
000d7d20_2375,11748.27752191562
000d7d20_2376,11748.247555692164
000d7d20_2377,11748.209191152677
000d7d20_2378,11748.179024956218
000d7d20_2379,11748.1515576715
000d7d20_2380,11748.123190786904
000d7d20_2381,11748.09857184611
000d7d20_2382,11748.063041982568
000d7d20_2383,11748.036089590036
000d7d20_2384,11748.009645497064
000d7d20_2385,11747.981443439516
000d7d20_2386,11747.957786500916
000d7d20_2387,11747.926298380824
000d7d20_2388,11747.9037657667
000d7d20_2389,11747.875753718336
000d7d20_2390,11747.84017961437
000d7d20_2391,11747.819799974
000d7d20_2392,11747.800933218736
000d7d20_2393,11747.784497603432
000d7d20_2394,11747.759854854505
000d7d20_2395,11747.745552531123
000d7d20_2396,11747.732982145955
000d7d20_2397,11747.71004673206
000d7d20_2398,11747.69402963644
000d7d20_2399,11747.677876781936
000d7d20_2400,11747.650325976872
000d7d20_2401,11747.631389153266
000d7d20_2402,11747.60274282614
000d7d20_2403,11747.579885119034
000d7d20_2404,11747.554462060743
000d7d20_2405,11747.513154150958
000d7d20_2406,11747.488625594357
000d7d20_2407,11747.455366345992
000d7d20_2408,11747.431134494484
000d7d20_2409,11747.397681349014
000d7d20_2410,11747.371436396224
000d7d20_2411,11747.337473019355
000d7d20_2412,11747.312932083809
000d7d20_2413,11747.278202843612
000d7d20_2414,11747.253439722348
000d7d20_2415,11747.21806630095
000d7d20_2416,11747.19031445276
000d7d20_2417,11747.154283317674
000d7d20_2418,11747.12712215054
000d7d20_2419,11747.09058040821
000d7d20_2420,11747.063723100571
000d7d20_2421,11747.024923680034
000d7d20_2422,11746.998676656624
000d7d20_2423,11746.962662518994
000d7d20_2424,11746.927225214677
000d7d20_2425,11746.901015588792
000d7d20_2426,11746.863991359316
000d7d20_2427,11746.83761072496
000d7d20_2428,11746.8027832137
000d7d20_2429,11746.766477106512
000d7d20_2430,11746.73970422786
000d7d20_2431,11746.701003047308
000d7d20_2432,11746.664648943764
000d7d20_2433,11746.636857628111
000d7d20_2434,11746.599406802685
000d7d20_2435,11746.56261179941
000d7d20_2436,11746.533328935691
000d7d20_2437,11746.4965849133
000d7d20_2438,11746.460859556732
000d7d20_2439,11746.42403189686
000d7d20_2440,11746.397451406494
000d7d20_2441,11746.361050946469
000d7d20_2442,11746.325720143532
000d7d20_2443,11746.28989966376
000d7d20_2444,11746.26175459083
000d7d20_2445,11746.223921644623
000d7d20_2446,11746.19240969718
000d7d20_2447,11746.15152444741
000d7d20_2448,11746.110491764764
000d7d20_2449,11746.07711210654
000d7d20_2450,11746.034773653602
000d7d20_2451,11745.999770319646
000d7d20_2452,11745.957979519717
000d7d20_2453,11745.92566130275
000d7d20_2454,11745.894448102865
000d7d20_2455,11745.854084189552
000d7d20_2456,11745.824552401722
000d7d20_2457,11745.793936772823
000d7d20_2458,11745.764456219926
000d7d20_2459,11745.72567943552
000d7d20_2460,11745.696623644544
000d7d20_2461,11745.668675799025
000d7d20_2462,11745.637531402652
000d7d20_2463,11745.60824648694
000d7d20_2464,11745.580104715384
000d7d20_2465,11745.551563320623
000d7d20_2466,11745.523880669289
000d7d20_2467,11745.494731949764
000d7d20_2468,11745.465519494348
000d7d20_2469,11745.437111336958
000d7d20_2470,11745.409587024034
000d7d20_2471,11745.383144486568
000d7d20_2472,11745.364686478411
000d7d20_2473,11745.339739001112
000d7d20_2474,11745.31530497351
000d7d20_2475,11745.291697157145
000d7d20_2476,11745.277931893896
000d7d20_2477,11745.25307748366
000d7d20_2478,11745.22956702289
000d7d20_2479,11745.214845618986
000d7d20_2480,11745.190528195735
000d7d20_2481,11745.174360208728
000d7d20_2482,11745.146476480888
000d7d20_2483,11745.12805810092
000d7d20_2484,11745.098439193887
000d7d20_2485,11745.07994399186
000d7d20_2486,11745.061872873835
000d7d20_2487,11745.032886461937
000d7d20_2488,11745.01502413277
000d7d20_2489,11744.997770378272
000d7d20_2490,11744.980323074127
000d7d20_2491,11744.953942374836
000d7d20_2492,11744.936989210732
000d7d20_2493,11744.917829325052
000d7d20_2494,11744.900040226428
000d7d20_2495,11744.882126372844
000d7d20_2496,11744.864006724523
000d7d20_2497,11744.845884026712
000d7d20_2498,11744.82625172447
000d7d20_2499,11744.80829457749
000d7d20_2500,11744.79029324356
000d7d20_2501,11744.771806825753
000d7d20_2502,11744.752151063749
000d7d20_2503,11744.74074177476
000d7d20_2504,11744.722330997094
000d7d20_2505,11744.703816060332
000d7d20_2506,11744.68546837678
000d7d20_2507,11744.676599210026
000d7d20_2508,11744.657028198815
000d7d20_2509,11744.638847628605
000d7d20_2510,11744.630408955867
000d7d20_2511,11744.613062428838
000d7d20_2512,11744.605031068371
000d7d20_2513,11744.58653327006
000d7d20_2514,11744.579181563357
000d7d20_2515,11744.562466575544
000d7d20_2516,11744.554691464706
000d7d20_2517,11744.537691510906
000d7d20_2518,11744.528299804471
000d7d20_2519,11744.522046324928
000d7d20_2520,11744.506167073014
000d7d20_2521,11744.499019230883
000d7d20_2522,11744.4918800229
000d7d20_2523,11744.485015479884
000d7d20_2524,11744.476828582983
000d7d20_2525,11744.470282896871
000d7d20_2526,11744.454841477116
000d7d20_2527,11744.448705072906
000d7d20_2528,11744.44248971068
000d7d20_2529,11744.43451699026
000d7d20_2530,11744.428076367432
000d7d20_2531,11744.421836305371
000d7d20_2532,11744.425044349677
000d7d20_2533,11744.419165953896
000d7d20_2534,11744.411732037945
000d7d20_2535,11744.405213711232
000d7d20_2536,11744.3979678472
000d7d20_2537,11744.390130077176
000d7d20_2538,11744.39160471662
000d7d20_2539,11744.38246797922
000d7d20_2540,11744.374822643356
000d7d20_2541,11744.36699411138
000d7d20_2542,11744.368681358716
000d7d20_2543,11744.360979767893
000d7d20_2544,11744.351558742306
000d7d20_2545,11744.353005404688
000d7d20_2546,11744.345276767604
000d7d20_2547,11744.33777569752
000d7d20_2548,11744.339725444162
000d7d20_2549,11744.330771277924
000d7d20_2550,11744.3331555383
000d7d20_2551,11744.32591175936
000d7d20_2552,11744.318820996134
000d7d20_2553,11744.321144845706
000d7d20_2554,11744.314524424008
000d7d20_2555,11744.315456090744
000d7d20_2556,11744.307337741186
000d7d20_2557,11744.309919929508
000d7d20_2558,11744.304548848031
000d7d20_2559,11744.309367964615
000d7d20_2560,11744.30383321576
000d7d20_2561,11744.309692463805
000d7d20_2562,11744.306793509671
000d7d20_2563,11744.313608704231
000d7d20_2564,11744.320408230762
000d7d20_2565,11744.316453291904
000d7d20_2566,11744.323543245118
000d7d20_2567,11744.321058699796
000d7d20_2568,11744.327406290236
000d7d20_2569,11744.333097361265
000d7d20_2570,11744.326587760565
000d7d20_2571,11744.33013221189
000d7d20_2572,11744.332854061264
000d7d20_2573,11744.328396070565
000d7d20_2574,11744.33302483482
000d7d20_2575,11744.335902581304
000d7d20_2576,11744.330833477648
000d7d20_2577,11744.334679311203
000d7d20_2578,11744.338421948947
000d7d20_2579,11744.342108576962
000d7d20_2580,11744.343828518093
000d7d20_2581,11744.338429855115
000d7d20_2582,11744.34199258138
000d7d20_2583,11744.345315370929
000d7d20_2584,11744.348402514992
000d7d20_2585,11744.3512762542
000d7d20_2586,11744.352301402065
000d7d20_2587,11744.345969882768
000d7d20_2588,11744.348825354602
000d7d20_2589,11744.351734157954
000d7d20_2590,11744.354126561906
000d7d20_2591,11744.35485792734
000d7d20_2592,11744.35687847065
000d7d20_2593,11744.35844133058
000d7d20_2594,11744.358529645871
000d7d20_2595,11744.360483059874
000d7d20_2596,11744.3626107454
000d7d20_2597,11744.365053737558
000d7d20_2598,11744.3658039766
000d7d20_2599,11744.368533976209
000d7d20_2600,11744.371071130045
000d7d20_2601,11744.371995892305
000d7d20_2602,11744.374727057611
000d7d20_2603,11744.377138806807
000d7d20_2604,11744.37758879696
000d7d20_2605,11744.379634508765
000d7d20_2606,11744.389209716115
000d7d20_2607,11744.391347743827
000d7d20_2608,11744.393476422963
000d7d20_2609,11744.393727296168
000d7d20_2610,11744.39636167879
000d7d20_2611,11744.397530603532
000d7d20_2612,11744.410049589644
000d7d20_2613,11744.412105497227
000d7d20_2614,11744.416043637964
000d7d20_2615,11744.420041778172
000d7d20_2616,11744.422165805052
000d7d20_2617,11744.435722076185
000d7d20_2618,11744.438237229677
000d7d20_2619,11744.442566925758
000d7d20_2620,11744.453847721315
000d7d20_2621,11744.45764232731
000d7d20_2622,11744.461435280802
000d7d20_2623,11744.472402168913
000d7d20_2624,11744.475744405894
000d7d20_2625,11744.477099728869
000d7d20_2626,11744.489740387988
000d7d20_2627,11744.491176453985
000d7d20_2628,11744.503588447616
000d7d20_2629,11744.506799367746
000d7d20_2630,11744.508232329912
000d7d20_2631,11744.520762849585
000d7d20_2632,11744.52240514749
000d7d20_2633,11744.53519725913
000d7d20_2634,11744.53716085268
000d7d20_2635,11744.541178666615
000d7d20_2636,11744.55387225188
000d7d20_2637,11744.555966434771
000d7d20_2638,11744.568802029646
000d7d20_2639,11744.570532298832
000d7d20_2640,11744.573258964972
000d7d20_2641,11744.584375926352
000d7d20_2642,11744.588837383191
000d7d20_2643,11744.593408199378
000d7d20_2644,11744.60605533441
000d7d20_2645,11744.61165457326
000d7d20_2646,11744.615577029825
000d7d20_2647,11744.621026157967
000d7d20_2648,11744.635746935017
000d7d20_2649,11744.63945200367
000d7d20_2650,11744.6451016592
000d7d20_2651,11744.658070076432
000d7d20_2652,11744.663226541452
000d7d20_2653,11744.666617834651
000d7d20_2654,11744.671331888036
000d7d20_2655,11744.684877425592
000d7d20_2656,11744.686932499211
000d7d20_2657,11744.691977252549
000d7d20_2658,11744.69527212686
000d7d20_2659,11744.69996573076
000d7d20_2660,11744.712313188464
000d7d20_2661,11744.716950139666
000d7d20_2662,11744.721295679055
000d7d20_2663,11744.72345296148
000d7d20_2664,11744.727440153749
000d7d20_2665,11744.73876212625
000d7d20_2666,11744.742740867458
000d7d20_2667,11744.745270776157
000d7d20_2668,11744.749657493354
000d7d20_2669,11744.7543056793
000d7d20_2670,11744.75713060614
000d7d20_2671,11744.76183685903
000d7d20_2672,11744.764906443635
000d7d20_2673,11744.77886367865
000d7d20_2674,11744.783603155014
000d7d20_2675,11744.786389313023
000d7d20_2676,11744.789578610047
000d7d20_2677,11744.791592848693
000d7d20_2678,11744.796183254508
000d7d20_2679,11744.799447155656
000d7d20_2680,11744.805148132717
000d7d20_2681,11744.81100797164
000d7d20_2682,11744.815835747231
000d7d20_2683,11744.822461624262
000d7d20_2684,11744.827353089711
000d7d20_2685,11744.834018258076
000d7d20_2686,11744.838885313056
000d7d20_2687,11744.84525317363
000d7d20_2688,11744.850909136145
000d7d20_2689,11744.853883286143
000d7d20_2690,11744.85740611707
000d7d20_2691,11744.858009098134
000d7d20_2692,11744.8590939753
000d7d20_2693,11744.85970343554
000d7d20_2694,11744.8626452501
000d7d20_2695,11744.864869828443
000d7d20_2696,11744.86530373893
000d7d20_2697,11744.86708101002
000d7d20_2698,11744.867129897237
000d7d20_2699,11744.86873096486
000d7d20_2700,11744.870250730117
000d7d20_2701,11744.86074639996
000d7d20_2702,11744.862625365218
000d7d20_2703,11744.863075342257
000d7d20_2704,11744.8645828873
000d7d20_2705,11744.864742963784
000d7d20_2706,11744.867265110135
000d7d20_2707,11744.871247531528
000d7d20_2708,11744.874155376534
000d7d20_2709,11744.87057985286
000d7d20_2710,11744.875052781688
000d7d20_2711,11744.88086918178
000d7d20_2712,11744.885719141108
000d7d20_2713,11744.89244512264
000d7d20_2714,11744.889985045116
000d7d20_2715,11744.894969470552
000d7d20_2716,11744.901263195448
000d7d20_2717,11744.905581508465
000d7d20_2718,11744.911308422516
000d7d20_2719,11744.905727748435
000d7d20_2720,11744.910126967863
000d7d20_2721,11744.915094342094
000d7d20_2722,11744.917784115683
000d7d20_2723,11744.911143148378
000d7d20_2724,11744.913236077397
000d7d20_2725,11744.918295473966
000d7d20_2726,11744.91311196566
000d7d20_2727,11744.920094406089
000d7d20_2728,11744.928076610113
000d7d20_2729,11744.92541910501
000d7d20_2730,11744.934005257885
000d7d20_2731,11744.940987081663
000d7d20_2732,11744.940710825822
000d7d20_2733,11744.949410727848
000d7d20_2734,11744.955673539813
000d7d20_2735,11744.953072190208
000d7d20_2736,11744.957193051889
000d7d20_2737,11744.952674672168
000d7d20_2738,11744.95437709523
000d7d20_2739,11744.948127477344
000d7d20_2740,11744.9534910045
000d7d20_2741,11744.948041507778
000d7d20_2742,11744.953801469028
000d7d20_2743,11744.948724780195
000d7d20_2744,11744.95453850315
000d7d20_2745,11744.949177987024
000d7d20_2746,11744.95492487006
000d7d20_2747,11744.95117329267
000d7d20_2748,11744.95499270956
000d7d20_2749,11744.95060162805
000d7d20_2750,11744.943878311093
000d7d20_2751,11744.947284327203
000d7d20_2752,11744.940325816966
000d7d20_2753,11744.9350528524
000d7d20_2754,11744.93930777088
000d7d20_2755,11744.932944594564
000d7d20_2756,11744.928338742751
000d7d20_2757,11744.93114056906
000d7d20_2758,11744.926488609255
000d7d20_2759,11744.920268424445
000d7d20_2760,11744.925207658507
000d7d20_2761,11744.921030942509
000d7d20_2762,11744.915225578385
000d7d20_2763,11744.911164564144
000d7d20_2764,11744.905197666772
000d7d20_2765,11744.908391254728
000d7d20_2766,11744.903031531638
000d7d20_2767,11744.896337416052
000d7d20_2768,11744.89222921422
000d7d20_2769,11744.886596536002
000d7d20_2770,11744.88310184238
000d7d20_2771,11744.87980841174
000d7d20_2772,11744.887503552687
000d7d20_2773,11744.88411153656
000d7d20_2774,11744.880610217771
000d7d20_2775,11744.878713211208
000d7d20_2776,11744.874503331012
000d7d20_2777,11744.86994642874
000d7d20_2778,11744.866575753853
000d7d20_2779,11744.860814779637
000d7d20_2780,11744.855597899266
000d7d20_2781,11744.85130846313
000d7d20_2782,11744.84844771298
000d7d20_2783,11744.845763777646
000d7d20_2784,11744.84512470284
000d7d20_2785,11744.842578151349
000d7d20_2786,11744.840146311542
000d7d20_2787,11744.837965792496
000d7d20_2788,11744.828689697531
000d7d20_2789,11744.826847553424
000d7d20_2790,11744.824914373872
000d7d20_2791,11744.823053713728
000d7d20_2792,11744.823047225673
000d7d20_2793,11744.821374124116
000d7d20_2794,11744.81951057832
000d7d20_2795,11744.808232998625
000d7d20_2796,11744.808360779254
000d7d20_2797,11744.806334084558
000d7d20_2798,11744.804277558334
000d7d20_2799,11744.793295014091
000d7d20_2800,11744.791723427605
000d7d20_2801,11744.792383405063
000d7d20_2802,11744.790933953029
000d7d20_2803,11744.780030599371
000d7d20_2804,11744.778171075388
000d7d20_2805,11744.777350743185
000d7d20_2806,11744.765369114331
000d7d20_2807,11744.761945077018
000d7d20_2808,11744.75855997049
000d7d20_2809,11744.747764823163
000d7d20_2810,11744.74424133833
000d7d20_2811,11744.731816909078
000d7d20_2812,11744.728885776944
000d7d20_2813,11744.727500362653
000d7d20_2814,11744.715966729473
000d7d20_2815,11744.714359619364
000d7d20_2816,11744.703859967722
000d7d20_2817,11744.705105240244
000d7d20_2818,11744.694245762945
000d7d20_2819,11744.692499036271
000d7d20_2820,11744.681035945749
000d7d20_2821,11744.680251065867
000d7d20_2822,11744.668518621093
000d7d20_2823,11744.66573156936
000d7d20_2824,11744.654377715086
000d7d20_2825,11744.654152147396
000d7d20_2826,11744.643042593318
000d7d20_2827,11744.641438748564
000d7d20_2828,11744.630707024797
000d7d20_2829,11744.631262703648
000d7d20_2830,11744.621158827546
000d7d20_2831,11744.610918620348
000d7d20_2832,11744.609890883072
000d7d20_2833,11744.601634588678
000d7d20_2834,11744.60034650589
000d7d20_2835,11744.58991746956
000d7d20_2836,11744.588421142918
000d7d20_2837,11744.579816450345
000d7d20_2838,11744.578678733684
000d7d20_2839,11744.568462167566
000d7d20_2840,11744.558486532274
000d7d20_2841,11744.559164210492
000d7d20_2842,11744.548732686382
000d7d20_2843,11744.547393055576
000d7d20_2844,11744.536714059996
000d7d20_2845,11744.537024602449
000d7d20_2846,11744.526365271313
000d7d20_2847,11744.51544035086
000d7d20_2848,11744.513859999626
000d7d20_2849,11744.50499919047
000d7d20_2850,11744.494259888852
000d7d20_2851,11744.492787640886
000d7d20_2852,11744.482145076408
000d7d20_2853,11744.481132563957
000d7d20_2854,11744.471808347178
000d7d20_2855,11744.461597307818
000d7d20_2856,11744.460867634429
000d7d20_2857,11744.450709761346
000d7d20_2858,11744.442580955383
000d7d20_2859,11744.442282840377
000d7d20_2860,11744.43256310654
000d7d20_2861,11744.432478885445
000d7d20_2862,11744.42512127688
000d7d20_2863,11744.415491187086
000d7d20_2864,11744.41476916672
000d7d20_2865,11744.4044401015
000d7d20_2866,11744.395511226356
000d7d20_2867,11744.393642121831
000d7d20_2868,11744.382276237116
000d7d20_2869,11744.370482281163
000d7d20_2870,11744.369232542444
000d7d20_2871,11744.357834848892
000d7d20_2872,11744.346305980547
000d7d20_2873,11744.33478042845
000d7d20_2874,11744.33459238415
000d7d20_2875,11744.32365414218
000d7d20_2876,11744.312910925448
000d7d20_2877,11744.31153990958
000d7d20_2878,11744.302819094644
000d7d20_2879,11744.292029795532
000d7d20_2880,11744.281132614036
000d7d20_2881,11744.279220133876
000d7d20_2882,11744.269693805069
000d7d20_2883,11744.25786651122
000d7d20_2884,11744.2553073706
000d7d20_2885,11744.24332107534
000d7d20_2886,11744.233444177533
000d7d20_2887,11744.2218458916
000d7d20_2888,11744.219613060925
000d7d20_2889,11744.208083133222
000d7d20_2890,11744.198137108737
000d7d20_2891,11744.185892725513
000d7d20_2892,11744.18398703824
000d7d20_2893,11744.173378585669
000d7d20_2894,11744.165488157389
000d7d20_2895,11744.156306896197
000d7d20_2896,11744.147221162257
000d7d20_2897,11744.147369660755
000d7d20_2898,11744.138002258009
000d7d20_2899,11744.130075083827
000d7d20_2900,11744.120424951445
000d7d20_2901,11744.119835476118
000d7d20_2902,11744.109717444668
000d7d20_2903,11744.10104039242
000d7d20_2904,11744.089980805416
000d7d20_2905,11744.078420969876
000d7d20_2906,11744.066074412744
000d7d20_2907,11744.064517198753
000d7d20_2908,11744.05332416881
000d7d20_2909,11744.042159355708
000d7d20_2910,11744.030916154476
000d7d20_2911,11744.021638008237
000d7d20_2912,11744.02020376796
000d7d20_2913,11744.009677379525
000d7d20_2914,11743.998967653786
000d7d20_2915,11743.990302386424
000d7d20_2916,11743.979839522191
000d7d20_2917,11743.97856958109
000d7d20_2918,11743.96795668647
000d7d20_2919,11743.959219502904
000d7d20_2920,11743.948330518044
000d7d20_2921,11743.946767315554
000d7d20_2922,11743.93547281962
000d7d20_2923,11743.926224892832
000d7d20_2924,11743.92448358572
000d7d20_2925,11743.913319369996
000d7d20_2926,11743.9019198725
000d7d20_2927,11743.90204964578
000d7d20_2928,11743.891240345358
000d7d20_2929,11743.889968478048
000d7d20_2930,11743.879467538232
000d7d20_2931,11743.8784143679
000d7d20_2932,11743.87009149135
000d7d20_2933,11743.869423328631
000d7d20_2934,11743.85945138158
000d7d20_2935,11743.858465092231
000d7d20_2936,11743.849775673118
000d7d20_2937,11743.848563616051
000d7d20_2938,11743.837806581105
000d7d20_2939,11743.836487043038
000d7d20_2940,11743.835006664658
000d7d20_2941,11743.823501787114
000d7d20_2942,11743.821990998866
000d7d20_2943,11743.821641635885
000d7d20_2944,11743.814671080772
000d7d20_2945,11743.816321449496
000d7d20_2946,11743.818260935104
000d7d20_2947,11743.81141204942
000d7d20_2948,11743.815680797805
000d7d20_2949,11743.817720713952
000d7d20_2950,11743.819259950824
000d7d20_2951,11743.810971020825
000d7d20_2952,11743.81304183443
000d7d20_2953,11743.812293878
000d7d20_2954,11743.810339971966
000d7d20_2955,11743.807263641924
000d7d20_2956,11743.804573670892
000d7d20_2957,11743.801069902647
000d7d20_2958,11743.797586844074
000d7d20_2959,11743.785326310037
000d7d20_2960,11743.784515707086
000d7d20_2961,11743.782157035706
000d7d20_2962,11743.779644927175
000d7d20_2963,11743.777558676396
000d7d20_2964,11743.777290795935
000d7d20_2965,11743.77553518978
000d7d20_2966,11743.774088138578
000d7d20_2967,11743.78217617121
000d7d20_2968,11743.782791898524
000d7d20_2969,11743.781760435602
000d7d20_2970,11743.780791619858
000d7d20_2971,11743.779742013166
000d7d20_2972,11743.780410856638
000d7d20_2973,11743.778960059408
000d7d20_2974,11743.78688354514
000d7d20_2975,11743.78551941235
000d7d20_2976,11743.785966029696
000d7d20_2977,11743.784379631084
000d7d20_2978,11743.7828707798
000d7d20_2979,11743.790566771537
000d7d20_2980,11743.791095776116
000d7d20_2981,11743.790110691594
000d7d20_2982,11743.798353604536
000d7d20_2983,11743.797399159985
000d7d20_2984,11743.798308591757
000d7d20_2985,11743.807016303455
000d7d20_2986,11743.806460943772
000d7d20_2987,11743.806095342568
000d7d20_2988,11743.815016885354
000d7d20_2989,11743.816314610522
000d7d20_2990,11743.82459555138
000d7d20_2991,11743.823215891209
000d7d20_2992,11743.831024030673
000d7d20_2993,11743.831262598344
000d7d20_2994,11743.83899376326
000d7d20_2995,11743.837466157278
000d7d20_2996,11743.845548001736
000d7d20_2997,11743.846116309567
000d7d20_2998,11743.854116519704
000d7d20_2999,11743.862282625105
000d7d20_3000,11743.861828326704
000d7d20_3001,11743.87264457912
000d7d20_3002,11743.882315585714
000d7d20_3003,11743.882776153365
000d7d20_3004,11743.892300773488
000d7d20_3005,11743.903342211664
000d7d20_3006,11743.902959352472
000d7d20_3007,11743.91086220926
000d7d20_3008,11743.919215673724
000d7d20_3009,11743.920615489476
000d7d20_3010,11743.929522612916
000d7d20_3011,11743.938869342388
000d7d20_3012,11743.94834225698
000d7d20_3013,11743.950528032356
000d7d20_3014,11743.960270191938
000d7d20_3015,11743.970292194495
000d7d20_3016,11743.971548391204
000d7d20_3017,11743.983965760788
000d7d20_3018,11743.994653138569
000d7d20_3019,11743.995504163642
000d7d20_3020,11744.005562290458
000d7d20_3021,11744.007679872277
000d7d20_3022,11744.016826821267
000d7d20_3023,11744.02511544165
000d7d20_3024,11744.024641555738
000d7d20_3025,11744.033563656634
000d7d20_3026,11744.032380113684
000d7d20_3027,11744.04137139139
000d7d20_3028,11744.051286987513
000d7d20_3029,11744.054491794488
000d7d20_3030,11744.065648949982
000d7d20_3031,11744.06812696501
000d7d20_3032,11744.080062980767
000d7d20_3033,11744.084597679568
000d7d20_3034,11744.096536819095
000d7d20_3035,11744.099160231595
000d7d20_3036,11744.110774882824
000d7d20_3037,11744.112339713289
000d7d20_3038,11744.124047836234
000d7d20_3039,11744.124316452211
000d7d20_3040,11744.13235718408
000d7d20_3041,11744.129729818418
000d7d20_3042,11744.139344622045
000d7d20_3043,11744.13776330493
000d7d20_3044,11744.145673673347
000d7d20_3045,11744.144343143276
000d7d20_3046,11744.15383866884
000d7d20_3047,11744.152353560155
000d7d20_3048,11744.150484618343
000d7d20_3049,11744.157837166194
000d7d20_3050,11744.157738512684
000d7d20_3051,11744.165331999184
000d7d20_3052,11744.163321438213
000d7d20_3053,11744.161564575312
000d7d20_3054,11744.171011330476
000d7d20_3055,11744.170286899616
000d7d20_3056,11744.177981059303
000d7d20_3057,11744.17628199379
000d7d20_3058,11744.176252020425
000d7d20_3059,11744.18375515266
000d7d20_3060,11744.182195810852
000d7d20_3061,11744.180439152708
000d7d20_3062,11744.189528049055
000d7d20_3063,11744.186832161184
000d7d20_3064,11744.18457299764
000d7d20_3065,11744.192286414636
000d7d20_3066,11744.19311489882
000d7d20_3067,11744.19284272175
000d7d20_3068,11744.192782531189
000d7d20_3069,11744.202528057467
000d7d20_3070,11744.20494964322
000d7d20_3071,11744.206077489607
000d7d20_3072,11744.207039216331
000d7d20_3073,11744.216933368654
000d7d20_3074,11744.218778784048
000d7d20_3075,11744.218787924186
000d7d20_3076,11744.218490863288
000d7d20_3077,11744.227113232086
000d7d20_3078,11744.228055141604
000d7d20_3079,11744.226222824802
000d7d20_3080,11744.225763762735
000d7d20_3081,11744.2259520056
000d7d20_3082,11744.227986283746
000d7d20_3083,11744.238226394373
000d7d20_3084,11744.239396739104
000d7d20_3085,11744.24071296463
000d7d20_3086,11744.244042491218
000d7d20_3087,11744.245921283942
000d7d20_3088,11744.247878440689
000d7d20_3089,11744.249426518832
000d7d20_3090,11744.261717070349
000d7d20_3091,11744.263085976469
000d7d20_3092,11744.263948496957
000d7d20_3093,11744.264799693254
000d7d20_3094,11744.264957991005
000d7d20_3095,11744.26601841373
000d7d20_3096,11744.26612254699
000d7d20_3097,11744.26603247568
000d7d20_3098,11744.265674293543
000d7d20_3099,11744.267403890311
000d7d20_3100,11744.267464097666
000d7d20_3101,11744.267249805129
000d7d20_3102,11744.267151369051
000d7d20_3103,11744.269444966894
000d7d20_3104,11744.2705981387
000d7d20_3105,11744.272438015254
000d7d20_3106,11744.2742388466
000d7d20_3107,11744.287052825825
000d7d20_3108,11744.288968391498
000d7d20_3109,11744.291014471202
000d7d20_3110,11744.291384035649
000d7d20_3111,11744.29445018644
000d7d20_3112,11744.296653440731
000d7d20_3113,11744.29894253076
000d7d20_3114,11744.301600186292
000d7d20_3115,11744.306145949313
000d7d20_3116,11744.30879410496
000d7d20_3117,11744.31130848168
000d7d20_3118,11744.314245316997
000d7d20_3119,11744.319391537849
000d7d20_3120,11744.322785654273
000d7d20_3121,11744.325571034322
000d7d20_3122,11744.327800234469
000d7d20_3123,11744.34059207861
000d7d20_3124,11744.341833554863
000d7d20_3125,11744.342251290873
000d7d20_3126,11744.341726875586
000d7d20_3127,11744.34423770413
000d7d20_3128,11744.344410658055
000d7d20_3129,11744.344236224384
000d7d20_3130,11744.344005097584
000d7d20_3131,11744.345290558374
000d7d20_3132,11744.344858074624
000d7d20_3133,11744.344854431029
000d7d20_3134,11744.344409376024
000d7d20_3135,11744.354876685207
000d7d20_3136,11744.354044563095
000d7d20_3137,11744.352740823164
000d7d20_3138,11744.351665380618
000d7d20_3139,11744.35225816404
000d7d20_3140,11744.351089381977
000d7d20_3141,11744.349848015623
000d7d20_3142,11744.348809562713
000d7d20_3143,11744.348914508491
000d7d20_3144,11744.34656676826
000d7d20_3145,11744.353603554957
000d7d20_3146,11744.35155514864
000d7d20_3147,11744.351455719425
000d7d20_3148,11744.349632982923
000d7d20_3149,11744.347887276466
000d7d20_3150,11744.345303493454
000d7d20_3151,11744.34526595373
000d7d20_3152,11744.343876685543
000d7d20_3153,11744.352131581283
000d7d20_3154,11744.351617832752
000d7d20_3155,11744.353217171552
000d7d20_3156,11744.353574518984
000d7d20_3157,11744.354055006052
000d7d20_3158,11744.35459525182
000d7d20_3159,11744.354535637798
000d7d20_3160,11744.365282490791
000d7d20_3161,11744.3649226726
000d7d20_3162,11744.364355620097
000d7d20_3163,11744.363674016386
000d7d20_3164,11744.364419620386
000d7d20_3165,11744.36343423193
000d7d20_3166,11744.361993925428
000d7d20_3167,11744.370433669255
000d7d20_3168,11744.371342676215
000d7d20_3169,11744.370362025242
000d7d20_3170,11744.369263011731
000d7d20_3171,11744.368313110926
000d7d20_3172,11744.36942608917
000d7d20_3173,11744.377826597569
000d7d20_3174,11744.376641688608
000d7d20_3175,11744.3754688362
000d7d20_3176,11744.376533092664
000d7d20_3177,11744.37514166006
000d7d20_3178,11744.374272660234
000d7d20_3179,11744.383205286067
000d7d20_3180,11744.38498261759
000d7d20_3181,11744.385140563338
000d7d20_3182,11744.385348329974
000d7d20_3183,11744.385653680954
000d7d20_3184,11744.39695381708
000d7d20_3185,11744.397010129118
000d7d20_3186,11744.397163172163
000d7d20_3187,11744.397487724938
000d7d20_3188,11744.39959916642
000d7d20_3189,11744.399813424216
000d7d20_3190,11744.409308767785
000d7d20_3191,11744.407663798916
000d7d20_3192,11744.40764727136
000d7d20_3193,11744.405033011884
000d7d20_3194,11744.404627711496
000d7d20_3195,11744.411629454156
000d7d20_3196,11744.407836709326
000d7d20_3197,11744.406702658096
000d7d20_3198,11744.404903473263
000d7d20_3199,11744.413161861596
000d7d20_3200,11744.41459374161
000d7d20_3201,11744.41119112701
000d7d20_3202,11744.417913113828
000d7d20_3203,11744.417476135464
000d7d20_3204,11744.415534876687
000d7d20_3205,11744.422982287451
000d7d20_3206,11744.422664732325
000d7d20_3207,11744.419769643198
000d7d20_3208,11744.42560352869
000d7d20_3209,11744.42316107388
000d7d20_3210,11744.41799867272
000d7d20_3211,11744.421230746128
000d7d20_3212,11744.414256271104
000d7d20_3213,11744.419574041278
000d7d20_3214,11744.41411274887
000d7d20_3215,11744.417990992077
000d7d20_3216,11744.41437957132
000d7d20_3217,11744.417930891965
000d7d20_3218,11744.412460218922
000d7d20_3219,11744.417658829629
000d7d20_3220,11744.421440467344
000d7d20_3221,11744.415728214071
000d7d20_3222,11744.421010786347
000d7d20_3223,11744.415026409772
000d7d20_3224,11744.417843789026
000d7d20_3225,11744.420149776435
000d7d20_3226,11744.414878331852
000d7d20_3227,11744.416933486544
000d7d20_3228,11744.418687961144
000d7d20_3229,11744.412846246423
000d7d20_3230,11744.41444205588
000d7d20_3231,11744.41578421076
000d7d20_3232,11744.41894430308
000d7d20_3233,11744.41072638365
000d7d20_3234,11744.411916299036
000d7d20_3235,11744.415011418796
000d7d20_3236,11744.416838239706
000d7d20_3237,11744.417724441735
000d7d20_3238,11744.410138433605
000d7d20_3239,11744.413883444016
000d7d20_3240,11744.416064419194
000d7d20_3241,11744.418683651578
000d7d20_3242,11744.423863591095
000d7d20_3243,11744.42753696156
000d7d20_3244,11744.43142166032
000d7d20_3245,11744.437657065122
000d7d20_3246,11744.44218079882
000d7d20_3247,11744.446543530668
000d7d20_3248,11744.452973565169
000d7d20_3249,11744.456860731403
000d7d20_3250,11744.460396651424
000d7d20_3251,11744.463653444607
000d7d20_3252,11744.46822802189
000d7d20_3253,11744.470543501882
000d7d20_3254,11744.473714794058
000d7d20_3255,11744.478839424655
000d7d20_3256,11744.482187226153
000d7d20_3257,11744.48591860408
000d7d20_3258,11744.491628784084
000d7d20_3259,11744.495697939614
000d7d20_3260,11744.509018220082
000d7d20_3261,11744.515103787458
000d7d20_3262,11744.519182893902
000d7d20_3263,11744.52314370987
000d7d20_3264,11744.527237333436
000d7d20_3265,11744.54190897254
000d7d20_3266,11744.54554443231
000d7d20_3267,11744.549301482988
000d7d20_3268,11744.555192173177
000d7d20_3269,11744.568527523848
000d7d20_3270,11744.572458200772
000d7d20_3271,11744.578138079118
000d7d20_3272,11744.591121400785
000d7d20_3273,11744.594763531975
000d7d20_3274,11744.600115703568
000d7d20_3275,11744.613136456192
000d7d20_3276,11744.616920738652
000d7d20_3277,11744.630007944404
000d7d20_3278,11744.635488503376
000d7d20_3279,11744.64880258975
000d7d20_3280,11744.652830921032
000d7d20_3281,11744.658394490623
000d7d20_3282,11744.671352417354
000d7d20_3283,11744.674330333864
000d7d20_3284,11744.689822944763
000d7d20_3285,11744.703983151385
000d7d20_3286,11744.710320072769
000d7d20_3287,11744.72817531632
000d7d20_3288,11744.735788102393
000d7d20_3289,11744.752752693272
000d7d20_3290,11744.760942633624
000d7d20_3291,11744.780322609173
000d7d20_3292,11744.797988528238
000d7d20_3293,11744.806349507402
000d7d20_3294,11744.825417677524
000d7d20_3295,11744.833153560843
000d7d20_3296,11744.849375833846
000d7d20_3297,11744.857094884246
000d7d20_3298,11744.871480017922
000d7d20_3299,11744.876251700229
000d7d20_3300,11744.88426951968
000d7d20_3301,11744.899436910468
000d7d20_3302,11744.906276799524
000d7d20_3303,11744.912825655128
000d7d20_3304,11744.930784311064
000d7d20_3305,11744.936747736503
000d7d20_3306,11744.94160649044
000d7d20_3307,11744.957200017854
000d7d20_3308,11744.96145283628
000d7d20_3309,11744.96528082846
000d7d20_3310,11744.970209513254
000d7d20_3311,11744.982487853267
000d7d20_3312,11744.985311213515
000d7d20_3313,11744.98923907601
000d7d20_3314,11744.991415973986
000d7d20_3315,11744.99404311862
000d7d20_3316,11744.9972582729
000d7d20_3317,11745.002652169696
000d7d20_3318,11745.01646329082
000d7d20_3319,11745.021265266138
000d7d20_3320,11745.027676992388
000d7d20_3321,11745.0315531672
000d7d20_3322,11745.034727221991
000d7d20_3323,11745.040550796706
000d7d20_3324,11745.044345767084
000d7d20_3325,11745.047979372526
000d7d20_3326,11745.044011486954
000d7d20_3327,11745.047362425512
000d7d20_3328,11745.050878328742
000d7d20_3329,11745.054185048946
000d7d20_3330,11745.059471333763
000d7d20_3331,11745.063279849252
000d7d20_3332,11745.067338567404
000d7d20_3333,11745.063672752616
000d7d20_3334,11745.067812419806
000d7d20_3335,11745.071843005404
000d7d20_3336,11745.07741465122
000d7d20_3337,11745.07166421004
000d7d20_3338,11745.075231368231
000d7d20_3339,11745.080899985882
000d7d20_3340,11745.075567049038
000d7d20_3341,11745.079567678458
000d7d20_3342,11745.08361035061
000d7d20_3343,11745.079928209409
000d7d20_3344,11745.083912440745
000d7d20_3345,11745.078181808329
000d7d20_3346,11745.083386933082
000d7d20_3347,11745.086547690644
000d7d20_3348,11745.08059774612
000d7d20_3349,11745.085557265364
000d7d20_3350,11745.07971249471
000d7d20_3351,11745.0826513736
000d7d20_3352,11745.078355540594
000d7d20_3353,11745.0720890532
000d7d20_3354,11745.075247421551
000d7d20_3355,11745.069444759174
000d7d20_3356,11745.074902849045
000d7d20_3357,11745.069322442358
000d7d20_3358,11745.063733985584
000d7d20_3359,11745.0688328026
000d7d20_3360,11745.06226995461
000d7d20_3361,11745.056066977477
000d7d20_3362,11745.0519863946
000d7d20_3363,11745.05558520083
000d7d20_3364,11745.050454261702
000d7d20_3365,11745.04699640951
000d7d20_3366,11745.042084809456
000d7d20_3367,11745.037423817676
000d7d20_3368,11745.042312094178
000d7d20_3369,11745.039321871984
000d7d20_3370,11745.034446385736
000d7d20_3371,11745.028376740707
000d7d20_3372,11745.024777685108
000d7d20_3373,11745.02008252298
000d7d20_3374,11745.015870399851
000d7d20_3375,11745.01366744878
000d7d20_3376,11745.009634987442
000d7d20_3377,11745.00633846082
000d7d20_3378,11745.003268287985
000d7d20_3379,11745.001988855924
000d7d20_3380,11744.998956627329
000d7d20_3381,11744.995876251343
000d7d20_3382,11744.99466092664
000d7d20_3383,11744.981880269615
000d7d20_3384,11744.977483512392
000d7d20_3385,11744.974004182848
000d7d20_3386,11744.967926430549
000d7d20_3387,11744.961190154509
000d7d20_3388,11744.957286490566
000d7d20_3389,11744.951666153638
000d7d20_3390,11744.94620352648
000d7d20_3391,11744.933159791204
000d7d20_3392,11744.929348939882
000d7d20_3393,11744.925648963675
000d7d20_3394,11744.920096826076
000d7d20_3395,11744.916102221743
000d7d20_3396,11744.912114123526
000d7d20_3397,11744.908044519212
000d7d20_3398,11744.903909069522
000d7d20_3399,11744.890339366351
000d7d20_3400,11744.884508311832
000d7d20_3401,11744.883937894749
000d7d20_3402,11744.88170884336
000d7d20_3403,11744.879357962463
000d7d20_3404,11744.87656695825
000d7d20_3405,11744.873832356758
000d7d20_3406,11744.871175345332
000d7d20_3407,11744.868292811385
000d7d20_3408,11744.86528237276
000d7d20_3409,11744.852705905148
000d7d20_3410,11744.84821603942
000d7d20_3411,11744.844237912052
000d7d20_3412,11744.840516254257
000d7d20_3413,11744.837056214794
000d7d20_3414,11744.83416746252
000d7d20_3415,11744.831715124648
000d7d20_3416,11744.830122483472
000d7d20_3417,11744.82879929231
000d7d20_3418,11744.82777777385
000d7d20_3419,11744.828511799738
000d7d20_3420,11744.82747687674
000d7d20_3421,11744.81761438384
000d7d20_3422,11744.816661933335
000d7d20_3423,11744.81500702013
000d7d20_3424,11744.813181946896
000d7d20_3425,11744.81058632247
000d7d20_3426,11744.807537289907
000d7d20_3427,11744.805236413802
000d7d20_3428,11744.802688395304
000d7d20_3429,11744.799901429737
000d7d20_3430,11744.797330026304
000d7d20_3431,11744.794728016392
000d7d20_3432,11744.79235480386
000d7d20_3433,11744.789842073964
000d7d20_3434,11744.787474069171
000d7d20_3435,11744.785151653676
000d7d20_3436,11744.78312264826
000d7d20_3437,11744.783240431154
000d7d20_3438,11744.772019781853
000d7d20_3439,11744.770022584044
000d7d20_3440,11744.768310107467
000d7d20_3441,11744.766321813062
000d7d20_3442,11744.764588188982
000d7d20_3443,11744.762782490188
000d7d20_3444,11744.760848138376
000d7d20_3445,11744.75889203998
000d7d20_3446,11744.75707004439
000d7d20_3447,11744.755175069236
000d7d20_3448,11744.753212641686
000d7d20_3449,11744.75119487312
000d7d20_3450,11744.74931456743
000d7d20_3451,11744.747437996935
000d7d20_3452,11744.745736166144
000d7d20_3453,11744.744110253578
000d7d20_3454,11744.744219603544
000d7d20_3455,11744.742376174716
000d7d20_3456,11744.74059753599
000d7d20_3457,11744.739040409177
000d7d20_3458,11744.737620276534
000d7d20_3459,11744.735467847098
000d7d20_3460,11744.73414118286
000d7d20_3461,11744.733572984687
000d7d20_3462,11744.733375007934
000d7d20_3463,11744.733687677764
000d7d20_3464,11744.734129761497
000d7d20_3465,11744.73465258077
000d7d20_3466,11744.735230858669
000d7d20_3467,11744.73580356059
000d7d20_3468,11744.736322079398
000d7d20_3469,11744.73662042219
000d7d20_3470,11744.73656333801
000d7d20_3471,11744.735934086724
000d7d20_3472,11744.736733754322
000d7d20_3473,11744.735232506531
000d7d20_3474,11744.733084762627
000d7d20_3475,11744.730110451328
000d7d20_3476,11744.728203931989
000d7d20_3477,11744.726255286048
000d7d20_3478,11744.724404856915
000d7d20_3479,11744.72257584235
000d7d20_3480,11744.720508963372
000d7d20_3481,11744.719040695956
000d7d20_3482,11744.71786637275
000d7d20_3483,11744.717058527978
000d7d20_3484,11744.716048966558
000d7d20_3485,11744.714530285182
000d7d20_3486,11744.712306079107
000d7d20_3487,11744.709573719669
000d7d20_3488,11744.70602241268
000d7d20_3489,11744.701955397506
000d7d20_3490,11744.69921516141
000d7d20_3491,11744.694382925816
000d7d20_3492,11744.689417732528
000d7d20_3493,11744.684549202482
000d7d20_3494,11744.670890029998
000d7d20_3495,11744.66686771134
000d7d20_3496,11744.663692817952
000d7d20_3497,11744.661653204728
000d7d20_3498,11744.660071508548
000d7d20_3499,11744.658993008185
000d7d20_3500,11744.648575831796
000d7d20_3501,11744.647470563688
000d7d20_3502,11744.64636828222
000d7d20_3503,11744.64516361471
000d7d20_3504,11744.634446371949
000d7d20_3505,11744.632855590296
000d7d20_3506,11744.630820012671
000d7d20_3507,11744.630296840138
000d7d20_3508,11744.618204414024
000d7d20_3509,11744.615297891169
000d7d20_3510,11744.612403616033
000d7d20_3511,11744.600476409323
000d7d20_3512,11744.597982838166
000d7d20_3513,11744.595242117866
000d7d20_3514,11744.5830884523
000d7d20_3515,11744.580275091846
000d7d20_3516,11744.57733578669
000d7d20_3517,11744.565182828395
000d7d20_3518,11744.562007772922
000d7d20_3519,11744.550173849548
000d7d20_3520,11744.547833800068
000d7d20_3521,11744.536118705117
000d7d20_3522,11744.533558285317
000d7d20_3523,11744.531164761298
000d7d20_3524,11744.519539261752
000d7d20_3525,11744.519008134532
000d7d20_3526,11744.507708290395
000d7d20_3527,11744.505685382615
000d7d20_3528,11744.494205219476
000d7d20_3529,11744.491751351798
000d7d20_3530,11744.480213011642
000d7d20_3531,11744.468813324518
000d7d20_3532,11744.46644708589
000d7d20_3533,11744.45504619387
000d7d20_3534,11744.452907707622
000d7d20_3535,11744.442422421836
000d7d20_3536,11744.441002095284
000d7d20_3537,11744.430338583206
000d7d20_3538,11744.419566441004
000d7d20_3539,11744.418176054634
000d7d20_3540,11744.407568472949
000d7d20_3541,11744.39666014852
000d7d20_3542,11744.394773635884
000d7d20_3543,11744.38519179266
000d7d20_3544,11744.373792892413
000d7d20_3545,11744.3717380354
000d7d20_3546,11744.360608373492
000d7d20_3547,11744.3484252895
000d7d20_3548,11744.33671135929
000d7d20_3549,11744.33501113866
000d7d20_3550,11744.32437008026
000d7d20_3551,11744.314307556037
000d7d20_3552,11744.304332758558
000d7d20_3553,11744.303741594496
000d7d20_3554,11744.294250771893
000d7d20_3555,11744.285241871044
000d7d20_3556,11744.275775311791
000d7d20_3557,11744.266466085784
000d7d20_3558,11744.25687737536
000d7d20_3559,11744.256440977231
000d7d20_3560,11744.246060507654
000d7d20_3561,11744.23735628829
000d7d20_3562,11744.226278872904
000d7d20_3563,11744.21422202101
000d7d20_3564,11744.203292255545
000d7d20_3565,11744.19253884606
000d7d20_3566,11744.18159309727
000d7d20_3567,11744.170443057788
000d7d20_3568,11744.159452105863
000d7d20_3569,11744.148506767144
000d7d20_3570,11744.137520119184
000d7d20_3571,11744.126433763106
000d7d20_3572,11744.11513799144
000d7d20_3573,11744.10417421852
000d7d20_3574,11744.092839399436
000d7d20_3575,11744.081290257496
000d7d20_3576,11744.069112782976
000d7d20_3577,11744.057688605648
000d7d20_3578,11744.045435137405
000d7d20_3579,11744.034352919669
000d7d20_3580,11744.021647065088
000d7d20_3581,11744.008542228978
000d7d20_3582,11743.995256963071
000d7d20_3583,11743.98147012852
000d7d20_3584,11743.959046667773
000d7d20_3585,11743.945644908365
000d7d20_3586,11743.932312030736
000d7d20_3587,11743.919384295736
000d7d20_3588,11743.906456347018
000d7d20_3589,11743.894379317537
000d7d20_3590,11743.88248416338
000d7d20_3591,11743.861654685614
000d7d20_3592,11743.84931686613
000d7d20_3593,11743.8380922632
000d7d20_3594,11743.82613255532
000d7d20_3595,11743.813424682496
000d7d20_3596,11743.791942755635
000d7d20_3597,11743.779158281415
000d7d20_3598,11743.767392467813
000d7d20_3599,11743.753817497392
000d7d20_3600,11743.73096487005
000d7d20_3601,11743.716555323655
000d7d20_3602,11743.70282750713
000d7d20_3603,11743.679437196406
000d7d20_3604,11743.664372689684
000d7d20_3605,11743.650488555948
000d7d20_3606,11743.626945882805
000d7d20_3607,11743.612496883356
000d7d20_3608,11743.598430258382
000d7d20_3609,11743.575702426757
000d7d20_3610,11743.56214619688
000d7d20_3611,11743.54797643596
000d7d20_3612,11743.525852455376
000d7d20_3613,11743.511488277998
000d7d20_3614,11743.497264145592
000d7d20_3615,11743.474120820909
000d7d20_3616,11743.46098515292
000d7d20_3617,11743.437897958263
000d7d20_3618,11743.42435515437
000d7d20_3619,11743.401129377511
000d7d20_3620,11743.386390061834
000d7d20_3621,11743.363418139294
000d7d20_3622,11743.350037378112
000d7d20_3623,11743.336200814732
000d7d20_3624,11743.314689383174
000d7d20_3625,11743.30153663442
000d7d20_3626,11743.279983770004
000d7d20_3627,11743.267065786698
000d7d20_3628,11743.245582434123
000d7d20_3629,11743.223928993444
000d7d20_3630,11743.211969725537
000d7d20_3631,11743.191051134643
000d7d20_3632,11743.178764872651
000d7d20_3633,11743.158481150014
000d7d20_3634,11743.149264715668
000d7d20_3635,11743.12884264994
000d7d20_3636,11743.10636711642
000d7d20_3637,11743.095490808691
000d7d20_3638,11743.075948331443
000d7d20_3639,11743.065916581732
000d7d20_3640,11743.048128506996
000d7d20_3641,11743.030479124318
000d7d20_3642,11743.022061318768
000d7d20_3643,11743.004410239202
000d7d20_3644,11742.987346068205
000d7d20_3645,11742.979046158393
000d7d20_3646,11742.960745722155
000d7d20_3647,11742.942531603045
000d7d20_3648,11742.923338346962
000d7d20_3649,11742.912993936254
000d7d20_3650,11742.89206994437
000d7d20_3651,11742.86955071046
000d7d20_3652,11742.855531008843
000d7d20_3653,11742.836027530617
000d7d20_3654,11742.814711744477
000d7d20_3655,11742.793115728631
000d7d20_3656,11742.772031327337
000d7d20_3657,11742.76033518455
000d7d20_3658,11742.73920560277
000d7d20_3659,11742.719110802278
000d7d20_3660,11742.699085825032
000d7d20_3661,11742.67887084743
000d7d20_3662,11742.668506066802
000d7d20_3663,11742.649270746444
000d7d20_3664,11742.62926911022
000d7d20_3665,11742.60828564821
000d7d20_3666,11742.58683035605
000d7d20_3667,11742.56504303058
000d7d20_3668,11742.542536552848
000d7d20_3669,11742.519570750152
000d7d20_3670,11742.496490516718
000d7d20_3671,11742.483728322184
000d7d20_3672,11742.46070322668
000d7d20_3673,11742.43818292294
000d7d20_3674,11742.415464389607
000d7d20_3675,11742.39327483788
000d7d20_3676,11742.371554753816
000d7d20_3677,11742.349986213336
000d7d20_3678,11742.328691907947
000d7d20_3679,11742.30805053001
000d7d20_3680,11742.287296893328
000d7d20_3681,11742.276215340142
000d7d20_3682,11742.256183739904
000d7d20_3683,11742.235751770186
000d7d20_3684,11742.215431665292
000d7d20_3685,11742.195335565764
000d7d20_3686,11742.17585561887
000d7d20_3687,11742.156297090758
000d7d20_3688,11742.13689958184
000d7d20_3689,11742.119144006463
000d7d20_3690,11742.098642478371
000d7d20_3691,11742.078556187364
000d7d20_3692,11742.057943570942
000d7d20_3693,11742.036557906067
000d7d20_3694,11742.024035433224
000d7d20_3695,11742.002190953572
000d7d20_3696,11741.979992198152
000d7d20_3697,11741.957407279537
000d7d20_3698,11741.93460376652
000d7d20_3699,11741.911492406643
000d7d20_3700,11741.88869876119
000d7d20_3701,11741.865913185984
000d7d20_3702,11741.843128984698
000d7d20_3703,11741.820123021023
000d7d20_3704,11741.797555123065
000d7d20_3705,11741.77509642238
000d7d20_3706,11741.752954186832
000d7d20_3707,11741.732958171931
000d7d20_3708,11741.711003837252
000d7d20_3709,11741.688930649554
000d7d20_3710,11741.66770423481
000d7d20_3711,11741.646502873553
000d7d20_3712,11741.62415443606
000d7d20_3713,11741.602165606944
000d7d20_3714,11741.58266199609
000d7d20_3715,11741.565171085773
000d7d20_3716,11741.54917347242
000d7d20_3717,11741.533977609266
000d7d20_3718,11741.528861581264
000d7d20_3719,11741.514260930824
000d7d20_3720,11741.496880831057
000d7d20_3721,11741.481516615884
000d7d20_3722,11741.467761961336
000d7d20_3723,11741.45644799363
000d7d20_3724,11741.443062722456
000d7d20_3725,11741.42937994191
000d7d20_3726,11741.415530836352
000d7d20_3727,11741.396756690749
000d7d20_3728,11741.375455409623
000d7d20_3729,11741.354208719382
000d7d20_3730,11741.333568745982
000d7d20_3731,11741.312774673692
000d7d20_3732,11741.289951596307
000d7d20_3733,11741.265391534833
000d7d20_3734,11741.239467141297
000d7d20_3735,11741.211100283255
000d7d20_3736,11741.181490511375
000d7d20_3737,11741.155683982368
000d7d20_3738,11741.122513599888
000d7d20_3739,11741.100031693424
000d7d20_3740,11741.07604977694
000d7d20_3741,11741.054243321129
000d7d20_3742,11741.032713150587
000d7d20_3743,11741.006771473008
000d7d20_3744,11740.979653796438
000d7d20_3745,11740.94779669828
000d7d20_3746,11740.913846780288
000d7d20_3747,11740.882886607911
000d7d20_3748,11740.847360258063
000d7d20_3749,11740.808765742811
000d7d20_3750,11740.768032446107
000d7d20_3751,11740.725566518951
000d7d20_3752,11740.682850174704
000d7d20_3753,11740.64117432162
000d7d20_3754,11740.60162085578
000d7d20_3755,11740.564271044648
000d7d20_3756,11740.531351471664
000d7d20_3757,11740.501672120445
000d7d20_3758,11740.473866958177
000d7d20_3759,11740.444111442215
000d7d20_3760,11740.416145688168
000d7d20_3761,11740.38940248138
000d7d20_3762,11740.365375881518
000d7d20_3763,11740.337336969782
000d7d20_3764,11740.312841329644
000d7d20_3765,11740.288178826027
000d7d20_3766,11740.263565253066
000d7d20_3767,11740.238602556185
000d7d20_3768,11740.213803946246
000d7d20_3769,11740.18942630023
000d7d20_3770,11740.16599029524
000d7d20_3771,11740.142230570606
000d7d20_3772,11740.119659925176
000d7d20_3773,11740.096849952566
000d7d20_3774,11740.074828718398
000d7d20_3775,11740.05259711177
000d7d20_3776,11740.029697558402
000d7d20_3777,11740.006756982171
000d7d20_3778,11739.98346593825
000d7d20_3779,11739.95978899533
000d7d20_3780,11739.935622966714
000d7d20_3781,11739.91325228078
000d7d20_3782,11739.88873983196
000d7d20_3783,11739.864128566642
000d7d20_3784,11739.84045318578
000d7d20_3785,11739.816086107425
000d7d20_3786,11739.79179571618
000d7d20_3787,11739.766178030855
000d7d20_3788,11739.7408258989
000d7d20_3789,11739.71562578775
000d7d20_3790,11739.690184958605
000d7d20_3791,11739.664724428623
000d7d20_3792,11739.63879580942
000d7d20_3793,11739.613169534412
000d7d20_3794,11739.587621726372
000d7d20_3795,11739.562070010134
000d7d20_3796,11739.53746074715
000d7d20_3797,11739.513214765648
000d7d20_3798,11739.48925563453
000d7d20_3799,11739.465819153756
000d7d20_3800,11739.445180568478
000d7d20_3801,11739.422041783431
000d7d20_3802,11739.398994192085
000d7d20_3803,11739.375553011718
000d7d20_3804,11739.352200673364
000d7d20_3805,11739.328298641887
000d7d20_3806,11739.30307327106
000d7d20_3807,11739.27816821746
000d7d20_3808,11739.252457008124
000d7d20_3809,11739.227426030002
000d7d20_3810,11739.20327636614
000d7d20_3811,11739.179205868368
000d7d20_3812,11739.153692447526
000d7d20_3813,11739.13072818291
000d7d20_3814,11739.110807923556
000d7d20_3815,11739.091463413712
000d7d20_3816,11739.072845007388
000d7d20_3817,11739.052629429234
000d7d20_3818,11739.03121039672
000d7d20_3819,11739.0107432039
000d7d20_3820,11738.988151846208
000d7d20_3821,11738.964041520969
000d7d20_3822,11738.93822756931
000d7d20_3823,11738.921815392492
000d7d20_3824,11738.896032718289
000d7d20_3825,11738.870949997892
000d7d20_3826,11738.846008451612
000d7d20_3827,11738.821180343746
000d7d20_3828,11738.7964912248
000d7d20_3829,11738.776434696038
000d7d20_3830,11738.75660918962
000d7d20_3831,11738.735825538375
000d7d20_3832,11738.715677269014
000d7d20_3833,11738.695177182582
000d7d20_3834,11738.675201162803
000d7d20_3835,11738.655379929476
000d7d20_3836,11738.635834739776
000d7d20_3837,11738.624954067114
000d7d20_3838,11738.60623050696
000d7d20_3839,11738.58622731828
000d7d20_3840,11738.566946874987
000d7d20_3841,11738.547131320018
000d7d20_3842,11738.52576450839
000d7d20_3843,11738.504492406531
000d7d20_3844,11738.482421294875
000d7d20_3845,11738.459411404225
000d7d20_3846,11738.43517062689
000d7d20_3847,11738.41107064846
000d7d20_3848,11738.39662519637
000d7d20_3849,11738.371845643744
000d7d20_3850,11738.346672670585
000d7d20_3851,11738.321137033276
000d7d20_3852,11738.296076468088
000d7d20_3853,11738.272156592227
000d7d20_3854,11738.24866433748
000d7d20_3855,11738.224884703492
000d7d20_3856,11738.203034945853
000d7d20_3857,11738.187819483775
000d7d20_3858,11738.16287958169
000d7d20_3859,11738.13868740106
000d7d20_3860,11738.114030981144
000d7d20_3861,11738.088746534157
000d7d20_3862,11738.063648468544
000d7d20_3863,11738.047627176544
000d7d20_3864,11738.021824938967
000d7d20_3865,11737.99506015984
000d7d20_3866,11737.968397470737
000d7d20_3867,11737.951672504638
000d7d20_3868,11737.92648371121
000d7d20_3869,11737.901840659051
000d7d20_3870,11737.886368766996
000d7d20_3871,11737.861304271242
000d7d20_3872,11737.837061617216
000d7d20_3873,11737.822044069482
000d7d20_3874,11737.798542509823
000d7d20_3875,11737.786130927014
000d7d20_3876,11737.763050666534
000d7d20_3877,11737.739895674247
000d7d20_3878,11737.72648090724
000d7d20_3879,11737.703839832006
000d7d20_3880,11737.69019134178
000d7d20_3881,11737.667668902735
000d7d20_3882,11737.654154108772
000d7d20_3883,11737.632038176022
000d7d20_3884,11737.618815859616
000d7d20_3885,11737.596411017836
000d7d20_3886,11737.584620188967
000d7d20_3887,11737.57116614062
000d7d20_3888,11737.547312972443
000d7d20_3889,11737.531216877804
000d7d20_3890,11737.504791392756
000d7d20_3891,11737.486014490456
000d7d20_3892,11737.46564173366
000d7d20_3893,11737.436089942696
000d7d20_3894,11737.418662172184
000d7d20_3895,11737.3987212042
000d7d20_3896,11737.36926688253
000d7d20_3897,11737.349268083455
000d7d20_3898,11737.328163683502
000d7d20_3899,11737.307662024574
000d7d20_3900,11737.281051757362
000d7d20_3901,11737.268046339284
000d7d20_3902,11737.25622848156
000d7d20_3903,11737.248379657787
000d7d20_3904,11737.238666320369
000d7d20_3905,11737.230992235223
000d7d20_3906,11737.21341519856
000d7d20_3907,11737.203024745504
000d7d20_3908,11737.193424058922
000d7d20_3909,11737.18398327777
000d7d20_3910,11737.17094428313
000d7d20_3911,11737.156625550728
000d7d20_3912,11737.139072328291
000d7d20_3913,11737.118969011695
000d7d20_3914,11737.097273936586
000d7d20_3915,11737.076779257335
000d7d20_3916,11737.061035073157
000d7d20_3917,11737.045569114553
000d7d20_3918,11737.031018893467
000d7d20_3919,11737.0181995848
000d7d20_3920,11737.00300614246
000d7d20_3921,11736.98972513192
000d7d20_3922,11736.974331785435
000d7d20_3923,11736.958557716478
000d7d20_3924,11736.951275896075
000d7d20_3925,11736.936046043087
000d7d20_3926,11736.91909694144
000d7d20_3927,11736.90223382356
000d7d20_3928,11736.88580308066
000d7d20_3929,11736.86860021112
000d7d20_3930,11736.86298184267
000d7d20_3931,11736.846707433486
000d7d20_3932,11736.830917838392
000d7d20_3933,11736.815108498684
000d7d20_3934,11736.808777179836
000d7d20_3935,11736.79462792166
000d7d20_3936,11736.778007592007
000d7d20_3937,11736.770955527736
000d7d20_3938,11736.75478477556
000d7d20_3939,11736.73889206072
000d7d20_3940,11736.734326917913
000d7d20_3941,11736.719342091696
000d7d20_3942,11736.70476049971
000d7d20_3943,11736.699500370616
000d7d20_3944,11736.686869659086
000d7d20_3945,11736.681703312935
000d7d20_3946,11736.667469303153
000d7d20_3947,11736.66234475212
000d7d20_3948,11736.648119844627
000d7d20_3949,11736.644483356562
000d7d20_3950,11736.630064572772
000d7d20_3951,11736.623975308632
000d7d20_3952,11736.60821066774
000d7d20_3953,11736.601617295595
000d7d20_3954,11736.587678107717
000d7d20_3955,11736.58049559923
000d7d20_3956,11736.563660696862
000d7d20_3957,11736.556472570815
000d7d20_3958,11736.549102919118
000d7d20_3959,11736.534053843516
000d7d20_3960,11736.526291629112
000d7d20_3961,11736.509392702548
000d7d20_3962,11736.50126022409
000d7d20_3963,11736.49500996209
000d7d20_3964,11736.477697423808
000d7d20_3965,11736.469352703072
000d7d20_3966,11736.460670564597
000d7d20_3967,11736.44271939229
000d7d20_3968,11736.436069891255
000d7d20_3969,11736.428295189518
000d7d20_3970,11736.41144318776
000d7d20_3971,11736.40232036736
000d7d20_3972,11736.392859288797
000d7d20_3973,11736.383780506923
000d7d20_3974,11736.36383183866
000d7d20_3975,11736.353882277148
000d7d20_3976,11736.346096774214
000d7d20_3977,11736.339294036432
000d7d20_3978,11736.326278347102
000d7d20_3979,11736.321651709985
000d7d20_3980,11736.317972267552
000d7d20_3981,11736.314635759754
000d7d20_3982,11736.31154370662
000d7d20_3983,11736.3011235211
000d7d20_3984,11736.297359094156
000d7d20_3985,11736.293051847331
000d7d20_3986,11736.288801891757
000d7d20_3987,11736.28532310516
000d7d20_3988,11736.279243742858
000d7d20_3989,11736.261076129016
000d7d20_3990,11736.256454173315
000d7d20_3991,11736.255140202007
000d7d20_3992,11736.25847853706
000d7d20_3993,11736.261513860518
000d7d20_3994,11736.265831498504
000d7d20_3995,11736.27029452578
000d7d20_3996,11736.2746680194
000d7d20_3997,11736.279534478312
000d7d20_3998,11736.281125867565
000d7d20_3999,11736.280782311736
000d7d20_4000,11736.278305050968
000d7d20_4001,11736.275348144462
000d7d20_4002,11736.273707317943
000d7d20_4003,11736.26843951542
000d7d20_4004,11736.261137514108
000d7d20_4005,11736.25277430949
000d7d20_4006,11736.247008938702
000d7d20_4007,11736.243850703291
000d7d20_4008,11736.239045014192
000d7d20_4009,11736.235364977703
000d7d20_4010,11736.231089828194
000d7d20_4011,11736.228226178982
000d7d20_4012,11736.223343367636
000d7d20_4013,11736.217792550044
000d7d20_4014,11736.211923049246
000d7d20_4015,11736.205727873945
000d7d20_4016,11736.21050993212
000d7d20_4017,11736.20435392416
000d7d20_4018,11736.198030113988
000d7d20_4019,11736.191544539746
000d7d20_4020,11736.185227987871
000d7d20_4021,11736.18124442104
000d7d20_4022,11736.184839243762
000d7d20_4023,11736.180617979368
000d7d20_4024,11736.176685385282
000d7d20_4025,11736.173163425558
000d7d20_4026,11736.170808897012
000d7d20_4027,11736.1754109651
000d7d20_4028,11736.17020612209
000d7d20_4029,11736.163795376366
000d7d20_4030,11736.15738020603
000d7d20_4031,11736.161508751293
000d7d20_4032,11736.154397839033
000d7d20_4033,11736.146889711948
000d7d20_4034,11736.139443294494
000d7d20_4035,11736.14320123243
000d7d20_4036,11736.136630587704
000d7d20_4037,11736.130600476889
000d7d20_4038,11736.134175527692
000d7d20_4039,11736.129128340228
000d7d20_4040,11736.12595617444
000d7d20_4041,11736.13024737552
000d7d20_4042,11736.125618970344
000d7d20_4043,11736.12967298941
000d7d20_4044,11736.124253917493
000d7d20_4045,11736.120559119565
000d7d20_4046,11736.124369093795
000d7d20_4047,11736.118571816498
000d7d20_4048,11736.112367945403
000d7d20_4049,11736.115101587484
000d7d20_4050,11736.10971413218
000d7d20_4051,11736.102891310606
000d7d20_4052,11736.105192608502
000d7d20_4053,11736.098141044386
000d7d20_4054,11736.091260322068
000d7d20_4055,11736.09572456464
000d7d20_4056,11736.0891855283
000d7d20_4057,11736.083097989484
000d7d20_4058,11736.077294944487
000d7d20_4059,11736.082531709024
000d7d20_4060,11736.077046391969
000d7d20_4061,11736.072065176775
000d7d20_4062,11736.066645825127
000d7d20_4063,11736.070413396852
000d7d20_4064,11736.066171167984
000d7d20_4065,11736.059948548702
000d7d20_4066,11736.053429746818
000d7d20_4067,11736.05638219753
000d7d20_4068,11736.049860812993
000d7d20_4069,11736.043764331343
000d7d20_4070,11736.037434990872
000d7d20_4071,11736.03191613803
000d7d20_4072,11736.027225492748
000d7d20_4073,11736.032867466249
000d7d20_4074,11736.031252216266
000d7d20_4075,11736.028262337077
000d7d20_4076,11736.02552896934
000d7d20_4077,11736.022691773209
000d7d20_4078,11736.021267037322
000d7d20_4079,11736.017617852109
000d7d20_4080,11736.02291086741
000d7d20_4081,11736.018456386526
000d7d20_4082,11736.01359163753
000d7d20_4083,11736.009732437218
000d7d20_4084,11736.00340032568
000d7d20_4085,11735.996274047548
000d7d20_4086,11735.990810210817
000d7d20_4087,11735.985134306744
000d7d20_4088,11735.981343954776
000d7d20_4089,11735.97592517166
000d7d20_4090,11735.97018831057
000d7d20_4091,11735.964737372544
000d7d20_4092,11735.959151224586
000d7d20_4093,11735.955049953847
000d7d20_4094,11735.949302491825
000d7d20_4095,11735.94338786841
000d7d20_4096,11735.93755442289
000d7d20_4097,11735.93153496118
000d7d20_4098,11735.927710253443
000d7d20_4099,11735.921072708354
000d7d20_4100,11735.914824017902
000d7d20_4101,11735.908996710012
000d7d20_4102,11735.905147763864
000d7d20_4103,11735.899714817644
000d7d20_4104,11735.894344375349
000d7d20_4105,11735.889139436573
000d7d20_4106,11735.882992791034
000d7d20_4107,11735.879711839643
000d7d20_4108,11735.866160581518
000d7d20_4109,11735.86218817149
000d7d20_4110,11735.85852099798
000d7d20_4111,11735.854977666484
000d7d20_4112,11735.852884415974
000d7d20_4113,11735.848505154823
000d7d20_4114,11735.843828609986
000d7d20_4115,11735.837889279286
000d7d20_4116,11735.822999333104
000d7d20_4117,11735.818988088968
000d7d20_4118,11735.812475878804
000d7d20_4119,11735.805489886676
000d7d20_4120,11735.79742419189
000d7d20_4121,11735.781702805803
000d7d20_4122,11735.773006955103
000d7d20_4123,11735.766231352773
000d7d20_4124,11735.759435631044
000d7d20_4125,11735.752863753758
000d7d20_4126,11735.738544575112
000d7d20_4127,11735.731788218878
000d7d20_4128,11735.724746602573
000d7d20_4129,11735.717612512257
000d7d20_4130,11735.701483036157
000d7d20_4131,11735.69625119402
000d7d20_4132,11735.68879253642
000d7d20_4133,11735.681431374707
000d7d20_4134,11735.664658817648
000d7d20_4135,11735.657486551623
000d7d20_4136,11735.65205799496
000d7d20_4137,11735.636649060132
000d7d20_4138,11735.630493047069
000d7d20_4139,11735.624728749048
000d7d20_4140,11735.609174998184
000d7d20_4141,11735.604961870333
000d7d20_4142,11735.598531445496
000d7d20_4143,11735.59200922778
000d7d20_4144,11735.57628877307
000d7d20_4145,11735.56963008659
000d7d20_4146,11735.56393153593
000d7d20_4147,11735.556808290594
000d7d20_4148,11735.54104472727
000d7d20_4149,11735.535528323097
000d7d20_4150,11735.53241075496
000d7d20_4151,11735.528205905654
000d7d20_4152,11735.524334957145
000d7d20_4153,11735.520662185256
000d7d20_4154,11735.506895387109
000d7d20_4155,11735.504375515196
000d7d20_4156,11735.500150808712
000d7d20_4157,11735.495987424343
000d7d20_4158,11735.491189278731
000d7d20_4159,11735.48624730972
000d7d20_4160,11735.482700258495
000d7d20_4161,11735.46890904428
000d7d20_4162,11735.464245016588
000d7d20_4163,11735.45872435774
000d7d20_4164,11735.453023230508
000d7d20_4165,11735.448196108902
000d7d20_4166,11735.44116526346
000d7d20_4167,11735.43408278518
000d7d20_4168,11735.42681360249
000d7d20_4169,11735.420405780167
000d7d20_4170,11735.41499015553
000d7d20_4171,11735.406936335645
000d7d20_4172,11735.39795828268
000d7d20_4173,11735.388313794288
000d7d20_4174,11735.378571360356
000d7d20_4175,11735.370850484924
000d7d20_4176,11735.361107138226
000d7d20_4177,11735.352044899424
000d7d20_4178,11735.342106931184
000d7d20_4179,11735.33080008868
000d7d20_4180,11735.32209375686
000d7d20_4181,11735.311617490928
000d7d20_4182,11735.311559354044
000d7d20_4183,11735.30339144065
000d7d20_4184,11735.296581030934
000d7d20_4185,11735.29298205203
000d7d20_4186,11735.286937014203
000d7d20_4187,11735.280222520934
000d7d20_4188,11735.274050822118
000d7d20_4189,11735.267991006827
000d7d20_4190,11735.273229060473
000d7d20_4191,11735.265362607646
000d7d20_4192,11735.259329610191
000d7d20_4193,11735.253534158146
000d7d20_4194,11735.24620565888
000d7d20_4195,11735.249555669712
000d7d20_4196,11735.242441498838
000d7d20_4197,11735.234249894753
000d7d20_4198,11735.2287943269
000d7d20_4199,11735.233146007276
000d7d20_4200,11735.226675762877
000d7d20_4201,11735.22249972269
000d7d20_4202,11735.218366278175
000d7d20_4203,11735.221006656848
000d7d20_4204,11735.215543419208
000d7d20_4205,11735.209253341509
000d7d20_4206,11735.2100885434
000d7d20_4207,11735.202818063946
000d7d20_4208,11735.193514601113
000d7d20_4209,11735.194463676224
000d7d20_4210,11735.185579928468
000d7d20_4211,11735.174334550582
000d7d20_4212,11735.173794681532
000d7d20_4213,11735.165627260409
000d7d20_4214,11735.156122620649
000d7d20_4215,11735.158199938867
000d7d20_4216,11735.150855685682
000d7d20_4217,11735.152033691338
000d7d20_4218,11735.145416977648
000d7d20_4219,11735.146059165534
000d7d20_4220,11735.138787054551
000d7d20_4221,11735.140813880636
000d7d20_4222,11735.131906681843
000d7d20_4223,11735.124507593846
000d7d20_4224,11735.12643625544
000d7d20_4225,11735.117227282906
000d7d20_4226,11735.119012378938
000d7d20_4227,11735.109741547578
000d7d20_4228,11735.11150599526
000d7d20_4229,11735.113252518006
000d7d20_4230,11735.104300879648
000d7d20_4231,11735.1064866894
000d7d20_4232,11735.099504061867
000d7d20_4233,11735.100363190337
000d7d20_4234,11735.09326313557
000d7d20_4235,11735.093850777794
000d7d20_4236,11735.095774963904
000d7d20_4237,11735.088671682546
000d7d20_4238,11735.088880380565
000d7d20_4239,11735.0908522001
000d7d20_4240,11735.082823451095
000d7d20_4241,11735.082802090694
000d7d20_4242,11735.085034312102
000d7d20_4243,11735.085730416977
000d7d20_4244,11735.088685666582
000d7d20_4245,11735.082803956904
000d7d20_4246,11735.084790085051
000d7d20_4247,11735.088614598108
000d7d20_4248,11735.092588524982
000d7d20_4249,11735.094708155328
000d7d20_4250,11735.098280900917
000d7d20_4251,11735.100041644222
000d7d20_4252,11735.103245689825
000d7d20_4253,11735.106302668626
000d7d20_4254,11735.107310716032
000d7d20_4255,11735.10973373504
000d7d20_4256,11735.111348098191
000d7d20_4257,11735.11210379431
000d7d20_4258,11735.114456026724
000d7d20_4259,11735.115745668072
000d7d20_4260,11735.118813431016
000d7d20_4261,11735.121790327292
000d7d20_4262,11735.131582487757
000d7d20_4263,11735.134224367324
000d7d20_4264,11735.136875143558
000d7d20_4265,11735.137346762533
000d7d20_4266,11735.13935738027
000d7d20_4267,11735.14826716556
000d7d20_4268,11735.150531040614
000d7d20_4269,11735.150975100069
000d7d20_4270,11735.160986177983
000d7d20_4271,11735.164904246643
000d7d20_4272,11735.168647220353
000d7d20_4273,11735.180003688833
000d7d20_4274,11735.183808780108
000d7d20_4275,11735.195407435927
000d7d20_4276,11735.198170090567
000d7d20_4277,11735.210739224916
000d7d20_4278,11735.211928613144
000d7d20_4279,11735.22423970907
000d7d20_4280,11735.226120956677
000d7d20_4281,11735.234640056886
000d7d20_4282,11735.236360084866
000d7d20_4283,11735.244743226936
000d7d20_4284,11735.246349995845
000d7d20_4285,11735.25562564616
000d7d20_4286,11735.266950169129
000d7d20_4287,11735.271419736597
000d7d20_4288,11735.284615023163
000d7d20_4289,11735.296659178268
000d7d20_4290,11735.310235941306
000d7d20_4291,11735.313122030548
000d7d20_4292,11735.326742748222
000d7d20_4293,11735.34112234227
000d7d20_4294,11735.35299301217
000d7d20_4295,11735.365859549756
000d7d20_4296,11735.368759709285
000d7d20_4297,11735.379382161256
000d7d20_4298,11735.39183135473
000d7d20_4299,11735.402533470597
000d7d20_4300,11735.411007256702
000d7d20_4301,11735.421017391776
000d7d20_4302,11735.430380135464
000d7d20_4303,11735.441361703306
000d7d20_4304,11735.452376865436
000d7d20_4305,11735.461822719682
000d7d20_4306,11735.472498520112
000d7d20_4307,11735.483493166565
000d7d20_4308,11735.492556086236
000d7d20_4309,11735.503532241126
000d7d20_4310,11735.522091693952
000d7d20_4311,11735.53327374336
000d7d20_4312,11735.54428946337
000d7d20_4313,11735.553202205772
000d7d20_4314,11735.564033936813
000d7d20_4315,11735.583979720845
000d7d20_4316,11735.592617725491
000d7d20_4317,11735.603543542626
000d7d20_4318,11735.61244181269
000d7d20_4319,11735.632556268078
000d7d20_4320,11735.64354095199
000d7d20_4321,11735.661754220928
000d7d20_4322,11735.672477521446
000d7d20_4323,11735.683681814697
000d7d20_4324,11735.702625451026
000d7d20_4325,11735.714576825823
000d7d20_4326,11735.73299183957
000d7d20_4327,11735.745092682526
000d7d20_4328,11735.767233314686
000d7d20_4329,11735.779118407396
000d7d20_4330,11735.793970372197
000d7d20_4331,11735.817943947028
000d7d20_4332,11735.830770068807
000d7d20_4333,11735.854722904553
000d7d20_4334,11735.869120526277
000d7d20_4335,11735.881991045622
000d7d20_4336,11735.905375965744
000d7d20_4337,11735.916968039104
000d7d20_4338,11735.938662831555
000d7d20_4339,11735.950700477322
000d7d20_4340,11735.961186041392
000d7d20_4341,11735.981891310528
000d7d20_4342,11735.992266984576
000d7d20_4343,11736.002103082476
000d7d20_4344,11736.013682146631
000d7d20_4345,11736.032621698729
000d7d20_4346,11736.043768528469
000d7d20_4347,11736.054972996695
000d7d20_4348,11736.064894032315
000d7d20_4349,11736.084945135006
000d7d20_4350,11736.096125619866
000d7d20_4351,11736.10603644843
000d7d20_4352,11736.117562773878
000d7d20_4353,11736.126640928478
000d7d20_4354,11736.14591221066
000d7d20_4355,11736.157350067477
000d7d20_4356,11736.167249106677
000d7d20_4357,11736.17825152232
000d7d20_4358,11736.188524263553
000d7d20_4359,11736.197926004494
000d7d20_4360,11736.20867666261
000d7d20_4361,11736.219284750372
000d7d20_4362,11736.237461648492
000d7d20_4363,11736.24841542275
000d7d20_4364,11736.25743290305
000d7d20_4365,11736.267904142136
000d7d20_4366,11736.27883510857
000d7d20_4367,11736.2879647389
000d7d20_4368,11736.29851261216
000d7d20_4369,11736.308196919726
000d7d20_4370,11736.31659187064
000d7d20_4371,11736.327732644377
000d7d20_4372,11736.336876281346
000d7d20_4373,11736.347832169267
000d7d20_4374,11736.359265358597
000d7d20_4375,11736.368013574262
000d7d20_4376,11736.380533341904
000d7d20_4377,11736.384739013258
000d7d20_4378,11736.39672795704
000d7d20_4379,11736.411874625315
000d7d20_4380,11736.426861543529
000d7d20_4381,11736.44114654042
000d7d20_4382,11736.456851878038
000d7d20_4383,11736.47025468029
000d7d20_4384,11736.48505439374
000d7d20_4385,11736.49024369099
000d7d20_4386,11736.50284986204
000d7d20_4387,11736.516044374042
000d7d20_4388,11736.528141075736
000d7d20_4389,11736.537128052209
000d7d20_4390,11736.537922305077
000d7d20_4391,11736.54451517294
000d7d20_4392,11736.555357815883
000d7d20_4393,11736.564824877943
000d7d20_4394,11736.563066882683
000d7d20_4395,11736.573105415167
000d7d20_4396,11736.582657140329
000d7d20_4397,11736.58176140064
000d7d20_4398,11736.58967418841
000d7d20_4399,11736.596336710158
000d7d20_4400,11736.59643162179
000d7d20_4401,11736.606728744891
000d7d20_4402,11736.615775433616
000d7d20_4403,11736.617795221986
000d7d20_4404,11736.629058716817
000d7d20_4405,11736.630038405276
000d7d20_4406,11736.641614719272
000d7d20_4407,11736.653371212631
000d7d20_4408,11736.65424499571
000d7d20_4409,11736.666615709171
000d7d20_4410,11736.667571382855
000d7d20_4411,11736.67929384626
000d7d20_4412,11736.681411298954
000d7d20_4413,11736.690122407195
000d7d20_4414,11736.690234941443
000d7d20_4415,11736.700917943544
000d7d20_4416,11736.70065021139
000d7d20_4417,11736.71157733191
000d7d20_4418,11736.711730565745
000d7d20_4419,11736.722591228185
000d7d20_4420,11736.724029943596
000d7d20_4421,11736.732482090696
000d7d20_4422,11736.732653340025
000d7d20_4423,11736.733001224322
000d7d20_4424,11736.740715260832
000d7d20_4425,11736.74114708263
000d7d20_4426,11736.750216992466
000d7d20_4427,11736.74845182707
000d7d20_4428,11736.755327871302
000d7d20_4429,11736.753279948369
000d7d20_4430,11736.763972584527
000d7d20_4431,11736.767212635294
000d7d20_4432,11736.770149417427
000d7d20_4433,11736.785473839773
000d7d20_4434,11736.792118169687
000d7d20_4435,11736.80538588768
000d7d20_4436,11736.811723430756
000d7d20_4437,11736.825394634969
000d7d20_4438,11736.83182095729
000d7d20_4439,11736.84631112552
000d7d20_4440,11736.849177383969
000d7d20_4441,11736.862231720046
000d7d20_4442,11736.86458906074
000d7d20_4443,11736.873283558149
000d7d20_4444,11736.873001192438
000d7d20_4445,11736.873753978562
000d7d20_4446,11736.885750187932
000d7d20_4447,11736.888787333814
000d7d20_4448,11736.899270315813
000d7d20_4449,11736.902030955673
000d7d20_4450,11736.913429347633
000d7d20_4451,11736.91275282885
000d7d20_4452,11736.923931575464
000d7d20_4453,11736.92429245546
000d7d20_4454,11736.935259556967
000d7d20_4455,11736.936570085236
000d7d20_4456,11736.945496837468
000d7d20_4457,11736.94712851843
000d7d20_4458,11736.957008445515
000d7d20_4459,11736.956783612051
000d7d20_4460,11736.968450452508
000d7d20_4461,11736.971394518076
000d7d20_4462,11736.982374487066
000d7d20_4463,11736.985599178555
000d7d20_4464,11736.997015106768
000d7d20_4465,11737.000583555286
000d7d20_4466,11737.01317990114
000d7d20_4467,11737.01444294104
000d7d20_4468,11737.026241618249
000d7d20_4469,11737.028822208556
000d7d20_4470,11737.038608785766
000d7d20_4471,11737.040421988362
000d7d20_4472,11737.048768930046
000d7d20_4473,11737.058352975826
000d7d20_4474,11737.05766898222
000d7d20_4475,11737.065061539071
000d7d20_4476,11737.065119161098
000d7d20_4477,11737.074033082728
000d7d20_4478,11737.071572301764
000d7d20_4479,11737.079522825765
000d7d20_4480,11737.076920156942
000d7d20_4481,11737.084808048416
000d7d20_4482,11737.083605805654
000d7d20_4483,11737.090049130416
000d7d20_4484,11737.08883126074
000d7d20_4485,11737.097721439855
000d7d20_4486,11737.105396848365
000d7d20_4487,11737.105473780792
000d7d20_4488,11737.112938390412
000d7d20_4489,11737.112920452657
000d7d20_4490,11737.121292965916
000d7d20_4491,11737.118331392929
000d7d20_4492,11737.126188441547
000d7d20_4493,11737.12457575501
000d7d20_4494,11737.130301730287
000d7d20_4495,11737.138283066372
000d7d20_4496,11737.137328635952
000d7d20_4497,11737.144147514056
000d7d20_4498,11737.14340062329
000d7d20_4499,11737.15047245715
000d7d20_4500,11737.150850627297
000d7d20_4501,11737.161188682516
000d7d20_4502,11737.170372501305
000d7d20_4503,11737.17186556559
000d7d20_4504,11737.182328136629
000d7d20_4505,11737.18164979958
000d7d20_4506,11737.191494730889
000d7d20_4507,11737.19992808482
000d7d20_4508,11737.200357621385
000d7d20_4509,11737.207829071202
000d7d20_4510,11737.205233243983
000d7d20_4511,11737.21465134191
000d7d20_4512,11737.224726872824
000d7d20_4513,11737.22465396905
000d7d20_4514,11737.23604858384
000d7d20_4515,11737.237262012795
000d7d20_4516,11737.250290355263
000d7d20_4517,11737.263232196989
000d7d20_4518,11737.265173677091
000d7d20_4519,11737.27782835868
000d7d20_4520,11737.280600051974
000d7d20_4521,11737.29060854306
000d7d20_4522,11737.29288560772
000d7d20_4523,11737.302326069566
000d7d20_4524,11737.311747961969
000d7d20_4525,11737.310551822084
000d7d20_4526,11737.318713092194
000d7d20_4527,11737.319566153534
000d7d20_4528,11737.33007778162
000d7d20_4529,11737.33876224099
000d7d20_4530,11737.340263330676
000d7d20_4531,11737.349582706727
000d7d20_4532,11737.351181118476
000d7d20_4533,11737.3615774687
000d7d20_4534,11737.360981541126
000d7d20_4535,11737.371076122055
000d7d20_4536,11737.380680123451
000d7d20_4537,11737.37944976868
000d7d20_4538,11737.389419241325
000d7d20_4539,11737.388738833348
000d7d20_4540,11737.398083480011
000d7d20_4541,11737.398490168756
000d7d20_4542,11737.406528690242
000d7d20_4543,11737.407213536131
000d7d20_4544,11737.416877277625
000d7d20_4545,11737.424413915218
000d7d20_4546,11737.424502291198
000d7d20_4547,11737.433445870778
000d7d20_4548,11737.430995918516
000d7d20_4549,11737.439633598317
000d7d20_4550,11737.436927050156
000d7d20_4551,11737.445068240646
000d7d20_4552,11737.443621508546
000d7d20_4553,11737.449717896729
000d7d20_4554,11737.448564328157
000d7d20_4555,11737.457073844149
000d7d20_4556,11737.45436477867
000d7d20_4557,11737.463244578856
000d7d20_4558,11737.461502600909
000d7d20_4559,11737.470660580231
000d7d20_4560,11737.479796930476
000d7d20_4561,11737.476661300874
000d7d20_4562,11737.485689258068
000d7d20_4563,11737.48605022401
000d7d20_4564,11737.4944465952
000d7d20_4565,11737.49554506418
000d7d20_4566,11737.504278278857
000d7d20_4567,11737.505800182877
000d7d20_4568,11737.516575422484
000d7d20_4569,11737.51650968489
000d7d20_4570,11737.527457254057
000d7d20_4571,11737.528912657424
000d7d20_4572,11737.537391234971
000d7d20_4573,11737.538439244412
000d7d20_4574,11737.546699340097
000d7d20_4575,11737.54660269057
000d7d20_4576,11737.555186635513
000d7d20_4577,11737.551861556509
000d7d20_4578,11737.561014673038
000d7d20_4579,11737.560972704165
000d7d20_4580,11737.568173645615
000d7d20_4581,11737.567513104
000d7d20_4582,11737.566840361773
000d7d20_4583,11737.573550299878
000d7d20_4584,11737.572632624462
000d7d20_4585,11737.578974757736
000d7d20_4586,11737.577730604558
000d7d20_4587,11737.58567223628
000d7d20_4588,11737.5826078818
000d7d20_4589,11737.590911461912
000d7d20_4590,11737.589799340609
000d7d20_4591,11737.596316157826
000d7d20_4592,11737.595589360031
000d7d20_4593,11737.602262820672
000d7d20_4594,11737.601969091578
000d7d20_4595,11737.61105267131
000d7d20_4596,11737.609036607984
000d7d20_4597,11737.60852711575
000d7d20_4598,11737.617890496527
000d7d20_4599,11737.616792251849
000d7d20_4600,11737.6269601457
000d7d20_4601,11737.628261263597
000d7d20_4602,11737.637110231926
000d7d20_4603,11737.63834595454
000d7d20_4604,11737.64843149162
000d7d20_4605,11737.64941472899
000d7d20_4606,11737.650771793167
000d7d20_4607,11737.661080329844
000d7d20_4608,11737.659842699042
000d7d20_4609,11737.668743170503
000d7d20_4610,11737.668472137677
000d7d20_4611,11737.6679323399
000d7d20_4612,11737.678066517954
000d7d20_4613,11737.676914205224
000d7d20_4614,11737.676601815449
000d7d20_4615,11737.687323158432
000d7d20_4616,11737.687206231709
000d7d20_4617,11737.687280396232
000d7d20_4618,11737.698103661774
000d7d20_4619,11737.697691263977
000d7d20_4620,11737.697069152207
000d7d20_4621,11737.69695515577
000d7d20_4622,11737.698771266894
000d7d20_4623,11737.707200199931
000d7d20_4624,11737.705941497712
000d7d20_4625,11737.705810001844
000d7d20_4626,11737.7035863644
000d7d20_4627,11737.700997118976
000d7d20_4628,11737.699611561808
000d7d20_4629,11737.696701881285
000d7d20_4630,11737.694260861894
000d7d20_4631,11737.691775432026
000d7d20_4632,11737.6917856998
000d7d20_4633,11737.690149314025
000d7d20_4634,11737.6883918514
000d7d20_4635,11737.688330633158
000d7d20_4636,11737.68692999176
000d7d20_4637,11737.686023835851
000d7d20_4638,11737.686697137606
000d7d20_4639,11737.685331943518
000d7d20_4640,11737.674567608356
000d7d20_4641,11737.672866480529
000d7d20_4642,11737.673203462493
000d7d20_4643,11737.67136814773
000d7d20_4644,11737.669696077117
000d7d20_4645,11737.661719519529
000d7d20_4646,11737.66187472488
000d7d20_4647,11737.66230124894
000d7d20_4648,11737.664914479816
000d7d20_4649,11737.656259700934
000d7d20_4650,11737.656414205712
000d7d20_4651,11737.65614300495
000d7d20_4652,11737.648377578103
000d7d20_4653,11737.647909560988
000d7d20_4654,11737.63800171375
000d7d20_4655,11737.638719648843
000d7d20_4656,11737.62808535396
000d7d20_4657,11737.626790182205
000d7d20_4658,11737.624941538366
000d7d20_4659,11737.614909676646
000d7d20_4660,11737.60357382716
000d7d20_4661,11737.601769067827
000d7d20_4662,11737.592027063589
000d7d20_4663,11737.58938035874
000d7d20_4664,11737.577487910512
000d7d20_4665,11737.576271434073
000d7d20_4666,11737.563901279518
000d7d20_4667,11737.551590633191
000d7d20_4668,11737.549100176931
000d7d20_4669,11737.539407050086
000d7d20_4670,11737.528313200955
000d7d20_4671,11737.517242881037
000d7d20_4672,11737.517559740216
000d7d20_4673,11737.507046966874
000d7d20_4674,11737.49628665165
000d7d20_4675,11737.488001949749
000d7d20_4676,11737.48692097041
000d7d20_4677,11737.476632812026
000d7d20_4678,11737.466533774825
000d7d20_4679,11737.457812276847
000d7d20_4680,11737.447332286974
000d7d20_4681,11737.43673979259
000d7d20_4682,11737.428222460154
000d7d20_4683,11737.417984042311
000d7d20_4684,11737.407890788503
000d7d20_4685,11737.399357545006
000d7d20_4686,11737.389140641648
000d7d20_4687,11737.378772815884
000d7d20_4688,11737.368634468245
000d7d20_4689,11737.360008281952
000d7d20_4690,11737.34885917485
000d7d20_4691,11737.338816108691
000d7d20_4692,11737.33041362928
000d7d20_4693,11737.32048805188
000d7d20_4694,11737.310466879962
000d7d20_4695,11737.29197384306
000d7d20_4696,11737.281642651044
000d7d20_4697,11737.271481776166
000d7d20_4698,11737.261036991682
000d7d20_4699,11737.243044172745
000d7d20_4700,11737.233027958877
000d7d20_4701,11737.22338307068
000d7d20_4702,11737.214346604986
000d7d20_4703,11737.195082955088
000d7d20_4704,11737.18498685148
000d7d20_4705,11737.176283777158
000d7d20_4706,11737.15666083313
000d7d20_4707,11737.147532937388
000d7d20_4708,11737.1383523714
000d7d20_4709,11737.130787331676
000d7d20_4710,11737.121410141535
000d7d20_4711,11737.10252249457
000d7d20_4712,11737.095098921342
000d7d20_4713,11737.085356692902
000d7d20_4714,11737.07525603758
000d7d20_4715,11737.065220120832
000d7d20_4716,11737.056880395734
000d7d20_4717,11737.046239728425
000d7d20_4718,11737.034444554592
000d7d20_4719,11737.025184701157
000d7d20_4720,11737.013365943878
000d7d20_4721,11737.001583117257
000d7d20_4722,11736.99156110152
000d7d20_4723,11736.979643631164
000d7d20_4724,11736.967788700302
000d7d20_4725,11736.956068825162
000d7d20_4726,11736.946222028158
000d7d20_4727,11736.93479190444
000d7d20_4728,11736.932837465689
000d7d20_4729,11736.922959796644
000d7d20_4730,11736.91203120398
000d7d20_4731,11736.90165142755
000d7d20_4732,11736.891239587614
000d7d20_4733,11736.888107544068
000d7d20_4734,11736.875867771983
000d7d20_4735,11736.864295525444
000d7d20_4736,11736.862877725394
000d7d20_4737,11736.85054544502
000d7d20_4738,11736.838872942337
000d7d20_4739,11736.836662308337
000d7d20_4740,11736.82482478569
000d7d20_4741,11736.813287420286
000d7d20_4742,11736.810832179875
000d7d20_4743,11736.79774991319
000d7d20_4744,11736.795884181533
000d7d20_4745,11736.783912665427
000d7d20_4746,11736.782934062152
000d7d20_4747,11736.771585440129
000d7d20_4748,11736.768259164372
000d7d20_4749,11736.757036185672
000d7d20_4750,11736.754016247614
000d7d20_4751,11736.74233108906
000d7d20_4752,11736.742572217438
000d7d20_4753,11736.741088546143
000d7d20_4754,11736.729817783958
000d7d20_4755,11736.725976451746
000d7d20_4756,11736.72449673786
000d7d20_4757,11736.71008953028
000d7d20_4758,11736.702657667263
000d7d20_4759,11736.699707655203
000d7d20_4760,11736.68767897108
000d7d20_4761,11736.683130497666
000d7d20_4762,11736.680124630317
000d7d20_4763,11736.676413645597
000d7d20_4764,11736.671739526157
000d7d20_4765,11736.657540058904
000d7d20_4766,11736.656048252102
000d7d20_4767,11736.654261712907
000d7d20_4768,11736.654160317634
000d7d20_4769,11736.654051351008
000d7d20_4770,11736.65111778679
000d7d20_4771,11736.647667554756
000d7d20_4772,11736.645758079563
000d7d20_4773,11736.642734957206
000d7d20_4774,11736.640287430306
000d7d20_4775,11736.639856115193
000d7d20_4776,11736.640685689785
000d7d20_4777,11736.638454803748
000d7d20_4778,11736.636304729069
000d7d20_4779,11736.636309721764
000d7d20_4780,11736.634497492743
000d7d20_4781,11736.642609422986
000d7d20_4782,11736.64144960352
000d7d20_4783,11736.642387893524
000d7d20_4784,11736.641391199972
000d7d20_4785,11736.639188763407
000d7d20_4786,11736.638056605056
000d7d20_4787,11736.644655796654
000d7d20_4788,11736.642527361086
000d7d20_4789,11736.64266543994
000d7d20_4790,11736.649854990888
000d7d20_4791,11736.64683620672
000d7d20_4792,11736.64281627367
000d7d20_4793,11736.649536717046
000d7d20_4794,11736.646109432342
000d7d20_4795,11736.643063638738
000d7d20_4796,11736.651481715688
000d7d20_4797,11736.649553026631
000d7d20_4798,11736.657185042868
000d7d20_4799,11736.65782811494
000d7d20_4800,11736.666360623343
000d7d20_4801,11736.665865647436
000d7d20_4802,11736.665540409134
000d7d20_4803,11736.676252321526
000d7d20_4804,11736.676659892451
000d7d20_4805,11736.67613538203
000d7d20_4806,11736.685735356928
000d7d20_4807,11736.683685736474
000d7d20_4808,11736.681325069576
000d7d20_4809,11736.689947529165
000d7d20_4810,11736.688128706428
000d7d20_4811,11736.685933067474
000d7d20_4812,11736.693124903722
000d7d20_4813,11736.693129406416
000d7d20_4814,11736.691571897902
000d7d20_4815,11736.699284830602
000d7d20_4816,11736.699948271607
000d7d20_4817,11736.698924179616
000d7d20_4818,11736.707206172348
000d7d20_4819,11736.708113545415
000d7d20_4820,11736.706783515723
000d7d20_4821,11736.704903565826
000d7d20_4822,11736.71310028385
000d7d20_4823,11736.71241439894
000d7d20_4824,11736.711291262183
000d7d20_4825,11736.709845233005
000d7d20_4826,11736.709588888583
000d7d20_4827,11736.716195973026
000d7d20_4828,11736.713557339384
000d7d20_4829,11736.710652252536
000d7d20_4830,11736.707411509626
000d7d20_4831,11736.703580317568
000d7d20_4832,11736.706663001212
000d7d20_4833,11736.70181859323
000d7d20_4834,11736.694608093174
000d7d20_4835,11736.688952081991
000d7d20_4836,11736.683500999728
000d7d20_4837,11736.677607014926
000d7d20_4838,11736.672636419988
000d7d20_4839,11736.675484383302
000d7d20_4840,11736.66669605049
000d7d20_4841,11736.659401167824
000d7d20_4842,11736.6508929537
000d7d20_4843,11736.644801446608
000d7d20_4844,11736.638991976988
000d7d20_4845,11736.6320732679
000d7d20_4846,11736.62801867136
000d7d20_4847,11736.6219778167
000d7d20_4848,11736.6178219446
000d7d20_4849,11736.614081339469
000d7d20_4850,11736.609422316113
000d7d20_4851,11736.606981699002
000d7d20_4852,11736.604297698032
000d7d20_4853,11736.598429788588
000d7d20_4854,11736.59196332344
000d7d20_4855,11736.582871308032
000d7d20_4856,11736.57481725744
000d7d20_4857,11736.56601076378
000d7d20_4858,11736.55697760746
000d7d20_4859,11736.550352997445
000d7d20_4860,11736.54222433033
000d7d20_4861,11736.53664414071
000d7d20_4862,11736.53107322896
000d7d20_4863,11736.523896769571
000d7d20_4864,11736.519843281463
000d7d20_4865,11736.517039397131
000d7d20_4866,11736.51388384967
000d7d20_4867,11736.512009488342
000d7d20_4868,11736.508090998555
000d7d20_4869,11736.505662003035
000d7d20_4870,11736.49407225246
000d7d20_4871,11736.489902604124
000d7d20_4872,11736.487293511296
000d7d20_4873,11736.483018805073
000d7d20_4874,11736.481326267429
000d7d20_4875,11736.478716701944
000d7d20_4876,11736.474133842014
000d7d20_4877,11736.46886554816
000d7d20_4878,11736.45337657254
000d7d20_4879,11736.447101873357
000d7d20_4880,11736.443725597952
000d7d20_4881,11736.43846235855
000d7d20_4882,11736.434260261867
000d7d20_4883,11736.420004047524
000d7d20_4884,11736.413165384613
000d7d20_4885,11736.407865723766
000d7d20_4886,11736.400832472584
000d7d20_4887,11736.386266330434
000d7d20_4888,11736.381156762573
000d7d20_4889,11736.3735268795
000d7d20_4890,11736.368778893404
000d7d20_4891,11736.355137267969
000d7d20_4892,11736.349054505805
000d7d20_4893,11736.34327105922
000d7d20_4894,11736.337313849284
000d7d20_4895,11736.334158723555
000d7d20_4896,11736.32184856246
000d7d20_4897,11736.316575505323
000d7d20_4898,11736.313022763949
000d7d20_4899,11736.30962396228
000d7d20_4900,11736.304607560396
000d7d20_4901,11736.301003409326
000d7d20_4902,11736.295630793576
000d7d20_4903,11736.29204966394
000d7d20_4904,11736.288524798198
000d7d20_4905,11736.283308448736
000d7d20_4906,11736.280792117152
000d7d20_4907,11736.276263026386
000d7d20_4908,11736.273725492783
000d7d20_4909,11736.271540634338
000d7d20_4910,11736.268554074051
000d7d20_4911,11736.267673251808
000d7d20_4912,11736.26776507978
000d7d20_4913,11736.27616631722
000d7d20_4914,11736.2781333213
000d7d20_4915,11736.277313034314
000d7d20_4916,11736.277273292762
000d7d20_4917,11736.275521085458
000d7d20_4918,11736.280250649044
000d7d20_4919,11736.275649358451
000d7d20_4920,11736.268210877131
000d7d20_4921,11736.270644911849
000d7d20_4922,11736.26298946741
000d7d20_4923,11736.253270467309
000d7d20_4924,11736.254528926009
000d7d20_4925,11736.246643268098
000d7d20_4926,11736.247062785536
000d7d20_4927,11736.240209242977
000d7d20_4928,11736.24275006067
000d7d20_4929,11736.238803305278
000d7d20_4930,11736.244415247344
000d7d20_4931,11736.237757994371
000d7d20_4932,11736.242694039604
000d7d20_4933,11736.236765308162
000d7d20_4934,11736.242148868396
000d7d20_4935,11736.238133550449
000d7d20_4936,11736.24210092625
000d7d20_4937,11736.247303378364
000d7d20_4938,11736.243932853984
000d7d20_4939,11736.24771961514
000d7d20_4940,11736.252963297007
000d7d20_4941,11736.256066839938
000d7d20_4942,11736.251404353166
000d7d20_4943,11736.255526728884
000d7d20_4944,11736.259269989205
000d7d20_4945,11736.264608757294
000d7d20_4946,11736.268855831197
000d7d20_4947,11736.265360690468
000d7d20_4948,11736.271657761768
000d7d20_4949,11736.27735271303
000d7d20_4950,11736.283677984116
000d7d20_4951,11736.288717649632
000d7d20_4952,11736.29235995322
000d7d20_4953,11736.297965407472
000d7d20_4954,11736.302275591332
000d7d20_4955,11736.30799976998
000d7d20_4956,11736.314043928523
000d7d20_4957,11736.3181695365
000d7d20_4958,11736.324256606453
000d7d20_4959,11736.328880337358
000d7d20_4960,11736.345153577662
000d7d20_4961,11736.352223915372
000d7d20_4962,11736.357625392093
000d7d20_4963,11736.363853929808
000d7d20_4964,11736.370512608531
000d7d20_4965,11736.375368586896
000d7d20_4966,11736.389250439888
000d7d20_4967,11736.39256129922
000d7d20_4968,11736.398073476565
000d7d20_4969,11736.412398387562
000d7d20_4970,11736.415404735151
000d7d20_4971,11736.420567660536
000d7d20_4972,11736.435166931882
000d7d20_4973,11736.43867552455
000d7d20_4974,11736.453405845612
000d7d20_4975,11736.457364591235
000d7d20_4976,11736.462686378283
000d7d20_4977,11736.47727931894
000d7d20_4978,11736.481043802089
000d7d20_4979,11736.495705763238
000d7d20_4980,11736.500137989502
000d7d20_4981,11736.51479481344
000d7d20_4982,11736.529700007388
000d7d20_4983,11736.534069396124
000d7d20_4984,11736.548421084985
000d7d20_4985,11736.553857570068
000d7d20_4986,11736.566380468925
000d7d20_4987,11736.58097390764
000d7d20_4988,11736.584702534334
000d7d20_4989,11736.599633766498
000d7d20_4990,11736.605204170042
000d7d20_4991,11736.619150664335
000d7d20_4992,11736.63409508723
000d7d20_4993,11736.638174912125
000d7d20_4994,11736.653368792797
000d7d20_4995,11736.659636449094
000d7d20_4996,11736.673668062178
000d7d20_4997,11736.679478506923
000d7d20_4998,11736.685295930189
000d7d20_4999,11736.69854340727
000d7d20_5000,11736.703945600542
000d7d20_5001,11736.71832091854
000d7d20_5002,11736.725426120189
000d7d20_5003,11736.733343727572
000d7d20_5004,11736.7488747754
000d7d20_5005,11736.756377051172
000d7d20_5006,11736.76166652468
000d7d20_5007,11736.77792465837
000d7d20_5008,11736.7837369079
000d7d20_5009,11736.787991954378
000d7d20_5010,11736.793902258138
000d7d20_5011,11736.808946747056
000d7d20_5012,11736.812308125312
000d7d20_5013,11736.816792236048
000d7d20_5014,11736.82082898601
000d7d20_5015,11736.82512422905
000d7d20_5016,11736.837439032894
000d7d20_5017,11736.843171316395
000d7d20_5018,11736.848472220883
000d7d20_5019,11736.853612730503
000d7d20_5020,11736.858388237146
000d7d20_5021,11736.862618014467
000d7d20_5022,11736.866929813546
000d7d20_5023,11736.870622096256
000d7d20_5024,11736.873833815063
000d7d20_5025,11736.876824103743
000d7d20_5026,11736.879639731393
000d7d20_5027,11736.883832450289
000d7d20_5028,11736.885769034612
000d7d20_5029,11736.88757101528
000d7d20_5030,11736.889969622634
000d7d20_5031,11736.892474043443
000d7d20_5032,11736.896024144671
000d7d20_5033,11736.892239892331
000d7d20_5034,11736.896365964809
000d7d20_5035,11736.901325567387
000d7d20_5036,11736.906606097193
000d7d20_5037,11736.911714801729
000d7d20_5038,11736.907978962869
000d7d20_5039,11736.913111797654
000d7d20_5040,11736.919678115524
000d7d20_5041,11736.924051357708
000d7d20_5042,11736.91920648763
000d7d20_5043,11736.923682851711
000d7d20_5044,11736.92753832658
000d7d20_5045,11736.921878229958
000d7d20_5046,11736.927347930045
000d7d20_5047,11736.930970715495
000d7d20_5048,11736.9264334321
000d7d20_5049,11736.930677239194
000d7d20_5050,11736.925738688562
000d7d20_5051,11736.930487130969
000d7d20_5052,11736.934696307777
000d7d20_5053,11736.931176173975
000d7d20_5054,11736.935016146444
000d7d20_5055,11736.929622244596
000d7d20_5056,11736.93345819582
000d7d20_5057,11736.928000269849
000d7d20_5058,11736.922887766554
000d7d20_5059,11736.928910564438
000d7d20_5060,11736.923357404115
000d7d20_5061,11736.927415421602
000d7d20_5062,11736.921568779311
000d7d20_5063,11736.915724113143
000d7d20_5064,11736.918952910706
000d7d20_5065,11736.912664955074
000d7d20_5066,11736.908221424845
000d7d20_5067,11736.911545931318
000d7d20_5068,11736.90530776037
000d7d20_5069,11736.899576466103
000d7d20_5070,11736.89340674175
000d7d20_5071,11736.897014645469
000d7d20_5072,11736.8931653712
000d7d20_5073,11736.887513663574
000d7d20_5074,11736.882257320336
000d7d20_5075,11736.877847355465
000d7d20_5076,11736.874060377162
000d7d20_5077,11736.880123707017
000d7d20_5078,11736.875892570148
000d7d20_5079,11736.873683976944
000d7d20_5080,11736.869855425644
000d7d20_5081,11736.865608327627
000d7d20_5082,11736.861283548264
000d7d20_5083,11736.857829002558
000d7d20_5084,11736.85479098709
000d7d20_5085,11736.853927219365
000d7d20_5086,11736.8510532478
000d7d20_5087,11736.848266681103
000d7d20_5088,11736.854954787465
000d7d20_5089,11736.85194605882
000d7d20_5090,11736.849074250298
000d7d20_5091,11736.847262989551
000d7d20_5092,11736.846583543684
000d7d20_5093,11736.843503443994
000d7d20_5094,11736.839056814624
000d7d20_5095,11736.834142667834
000d7d20_5096,11736.828885905928
000d7d20_5097,11736.831787724124
000d7d20_5098,11736.826923748866
000d7d20_5099,11736.820014836678
000d7d20_5100,11736.812598285826
000d7d20_5101,11736.80439789391
000d7d20_5102,11736.795960310634
000d7d20_5103,11736.78709998742
000d7d20_5104,11736.779715273027
000d7d20_5105,11736.76991063414
000d7d20_5106,11736.770148550717
000d7d20_5107,11736.762032510327
000d7d20_5108,11736.753429078964
000d7d20_5109,11736.745023981548
000d7d20_5110,11736.73647302848
000d7d20_5111,11736.730636576727
000d7d20_5112,11736.723435928883
000d7d20_5113,11736.724951238097
000d7d20_5114,11736.7178115757
000d7d20_5115,11736.711131612496
000d7d20_5116,11736.704463321474
000d7d20_5117,11736.698917082416
000d7d20_5118,11736.691658733562
000d7d20_5119,11736.683679536756
000d7d20_5120,11736.684581893096
000d7d20_5121,11736.675408512085
000d7d20_5122,11736.666113023712
000d7d20_5123,11736.658363477374
000d7d20_5124,11736.648627864695
000d7d20_5125,11736.638461567163
000d7d20_5126,11736.63744549996
000d7d20_5127,11736.627775771714
000d7d20_5128,11736.617863075831
000d7d20_5129,11736.6082352529
000d7d20_5130,11736.601235942511
000d7d20_5131,11736.592775070303
000d7d20_5132,11736.593323366264
000d7d20_5133,11736.585025938291
000d7d20_5134,11736.577683478388
000d7d20_5135,11736.569925034071
000d7d20_5136,11736.56381665418
000d7d20_5137,11736.565069537057
000d7d20_5138,11736.557818393472
000d7d20_5139,11736.551406343086
000d7d20_5140,11736.545471513611
000d7d20_5141,11736.53942911391
000d7d20_5142,11736.542618576896
000d7d20_5143,11736.538030035692
000d7d20_5144,11736.53114829868
000d7d20_5145,11736.52384444096
000d7d20_5146,11736.515993379931
000d7d20_5147,11736.517624103575
000d7d20_5148,11736.509947785224
000d7d20_5149,11736.504280069095
000d7d20_5150,11736.49673722052
000d7d20_5151,11736.48919657653
000d7d20_5152,11736.49112185306
000d7d20_5153,11736.484333795284
000d7d20_5154,11736.477491176309
000d7d20_5155,11736.473177249554
000d7d20_5156,11736.467220355931
000d7d20_5157,11736.470285060665
000d7d20_5158,11736.463759320708
000d7d20_5159,11736.457021217351
000d7d20_5160,11736.450060329937
000d7d20_5161,11736.451957254008
000d7d20_5162,11736.44652987501
000d7d20_5163,11736.439555036062
000d7d20_5164,11736.43227409654
000d7d20_5165,11736.434603301028
000d7d20_5166,11736.427450678846
000d7d20_5167,11736.420971180129
000d7d20_5168,11736.415968149404
000d7d20_5169,11736.409455033452
000d7d20_5170,11736.411787362753
000d7d20_5171,11736.405240934042
000d7d20_5172,11736.398252606272
000d7d20_5173,11736.400114517795
000d7d20_5174,11736.394271269302
000d7d20_5175,11736.386545008962
000d7d20_5176,11736.378692143257
000d7d20_5177,11736.38016096521
000d7d20_5178,11736.372558550664
000d7d20_5179,11736.364484660631
000d7d20_5180,11736.356666794933
000d7d20_5181,11736.351849535924
000d7d20_5182,11736.35474247107
000d7d20_5183,11736.348743940858
000d7d20_5184,11736.342834657777
000d7d20_5185,11736.33689690469
000d7d20_5186,11736.33956433119
000d7d20_5187,11736.333844768384
000d7d20_5188,11736.326397883402
000d7d20_5189,11736.318773980887
000d7d20_5190,11736.32038583504
000d7d20_5191,11736.31281593808
000d7d20_5192,11736.305589190682
000d7d20_5193,11736.2981146636
000d7d20_5194,11736.29232750282
000d7d20_5195,11736.29406377528
000d7d20_5196,11736.28690759636
000d7d20_5197,11736.2800228801
000d7d20_5198,11736.272938565564
000d7d20_5199,11736.265267258685
000d7d20_5200,11736.267860348056
000d7d20_5201,11736.258643436948
000d7d20_5202,11736.249236233863
000d7d20_5203,11736.239220604291
000d7d20_5204,11736.229495577512
000d7d20_5205,11736.228821768458
000d7d20_5206,11736.220931997104
000d7d20_5207,11736.211979258098
000d7d20_5208,11736.202822875426
000d7d20_5209,11736.19342501593
000d7d20_5210,11736.193378532133
000d7d20_5211,11736.184067555172
000d7d20_5212,11736.174442405998
000d7d20_5213,11736.16681748423
000d7d20_5214,11736.15757121428
000d7d20_5215,11736.147851213867
000d7d20_5216,11736.146980589416
000d7d20_5217,11736.137334135494
000d7d20_5218,11736.128018759871
000d7d20_5219,11736.120368126638
000d7d20_5220,11736.111102953257
000d7d20_5221,11736.10227469732
000d7d20_5222,11736.102973244955
000d7d20_5223,11736.094400864136
000d7d20_5224,11736.085296623029
000d7d20_5225,11736.077660024306
000d7d20_5226,11736.06879225581
000d7d20_5227,11736.06039301448
000d7d20_5228,11736.051705498669
000d7d20_5229,11736.051657354432
000d7d20_5230,11736.043104994991
000d7d20_5231,11736.0347676774
000d7d20_5232,11736.028650152904
000d7d20_5233,11736.021479313302
000d7d20_5234,11736.01370611267
000d7d20_5235,11736.00597740401
000d7d20_5236,11736.007201401924
000d7d20_5237,11735.999034526112
000d7d20_5238,11735.992353126658
000d7d20_5239,11735.98388085542
000d7d20_5240,11735.97546446664
000d7d20_5241,11735.96719577643
000d7d20_5242,11735.959497570557
000d7d20_5243,11735.951383863185
000d7d20_5244,11735.951673781785
000d7d20_5245,11735.944766490238
000d7d20_5246,11735.937626493103
000d7d20_5247,11735.93058001558
000d7d20_5248,11735.9239366529
000d7d20_5249,11735.91685051574
000d7d20_5250,11735.909148216911
000d7d20_5251,11735.902826716483
000d7d20_5252,11735.89449344899
000d7d20_5253,11735.886416978014
000d7d20_5254,11735.887824905512
000d7d20_5255,11735.880029243704
000d7d20_5256,11735.872272416927
000d7d20_5257,11735.864750325749
000d7d20_5258,11735.85855163937
000d7d20_5259,11735.850422057476
000d7d20_5260,11735.842197862656
000d7d20_5261,11735.83461933424
000d7d20_5262,11735.827221117375
000d7d20_5263,11735.81979501992
000d7d20_5264,11735.814033278508
000d7d20_5265,11735.806031292754
000d7d20_5266,11735.807055105226
000d7d20_5267,11735.798613836916
000d7d20_5268,11735.790393096611
000d7d20_5269,11735.782614325037
000d7d20_5270,11735.776479842929
000d7d20_5271,11735.76887499958
000d7d20_5272,11735.761633752574
000d7d20_5273,11735.754840059491
000d7d20_5274,11735.74857787791
000d7d20_5275,11735.742931165403
000d7d20_5276,11735.73798387956
000d7d20_5277,11735.735569977947
00bbac68_1545,12217.1752686339
00bbac68_1546,12217.207918817256
00bbac68_1547,12217.231353896888
00bbac68_1548,12217.264066950023
00bbac68_1549,12217.29680105389
00bbac68_1550,12217.329549285723
00bbac68_1551,12217.36230472276
00bbac68_1552,12217.395060442224
00bbac68_1553,12217.427809521345
00bbac68_1554,12217.460513689704
00bbac68_1555,12217.493216126946
00bbac68_1556,12217.525912784544
00bbac68_1557,12217.558509541856
00bbac68_1558,12217.591065514096
00bbac68_1559,12217.623670312963
00bbac68_1560,12217.665574267648
00bbac68_1561,12217.698217801955
00bbac68_1562,12217.730791065673
00bbac68_1563,12217.76329477007
00bbac68_1564,12217.795805656162
00bbac68_1565,12217.837568227664
00bbac68_1566,12217.870142917414
00bbac68_1567,12217.90274013692
00bbac68_1568,12217.944708892484
00bbac68_1569,12217.977378928104
00bbac68_1570,12218.00992758859
00bbac68_1571,12218.051779061538
00bbac68_1572,12218.08428550513
00bbac68_1573,12218.12591219877
00bbac68_1574,12218.158328265958
00bbac68_1575,12218.190770240675
00bbac68_1576,12218.232488984117
00bbac68_1577,12218.274152421578
00bbac68_1578,12218.306544082729
00bbac68_1579,12218.348198127822
00bbac68_1580,12218.380601499724
00bbac68_1581,12218.422258887706
00bbac68_1582,12218.454617779404
00bbac68_1583,12218.495475915786
00bbac68_1584,12218.536723058323
00bbac68_1585,12218.569231323
00bbac68_1586,12218.611381274704
00bbac68_1587,12218.653759711338
00bbac68_1588,12218.696257937236
00bbac68_1589,12218.731514415567
00bbac68_1590,12218.774574260122
00bbac68_1591,12218.817832633464
00bbac68_1592,12218.861182136
00bbac68_1593,12218.90455059008
00bbac68_1594,12218.947745939891
00bbac68_1595,12218.990802708158
00bbac68_1596,12219.024193512943
00bbac68_1597,12219.0667995392
00bbac68_1598,12219.109083000929
00bbac68_1599,12219.150896573145
00bbac68_1600,12219.193135782214
00bbac68_1601,12219.23568066827
00bbac68_1602,12219.278257699778
00bbac68_1603,12219.329920117782
00bbac68_1604,12219.372291111786
00bbac68_1605,12219.414825209784
00bbac68_1606,12219.457431143146
00bbac68_1607,12219.499675652254
00bbac68_1608,12219.54145939666
00bbac68_1609,12219.58280257339
00bbac68_1610,12219.62374123681
00bbac68_1611,12219.664666125096
00bbac68_1612,12219.705581436136
00bbac68_1613,12219.74663076793
00bbac68_1614,12219.787535113452
00bbac68_1615,12219.828315483828
00bbac68_1616,12219.869022302037
00bbac68_1617,12219.910066453736
00bbac68_1618,12219.95134639813
00bbac68_1619,12219.992789217207
00bbac68_1620,12220.034485738322
00bbac68_1621,12220.07659592122
00bbac68_1622,12220.11888420449
00bbac68_1623,12220.161243630992
00bbac68_1624,12220.203322119163
00bbac68_1625,12220.245202483957
00bbac68_1626,12220.28761796303
00bbac68_1627,12220.332061426878
00bbac68_1628,12220.374806043756
00bbac68_1629,12220.41664395069
00bbac68_1630,12220.45862512041
00bbac68_1631,12220.491399047009
00bbac68_1632,12220.53302737988
00bbac68_1633,12220.574722962512
00bbac68_1634,12220.61624082605
00bbac68_1635,12220.657644163795
00bbac68_1636,12220.69921178566
00bbac68_1637,12220.741476380408
00bbac68_1638,12220.783066177606
00bbac68_1639,12220.82497755912
00bbac68_1640,12220.867385547295
00bbac68_1641,12220.91041848711
00bbac68_1642,12220.945412090732
00bbac68_1643,12220.990101529513
00bbac68_1644,12221.034894232896
00bbac68_1645,12221.07799429747
00bbac68_1646,12221.121190511309
00bbac68_1647,12221.164193614672
00bbac68_1648,12221.207631380486
00bbac68_1649,12221.240458523407
00bbac68_1650,12221.28223618808
00bbac68_1651,12221.32389036599
00bbac68_1652,12221.36567543191
00bbac68_1653,12221.40786870707
00bbac68_1654,12221.448760785648
00bbac68_1655,12221.48052999582
00bbac68_1656,12221.522182654957
00bbac68_1657,12221.564245571424
00bbac68_1658,12221.607102338074
00bbac68_1659,12221.650498491825
00bbac68_1660,12221.684117141329
00bbac68_1661,12221.725656598535
00bbac68_1662,12221.76790890816
00bbac68_1663,12221.8104520236
00bbac68_1664,12221.855020787056
00bbac68_1665,12221.887337262768
00bbac68_1666,12221.92977349532
00bbac68_1667,12221.972541937652
00bbac68_1668,12222.015011895228
00bbac68_1669,12222.047842854672
00bbac68_1670,12222.089000814398
00bbac68_1671,12222.1300938282
00bbac68_1672,12222.172007754763
00bbac68_1673,12222.205685621644
00bbac68_1674,12222.248030384168
00bbac68_1675,12222.29024349109
00bbac68_1676,12222.322632253854
00bbac68_1677,12222.363466279348
00bbac68_1678,12222.404270566458
00bbac68_1679,12222.444657123637
00bbac68_1680,12222.475799907772
00bbac68_1681,12222.51598730213
00bbac68_1682,12222.556482593138
00bbac68_1683,12222.58774301859
00bbac68_1684,12222.628139312828
00bbac68_1685,12222.668654906338
00bbac68_1686,12222.700413023873
00bbac68_1687,12222.7417162956
00bbac68_1688,12222.783619540684
00bbac68_1689,12222.816725031917
00bbac68_1690,12222.8584563267
00bbac68_1691,12222.900149754263
00bbac68_1692,12222.93252966252
00bbac68_1693,12222.973854009177
00bbac68_1694,12223.006303978804
00bbac68_1695,12223.047245186986
00bbac68_1696,12223.088467883816
00bbac68_1697,12223.12050536388
00bbac68_1698,12223.163134904433
00bbac68_1699,12223.196500756016
00bbac68_1700,12223.23943791397
00bbac68_1701,12223.273416744352
00bbac68_1702,12223.317059352712
00bbac68_1703,12223.351835053929
00bbac68_1704,12223.396059416396
00bbac68_1705,12223.431034682691
00bbac68_1706,12223.465086284195
00bbac68_1707,12223.508016227326
00bbac68_1708,12223.543596969956
00bbac68_1709,12223.580460705056
00bbac68_1710,12223.61798884071
00bbac68_1711,12223.66530566121
00bbac68_1712,12223.704408669892
00bbac68_1713,12223.743973512652
00bbac68_1714,12223.785807631732
00bbac68_1715,12223.826950458832
00bbac68_1716,12223.865929542946
00bbac68_1717,12223.902524488867
00bbac68_1718,12223.936023587245
00bbac68_1719,12223.966879448824
00bbac68_1720,12223.995208539012
00bbac68_1721,12224.021034089035
00bbac68_1722,12224.044945375294
00bbac68_1723,12224.06859475068
00bbac68_1724,12224.09354478856
00bbac68_1725,12224.107268988788
00bbac68_1726,12224.13228740206
00bbac68_1727,12224.16008169828
00bbac68_1728,12224.190208463227
00bbac68_1729,12224.2121113977
00bbac68_1730,12224.248851401524
00bbac68_1731,12224.275571483931
00bbac68_1732,12224.312383339398
00bbac68_1733,12224.354170127252
00bbac68_1734,12224.384965349467
00bbac68_1735,12224.420746655152
00bbac68_1736,12224.444354748864
00bbac68_1737,12224.473597567609
00bbac68_1738,12224.490587314544
00bbac68_1739,12224.504745934828
00bbac68_1740,12224.525990667644
00bbac68_1741,12224.53530217598
00bbac68_1742,12224.546341460651
00bbac68_1743,12224.566514445198
00bbac68_1744,12224.577969817488
00bbac68_1745,12224.5904680294
00bbac68_1746,12224.606311394564
00bbac68_1747,12224.625735908345
00bbac68_1748,12224.648748001957
00bbac68_1749,12224.68472479791
00bbac68_1750,12224.711125025522
00bbac68_1751,12224.737723288334
00bbac68_1752,12224.766754735474
00bbac68_1753,12224.797213551088
00bbac68_1754,12224.82934749427
00bbac68_1755,12224.8622628684
00bbac68_1756,12224.8862810071
00bbac68_1757,12224.91902509732
00bbac68_1758,12224.951033754533
00bbac68_1759,12224.98224019716
00bbac68_1760,12225.010629402404
00bbac68_1761,12225.027552334052
00bbac68_1762,12225.050548124847
00bbac68_1763,12225.07162418454
00bbac68_1764,12225.081133116044
00bbac68_1765,12225.098572862227
00bbac68_1766,12225.119430902523
00bbac68_1767,12225.130542674391
00bbac68_1768,12225.150933786646
00bbac68_1769,12225.16214332003
00bbac68_1770,12225.183166906952
00bbac68_1771,12225.19492886022
00bbac68_1772,12225.215826030224
00bbac68_1773,12225.227937218398
00bbac68_1774,12225.23987482994
00bbac68_1775,12225.26097893369
00bbac68_1776,12225.270562202008
00bbac68_1777,12225.282855006766
00bbac68_1778,12225.30483976696
00bbac68_1779,12225.317533308287
00bbac68_1780,12225.33030921308
00bbac68_1781,12225.343617976983
00bbac68_1782,12225.356963320672
00bbac68_1783,12225.370625124888
00bbac68_1784,12225.391497994013
00bbac68_1785,12225.404565757088
00bbac68_1786,12225.41745430464
00bbac68_1787,12225.429988610194
00bbac68_1788,12225.442088870852
00bbac68_1789,12225.444697056408
00bbac68_1790,12225.45592251097
00bbac68_1791,12225.467153697851
00bbac68_1792,12225.477543525678
00bbac68_1793,12225.489545008308
00bbac68_1794,12225.501790627675
00bbac68_1795,12225.513561370592
00bbac68_1796,12225.525071194625
00bbac68_1797,12225.526938424377
00bbac68_1798,12225.537843239095
00bbac68_1799,12225.548582203348
00bbac68_1800,12225.559055741183
00bbac68_1801,12225.567623471576
00bbac68_1802,12225.577848664674
00bbac68_1803,12225.588031711472
00bbac68_1804,12225.598065984996
00bbac68_1805,12225.598740282549
00bbac68_1806,12225.608681188987
00bbac68_1807,12225.61848214387
00bbac68_1808,12225.628494258432
00bbac68_1809,12225.636294278209
00bbac68_1810,12225.646126614023
00bbac68_1811,12225.653740545244
00bbac68_1812,12225.662983866168
00bbac68_1813,12225.673875625003
00bbac68_1814,12225.676909128617
00bbac68_1815,12225.690438958376
00bbac68_1816,12225.704733798151
00bbac68_1817,12225.717864293298
00bbac68_1818,12225.732845778984
00bbac68_1819,12225.747551790391
00bbac68_1820,12225.76166585069
00bbac68_1821,12225.77490236866
00bbac68_1822,12225.787269426588
00bbac68_1823,12225.799183723226
00bbac68_1824,12225.800433821634
00bbac68_1825,12225.808131620051
00bbac68_1826,12225.816669609289
00bbac68_1827,12225.824186075102
00bbac68_1828,12225.834294778071
00bbac68_1829,12225.84438270696
00bbac68_1830,12225.85494783204
00bbac68_1831,12225.86622639596
00bbac68_1832,12225.878051468657
00bbac68_1833,12225.889420570227
00bbac68_1834,12225.898990457854
00bbac68_1835,12225.910047397336
00bbac68_1836,12225.9204145326
00bbac68_1837,12225.921211913235
00bbac68_1838,12225.93158199848
00bbac68_1839,12225.942035033802
00bbac68_1840,12225.95198761699
00bbac68_1841,12225.962187702758
00bbac68_1842,12225.970138098306
00bbac68_1843,12225.98019694268
00bbac68_1844,12225.98989609938
00bbac68_1845,12225.999517167333
00bbac68_1846,12226.01010328654
00bbac68_1847,12226.02067482544
00bbac68_1848,12226.031552445154
00bbac68_1849,12226.042228317225
00bbac68_1850,12226.05171034796
00bbac68_1851,12226.06324328008
00bbac68_1852,12226.074418723463
00bbac68_1853,12226.085617223764
00bbac68_1854,12226.097118117996
00bbac68_1855,12226.108770266615
00bbac68_1856,12226.120388070538
00bbac68_1857,12226.122657123517
00bbac68_1858,12226.13103513784
00bbac68_1859,12226.141353513076
00bbac68_1860,12226.15162087301
00bbac68_1861,12226.161726344097
00bbac68_1862,12226.171882458357
00bbac68_1863,12226.181872384785
00bbac68_1864,12226.192115109528
00bbac68_1865,12226.202054671405
00bbac68_1866,12226.212146228792
00bbac68_1867,12226.220920671512
00bbac68_1868,12226.23132866644
00bbac68_1869,12226.241906092228
00bbac68_1870,12226.252799931814
00bbac68_1871,12226.263746917495
00bbac68_1872,12226.274862144242
00bbac68_1873,12226.285739016968
00bbac68_1874,12226.295922659794
00bbac68_1875,12226.304597318223
00bbac68_1876,12226.31536967824
00bbac68_1877,12226.326752161993
00bbac68_1878,12226.338554263886
00bbac68_1879,12226.350443517742
00bbac68_1880,12226.362816969957
00bbac68_1881,12226.375223034953
00bbac68_1882,12226.388063435135
00bbac68_1883,12226.399682364128
00bbac68_1884,12226.412866182549
00bbac68_1885,12226.426336528715
00bbac68_1886,12226.439327981208
00bbac68_1887,12226.45137217446
00bbac68_1888,12226.462909619942
00bbac68_1889,12226.473700312505
00bbac68_1890,12226.484051038786
00bbac68_1891,12226.494256972152
00bbac68_1892,12226.50266442984
00bbac68_1893,12226.51254730395
00bbac68_1894,12226.530542858209
00bbac68_1895,12226.539511846371
00bbac68_1896,12226.548611060907
00bbac68_1897,12226.557186697744
00bbac68_1898,12226.565523652298
00bbac68_1899,12226.573316957896
00bbac68_1900,12226.579058048565
00bbac68_1901,12226.587026275174
00bbac68_1902,12226.60411919933
00bbac68_1903,12226.615029081591
00bbac68_1904,12226.625812805758
00bbac68_1905,12226.635760167806
00bbac68_1906,12226.64488306556
00bbac68_1907,12226.654379901694
00bbac68_1908,12226.671228849327
00bbac68_1909,12226.680254116533
00bbac68_1910,12226.68902244082
00bbac68_1911,12226.69812856611
00bbac68_1912,12226.71588876683
00bbac68_1913,12226.724284162472
00bbac68_1914,12226.732026653384
00bbac68_1915,12226.739280485202
00bbac68_1916,12226.754591482768
00bbac68_1917,12226.763710548496
00bbac68_1918,12226.773975370616
00bbac68_1919,12226.795210547798
00bbac68_1920,12226.804572786194
00bbac68_1921,12226.812967084546
00bbac68_1922,12226.83064893953
00bbac68_1923,12226.839829054796
00bbac68_1924,12226.849406962172
00bbac68_1925,12226.866634703005
00bbac68_1926,12226.876634842294
00bbac68_1927,12226.895440967395
00bbac68_1928,12226.905082129711
00bbac68_1929,12226.914794193866
00bbac68_1930,12226.93399052929
00bbac68_1931,12226.944200842832
00bbac68_1932,12226.96407748356
00bbac68_1933,12226.97323405794
00bbac68_1934,12226.993075195754
00bbac68_1935,12227.003683850948
00bbac68_1936,12227.023394416065
00bbac68_1937,12227.033812382306
00bbac68_1938,12227.05340869772
00bbac68_1939,12227.063683503377
00bbac68_1940,12227.083451068173
00bbac68_1941,12227.092399811478
00bbac68_1942,12227.111976607512
00bbac68_1943,12227.121830167587
00bbac68_1944,12227.14129686209
00bbac68_1945,12227.1517663739
00bbac68_1946,12227.17157572314
00bbac68_1947,12227.189023719158
00bbac68_1948,12227.198129829305
00bbac68_1949,12227.217415277952
00bbac68_1950,12227.226466839064
00bbac68_1951,12227.24729934954
00bbac68_1952,12227.268690162107
00bbac68_1953,12227.281439273946
00bbac68_1954,12227.30334573747
00bbac68_1955,12227.32553612526
00bbac68_1956,12227.338527557578
00bbac68_1957,12227.360677692765
00bbac68_1958,12227.380820879594
00bbac68_1959,12227.392739655488
00bbac68_1960,12227.413336791164
00bbac68_1961,12227.4323825069
00bbac68_1962,12227.448688651495
00bbac68_1963,12227.45530603094
00bbac68_1964,12227.473905718874
00bbac68_1965,12227.493799704887
00bbac68_1966,12227.512832819204
00bbac68_1967,12227.524891254774
00bbac68_1968,12227.54619592548
00bbac68_1969,12227.567559551602
00bbac68_1970,12227.588574663409
00bbac68_1971,12227.609612973323
00bbac68_1972,12227.621386282197
00bbac68_1973,12227.642339789192
00bbac68_1974,12227.663106338388
00bbac68_1975,12227.68094492022
00bbac68_1976,12227.700330970723
00bbac68_1977,12227.71880779005
00bbac68_1978,12227.737193173209
00bbac68_1979,12227.756861531718
00bbac68_1980,12227.767371894772
00bbac68_1981,12227.787044716952
00bbac68_1982,12227.806613381012
00bbac68_1983,12227.823666547523
00bbac68_1984,12227.842073778036
00bbac68_1985,12227.86051475488
00bbac68_1986,12227.87922337082
00bbac68_1987,12227.89757548771
00bbac68_1988,12227.915889611955
00bbac68_1989,12227.93390452514
00bbac68_1990,12227.951987340182
00bbac68_1991,12227.96822555786
00bbac68_1992,12227.985931848834
00bbac68_1993,12227.995020467606
00bbac68_1994,12228.013413074372
00bbac68_1995,12228.031635877918
00bbac68_1996,12228.049951664914
00bbac68_1997,12228.068608892976
00bbac68_1998,12228.087804722045
00bbac68_1999,12228.106980342936
00bbac68_2000,12228.124895011331
00bbac68_2001,12228.145989217515
00bbac68_2002,12228.166219732702
00bbac68_2003,12228.185185376416
00bbac68_2004,12228.203546730305
00bbac68_2005,12228.221746149473
00bbac68_2006,12228.230436349932
00bbac68_2007,12228.247943861072
00bbac68_2008,12228.262401711592
00bbac68_2009,12228.279056984433
00bbac68_2010,12228.29530330592
00bbac68_2011,12228.311134789268
00bbac68_2012,12228.327240841489
00bbac68_2013,12228.344658724756
00bbac68_2014,12228.362890691447
00bbac68_2015,12228.38172700851
00bbac68_2016,12228.398882084815
00bbac68_2017,12228.416451490884
00bbac68_2018,12228.433316937331
00bbac68_2019,12228.441177933968
00bbac68_2020,12228.459118739616
00bbac68_2021,12228.477912658142
00bbac68_2022,12228.496700979287
00bbac68_2023,12228.515840963428
00bbac68_2024,12228.534452186925
00bbac68_2025,12228.55129680264
00bbac68_2026,12228.570300357564
00bbac68_2027,12228.589032941856
00bbac68_2028,12228.608491465013
00bbac68_2029,12228.62860732066
00bbac68_2030,12228.648837868195
00bbac68_2031,12228.66795889622
00bbac68_2032,12228.676492766976
00bbac68_2033,12228.69143081756
00bbac68_2034,12228.70898578052
00bbac68_2035,12228.726676208593
00bbac68_2036,12228.744795512146
00bbac68_2037,12228.762667749434
00bbac68_2038,12228.780697925682
00bbac68_2039,12228.799021415016
00bbac68_2040,12228.817355053445
00bbac68_2041,12228.83371689619
00bbac68_2042,12228.8522066219
00bbac68_2043,12228.87067296077
00bbac68_2044,12228.889531893055
00bbac68_2045,12228.89937285459
00bbac68_2046,12228.918652329394
00bbac68_2047,12228.936820641891
00bbac68_2048,12228.954990896387
00bbac68_2049,12228.971070395148
00bbac68_2050,12228.988594902168
00bbac68_2051,12229.006787588083
00bbac68_2052,12229.024851718928
00bbac68_2053,12229.042765690643
00bbac68_2054,12229.06075076672
00bbac68_2055,12229.078261618686
00bbac68_2056,12229.095597150168
00bbac68_2057,12229.1125331258
00bbac68_2058,12229.11831100683
00bbac68_2059,12229.135657544528
00bbac68_2060,12229.153322996428
00bbac68_2061,12229.17110088595
00bbac68_2062,12229.188729139898
00bbac68_2063,12229.205901408004
00bbac68_2064,12229.223707366977
00bbac68_2065,12229.241652256364
00bbac68_2066,12229.25833346523
00bbac68_2067,12229.27726688144
00bbac68_2068,12229.29600537989
00bbac68_2069,12229.314359614971
00bbac68_2070,12229.33188993904
00bbac68_2071,12229.339733626895
00bbac68_2072,12229.356750169294
00bbac68_2073,12229.373697879551
00bbac68_2074,12229.38846236507
00bbac68_2075,12229.404961143371
00bbac68_2076,12229.421275669829
00bbac68_2077,12229.437935863634
00bbac68_2078,12229.454661663936
00bbac68_2079,12229.471692465102
00bbac68_2080,12229.489175480994
00bbac68_2081,12229.506654169085
00bbac68_2082,12229.515269614389
00bbac68_2083,12229.531489912802
00bbac68_2084,12229.548892826471
00bbac68_2085,12229.56422752701
00bbac68_2086,12229.580742379345
00bbac68_2087,12229.598580513648
00bbac68_2088,12229.617834970357
00bbac68_2089,12229.638054407358
00bbac68_2090,12229.649405365522
00bbac68_2091,12229.668617833242
00bbac68_2092,12229.69002198855
00bbac68_2093,12229.711888114303
00bbac68_2094,12229.733441164462
00bbac68_2095,12229.74539063246
00bbac68_2096,12229.7660834352
00bbac68_2097,12229.786215779352
00bbac68_2098,12229.80540455709
00bbac68_2099,12229.8213104196
00bbac68_2100,12229.828130863269
00bbac68_2101,12229.84257027341
00bbac68_2102,12229.859043884351
00bbac68_2103,12229.875962405622
00bbac68_2104,12229.884320897709
00bbac68_2105,12229.902066529285
00bbac68_2106,12229.920091354175
00bbac68_2107,12229.938326158552
00bbac68_2108,12229.945617468758
00bbac68_2109,12229.963755714309
00bbac68_2110,12229.98192181537
00bbac68_2111,12229.990628580184
00bbac68_2112,12230.008524609664
00bbac68_2113,12230.02627931586
00bbac68_2114,12230.034261271783
00bbac68_2115,12230.051384483348
00bbac68_2116,12230.066388386029
00bbac68_2117,12230.073087878747
00bbac68_2118,12230.08986218664
00bbac68_2119,12230.106471276547
00bbac68_2120,12230.113969455197
00bbac68_2121,12230.13064010584
00bbac68_2122,12230.147145264733
00bbac68_2123,12230.154671792996
00bbac68_2124,12230.16990584422
00bbac68_2125,12230.1779973566
00bbac68_2126,12230.195922897718
00bbac68_2127,12230.213296392893
00bbac68_2128,12230.221842028552
00bbac68_2129,12230.239401097144
00bbac68_2130,12230.24768098574
00bbac68_2131,12230.265833008383
00bbac68_2132,12230.274089306184
00bbac68_2133,12230.289453264351
00bbac68_2134,12230.307091865812
00bbac68_2135,12230.3147965115
00bbac68_2136,12230.331909606117
00bbac68_2137,12230.339454969228
00bbac68_2138,12230.356184080769
00bbac68_2139,12230.364157012898
00bbac68_2140,12230.381766328424
00bbac68_2141,12230.388378382504
00bbac68_2142,12230.406062979908
00bbac68_2143,12230.413778893844
00bbac68_2144,12230.431211663685
00bbac68_2145,12230.439000485783
00bbac68_2146,12230.456249815788
00bbac68_2147,12230.464434667252
00bbac68_2148,12230.481447380123
00bbac68_2149,12230.48725048469
00bbac68_2150,12230.495049855504
00bbac68_2151,12230.511993628214
00bbac68_2152,12230.519856251967
00bbac68_2153,12230.537287579287
00bbac68_2154,12230.545301900049
00bbac68_2155,12230.553868987396
00bbac68_2156,12230.57203494971
00bbac68_2157,12230.58118039584
00bbac68_2158,12230.59752269327
00bbac68_2159,12230.60580717352
00bbac68_2160,12230.614390395407
00bbac68_2161,12230.63219277741
00bbac68_2162,12230.640591793112
00bbac68_2163,12230.658354609192
00bbac68_2164,12230.666785661851
00bbac68_2165,12230.674658039115
00bbac68_2166,12230.690117232183
00bbac68_2167,12230.69747152974
00bbac68_2168,12230.704957473488
00bbac68_2169,12230.721893340891
00bbac68_2170,12230.729326454028
00bbac68_2171,12230.737298882528
00bbac68_2172,12230.74513199328
00bbac68_2173,12230.76180817963
00bbac68_2174,12230.767110691068
00bbac68_2175,12230.77423279789
00bbac68_2176,12230.790494790996
00bbac68_2177,12230.797763842816
00bbac68_2178,12230.805248615725
00bbac68_2179,12230.813179603609
00bbac68_2180,12230.829859711072
00bbac68_2181,12230.836312888145
00bbac68_2182,12230.840836852023
00bbac68_2183,12230.857127615633
00bbac68_2184,12230.864192932611
00bbac68_2185,12230.869731712057
00bbac68_2186,12230.87471277124
00bbac68_2187,12230.889337937608
00bbac68_2188,12230.893524141811
00bbac68_2189,12230.898475399568
00bbac68_2190,12230.905034824757
00bbac68_2191,12230.92005650024
00bbac68_2192,12230.92857431471
00bbac68_2193,12230.937773809674
00bbac68_2194,12230.946931861028
00bbac68_2195,12230.966217979489
00bbac68_2196,12230.976313773075
00bbac68_2197,12230.985672774732
00bbac68_2198,12230.994824357182
00bbac68_2199,12231.0044297254
00bbac68_2200,12231.022742494362
00bbac68_2201,12231.028331407531
00bbac68_2202,12231.033854701374
00bbac68_2203,12231.03921142456
00bbac68_2204,12231.0522080617
00bbac68_2205,12231.057076040524
00bbac68_2206,12231.062500770786
00bbac68_2207,12231.066265338452
00bbac68_2208,12231.072448832554
00bbac68_2209,12231.086432502716
00bbac68_2210,12231.093106160068
00bbac68_2211,12231.09833731751
00bbac68_2212,12231.103765532658
00bbac68_2213,12231.109044773964
00bbac68_2214,12231.114321732228
00bbac68_2215,12231.128513366948
00bbac68_2216,12231.13019639685
00bbac68_2217,12231.132938844445
00bbac68_2218,12231.137586681456
00bbac68_2219,12231.142615024606
00bbac68_2220,12231.148358018105
00bbac68_2221,12231.164646134494
00bbac68_2222,12231.17242766914
00bbac68_2223,12231.181087505094
00bbac68_2224,12231.18764164779
00bbac68_2225,12231.196299165173
00bbac68_2226,12231.206919998393
00bbac68_2227,12231.215485910256
00bbac68_2228,12231.234629428664
00bbac68_2229,12231.24391118666
00bbac68_2230,12231.252309675863
00bbac68_2231,12231.260100735934
00bbac68_2232,12231.267074875976
00bbac68_2233,12231.275588077786
00bbac68_2234,12231.284347341058
00bbac68_2235,12231.29267561389
00bbac68_2236,12231.310534176411
00bbac68_2237,12231.31894778208
00bbac68_2238,12231.326762098332
00bbac68_2239,12231.334064161823
00bbac68_2240,12231.33921813458
00bbac68_2241,12231.347018177932
00bbac68_2242,12231.354620694096
00bbac68_2243,12231.361756703578
00bbac68_2244,12231.368355279426
00bbac68_2245,12231.374945387515
00bbac68_2246,12231.381863696031
00bbac68_2247,12231.3896502192
00bbac68_2248,12231.405422197044
00bbac68_2249,12231.410756909048
00bbac68_2250,12231.416262954304
00bbac68_2251,12231.42091557684
00bbac68_2252,12231.424952120804
00bbac68_2253,12231.4314736303
00bbac68_2254,12231.436822756732
00bbac68_2255,12231.442778344624
00bbac68_2256,12231.449918953009
00bbac68_2257,12231.4568685241
00bbac68_2258,12231.46773586994
00bbac68_2259,12231.482158433557
00bbac68_2260,12231.501286959485
00bbac68_2261,12231.520795850269
00bbac68_2262,12231.541969842956
00bbac68_2263,12231.564510754204
00bbac68_2264,12231.585990512507
00bbac68_2265,12231.606828046768
00bbac68_2266,12231.628814545724
00bbac68_2267,12231.64685032264
00bbac68_2268,12231.662141602936
00bbac68_2269,12231.67492550436
00bbac68_2270,12231.685751392426
00bbac68_2271,12231.694683180427
00bbac68_2272,12231.70209636337
00bbac68_2273,12231.710486040583
00bbac68_2274,12231.718952023071
00bbac68_2275,12231.72687388959
00bbac68_2276,12231.73455078092
00bbac68_2277,12231.742060266197
00bbac68_2278,12231.749191437755
00bbac68_2279,12231.758271011196
00bbac68_2280,12231.756010903706
00bbac68_2281,12231.762837032136
00bbac68_2282,12231.770085363198
00bbac68_2283,12231.776653588777
00bbac68_2284,12231.782238905416
00bbac68_2285,12231.789271064934
00bbac68_2286,12231.785976332443
00bbac68_2287,12231.791411981429
00bbac68_2288,12231.79654884043
00bbac68_2289,12231.8014526699
00bbac68_2290,12231.806033890109
00bbac68_2291,12231.801266044884
00bbac68_2292,12231.80782412514
00bbac68_2293,12231.812735473197
00bbac68_2294,12231.817637238328
00bbac68_2295,12231.81376615254
00bbac68_2296,12231.819491665996
00bbac68_2297,12231.825699651588
00bbac68_2298,12231.824856465388
00bbac68_2299,12231.83086506882
00bbac68_2300,12231.837528494192
00bbac68_2301,12231.834335866788
00bbac68_2302,12231.840625038689
00bbac68_2303,12231.84551689839
00bbac68_2304,12231.841083147074
00bbac68_2305,12231.845236260291
00bbac68_2306,12231.849573351805
00bbac68_2307,12231.845623917729
00bbac68_2308,12231.850690565374
00bbac68_2309,12231.849288730436
00bbac68_2310,12231.85854190747
00bbac68_2311,12231.871268696432
00bbac68_2312,12231.873779409974
00bbac68_2313,12231.88816399174
00bbac68_2314,12231.893232316846
00bbac68_2315,12231.906031524844
00bbac68_2316,12231.90803301656
00bbac68_2317,12231.918713760184
00bbac68_2318,12231.916869337429
00bbac68_2319,12231.920151939805
00bbac68_2320,12231.912711492943
00bbac68_2321,12231.91174612872
00bbac68_2322,12231.900426793696
00bbac68_2323,12231.899881038657
00bbac68_2324,12231.893339546912
00bbac68_2325,12231.892358537363
00bbac68_2326,12231.902689036408
00bbac68_2327,12231.910067370076
00bbac68_2328,12231.927433398205
00bbac68_2329,12231.935850614367
00bbac68_2330,12231.94294123039
00bbac68_2331,12231.954872474998
00bbac68_2332,12231.955351863642
00bbac68_2333,12231.962804452389
00bbac68_2334,12231.95839324904
00bbac68_2335,12231.950939245638
00bbac68_2336,12231.950651501103
00bbac68_2337,12231.940977127217
00bbac68_2338,12231.927839641454
00bbac68_2339,12231.916787422771
00bbac68_2340,12231.916163947371
00bbac68_2341,12231.909115009945
00bbac68_2342,12231.900506601034
00bbac68_2343,12231.903473242952
00bbac68_2344,12231.89119636578
00bbac68_2345,12231.877245707556
00bbac68_2346,12231.862881974695
00bbac68_2347,12231.848912362691
00bbac68_2348,12231.844565233803
00bbac68_2349,12231.831823925284
00bbac68_2350,12231.822145115031
00bbac68_2351,12231.812784244776
00bbac68_2352,12231.805428556328
00bbac68_2353,12231.809523886475
00bbac68_2354,12231.804810006755
00bbac68_2355,12231.798420312383
00bbac68_2356,12231.795792782512
00bbac68_2357,12231.792975737462
00bbac68_2358,12231.789308468551
00bbac68_2359,12231.78504610084
00bbac68_2360,12231.780549500529
00bbac68_2361,12231.776024728611
00bbac68_2362,12231.78228888948
00bbac68_2363,12231.777697703954
00bbac68_2364,12231.772741256971
00bbac68_2365,12231.767118171105
00bbac68_2366,12231.761445745518
00bbac68_2367,12231.755362534572
00bbac68_2368,12231.749165479394
00bbac68_2369,12231.745551042684
00bbac68_2370,12231.739654864334
00bbac68_2371,12231.733552896963
00bbac68_2372,12231.739198369056
00bbac68_2373,12231.73615621471
00bbac68_2374,12231.731984566131
00bbac68_2375,12231.729379621547
00bbac68_2376,12231.72508398396
00bbac68_2377,12231.72064423755
00bbac68_2378,12231.716042065062
00bbac68_2379,12231.71107926738
00bbac68_2380,12231.714436810897
00bbac68_2381,12231.707158207051
00bbac68_2382,12231.701724094328
00bbac68_2383,12231.694920047408
00bbac68_2384,12231.689441492166
00bbac68_2385,12231.684718882796
00bbac68_2386,12231.680704692915
00bbac68_2387,12231.678219011734
00bbac68_2388,12231.68718297398
00bbac68_2389,12231.6840072499
00bbac68_2390,12231.681047814043
00bbac68_2391,12231.678076491564
00bbac68_2392,12231.674873882912
00bbac68_2393,12231.671556137768
00bbac68_2394,12231.67682775756
00bbac68_2395,12231.673627909408
00bbac68_2396,12231.667970278795
00bbac68_2397,12231.6619601128
00bbac68_2398,12231.656767568733
00bbac68_2399,12231.652160825148
00bbac68_2400,12231.64766968555
00bbac68_2401,12231.653939866035
00bbac68_2402,12231.649800175284
00bbac68_2403,12231.647593983384
00bbac68_2404,12231.644023978048
00bbac68_2405,12231.642080413145
00bbac68_2406,12231.639401515336
00bbac68_2407,12231.646201373933
00bbac68_2408,12231.645576481396
00bbac68_2409,12231.643808464833
00bbac68_2410,12231.641603134762
00bbac68_2411,12231.63896555424
00bbac68_2412,12231.635932170511
00bbac68_2413,12231.642709877196
00bbac68_2414,12231.64013627153
00bbac68_2415,12231.637286057396
00bbac68_2416,12231.633498145598
00bbac68_2417,12231.628722082442
00bbac68_2418,12231.632755810377
00bbac68_2419,12231.628964589843
00bbac68_2420,12231.626025668424
00bbac68_2421,12231.622660800243
00bbac68_2422,12231.617855422965
00bbac68_2423,12231.622956356376
00bbac68_2424,12231.61853190415
00bbac68_2425,12231.614490085893
00bbac68_2426,12231.6097049217
00bbac68_2427,12231.60606005524
00bbac68_2428,12231.610322348257
00bbac68_2429,12231.605641217911
00bbac68_2430,12231.599800144895
00bbac68_2431,12231.596913181367
00bbac68_2432,12231.593482378114
00bbac68_2433,12231.601413299566
00bbac68_2434,12231.598316027726
00bbac68_2435,12231.595393947196
00bbac68_2436,12231.592779861665
00bbac68_2437,12231.58957317383
00bbac68_2438,12231.595024890434
00bbac68_2439,12231.590664845082
00bbac68_2440,12231.588078430052
00bbac68_2441,12231.58392996543
00bbac68_2442,12231.587478394918
00bbac68_2443,12231.58097502463
00bbac68_2444,12231.574185868682
00bbac68_2445,12231.566296635505
00bbac68_2446,12231.56952718624
00bbac68_2447,12231.56229314304
00bbac68_2448,12231.555300259224
00bbac68_2449,12231.54861964165
00bbac68_2450,12231.551180742534
00bbac68_2451,12231.545225967084
00bbac68_2452,12231.539718302392
00bbac68_2453,12231.53593358816
00bbac68_2454,12231.530776642036
00bbac68_2455,12231.536382179742
00bbac68_2456,12231.53344943664
00bbac68_2457,12231.530284429846
00bbac68_2458,12231.525397171572
00bbac68_2459,12231.532121444488
00bbac68_2460,12231.527287602508
00bbac68_2461,12231.523113869926
00bbac68_2462,12231.519962924172
00bbac68_2463,12231.518860387088
00bbac68_2464,12231.530442214991
00bbac68_2465,12231.537439633345
00bbac68_2466,12231.543128788317
00bbac68_2467,12231.548102903347
00bbac68_2468,12231.551538079886
00bbac68_2469,12231.563330666517
00bbac68_2470,12231.565546853291
00bbac68_2471,12231.567290692656
00bbac68_2472,12231.570500304597
00bbac68_2473,12231.571297984414
00bbac68_2474,12231.571042257636
00bbac68_2475,12231.579783654288
00bbac68_2476,12231.578585431478
00bbac68_2477,12231.578108530868
00bbac68_2478,12231.58000808573
00bbac68_2479,12231.582046781654
00bbac68_2480,12231.585037918168
00bbac68_2481,12231.586987983448
00bbac68_2482,12231.586383172436
00bbac68_2483,12231.58192228415
00bbac68_2484,12231.58628309216
00bbac68_2485,12231.583324510537
00bbac68_2486,12231.579756603813
00bbac68_2487,12231.576719348068
00bbac68_2488,12231.574698364082
00bbac68_2489,12231.573262323203
00bbac68_2490,12231.571103755634
00bbac68_2491,12231.570592748303
00bbac68_2492,12231.568309763545
00bbac68_2493,12231.56536556295
00bbac68_2494,12231.56226788479
00bbac68_2495,12231.55762225844
00bbac68_2496,12231.551162664144
00bbac68_2497,12231.543145100364
00bbac68_2498,12231.535201251532
00bbac68_2499,12231.524134402018
00bbac68_2500,12231.514450212751
00bbac68_2501,12231.505242185009
00bbac68_2502,12231.497934596571
00bbac68_2503,12231.48954600185
00bbac68_2504,12231.4844461044
00bbac68_2505,12231.479996727465
00bbac68_2506,12231.473530243007
00bbac68_2507,12231.470877364003
00bbac68_2508,12231.466900470312
00bbac68_2509,12231.464448294131
00bbac68_2510,12231.460660555094
00bbac68_2511,12231.457772597949
00bbac68_2512,12231.456457500224
00bbac68_2513,12231.453795853417
00bbac68_2514,12231.45256796548
00bbac68_2515,12231.448681074511
00bbac68_2516,12231.445294866302
00bbac68_2517,12231.44362593523
00bbac68_2518,12231.44029428612
00bbac68_2519,12231.437011341182
00bbac68_2520,12231.43588552734
00bbac68_2521,12231.432540415715
00bbac68_2522,12231.428834974266
00bbac68_2523,12231.418501722846
00bbac68_2524,12231.41351357917
00bbac68_2525,12231.40921875112
00bbac68_2526,12231.407285962165
00bbac68_2527,12231.403448843856
00bbac68_2528,12231.3990470584
00bbac68_2529,12231.396241871473
00bbac68_2530,12231.389365657033
00bbac68_2531,12231.385873613226
00bbac68_2532,12231.372112597895
00bbac68_2533,12231.366772632657
00bbac68_2534,12231.36354220919
00bbac68_2535,12231.357588717394
00bbac68_2536,12231.351711334097
00bbac68_2537,12231.349062114412
00bbac68_2538,12231.334854702884
00bbac68_2539,12231.329765343837
00bbac68_2540,12231.324842027869
00bbac68_2541,12231.3219757271
00bbac68_2542,12231.318684923546
00bbac68_2543,12231.315196348369
00bbac68_2544,12231.300808956044
00bbac68_2545,12231.294359706786
00bbac68_2546,12231.290048066428
00bbac68_2547,12231.284221849168
00bbac68_2548,12231.26809632283
00bbac68_2549,12231.259361568566
00bbac68_2550,12231.254448534728
00bbac68_2551,12231.255285755526
00bbac68_2552,12231.256112837162
00bbac68_2553,12231.248739661436
00bbac68_2554,12231.252162118268
00bbac68_2555,12231.254976801534
00bbac68_2556,12231.25895398889
00bbac68_2557,12231.256630694592
00bbac68_2558,12231.260780261697
00bbac68_2559,12231.262343930794
00bbac68_2560,12231.26560742104
00bbac68_2561,12231.254524963966
00bbac68_2562,12231.252724968726
00bbac68_2563,12231.248796622423
00bbac68_2564,12231.24220847537
00bbac68_2565,12231.22898438554
00bbac68_2566,12231.2275731358
00bbac68_2567,12231.22604646736
00bbac68_2568,12231.223378882392
00bbac68_2569,12231.207615963936
00bbac68_2570,12231.202707625309
00bbac68_2571,12231.198930178967
00bbac68_2572,12231.192675340635
00bbac68_2573,12231.175210100846
00bbac68_2574,12231.170501663752
00bbac68_2575,12231.163118473443
00bbac68_2576,12231.15444675434
00bbac68_2577,12231.13980252778
00bbac68_2578,12231.134422354407
00bbac68_2579,12231.127936931473
00bbac68_2580,12231.123284324964
00bbac68_2581,12231.109439141832
00bbac68_2582,12231.107271793866
00bbac68_2583,12231.10179776341
00bbac68_2584,12231.0879707609
00bbac68_2585,12231.08530041329
00bbac68_2586,12231.080664398403
00bbac68_2587,12231.076457921105
00bbac68_2588,12231.065063268336
00bbac68_2589,12231.06104067429
00bbac68_2590,12231.057440956096
00bbac68_2591,12231.046877659264
00bbac68_2592,12231.042475883129
00bbac68_2593,12231.039183729225
00bbac68_2594,12231.028398317369
00bbac68_2595,12231.02439656181
00bbac68_2596,12231.01976017423
00bbac68_2597,12231.018262195865
00bbac68_2598,12231.004230989753
00bbac68_2599,12231.00047760065
00bbac68_2600,12230.996764526386
00bbac68_2601,12230.982802561124
00bbac68_2602,12230.97873386774
00bbac68_2603,12230.97327479165
00bbac68_2604,12230.959133242097
00bbac68_2605,12230.957225306744
00bbac68_2606,12230.956223237998
00bbac68_2607,12230.94815734835
00bbac68_2608,12230.950386838602
00bbac68_2609,12230.952362405164
00bbac68_2610,12230.94640783366
00bbac68_2611,12230.94964462291
00bbac68_2612,12230.951515289724
00bbac68_2613,12230.944368762304
00bbac68_2614,12230.946149770944
00bbac68_2615,12230.9461041567
00bbac68_2616,12230.938055463854
00bbac68_2617,12230.93382311576
00bbac68_2618,12230.92864906008
00bbac68_2619,12230.914676662587
00bbac68_2620,12230.909632868255
00bbac68_2621,12230.906327996116
00bbac68_2622,12230.895875549291
00bbac68_2623,12230.89148227192
00bbac68_2624,12230.88793355598
00bbac68_2625,12230.87784924125
00bbac68_2626,12230.87287404794
00bbac68_2627,12230.86872009878
00bbac68_2628,12230.85733510856
00bbac68_2629,12230.853351616232
00bbac68_2630,12230.849342117976
00bbac68_2631,12230.83817798972
00bbac68_2632,12230.8341044406
00bbac68_2633,12230.831344094991
00bbac68_2634,12230.817714488909
00bbac68_2635,12230.812557100024
00bbac68_2636,12230.800249835604
00bbac68_2637,12230.797673512614
00bbac68_2638,12230.794545212815
00bbac68_2639,12230.783518596629
00bbac68_2640,12230.78147210686
00bbac68_2641,12230.77835796236
00bbac68_2642,12230.768206643905
00bbac68_2643,12230.76675511795
00bbac68_2644,12230.755575895804
00bbac68_2645,12230.754441173542
00bbac68_2646,12230.75149606068
00bbac68_2647,12230.737668301635
00bbac68_2648,12230.735055684192
00bbac68_2649,12230.718762039916
00bbac68_2650,12230.712812544987
00bbac68_2651,12230.697492879292
00bbac68_2652,12230.69081440332
00bbac68_2653,12230.678337202213
00bbac68_2654,12230.671097156312
00bbac68_2655,12230.653781292
00bbac68_2656,12230.649167082129
00bbac68_2657,12230.63247088863
00bbac68_2658,12230.617116455283
00bbac68_2659,12230.61302608906
00bbac68_2660,12230.59759318036
00bbac68_2661,12230.590735223828
00bbac68_2662,12230.57798318886
00bbac68_2663,12230.56149621059
00bbac68_2664,12230.555706679846
00bbac68_2665,12230.542418059886
00bbac68_2666,12230.529294418322
00bbac68_2667,12230.528230109156
00bbac68_2668,12230.51413624434
00bbac68_2669,12230.50127928226
00bbac68_2670,12230.498058754169
00bbac68_2671,12230.484080506109
00bbac68_2672,12230.471344111796
00bbac68_2673,12230.460270823009
00bbac68_2674,12230.446915894192
00bbac68_2675,12230.443255884253
00bbac68_2676,12230.430848288122
00bbac68_2677,12230.417220501027
00bbac68_2678,12230.403473715847
00bbac68_2679,12230.390788646991
00bbac68_2680,12230.377602602868
00bbac68_2681,12230.373859988042
00bbac68_2682,12230.362622235987
00bbac68_2683,12230.349398947372
00bbac68_2684,12230.337348849782
00bbac68_2685,12230.324911743151
00bbac68_2686,12230.311733565211
00bbac68_2687,12230.300241637018
00bbac68_2688,12230.28779373352
00bbac68_2689,12230.27479066722
00bbac68_2690,12230.261936469284
00bbac68_2691,12230.247728875653
00bbac68_2692,12230.233123431764
00bbac68_2693,12230.220215374531
00bbac68_2694,12230.205913394757
00bbac68_2695,12230.19137130267
00bbac68_2696,12230.178405679972
00bbac68_2697,12230.163446858316
00bbac68_2698,12230.149163068125
00bbac68_2699,12230.13676796446
00bbac68_2700,12230.1239901082
00bbac68_2701,12230.10229458771
00bbac68_2702,12230.091141556615
00bbac68_2703,12230.0774800901
00bbac68_2704,12230.065407126993
00bbac68_2705,12230.051801613035
00bbac68_2706,12230.037959378347
00bbac68_2707,12230.0163572661
00bbac68_2708,12230.002543258588
00bbac68_2709,12229.988432887169
00bbac68_2710,12229.97557335683
00bbac68_2711,12229.95124155016
00bbac68_2712,12229.935971300109
00bbac68_2713,12229.923137558151
00bbac68_2714,12229.909188488124
00bbac68_2715,12229.885664015805
00bbac68_2716,12229.873945193642
00bbac68_2717,12229.85963641825
00bbac68_2718,12229.835837610042
00bbac68_2719,12229.8226158981
00bbac68_2720,12229.79917158944
00bbac68_2721,12229.787109716412
00bbac68_2722,12229.77234663828
00bbac68_2723,12229.749141207656
00bbac68_2724,12229.737920854654
00bbac68_2725,12229.715144483323
00bbac68_2726,12229.70177125758
00bbac68_2727,12229.690181171709
00bbac68_2728,12229.667859933532
00bbac68_2729,12229.654735874725
00bbac68_2730,12229.633495936445
00bbac68_2731,12229.61920021948
00bbac68_2732,12229.596396207004
00bbac68_2733,12229.575003855358
00bbac68_2734,12229.561043001966
00bbac68_2735,12229.537596083585
00bbac68_2736,12229.524935737409
00bbac68_2737,12229.5011117031
00bbac68_2738,12229.486274270026
00bbac68_2739,12229.464428198493
00bbac68_2740,12229.442417039549
00bbac68_2741,12229.430175187226
00bbac68_2742,12229.407385785233
00bbac68_2743,12229.39367834551
00bbac68_2744,12229.372804021994
00bbac68_2745,12229.350428285865
00bbac68_2746,12229.335415758647
00bbac68_2747,12229.313528245117
00bbac68_2748,12229.301037786456
00bbac68_2749,12229.279072443407
00bbac68_2750,12229.259115881918
00bbac68_2751,12229.246393079133
00bbac68_2752,12229.223832546584
00bbac68_2753,12229.212980548276
00bbac68_2754,12229.188270445524
00bbac68_2755,12229.16454282231
00bbac68_2756,12229.15244412301
00bbac68_2757,12229.127718022752
00bbac68_2758,12229.112698739043
00bbac68_2759,12229.089756470132
00bbac68_2760,12229.06465794218
00bbac68_2761,12229.049701439144
00bbac68_2762,12229.022611286362
00bbac68_2763,12229.006675111888
00bbac68_2764,12228.983859730462
00bbac68_2765,12228.958826816726
00bbac68_2766,12228.943748916856
00bbac68_2767,12228.9209025749
00bbac68_2768,12228.904919999022
00bbac68_2769,12228.880460133983
00bbac68_2770,12228.85602419608
00bbac68_2771,12228.841318094708
00bbac68_2772,12228.817005461373
00bbac68_2773,12228.803602889257
00bbac68_2774,12228.779191418716
00bbac68_2775,12228.755009012297
00bbac68_2776,12228.741900199657
00bbac68_2777,12228.717979481078
00bbac68_2778,12228.7032807372
00bbac68_2779,12228.680752253516
00bbac68_2780,12228.656312857298
00bbac68_2781,12228.642614239165
00bbac68_2782,12228.618159937843
00bbac68_2783,12228.60285898082
00bbac68_2784,12228.579576022828
00bbac68_2785,12228.55513586232
00bbac68_2786,12228.540157853568
00bbac68_2787,12228.517899094564
00bbac68_2788,12228.503694085515
00bbac68_2789,12228.479371284431
00bbac68_2790,12228.457636813608
00bbac68_2791,12228.44232505566
00bbac68_2792,12228.41934640598
00bbac68_2793,12228.405708624652
00bbac68_2794,12228.38251441718
00bbac68_2795,12228.35886982191
00bbac68_2796,12228.34296133028
00bbac68_2797,12228.318554251391
00bbac68_2798,12228.302717350589
00bbac68_2799,12228.27667586779
00bbac68_2800,12228.249414565526
00bbac68_2801,12228.229290604564
00bbac68_2802,12228.198196896928
00bbac68_2803,12228.178316720772
00bbac68_2804,12228.14904062059
00bbac68_2805,12228.119458400746
00bbac68_2806,12228.099778043106
00bbac68_2807,12228.071418007064
00bbac68_2808,12228.052752325904
00bbac68_2809,12228.025324991951
00bbac68_2810,12227.999051102915
00bbac68_2811,12227.982099363757
00bbac68_2812,12227.956680740856
00bbac68_2813,12227.93989077977
00bbac68_2814,12227.913646810935
00bbac68_2815,12227.88669438022
00bbac68_2816,12227.868096564884
00bbac68_2817,12227.840582879127
00bbac68_2818,12227.822013488623
00bbac68_2819,12227.794880069592
00bbac68_2820,12227.767711778935
00bbac68_2821,12227.748598786891
00bbac68_2822,12227.718862367425
00bbac68_2823,12227.700286836678
00bbac68_2824,12227.671561646635
00bbac68_2825,12227.643247563308
00bbac68_2826,12227.624452985565
00bbac68_2827,12227.59554352148
00bbac68_2828,12227.576049408675
00bbac68_2829,12227.54776760395
00bbac68_2830,12227.518842900692
00bbac68_2831,12227.49931990488
00bbac68_2832,12227.470751219393
00bbac68_2833,12227.452395868042
00bbac68_2834,12227.425288544706
00bbac68_2835,12227.408304017788
00bbac68_2836,12227.381975017988
00bbac68_2837,12227.364295348829
00bbac68_2838,12227.347441053327
00bbac68_2839,12227.320547094329
00bbac68_2840,12227.302530755282
00bbac68_2841,12227.284675235416
00bbac68_2842,12227.2661467528
00bbac68_2843,12227.245131632351
00bbac68_2844,12227.226551694155
00bbac68_2845,12227.209407976452
00bbac68_2846,12227.193107731531
00bbac68_2847,12227.176946473195
00bbac68_2848,12227.16139372335
00bbac68_2849,12227.146960531483
00bbac68_2850,12227.132496093518
00bbac68_2851,12227.1263400752
00bbac68_2852,12227.11118567302
00bbac68_2853,12227.095498466091
00bbac68_2854,12227.087988910062
00bbac68_2855,12227.072255057215
00bbac68_2856,12227.055683343908
00bbac68_2857,12227.04721038274
00bbac68_2858,12227.03848214191
00bbac68_2859,12227.019569344897
00bbac68_2860,12227.01117802415
00bbac68_2861,12227.003322769977
00bbac68_2862,12226.986018824082
00bbac68_2863,12226.977473559136
00bbac68_2864,12226.96952111381
00bbac68_2865,12226.961634745969
00bbac68_2866,12226.951286028268
00bbac68_2867,12226.94220964488
00bbac68_2868,12226.933765970529
00bbac68_2869,12226.92557579428
00bbac68_2870,12226.917831762512
00bbac68_2871,12226.911294721203
00bbac68_2872,12226.903183185768
00bbac68_2873,12226.894449195132
00bbac68_2874,12226.894160666114
00bbac68_2875,12226.884608010758
00bbac68_2876,12226.875792236528
00bbac68_2877,12226.876324406305
00bbac68_2878,12226.867894720874
00bbac68_2879,12226.86915085705
00bbac68_2880,12226.860777363256
00bbac68_2881,12226.861901422626
00bbac68_2882,12226.853374937886
00bbac68_2883,12226.855321476502
00bbac68_2884,12226.858687711365
00bbac68_2885,12226.854160285027
00bbac68_2886,12226.859345640303
00bbac68_2887,12226.864441882415
00bbac68_2888,12226.869314883
00bbac68_2889,12226.87390034827
00bbac68_2890,12226.877638673976
00bbac68_2891,12226.881141176871
00bbac68_2892,12226.886345562974
00bbac68_2893,12226.891364634856
00bbac68_2894,12226.895339077088
00bbac68_2895,12226.898205438822
00bbac68_2896,12226.900773939213
00bbac68_2897,12226.91167083967
00bbac68_2898,12226.91265747781
00bbac68_2899,12226.914418217468
00bbac68_2900,12226.9252162113
00bbac68_2901,12226.926972475054
00bbac68_2902,12226.937800396869
00bbac68_2903,12226.93929869656
00bbac68_2904,12226.950013321755
00bbac68_2905,12226.960460444108
00bbac68_2906,12226.961710610612
00bbac68_2907,12226.973162398896
00bbac68_2908,12226.984707786403
00bbac68_2909,12226.996261138162
00bbac68_2910,12226.998118631138
00bbac68_2911,12227.009565747225
00bbac68_2912,12227.020821863658
00bbac68_2913,12227.03160326198
00bbac68_2914,12227.041573756404
00bbac68_2915,12227.05156113765
00bbac68_2916,12227.061593890572
00bbac68_2917,12227.078990774764
00bbac68_2918,12227.088910004186
00bbac68_2919,12227.099606686916
00bbac68_2920,12227.11015619868
00bbac68_2921,12227.129789959748
00bbac68_2922,12227.139976045508
00bbac68_2923,12227.15047492257
00bbac68_2924,12227.170142997536
00bbac68_2925,12227.180994406068
00bbac68_2926,12227.200755437463
00bbac68_2927,12227.211808573147
00bbac68_2928,12227.231349501291
00bbac68_2929,12227.250512729845
00bbac68_2930,12227.259997227386
00bbac68_2931,12227.279612605304
00bbac68_2932,12227.28965809639
00bbac68_2933,12227.308609223091
00bbac68_2934,12227.319047462242
00bbac68_2935,12227.339907405376
00bbac68_2936,12227.360553474997
00bbac68_2937,12227.372099331697
00bbac68_2938,12227.392772091152
00bbac68_2939,12227.40415351005
00bbac68_2940,12227.42547521148
00bbac68_2941,12227.447543722405
00bbac68_2942,12227.459073608734
00bbac68_2943,12227.4796790377
00bbac68_2944,12227.48897888359
00bbac68_2945,12227.507924681591
00bbac68_2946,12227.5273198547
00bbac68_2947,12227.537756394597
00bbac68_2948,12227.55672953896
00bbac68_2949,12227.5752380386
00bbac68_2950,12227.585031969327
00bbac68_2951,12227.603999679624
00bbac68_2952,12227.622686384158
00bbac68_2953,12227.63258016441
00bbac68_2954,12227.651657239205
00bbac68_2955,12227.670798482544
00bbac68_2956,12227.681756409776
00bbac68_2957,12227.702631436314
00bbac68_2958,12227.722639901407
00bbac68_2959,12227.734888405555
00bbac68_2960,12227.75636291361
00bbac68_2961,12227.777083553376
00bbac68_2962,12227.795996715882
00bbac68_2963,12227.80856426919
00bbac68_2964,12227.831105007028
00bbac68_2965,12227.854192049
00bbac68_2966,12227.868530538748
00bbac68_2967,12227.89174648659
00bbac68_2968,12227.915668445668
00bbac68_2969,12227.939588391424
00bbac68_2970,12227.952105726206
00bbac68_2971,12227.975450444936
00bbac68_2972,12227.999084580775
00bbac68_2973,12228.022577406326
00bbac68_2974,12228.044230487092
00bbac68_2975,12228.056636492593
00bbac68_2976,12228.07620965578
00bbac68_2977,12228.095257352788
00bbac68_2978,12228.11345764784
00bbac68_2979,12228.125675537907
00bbac68_2980,12228.146228323923
00bbac68_2981,12228.166423794164
00bbac68_2982,12228.187014428448
00bbac68_2983,12228.207484956729
00bbac68_2984,12228.22846983928
00bbac68_2985,12228.239918012194
00bbac68_2986,12228.259968369766
00bbac68_2987,12228.279918620532
00bbac68_2988,12228.299527034327
00bbac68_2989,12228.318475347636
00bbac68_2990,12228.336947684957
00bbac68_2991,12228.347242987627
00bbac68_2992,12228.367498458418
00bbac68_2993,12228.388908283128
00bbac68_2994,12228.410189968556
00bbac68_2995,12228.431075009335
00bbac68_2996,12228.449762023569
00bbac68_2997,12228.470791730257
00bbac68_2998,12228.492574299318
00bbac68_2999,12228.513884454327
00bbac68_3000,12228.525576306682
00bbac68_3001,12228.544999861322
00bbac68_3002,12228.56435611548
00bbac68_3003,12228.584469374036
00bbac68_3004,12228.604066855049
00bbac68_3005,12228.62330124002
00bbac68_3006,12228.642837577789
00bbac68_3007,12228.662912355954
00bbac68_3008,12228.682683799723
00bbac68_3009,12228.702560910904
00bbac68_3010,12228.722993327568
00bbac68_3011,12228.74336278575
00bbac68_3012,12228.763237274312
00bbac68_3013,12228.783799842537
00bbac68_3014,12228.803517115466
00bbac68_3015,12228.822119821045
00bbac68_3016,12228.84127516668
00bbac68_3017,12228.861061668227
00bbac68_3018,12228.882228473603
00bbac68_3019,12228.903372929062
00bbac68_3020,12228.923678828238
00bbac68_3021,12228.943738973216
00bbac68_3022,12228.96371760634
00bbac68_3023,12228.98118941079
00bbac68_3024,12229.000025201529
00bbac68_3025,12229.0196991151
00bbac68_3026,12229.039870012975
00bbac68_3027,12229.060219372008
00bbac68_3028,12229.080118884029
00bbac68_3029,12229.099388641256
00bbac68_3030,12229.119096270964
00bbac68_3031,12229.13948424514
00bbac68_3032,12229.16054604073
00bbac68_3033,12229.181207506264
00bbac68_3034,12229.202134491985
00bbac68_3035,12229.222743478062
00bbac68_3036,12229.24250184358
00bbac68_3037,12229.26175861037
00bbac68_3038,12229.280502753092
00bbac68_3039,12229.29841469766
00bbac68_3040,12229.316362725682
00bbac68_3041,12229.334708648705
00bbac68_3042,12229.353629104327
00bbac68_3043,12229.37256910967
00bbac68_3044,12229.40108577631
00bbac68_3045,12229.42029218414
00bbac68_3046,12229.44074620067
00bbac68_3047,12229.46101738342
00bbac68_3048,12229.48075977478
00bbac68_3049,12229.499151748503
00bbac68_3050,12229.52028775059
00bbac68_3051,12229.540976828152
00bbac68_3052,12229.560600234652
00bbac68_3053,12229.579909083988
00bbac68_3054,12229.609000965693
00bbac68_3055,12229.62876189578
00bbac68_3056,12229.648969047004
00bbac68_3057,12229.669688842749
00bbac68_3058,12229.69123554482
00bbac68_3059,12229.71113477203
00bbac68_3060,12229.73342240136
00bbac68_3061,12229.7565700098
00bbac68_3062,12229.78983124006
00bbac68_3063,12229.814285079929
00bbac68_3064,12229.839126727453
00bbac68_3065,12229.863317260162
00bbac68_3066,12229.887242061404
00bbac68_3067,12229.913559238104
00bbac68_3068,12229.937090022057
00bbac68_3069,12229.97058548684
00bbac68_3070,12229.995393331952
00bbac68_3071,12230.018877529335
00bbac68_3072,12230.041208571474
00bbac68_3073,12230.062613837175
00bbac68_3074,12230.08247589967
00bbac68_3075,12230.110590993556
00bbac68_3076,12230.129313003705
00bbac68_3077,12230.14902663357
00bbac68_3078,12230.167941379872
00bbac68_3079,12230.187288136787
00bbac68_3080,12230.216453603063
00bbac68_3081,12230.235997106707
00bbac68_3082,12230.255518098584
00bbac68_3083,12230.276907821217
00bbac68_3084,12230.2965601357
00bbac68_3085,12230.327606844145
00bbac68_3086,12230.348798613037
00bbac68_3087,12230.368976273448
00bbac68_3088,12230.38853357818
00bbac68_3089,12230.407658374526
00bbac68_3090,12230.435619129868
00bbac68_3091,12230.45412079132
00bbac68_3092,12230.472847272404
00bbac68_3093,12230.491477409214
00bbac68_3094,12230.519395049863
00bbac68_3095,12230.538427586298
00bbac68_3096,12230.557953548738
00bbac68_3097,12230.57712856639
00bbac68_3098,12230.60370728542
00bbac68_3099,12230.623050310747
00bbac68_3100,12230.64273754613
00bbac68_3101,12230.661820008809
00bbac68_3102,12230.690163955043
00bbac68_3103,12230.706982733702
00bbac68_3104,12230.725457319491
00bbac68_3105,12230.74395955507
00bbac68_3106,12230.7718119812
00bbac68_3107,12230.79029295212
00bbac68_3108,12230.810323564954
00bbac68_3109,12230.830886031536
00bbac68_3110,12230.860700007785
00bbac68_3111,12230.881360260351
00bbac68_3112,12230.90205857964
00bbac68_3113,12230.931536615237
00bbac68_3114,12230.950973961671
00bbac68_3115,12230.973286331311
00bbac68_3116,12231.0058989717
00bbac68_3117,12231.030159698315
00bbac68_3118,12231.05515007319
00bbac68_3119,12231.089432296474
00bbac68_3120,12231.114320374269
00bbac68_3121,12231.139327944073
00bbac68_3122,12231.173355478204
00bbac68_3123,12231.198300472992
00bbac68_3124,12231.224014755448
00bbac68_3125,12231.259742473188
00bbac68_3126,12231.28562991259
00bbac68_3127,12231.310913590503
00bbac68_3128,12231.344399773498
00bbac68_3129,12231.366458859922
00bbac68_3130,12231.38995124136
00bbac68_3131,12231.42373885546
00bbac68_3132,12231.447849980268
00bbac68_3133,12231.477743745085
00bbac68_3134,12231.49906976062
00bbac68_3135,12231.520552646372
00bbac68_3136,12231.550746950834
00bbac68_3137,12231.572109093744
00bbac68_3138,12231.603023657732
00bbac68_3139,12231.625088780134
00bbac68_3140,12231.656957519672
00bbac68_3141,12231.68005820021
00bbac68_3142,12231.704103158652
00bbac68_3143,12231.737724675088
00bbac68_3144,12231.762341262054
00bbac68_3145,12231.79556477255
00bbac68_3146,12231.8185573232
00bbac68_3147,12231.849740309666
00bbac68_3148,12231.870030039836
00bbac68_3149,12231.89781316596
00bbac68_3150,12231.918375986124
00bbac68_3151,12231.947450322648
00bbac68_3152,12231.966735530228
00bbac68_3153,12231.994870170376
00bbac68_3154,12232.013311233182
00bbac68_3155,12232.041066697784
00bbac68_3156,12232.059107495625
00bbac68_3157,12232.087233748944
00bbac68_3158,12232.10600413317
00bbac68_3159,12232.132950601705
00bbac68_3160,12232.150476455065
00bbac68_3161,12232.176292533652
00bbac68_3162,12232.1925333833
00bbac68_3163,12232.217622882268
00bbac68_3164,12232.2339367907
00bbac68_3165,12232.259600337766
00bbac68_3166,12232.2757540029
00bbac68_3167,12232.30187119995
00bbac68_3168,12232.329660651823
00bbac68_3169,12232.348985058055
00bbac68_3170,12232.378032591723
00bbac68_3171,12232.398846404269
00bbac68_3172,12232.4296379017
00bbac68_3173,12232.451566259568
00bbac68_3174,12232.48334915471
00bbac68_3175,12232.51240405732
00bbac68_3176,12232.532501313084
00bbac68_3177,12232.56304497231
00bbac68_3178,12232.594331500311
00bbac68_3179,12232.616588817684
00bbac68_3180,12232.648492823011
00bbac68_3181,12232.669944561088
00bbac68_3182,12232.700406065313
00bbac68_3183,12232.731441585016
00bbac68_3184,12232.755759011983
00bbac68_3185,12232.783800824089
00bbac68_3186,12232.81223502852
00bbac68_3187,12232.833641885089
00bbac68_3188,12232.865720473314
00bbac68_3189,12232.89908589006
00bbac68_3190,12232.92483382686
00bbac68_3191,12232.96044939917
00bbac68_3192,12233.000191019932
00bbac68_3193,12233.029867565238
00bbac68_3194,12233.068634480253
00bbac68_3195,12233.107240907151
00bbac68_3196,12233.14532132142
00bbac68_3197,12233.171230141164
00bbac68_3198,12233.205173124514
00bbac68_3199,12233.23734658268
00bbac68_3200,12233.258840150287
00bbac68_3201,12233.284118784291
00bbac68_3202,12233.31239012866
00bbac68_3203,12233.340933736015
00bbac68_3204,12233.358998175285
00bbac68_3205,12233.38614852522
00bbac68_3206,12233.413266028125
00bbac68_3207,12233.44013975069
00bbac68_3208,12233.457227489504
00bbac68_3209,12233.482614060453
00bbac68_3210,12233.510342800717
00bbac68_3211,12233.53697986672
00bbac68_3212,12233.563799158132
00bbac68_3213,12233.579440219042
00bbac68_3214,12233.605981547393
00bbac68_3215,12233.633778557984
00bbac68_3216,12233.66218383591
00bbac68_3217,12233.68251896914
00bbac68_3218,12233.712381183142
00bbac68_3219,12233.742438099776
00bbac68_3220,12233.77241311442
00bbac68_3221,12233.793781291488
00bbac68_3222,12233.825094052325
00bbac68_3223,12233.856088107055
00bbac68_3224,12233.876546574154
00bbac68_3225,12233.90540198464
00bbac68_3226,12233.93415777008
00bbac68_3227,12233.963941702326
00bbac68_3228,12233.982095473111
00bbac68_3229,12234.008557174362
00bbac68_3230,12234.034442624168
00bbac68_3231,12234.051773229376
00bbac68_3232,12234.077628689303
00bbac68_3233,12234.103273039264
00bbac68_3234,12234.119432952692
00bbac68_3235,12234.146551772548
00bbac68_3236,12234.174321452338
00bbac68_3237,12234.20286820104
00bbac68_3238,12234.221972233296
00bbac68_3239,12234.249759485132
00bbac68_3240,12234.278181851792
00bbac68_3241,12234.296024361913
00bbac68_3242,12234.32352272691
00bbac68_3243,12234.351520642613
00bbac68_3244,12234.371396736751
00bbac68_3245,12234.403214678288
00bbac68_3246,12234.42413586957
00bbac68_3247,12234.456000970044
00bbac68_3248,12234.48905275266
00bbac68_3249,12234.51177621905
00bbac68_3250,12234.543154293551
00bbac68_3251,12234.57386682698
00bbac68_3252,12234.595036173352
00bbac68_3253,12234.623758288975
00bbac68_3254,12234.652899047467
00bbac68_3255,12234.67223966825
00bbac68_3256,12234.700280276207
00bbac68_3257,12234.717301110752
00bbac68_3258,12234.742202233172
00bbac68_3259,12234.770326955995
00bbac68_3260,12234.788629559856
00bbac68_3261,12234.818533752556
00bbac68_3262,12234.839296142936
00bbac68_3263,12234.869514647697
00bbac68_3264,12234.898285409769
00bbac68_3265,12234.91707923131
00bbac68_3266,12234.945582238755
00bbac68_3267,12234.96359065276
00bbac68_3268,12234.991608523622
00bbac68_3269,12235.0129749107
00bbac68_3270,12235.044146686849
00bbac68_3271,12235.071704693695
00bbac68_3272,12235.090445775571
00bbac68_3273,12235.119790662158
00bbac68_3274,12235.138015685814
00bbac68_3275,12235.167683292571
00bbac68_3276,12235.18643576936
00bbac68_3277,12235.2151962086
00bbac68_3278,12235.233492821408
00bbac68_3279,12235.259603271435
00bbac68_3280,12235.288694429648
00bbac68_3281,12235.308715285966
00bbac68_3282,12235.337287667053
00bbac68_3283,12235.356057225776
00bbac68_3284,12235.385727813196
00bbac68_3285,12235.407373831316
00bbac68_3286,12235.43517228663
00bbac68_3287,12235.452106796349
00bbac68_3288,12235.480663180051
00bbac68_3289,12235.4995809469
00bbac68_3290,12235.52617753811
00bbac68_3291,12235.542836832095
00bbac68_3292,12235.569788995846
00bbac68_3293,12235.58629645783
00bbac68_3294,12235.61344030091
00bbac68_3295,12235.631143992405
00bbac68_3296,12235.658467946152
00bbac68_3297,12235.677673715129
00bbac68_3298,12235.708937663472
00bbac68_3299,12235.730750289002
00bbac68_3300,12235.762441838193
00bbac68_3301,12235.785235130175
00bbac68_3302,12235.81774871692
00bbac68_3303,12235.84156569538
00bbac68_3304,12235.865655960246
00bbac68_3305,12235.89905619845
00bbac68_3306,12235.922395844364
00bbac68_3307,12235.953508273114
00bbac68_3308,12235.975563551418
00bbac68_3309,12236.00544968902
00bbac68_3310,12236.025666079184
00bbac68_3311,12236.04428596663
00bbac68_3312,12236.072131218834
00bbac68_3313,12236.090591701712
00bbac68_3314,12236.118568307373
00bbac68_3315,12236.138284498064
00bbac68_3316,12236.156391461916
00bbac68_3317,12236.183248724516
00bbac68_3318,12236.201715464924
00bbac68_3319,12236.22963339329
00bbac68_3320,12236.247588400149
00bbac68_3321,12236.266057245935
00bbac68_3322,12236.292607202557
00bbac68_3323,12236.310453666872
00bbac68_3324,12236.328133511062
00bbac68_3325,12236.35558346724
00bbac68_3326,12236.372535756693
00bbac68_3327,12236.38969921595
00bbac68_3328,12236.407975527029
00bbac68_3329,12236.434895342123
00bbac68_3330,12236.4533240179
00bbac68_3331,12236.471512839858
00bbac68_3332,12236.499924342232
00bbac68_3333,12236.52019559254
00bbac68_3334,12236.5397663184
00bbac68_3335,12236.55941423794
00bbac68_3336,12236.587868699724
00bbac68_3337,12236.610067354111
00bbac68_3338,12236.628499283664
00bbac68_3339,12236.648100646064
00bbac68_3340,12236.677154620606
00bbac68_3341,12236.697681635116
00bbac68_3342,12236.71776396903
00bbac68_3343,12236.73812253314
00bbac68_3344,12236.759592026126
00bbac68_3345,12236.789129915704
00bbac68_3346,12236.808152860744
00bbac68_3347,12236.82686194219
00bbac68_3348,12236.845520566092
00bbac68_3349,12236.86207267754
00bbac68_3350,12236.879128149529
00bbac68_3351,12236.90853926552
00bbac68_3352,12236.931017237
00bbac68_3353,12236.95495782864
00bbac68_3354,12236.97333139264
00bbac68_3355,12236.991934531072
00bbac68_3356,12237.01403929487
00bbac68_3357,12237.039742475565
00bbac68_3358,12237.062601749938
00bbac68_3359,12237.092953147365
00bbac68_3360,12237.116656819217
00bbac68_3361,12237.140998477087
00bbac68_3362,12237.163170392752
00bbac68_3363,12237.185681850904
00bbac68_3364,12237.206615996434
00bbac68_3365,12237.229594916364
00bbac68_3366,12237.252600752836
00bbac68_3367,12237.279169570023
00bbac68_3368,12237.305318139532
00bbac68_3369,12237.332215524912
00bbac68_3370,12237.356696330236
00bbac68_3371,12237.384321295074
00bbac68_3372,12237.412511697166
00bbac68_3373,12237.442535843504
00bbac68_3374,12237.466472385371
00bbac68_3375,12237.494201355736
00bbac68_3376,12237.519286598204
00bbac68_3377,12237.545573430334
00bbac68_3378,12237.569101257215
00bbac68_3379,12237.591888912308
00bbac68_3380,12237.614472800618
00bbac68_3381,12237.637068308471
00bbac68_3382,12237.65659449866
00bbac68_3383,12237.67786284851
00bbac68_3384,12237.697146023642
00bbac68_3385,12237.715173537705
00bbac68_3386,12237.736344689083
00bbac68_3387,12237.755523206875
00bbac68_3388,12237.778270791288
00bbac68_3389,12237.790748780975
00bbac68_3390,12237.815041089438
00bbac68_3391,12237.838741383122
00bbac68_3392,12237.863064478192
00bbac68_3393,12237.886520743226
00bbac68_3394,12237.911869872543
00bbac68_3395,12237.933988793233
00bbac68_3396,12237.95750155398
00bbac68_3397,12237.968297468244
00bbac68_3398,12237.989130388549
00bbac68_3399,12238.0073943649
00bbac68_3400,12238.025466346882
00bbac68_3401,12238.038614591118
00bbac68_3402,12238.053357380522
00bbac68_3403,12238.057696733867
00bbac68_3404,12238.073215940578
00bbac68_3405,12238.086781934217
00bbac68_3406,12238.099249979492
00bbac68_3407,12238.09918938548
00bbac68_3408,12238.108432890464
00bbac68_3409,12238.116362832445
00bbac68_3410,12238.116757013657
00bbac68_3411,12238.123493882866
00bbac68_3412,12238.133002434535
00bbac68_3413,12238.14190156076
00bbac68_3414,12238.145085473752
00bbac68_3415,12238.15748036985
00bbac68_3416,12238.163234325097
00bbac68_3417,12238.177485773958
00bbac68_3418,12238.195661584125
00bbac68_3419,12238.20605495343
00bbac68_3420,12238.22746591662
00bbac68_3421,12238.23850153994
00bbac68_3422,12238.259376723792
00bbac68_3423,12238.279395529456
00bbac68_3424,12238.292155929754
00bbac68_3425,12238.312595910718
00bbac68_3426,12238.325068584338
00bbac68_3427,12238.34429263197
00bbac68_3428,12238.35651103502
00bbac68_3429,12238.3761709107
00bbac68_3430,12238.388906347707
00bbac68_3431,12238.408122068504
00bbac68_3432,12238.419954956897
00bbac68_3433,12238.439687985734
00bbac68_3434,12238.451727501812
00bbac68_3435,12238.461328508363
00bbac68_3436,12238.479966949928
00bbac68_3437,12238.490234347968
00bbac68_3438,12238.507591476457
00bbac68_3439,12238.517514218176
00bbac68_3440,12238.525617373369
00bbac68_3441,12238.543643522542
00bbac68_3442,12238.55069777147
00bbac68_3443,12238.559114104744
00bbac68_3444,12238.57328392067
00bbac68_3445,12238.57932276952
00bbac68_3446,12238.583753659492
00bbac68_3447,12238.588942941393
00bbac68_3448,12238.60306750682
00bbac68_3449,12238.61049911124
00bbac68_3450,12238.61723854213
00bbac68_3451,12238.625532749333
00bbac68_3452,12238.641952611631
00bbac68_3453,12238.650010221849
00bbac68_3454,12238.65617688132
00bbac68_3455,12238.665102342193
00bbac68_3456,12238.67483623515
00bbac68_3457,12238.695542669013
00bbac68_3458,12238.705632894618
00bbac68_3459,12238.71520133971
00bbac68_3460,12238.723081949727
00bbac68_3461,12238.733944350945
00bbac68_3462,12238.74434358989
00bbac68_3463,12238.756692934116
00bbac68_3464,12238.76893231697
00bbac68_3465,12238.78441272438
00bbac68_3466,12238.808162112768
00bbac68_3467,12238.82324836892
00bbac68_3468,12238.836870502124
00bbac68_3469,12238.85085149707
00bbac68_3470,12238.86312983369
00bbac68_3471,12238.878161259592
00bbac68_3472,12238.892362224768
00bbac68_3473,12238.905625169831
00bbac68_3474,12238.9162571715
00bbac68_3475,12238.928141147457
00bbac68_3476,12238.93939380378
00bbac68_3477,12238.943588656895
00bbac68_3478,12238.955783833662
00bbac68_3479,12238.969958588335
00bbac68_3480,12238.9836361085
00bbac68_3481,12238.999386330202
00bbac68_3482,12239.01255481463
00bbac68_3483,12239.027226011727
00bbac68_3484,12239.035981411396
00bbac68_3485,12239.04271314084
00bbac68_3486,12239.040680958318
00bbac68_3487,12239.047580637422
00bbac68_3488,12239.054363126592
00bbac68_3489,12239.060887539616
00bbac68_3490,12239.065685377662
00bbac68_3491,12239.06114682123
00bbac68_3492,12239.06517872835
00bbac68_3493,12239.069703833087
00bbac68_3494,12239.077091414145
00bbac68_3495,12239.072235166934
00bbac68_3496,12239.077646196922
00bbac68_3497,12239.081825360052
00bbac68_3498,12239.07742626838
00bbac68_3499,12239.081512913972
00bbac68_3500,12239.086545495977
00bbac68_3501,12239.07993618368
00bbac68_3502,12239.083276907297
00bbac68_3503,12239.079987108084
00bbac68_3504,12239.085757509663
00bbac68_3505,12239.090940536262
00bbac68_3506,12239.085311746076
00bbac68_3507,12239.088483295902
00bbac68_3508,12239.08259371596
00bbac68_3509,12239.086584854804
00bbac68_3510,12239.082714763235
00bbac68_3511,12239.085846676058
00bbac68_3512,12239.080251646228
00bbac68_3513,12239.083280066898
00bbac68_3514,12239.077655146324
00bbac68_3515,12239.080038968845
00bbac68_3516,12239.074594247955
00bbac68_3517,12239.066174573283
00bbac68_3518,12239.071533940953
00bbac68_3519,12239.0644755175
00bbac68_3520,12239.057492189226
00bbac68_3521,12239.061111394974
00bbac68_3522,12239.057125001127
00bbac68_3523,12239.054289425614
00bbac68_3524,12239.060418524778
00bbac68_3525,12239.056133540302
00bbac68_3526,12239.0525117015
00bbac68_3527,12239.047497193176
00bbac68_3528,12239.05214899805
00bbac68_3529,12239.048391633898
00bbac68_3530,12239.044246364154
00bbac68_3531,12239.04116917781
00bbac68_3532,12239.045488408708
00bbac68_3533,12239.039014408989
00bbac68_3534,12239.033417800703
00bbac68_3535,12239.02565301799
00bbac68_3536,12239.022046031532
00bbac68_3537,12239.018643845064
00bbac68_3538,12239.015098360696
00bbac68_3539,12239.009258197935
00bbac68_3540,12239.001541038608
00bbac68_3541,12238.992313746696
00bbac68_3542,12238.993006851324
00bbac68_3543,12238.985577126316
00bbac68_3544,12238.97656439499
00bbac68_3545,12238.967052658874
00bbac68_3546,12238.947797655888
00bbac68_3547,12238.938447526638
00bbac68_3548,12238.929374358602
00bbac68_3549,12238.91989626463
00bbac68_3550,12238.912510774504
00bbac68_3551,12238.90675097251
00bbac68_3552,12238.902561694233
00bbac68_3553,12238.898653553331
00bbac68_3554,12238.895822310686
00bbac68_3555,12238.893340632714
00bbac68_3556,12238.883435548094
00bbac68_3557,12238.88048573921
00bbac68_3558,12238.877684442046
00bbac68_3559,12238.87447985476
00bbac68_3560,12238.870659681845
00bbac68_3561,12238.856897110923
00bbac68_3562,12238.851777903274
00bbac68_3563,12238.846247153846
00bbac68_3564,12238.839364316089
00bbac68_3565,12238.822615996236
00bbac68_3566,12238.816553026856
00bbac68_3567,12238.810536465113
00bbac68_3568,12238.798772256629
00bbac68_3569,12238.794665213678
00bbac68_3570,12238.788622554575
00bbac68_3571,12238.771420267574
00bbac68_3572,12238.762049271903
00bbac68_3573,12238.74219587228
00bbac68_3574,12238.730878071305
00bbac68_3575,12238.708527699628
00bbac68_3576,12238.694553149537
00bbac68_3577,12238.680263965573
00bbac68_3578,12238.6564763071
00bbac68_3579,12238.64187906684
00bbac68_3580,12238.620484416117
00bbac68_3581,12238.59911092544
00bbac68_3582,12238.58846306916
00bbac68_3583,12238.570721195912
00bbac68_3584,12238.564499788594
00bbac68_3585,12238.54881925338
00bbac68_3586,12238.541923809384
00bbac68_3587,12238.526404822274
00bbac68_3588,12238.511453098334
00bbac68_3589,12238.506839083664
00bbac68_3590,12238.492263188167
00bbac68_3591,12238.486968744872
00bbac68_3592,12238.472516416354
00bbac68_3593,12238.458976710615
00bbac68_3594,12238.453046881845
00bbac68_3595,12238.437586103768
00bbac68_3596,12238.425885088436
00bbac68_3597,12238.42359161352
00bbac68_3598,12238.412978817852
00bbac68_3599,12238.4091696277
00bbac68_3600,12238.396905182395
00bbac68_3601,12238.384905847188
00bbac68_3602,12238.384849273583
00bbac68_3603,12238.373803050938
00bbac68_3604,12238.363273197145
00bbac68_3605,12238.364749839438
00bbac68_3606,12238.355084335371
00bbac68_3607,12238.34619219315
00bbac68_3608,12238.346750423254
00bbac68_3609,12238.33876598339
00bbac68_3610,12238.338606724212
00bbac68_3611,12238.328523463264
00bbac68_3612,12238.319718984743
00bbac68_3613,12238.317758648072
00bbac68_3614,12238.306025658909
00bbac68_3615,12238.293696237706
00bbac68_3616,12238.292950249008
00bbac68_3617,12238.280507363306
00bbac68_3618,12238.268201897645
00bbac68_3619,12238.26641018823
00bbac68_3620,12238.254071079808
00bbac68_3621,12238.241968165206
00bbac68_3622,12238.238881888612
00bbac68_3623,12238.228866632096
00bbac68_3624,12238.216968625184
00bbac68_3625,12238.213736821428
00bbac68_3626,12238.20363326616
00bbac68_3627,12238.19120457461
00bbac68_3628,12238.188265143765
00bbac68_3629,12238.176229303015
00bbac68_3630,12238.166124955564
00bbac68_3631,12238.163013485506
00bbac68_3632,12238.15057979813
00bbac68_3633,12238.140497044811
00bbac68_3634,12238.137436157627
00bbac68_3635,12238.125333855616
00bbac68_3636,12238.113560922857
00bbac68_3637,12238.102888660556
00bbac68_3638,12238.09999224518
00bbac68_3639,12238.08823367853
00bbac68_3640,12238.077657465376
00bbac68_3641,12238.074808395442
00bbac68_3642,12238.062903434373
00bbac68_3643,12238.05247496676
00bbac68_3644,12238.049812273925
00bbac68_3645,12238.037803848209
00bbac68_3646,12238.026055413706
00bbac68_3647,12238.0251121538
00bbac68_3648,12238.01344105886
00bbac68_3649,12238.001956916878
00bbac68_3650,12237.99181931914
00bbac68_3651,12237.989139940046
00bbac68_3652,12237.977136870082
00bbac68_3653,12237.965217491486
00bbac68_3654,12237.964109150418
00bbac68_3655,12237.952074584482
00bbac68_3656,12237.939688579214
00bbac68_3657,12237.92935813514
00bbac68_3658,12237.926369350387
00bbac68_3659,12237.914039436177
00bbac68_3660,12237.901773998068
00bbac68_3661,12237.90085139358
00bbac68_3662,12237.888832428196
00bbac68_3663,12237.876747916276
00bbac68_3664,12237.86649923934
00bbac68_3665,12237.863946265716
00bbac68_3666,12237.851900949605
00bbac68_3667,12237.839288420031
00bbac68_3668,12237.829028913411
00bbac68_3669,12237.826316729444
00bbac68_3670,12237.813412580115
00bbac68_3671,12237.802329642502
00bbac68_3672,12237.789867275818
00bbac68_3673,12237.786259270832
00bbac68_3674,12237.773385645756
00bbac68_3675,12237.76294613524
00bbac68_3676,12237.760318229808
00bbac68_3677,12237.748500404496
00bbac68_3678,12237.738104519638
00bbac68_3679,12237.72517342493
00bbac68_3680,12237.722178009664
00bbac68_3681,12237.710707412907
00bbac68_3682,12237.70145675872
00bbac68_3683,12237.69077624882
00bbac68_3684,12237.680564616798
00bbac68_3685,12237.681023102186
00bbac68_3686,12237.670054715676
00bbac68_3687,12237.659755269297
00bbac68_3688,12237.64970100014
00bbac68_3689,12237.640532239264
00bbac68_3690,12237.629696963784
00bbac68_3691,12237.619030681006
00bbac68_3692,12237.618383642644
00bbac68_3693,12237.606402531716
00bbac68_3694,12237.59328292008
00bbac68_3695,12237.579517393524
00bbac68_3696,12237.568617359568
00bbac68_3697,12237.556087725476
00bbac68_3698,12237.543776679537
00bbac68_3699,12237.532096937364
00bbac68_3700,12237.520573469365
00bbac68_3701,12237.50909265678
00bbac68_3702,12237.496979907755
00bbac68_3703,12237.486918864775
00bbac68_3704,12237.4738127433
00bbac68_3705,12237.459412902072
00bbac68_3706,12237.4454748979
00bbac68_3707,12237.42214607378
00bbac68_3708,12237.407337172022
00bbac68_3709,12237.392498917114
00bbac68_3710,12237.377710283026
00bbac68_3711,12237.362790702571
00bbac68_3712,12237.34741370924
00bbac68_3713,12237.333551792452
00bbac68_3714,12237.307970344082
00bbac68_3715,12237.293767353509
00bbac68_3716,12237.281109344469
00bbac68_3717,12237.268099379628
00bbac68_3718,12237.244915341244
00bbac68_3719,12237.230697906509
00bbac68_3720,12237.216293289788
00bbac68_3721,12237.202260822838
00bbac68_3722,12237.177791973616
00bbac68_3723,12237.166001625805
00bbac68_3724,12237.154589978298
00bbac68_3725,12237.130205987189
00bbac68_3726,12237.116989823644
00bbac68_3727,12237.105574957795
00bbac68_3728,12237.083901983402
00bbac68_3729,12237.070642969144
00bbac68_3730,12237.04881461746
00bbac68_3731,12237.037513494775
00bbac68_3732,12237.024700511489
00bbac68_3733,12237.001464241654
00bbac68_3734,12236.990863244802
00bbac68_3735,12236.965049436229
00bbac68_3736,12236.947347289608
00bbac68_3737,12236.922382573648
00bbac68_3738,12236.904209466593
00bbac68_3739,12236.877835413015
00bbac68_3740,12236.85708853403
00bbac68_3741,12236.828734232424
00bbac68_3742,12236.811808928507
00bbac68_3743,12236.783211816222
00bbac68_3744,12236.757440865538
00bbac68_3745,12236.743356571198
00bbac68_3746,12236.718024513635
00bbac68_3747,12236.702140826012
00bbac68_3748,12236.682184944031
00bbac68_3749,12236.660169945244
00bbac68_3750,12236.645860001014
00bbac68_3751,12236.620085085831
00bbac68_3752,12236.59738320678
00bbac68_3753,12236.582036857486
00bbac68_3754,12236.556609878626
00bbac68_3755,12236.532676166176
00bbac68_3756,12236.505131079706
00bbac68_3757,12236.488758175192
00bbac68_3758,12236.463761573872
00bbac68_3759,12236.43912701484
00bbac68_3760,12236.414723382686
00bbac68_3761,12236.391670570518
00bbac68_3762,12236.37900701476
00bbac68_3763,12236.356001273962
00bbac68_3764,12236.326823225403
00bbac68_3765,12236.300709432717
00bbac68_3766,12236.284303968074
00bbac68_3767,12236.272486024502
00bbac68_3768,12236.26267415509
00bbac68_3769,12236.259511703449
00bbac68_3770,12236.265410717848
00bbac68_3771,12236.2627760362
00bbac68_3772,12236.25940433316
00bbac68_3773,12236.258929302365
00bbac68_3774,12236.255900772225
00bbac68_3775,12236.250425515294
00bbac68_3776,12236.243647721045
00bbac68_3777,12236.230308434597
00bbac68_3778,12236.213027200472
00bbac68_3779,12236.187849993796
00bbac68_3780,12236.157806496323
00bbac68_3781,12236.133253984008
00bbac68_3782,12236.112329433012
00bbac68_3783,12236.090096599746
00bbac68_3784,12236.06550403763
00bbac68_3785,12236.039203265622
00bbac68_3786,12236.021999516324
00bbac68_3787,12235.999587025508
00bbac68_3788,12235.976752009265
00bbac68_3789,12235.95714060369
00bbac68_3790,12235.93951419073
00bbac68_3791,12235.92046948502
00bbac68_3792,12235.911678185272
00bbac68_3793,12235.890494535366
00bbac68_3794,12235.871419897065
00bbac68_3795,12235.850931506751
00bbac68_3796,12235.837742741942
00bbac68_3797,12235.815967451075
00bbac68_3798,12235.793977782929
00bbac68_3799,12235.774776623915
00bbac68_3800,12235.76531981439
00bbac68_3801,12235.7452227272
00bbac68_3802,12235.729491993694
00bbac68_3803,12235.723949972677
00bbac68_3804,12235.710395310656
00bbac68_3805,12235.69480999284
00bbac68_3806,12235.689510690354
00bbac68_3807,12235.674280669034
00bbac68_3808,12235.666522205716
00bbac68_3809,12235.645475453235
00bbac68_3810,12235.625893380771
00bbac68_3811,12235.614068434254
00bbac68_3812,12235.590269164357
00bbac68_3813,12235.577356498889
00bbac68_3814,12235.55624632902
00bbac68_3815,12235.547710886824
00bbac68_3816,12235.527277160236
00bbac68_3817,12235.51523073347
00bbac68_3818,12235.496449595605
00bbac68_3819,12235.484234703645
00bbac68_3820,12235.464371858838
00bbac68_3821,12235.453904919985
00bbac68_3822,12235.43361174021
00bbac68_3823,12235.424860096306
00bbac68_3824,12235.403480590758
00bbac68_3825,12235.392432111126
00bbac68_3826,12235.382751816986
00bbac68_3827,12235.362885215092
00bbac68_3828,12235.350686745758
00bbac68_3829,12235.331544843128
00bbac68_3830,12235.31788528253
00bbac68_3831,12235.305736152566
00bbac68_3832,12235.285368330366
00bbac68_3833,12235.274274780406
00bbac68_3834,12235.263352321352
00bbac68_3835,12235.241536722087
00bbac68_3836,12235.2309362473
00bbac68_3837,12235.22035492793
00bbac68_3838,12235.21085332446
00bbac68_3839,12235.187866370652
00bbac68_3840,12235.176006549676
00bbac68_3841,12235.163405406442
00bbac68_3842,12235.15419526278
00bbac68_3843,12235.133615159442
00bbac68_3844,12235.120819442804
00bbac68_3845,12235.108477164516
00bbac68_3846,12235.095001241614
00bbac68_3847,12235.079258513642
00bbac68_3848,12235.068276460031
00bbac68_3849,12235.045018190503
00bbac68_3850,12235.032395865135
00bbac68_3851,12235.018662035762
00bbac68_3852,12235.005203185126
00bbac68_3853,12234.992126412752
00bbac68_3854,12234.97870435717
00bbac68_3855,12234.963980822473
00bbac68_3856,12234.953161789692
00bbac68_3857,12234.942615390391
00bbac68_3858,12234.93303301359
00bbac68_3859,12234.925124574733
00bbac68_3860,12234.916265101028
00bbac68_3861,12234.910001505008
00bbac68_3862,12234.903847763771
00bbac68_3863,12234.89685527784
00bbac68_3864,12234.892962402671
00bbac68_3865,12234.88822595675
00bbac68_3866,12234.881287885446
00bbac68_3867,12234.874735766063
00bbac68_3868,12234.868885515934
00bbac68_3869,12234.860715022944
00bbac68_3870,12234.85335500223
00bbac68_3871,12234.844391206572
00bbac68_3872,12234.837102353891
00bbac68_3873,12234.829096583591
00bbac68_3874,12234.819291628795
00bbac68_3875,12234.81057528348
00bbac68_3876,12234.80100268229
00bbac68_3877,12234.788523527375
00bbac68_3878,12234.786053624986
00bbac68_3879,12234.773148138967
00bbac68_3880,12234.765112058843
00bbac68_3881,12234.750950573698
00bbac68_3882,12234.734500719092
00bbac68_3883,12234.717080485723
00bbac68_3884,12234.69689248917
00bbac68_3885,12234.676761796956
00bbac68_3886,12234.653682034908
00bbac68_3887,12234.629962834417
00bbac68_3888,12234.60612120542
00bbac68_3889,12234.576950747103
00bbac68_3890,12234.557987281723
00bbac68_3891,12234.543652756622
00bbac68_3892,12234.531992358348
00bbac68_3893,12234.519201323568
00bbac68_3894,12234.510224579146
00bbac68_3895,12234.504491001397
00bbac68_3896,12234.502494107504
00bbac68_3897,12234.493663648624
00bbac68_3898,12234.488946943213
00bbac68_3899,12234.481227331691
00bbac68_3900,12234.47182934177
00bbac68_3901,12234.455919700044
00bbac68_3902,12234.43029746208
00bbac68_3903,12234.408173105056
00bbac68_3904,12234.387566544505
00bbac68_3905,12234.364603135846
00bbac68_3906,12234.341540967647
00bbac68_3907,12234.31742059654
00bbac68_3908,12234.294010136406
00bbac68_3909,12234.259265756313
00bbac68_3910,12234.237371135505
00bbac68_3911,12234.216222908068
00bbac68_3912,12234.199129024695
00bbac68_3913,12234.181824330526
00bbac68_3914,12234.160687583775
00bbac68_3915,12234.147555904488
00bbac68_3916,12234.1368532091
00bbac68_3917,12234.12504914616
00bbac68_3918,12234.11687740103
00bbac68_3919,12234.095303565076
00bbac68_3920,12234.08549137852
00bbac68_3921,12234.07364505191
00bbac68_3922,12234.061959261291
00bbac68_3923,12234.0421270791
00bbac68_3924,12234.031905233467
00bbac68_3925,12234.018373580322
00bbac68_3926,12234.007772058923
00bbac68_3927,12233.985829264951
00bbac68_3928,12233.974306651104
00bbac68_3929,12233.960964288057
00bbac68_3930,12233.939544533388
00bbac68_3931,12233.924414079522
00bbac68_3932,12233.91363339067
00bbac68_3933,12233.891123095496
00bbac68_3934,12233.87446029012
00bbac68_3935,12233.860087154984
00bbac68_3936,12233.839618571656
00bbac68_3937,12233.823034675828
00bbac68_3938,12233.806303543324
00bbac68_3939,12233.777586009166
00bbac68_3940,12233.759269074975
00bbac68_3941,12233.739321862247
00bbac68_3942,12233.714681230034
00bbac68_3943,12233.695873052411
00bbac68_3944,12233.668611478914
00bbac68_3945,12233.650409319916
00bbac68_3946,12233.63240683521
00bbac68_3947,12233.605901672649
00bbac68_3948,12233.58997292806
00bbac68_3949,12233.56656164188
00bbac68_3950,12233.549179674112
00bbac68_3951,12233.531735479886
00bbac68_3952,12233.522511305764
00bbac68_3953,12233.513164050437
00bbac68_3954,12233.49115041823
00bbac68_3955,12233.480611108176
00bbac68_3956,12233.458784909715
00bbac68_3957,12233.448020059026
00bbac68_3958,12233.426552887517
00bbac68_3959,12233.413972169395
00bbac68_3960,12233.389785779458
00bbac68_3961,12233.375518268384
00bbac68_3962,12233.349482301152
00bbac68_3963,12233.337478401709
00bbac68_3964,12233.314014197033
00bbac68_3965,12233.300892076011
00bbac68_3966,12233.277382112175
00bbac68_3967,12233.265988907986
00bbac68_3968,12233.245564306886
00bbac68_3969,12233.233747712326
00bbac68_3970,12233.20994051245
00bbac68_3971,12233.19576000366
00bbac68_3972,12233.171658698266
00bbac68_3973,12233.1581644383
00bbac68_3974,12233.134526549988
00bbac68_3975,12233.12105065592
00bbac68_3976,12233.09628539988
00bbac68_3977,12233.083545756175
00bbac68_3978,12233.06036540918
00bbac68_3979,12233.049384910952
00bbac68_3980,12233.028013610532
00bbac68_3981,12233.01861783742
00bbac68_3982,12232.99820544851
00bbac68_3983,12232.990301625365
00bbac68_3984,12232.979802949896
00bbac68_3985,12232.960434684492
00bbac68_3986,12232.94487030683
00bbac68_3987,12232.924458288908
00bbac68_3988,12232.909906595352
00bbac68_3989,12232.88659453442
00bbac68_3990,12232.86904378907
00bbac68_3991,12232.842824265135
00bbac68_3992,12232.828503325583
00bbac68_3993,12232.811201078775
00bbac68_3994,12232.789839852938
00bbac68_3995,12232.774570104331
00bbac68_3996,12232.755497890355
00bbac68_3997,12232.743595061456
00bbac68_3998,12232.724579569474
00bbac68_3999,12232.716262368707
00bbac68_4000,12232.705840936502
00bbac68_4001,12232.68507478522
00bbac68_4002,12232.672282944406
00bbac68_4003,12232.651889346123
00bbac68_4004,12232.637581160316
00bbac68_4005,12232.624670217108
00bbac68_4006,12232.595580864174
00bbac68_4007,12232.580210347163
00bbac68_4008,12232.562476919227
00bbac68_4009,12232.536912708943
00bbac68_4010,12232.524755329872
00bbac68_4011,12232.500887053551
00bbac68_4012,12232.488433552482
00bbac68_4013,12232.474331003204
00bbac68_4014,12232.452126877888
00bbac68_4015,12232.43725283071
00bbac68_4016,12232.42467691111
00bbac68_4017,12232.402004104566
00bbac68_4018,12232.39121079244
00bbac68_4019,12232.379277893951
00bbac68_4020,12232.35986151902
00bbac68_4021,12232.346494283069
00bbac68_4022,12232.332381704591
00bbac68_4023,12232.313186582183
00bbac68_4024,12232.301060187365
00bbac68_4025,12232.293044986596
00bbac68_4026,12232.275379805706
00bbac68_4027,12232.266171156043
00bbac68_4028,12232.25255527227
00bbac68_4029,12232.232952251528
00bbac68_4030,12232.21877263421
00bbac68_4031,12232.204380318834
00bbac68_4032,12232.182738316846
00bbac68_4033,12232.171321370128
00bbac68_4034,12232.160524333896
00bbac68_4035,12232.147445393111
00bbac68_4036,12232.125553683554
00bbac68_4037,12232.110175365173
00bbac68_4038,12232.096852093606
00bbac68_4039,12232.072440811296
00bbac68_4040,12232.060041879146
00bbac68_4041,12232.046605894477
00bbac68_4042,12232.034137740264
00bbac68_4043,12232.008756093806
00bbac68_4044,12231.994294756254
00bbac68_4045,12231.981822571544
00bbac68_4046,12231.967836481592
00bbac68_4047,12231.947270754945
00bbac68_4048,12231.937710410992
00bbac68_4049,12231.929350837716
00bbac68_4050,12231.918184212504
00bbac68_4051,12231.897390441649
00bbac68_4052,12231.887146340385
00bbac68_4053,12231.877637417
00bbac68_4054,12231.867148845098
00bbac68_4055,12231.850065585935
00bbac68_4056,12231.841864783646
00bbac68_4057,12231.831216030803
00bbac68_4058,12231.822396530792
00bbac68_4059,12231.7991339429
00bbac68_4060,12231.787059535189
00bbac68_4061,12231.77298394314
00bbac68_4062,12231.762899758623
00bbac68_4063,12231.751048769
00bbac68_4064,12231.739665007435
00bbac68_4065,12231.72481471559
00bbac68_4066,12231.711677268744
00bbac68_4067,12231.700725531062
00bbac68_4068,12231.689651394863
00bbac68_4069,12231.670113489665
00bbac68_4070,12231.660338102123
00bbac68_4071,12231.651332246996
00bbac68_4072,12231.64962490452
00bbac68_4073,12231.640490611871
00bbac68_4074,12231.627442584084
00bbac68_4075,12231.614560367234
00bbac68_4076,12231.599704839282
00bbac68_4077,12231.586498417197
00bbac68_4078,12231.573379814876
00bbac68_4079,12231.555844268436
00bbac68_4080,12231.54004207198
00bbac68_4081,12231.533623599464
00bbac68_4082,12231.521300064189
00bbac68_4083,12231.507925865117
00bbac68_4084,12231.496575177422
00bbac68_4085,12231.493878281415
00bbac68_4086,12231.48619219417
00bbac68_4087,12231.476076607036
00bbac68_4088,12231.477032440212
00bbac68_4089,12231.466531907285
00bbac68_4090,12231.457381976532
00bbac68_4091,12231.455124307691
00bbac68_4092,12231.443134769856
00bbac68_4093,12231.4323385487
00bbac68_4094,12231.42766628801
00bbac68_4095,12231.413732819665
00bbac68_4096,12231.410520629202
00bbac68_4097,12231.397804792576
00bbac68_4098,12231.395642271797
00bbac68_4099,12231.382698611733
00bbac68_4100,12231.379426812731
00bbac68_4101,12231.366452510783
00bbac68_4102,12231.363571816832
00bbac68_4103,12231.35088184305
00bbac68_4104,12231.347622082249
00bbac68_4105,12231.3436555487
00bbac68_4106,12231.330483280315
00bbac68_4107,12231.326799881072
00bbac68_4108,12231.32363065942
00bbac68_4109,12231.310663890305
00bbac68_4110,12231.305051590893
00bbac68_4111,12231.30088424686
00bbac68_4112,12231.287185142595
00bbac68_4113,12231.282189564754
00bbac68_4114,12231.276919834432
00bbac68_4115,12231.271554673804
00bbac68_4116,12231.265641031598
00bbac68_4117,12231.249395835148
00bbac68_4118,12231.242379098298
00bbac68_4119,12231.234727298062
00bbac68_4120,12231.227207983597
00bbac68_4121,12231.21943217074
00bbac68_4122,12231.211835052509
00bbac68_4123,12231.2044714381
00bbac68_4124,12231.197387519343
00bbac68_4125,12231.190950408907
00bbac68_4126,12231.185422970682
00bbac68_4127,12231.180320218156
00bbac68_4128,12231.175590171086
00bbac68_4129,12231.17117185812
00bbac68_4130,12231.165223573576
00bbac68_4131,12231.160604050528
00bbac68_4132,12231.155896768763
00bbac68_4133,12231.150425022552
00bbac68_4134,12231.14516075818
00bbac68_4135,12231.1499302358
00bbac68_4136,12231.145318404431
00bbac68_4137,12231.140216789288
00bbac68_4138,12231.134761352172
00bbac68_4139,12231.129708762086
00bbac68_4140,12231.134333788495
00bbac68_4141,12231.130204874991
00bbac68_4142,12231.1262983601
00bbac68_4143,12231.122457170572
00bbac68_4144,12231.12755426048
00bbac68_4145,12231.12344973756
00bbac68_4146,12231.11952726742
00bbac68_4147,12231.124176808016
00bbac68_4148,12231.119375290533
00bbac68_4149,12231.123739649584
00bbac68_4150,12231.118205155331
00bbac68_4151,12231.123108220245
00bbac68_4152,12231.118408564836
00bbac68_4153,12231.113604648008
00bbac68_4154,12231.117762777212
00bbac68_4155,12231.113419245128
00bbac68_4156,12231.118140829618
00bbac68_4157,12231.11389826959
00bbac68_4158,12231.119030283136
00bbac68_4159,12231.123528228884
00bbac68_4160,12231.12030551678
00bbac68_4161,12231.125567592491
00bbac68_4162,12231.120607698864
00bbac68_4163,12231.123925108928
00bbac68_4164,12231.1173154307
00bbac68_4165,12231.120073196133
00bbac68_4166,12231.121804546858
00bbac68_4167,12231.113364451026
00bbac68_4168,12231.115298468776
00bbac68_4169,12231.109881421417
00bbac68_4170,12231.111284827768
00bbac68_4171,12231.113808217977
00bbac68_4172,12231.107577557535
00bbac68_4173,12231.110169767126
00bbac68_4174,12231.11423516462
00bbac68_4175,12231.109194359804
00bbac68_4176,12231.114887572629
00bbac68_4177,12231.119026806904
00bbac68_4178,12231.12294853924
00bbac68_4179,12231.116168337036
00bbac68_4180,12231.118543445256
00bbac68_4181,12231.120830658305
00bbac68_4182,12231.115182764785
00bbac68_4183,12231.11892648026
00bbac68_4184,12231.12669788683
00bbac68_4185,12231.138065618152
00bbac68_4186,12231.150344606558
00bbac68_4187,12231.153357723995
00bbac68_4188,12231.166931771057
00bbac68_4189,12231.180793471787
00bbac68_4190,12231.197153947442
00bbac68_4191,12231.211465581344
00bbac68_4192,12231.227887392724
00bbac68_4193,12231.242729884989
00bbac68_4194,12231.24634227594
00bbac68_4195,12231.255826816605
00bbac68_4196,12231.262350713634
00bbac68_4197,12231.265910188991
00bbac68_4198,12231.271764969224
00bbac68_4199,12231.276397324167
00bbac68_4200,12231.282922806617
00bbac68_4201,12231.288842528718
00bbac68_4202,12231.294837568465
00bbac68_4203,12231.298803758324
00bbac68_4204,12231.30254190792
00bbac68_4205,12231.30777778041
00bbac68_4206,12231.317404589072
00bbac68_4207,12231.324031966757
00bbac68_4208,12231.329671144053
00bbac68_4209,12231.330498400212
00bbac68_4210,12231.329578295832
00bbac68_4211,12231.323840537192
00bbac68_4212,12231.318572356002
00bbac68_4213,12231.313258123668
00bbac68_4214,12231.310053354431
00bbac68_4215,12231.305583323994
00bbac68_4216,12231.300667869484
00bbac68_4217,12231.296176614229
00bbac68_4218,12231.294408663862
00bbac68_4219,12231.302180200904
00bbac68_4220,12231.30397043962
00bbac68_4221,12231.308863760722
00bbac68_4222,12231.31467192169
00bbac68_4223,12231.317725768931
00bbac68_4224,12231.32149033976
00bbac68_4225,12231.325134097067
00bbac68_4226,12231.339478397778
00bbac68_4227,12231.343919562603
00bbac68_4228,12231.3490120973
00bbac68_4229,12231.353563917864
00bbac68_4230,12231.367581098908
00bbac68_4231,12231.370199096706
00bbac68_4232,12231.373288706003
00bbac68_4233,12231.37829887119
00bbac68_4234,12231.392490994522
00bbac68_4235,12231.395940206592
00bbac68_4236,12231.401530683706
00bbac68_4237,12231.406846272295
00bbac68_4238,12231.42112418656
00bbac68_4239,12231.425406338942
00bbac68_4240,12231.4315682823
00bbac68_4241,12231.450477880117
00bbac68_4242,12231.460971920564
00bbac68_4243,12231.47306699916
00bbac68_4244,12231.495138568838
00bbac68_4245,12231.507784739848
00bbac68_4246,12231.529914451236
00bbac68_4247,12231.540767991744
00bbac68_4248,12231.548188326842
00bbac68_4249,12231.566761570994
00bbac68_4250,12231.574046232916
00bbac68_4251,12231.581196910902
00bbac68_4252,12231.59692399856
00bbac68_4253,12231.604148584309
00bbac68_4254,12231.609661876766
00bbac68_4255,12231.613395161534
00bbac68_4256,12231.620124354786
00bbac68_4257,12231.638690651009
00bbac68_4258,12231.647063436652
00bbac68_4259,12231.654120104771
00bbac68_4260,12231.66035365934
00bbac68_4261,12231.666332229448
00bbac68_4262,12231.671736781193
00bbac68_4263,12231.67507180934
00bbac68_4264,12231.677352318917
00bbac68_4265,12231.681954303422
00bbac68_4266,12231.686646354829
00bbac68_4267,12231.692151858511
00bbac68_4268,12231.697674175211
00bbac68_4269,12231.703003322307
00bbac68_4270,12231.708117204307
00bbac68_4271,12231.711804424283
00bbac68_4272,12231.71172144439
00bbac68_4273,12231.704279714078
00bbac68_4274,12231.704582175536
00bbac68_4275,12231.70470458626
00bbac68_4276,12231.705489526168
00bbac68_4277,12231.7079859884
00bbac68_4278,12231.702667298268
00bbac68_4279,12231.70828576168
00bbac68_4280,12231.714510837135
00bbac68_4281,12231.713141863893
00bbac68_4282,12231.722438819492
00bbac68_4283,12231.733212570183
00bbac68_4284,12231.73401399458
00bbac68_4285,12231.743561213028
00bbac68_4286,12231.742498686855
00bbac68_4287,12231.748185784632
00bbac68_4288,12231.744271873333
00bbac68_4289,12231.751092924167
00bbac68_4290,12231.748313387248
00bbac68_4291,12231.75492317478
00bbac68_4292,12231.750968750972
00bbac68_4293,12231.749891103342
00bbac68_4294,12231.758543590073
00bbac68_4295,12231.758456941732
00bbac68_4296,12231.766984159252
00bbac68_4297,12231.767963157185
00bbac68_4298,12231.765859694196
00bbac68_4299,12231.76354571007
00bbac68_4300,12231.768303388912
00bbac68_4301,12231.764852984876
00bbac68_4302,12231.76060372713
00bbac68_4303,12231.757775225537
00bbac68_4304,12231.75448925084
00bbac68_4305,12231.758675928264
00bbac68_4306,12231.752494341044
00bbac68_4307,12231.745731868235
00bbac68_4308,12231.73838666578
00bbac68_4309,12231.729753227804
00bbac68_4310,12231.721273350844
00bbac68_4311,12231.713702381048
00bbac68_4312,12231.70635425939
00bbac68_4313,12231.696740995803
00bbac68_4314,12231.686525823192
00bbac68_4315,12231.679651262177
00bbac68_4316,12231.675322841898
00bbac68_4317,12231.674384035923
00bbac68_4318,12231.674674498496
00bbac68_4319,12231.669531513511
00bbac68_4320,12231.670315501568
00bbac68_4321,12231.671149652402
00bbac68_4322,12231.672100392014
00bbac68_4323,12231.672772095382
00bbac68_4324,12231.66350185778
00bbac68_4325,12231.66105343261
00bbac68_4326,12231.6585047669
00bbac68_4327,12231.64809337232
00bbac68_4328,12231.64499769432
00bbac68_4329,12231.639196365588
00bbac68_4330,12231.6219946512
00bbac68_4331,12231.615131538196
00bbac68_4332,12231.600115279389
00bbac68_4333,12231.594795549829
00bbac68_4334,12231.590754297458
00bbac68_4335,12231.577846851707
00bbac68_4336,12231.571670113724
00bbac68_4337,12231.55739305014
00bbac68_4338,12231.543638686122
00bbac68_4339,12231.539005727083
00bbac68_4340,12231.524122634108
00bbac68_4341,12231.517543727889
00bbac68_4342,12231.503772804248
00bbac68_4343,12231.49029002832
00bbac68_4344,12231.483036576115
00bbac68_4345,12231.464965983125
00bbac68_4346,12231.455816358137
00bbac68_4347,12231.438455806194
00bbac68_4348,12231.429852523475
00bbac68_4349,12231.414945821414
00bbac68_4350,12231.408436315904
00bbac68_4351,12231.402510308611
00bbac68_4352,12231.38581968352
00bbac68_4353,12231.379789797502
00bbac68_4354,12231.364696490084
00bbac68_4355,12231.361293871
00bbac68_4356,12231.357998599462
00bbac68_4357,12231.34538482246
00bbac68_4358,12231.341360861046
00bbac68_4359,12231.336020764937
00bbac68_4360,12231.330724207184
00bbac68_4361,12231.318062880391
00bbac68_4362,12231.31364628268
00bbac68_4363,12231.30739962992
00bbac68_4364,12231.301513894516
00bbac68_4365,12231.299260448488
00bbac68_4366,12231.285690485243
00bbac68_4367,12231.279376609533
00bbac68_4368,12231.27173116294
00bbac68_4369,12231.26389871266
00bbac68_4370,12231.256876744035
00bbac68_4371,12231.252068288377
00bbac68_4372,12231.24553068855
00bbac68_4373,12231.237034960724
00bbac68_4374,12231.229682932766
00bbac68_4375,12231.223271703147
00bbac68_4376,12231.218978433448
00bbac68_4377,12231.218918625553
00bbac68_4378,12231.216176533497
00bbac68_4379,12231.214039228187
00bbac68_4380,12231.213630795606
00bbac68_4381,12231.213147465394
00bbac68_4382,12231.21069986365
00bbac68_4383,12231.216646613437
00bbac68_4384,12231.213867269844
00bbac68_4385,12231.208964636007
00bbac68_4386,12231.203293984045
00bbac68_4387,12231.196503036008
00bbac68_4388,12231.198199454717
00bbac68_4389,12231.188829294812
00bbac68_4390,12231.180734338885
00bbac68_4391,12231.171347110154
00bbac68_4392,12231.17289827349
00bbac68_4393,12231.16482329407
00bbac68_4394,12231.156419110772
00bbac68_4395,12231.157927212684
00bbac68_4396,12231.151280422617
00bbac68_4397,12231.153722549789
00bbac68_4398,12231.14847937916
00bbac68_4399,12231.144891224216
00bbac68_4400,12231.148363198045
00bbac68_4401,12231.143379800007
00bbac68_4402,12231.148983888928
00bbac68_4403,12231.145639856742
00bbac68_4404,12231.151647167246
00bbac68_4405,12231.147548424138
00bbac68_4406,12231.152594444013
00bbac68_4407,12231.158942330312
00bbac68_4408,12231.153539830677
00bbac68_4409,12231.157704062784
00bbac68_4410,12231.152432252824
00bbac68_4411,12231.156789675597
00bbac68_4412,12231.160566859542
00bbac68_4413,12231.163950374765
00bbac68_4414,12231.160124297005
00bbac68_4415,12231.163087842791
00bbac68_4416,12231.166093404245
00bbac68_4417,12231.16089652689
00bbac68_4418,12231.164799458613
00bbac68_4419,12231.16805725702
00bbac68_4420,12231.170949348212
00bbac68_4421,12231.174259427262
00bbac68_4422,12231.178260599538
00bbac68_4423,12231.172996405418
00bbac68_4424,12231.17662757516
00bbac68_4425,12231.183237674482
00bbac68_4426,12231.192547820425
00bbac68_4427,12231.202675725415
00bbac68_4428,12231.213624906348
00bbac68_4429,12231.22731603058
00bbac68_4430,12231.237003425447
00bbac68_4431,12231.245050205756
00bbac68_4432,12231.25199656602
00bbac68_4433,12231.257114569677
00bbac68_4434,12231.260544361172
00bbac68_4435,12231.26280810368
00bbac68_4436,12231.264066167909
00bbac68_4437,12231.266101233416
00bbac68_4438,12231.265519783115
00bbac68_4439,12231.266781166234
00bbac68_4440,12231.268046234476
00bbac68_4441,12231.272433917293
00bbac68_4442,12231.276320310168
00bbac68_4443,12231.281461215163
00bbac68_4444,12231.289738798385
00bbac68_4445,12231.296694369275
00bbac68_4446,12231.292801382033
00bbac68_4447,12231.29878671831
00bbac68_4448,12231.305854708076
00bbac68_4449,12231.312512270946
00bbac68_4450,12231.310474522194
00bbac68_4451,12231.31780184396
00bbac68_4452,12231.317839502895
00bbac68_4453,12231.324884943806
00bbac68_4454,12231.331763957653
00bbac68_4455,12231.32882757486
00bbac68_4456,12231.33372640488
00bbac68_4457,12231.328445765064
00bbac68_4458,12231.331723458208
00bbac68_4459,12231.328680689792
00bbac68_4460,12231.332951040937
00bbac68_4461,12231.328373740756
00bbac68_4462,12231.32362401194
00bbac68_4463,12231.328235060711
00bbac68_4464,12231.324414605962
00bbac68_4465,12231.32033784495
00bbac68_4466,12231.325759908945
00bbac68_4467,12231.324023372825
00bbac68_4468,12231.32056828198
00bbac68_4469,12231.31678502637
00bbac68_4470,12231.313657404511
00bbac68_4471,12231.310184253536
00bbac68_4472,12231.315838186048
00bbac68_4473,12231.31233458718
00bbac68_4474,12231.310092575346
00bbac68_4475,12231.30570270634
00bbac68_4476,12231.3013275672
00bbac68_4477,12231.297199198923
00bbac68_4478,12231.29285644809
00bbac68_4479,12231.28917149955
00bbac68_4480,12231.276115858513
00bbac68_4481,12231.27121317046
00bbac68_4482,12231.267210304051
00bbac68_4483,12231.260826824891
00bbac68_4484,12231.254416019232
00bbac68_4485,12231.24848269564
00bbac68_4486,12231.234027119004
00bbac68_4487,12231.228451202736
00bbac68_4488,12231.222695174962
00bbac68_4489,12231.209564245704
00bbac68_4490,12231.203355455376
00bbac68_4491,12231.1976094839
00bbac68_4492,12231.182996053858
00bbac68_4493,12231.178334567156
00bbac68_4494,12231.164846939417
00bbac68_4495,12231.16056518534
00bbac68_4496,12231.145513642055
00bbac68_4497,12231.137532074146
00bbac68_4498,12231.119473872304
00bbac68_4499,12231.111685545791
00bbac68_4500,12231.09669439153
00bbac68_4501,12231.083646110228
00bbac68_4502,12231.08037696822
00bbac68_4503,12231.068497384276
00bbac68_4504,12231.05840853475
00bbac68_4505,12231.056264639165
00bbac68_4506,12231.04441731691
00bbac68_4507,12231.03262867968
00bbac68_4508,12231.02096488693
00bbac68_4509,12231.009261956624
00bbac68_4510,12230.996141845875
00bbac68_4511,12230.992240514206
00bbac68_4512,12230.978647426818
00bbac68_4513,12230.960436934954
00bbac68_4514,12230.94385549931
00bbac68_4515,12230.926279967804
00bbac68_4516,12230.907337804398
00bbac68_4517,12230.889312994108
00bbac68_4518,12230.870634905305
00bbac68_4519,12230.84277289233
00bbac68_4520,12230.824702730572
00bbac68_4521,12230.805904672936
00bbac68_4522,12230.787503814963
00bbac68_4523,12230.768684019768
00bbac68_4524,12230.742913489472
00bbac68_4525,12230.726209127415
00bbac68_4526,12230.711529514074
00bbac68_4527,12230.700241911283
00bbac68_4528,12230.675865205389
00bbac68_4529,12230.661141048802
00bbac68_4530,12230.645667439365
00bbac68_4531,12230.619490428113
00bbac68_4532,12230.60349576395
00bbac68_4533,12230.578912518422
00bbac68_4534,12230.561702559831
00bbac68_4535,12230.546736523402
00bbac68_4536,12230.52029583179
00bbac68_4537,12230.50309603587
00bbac68_4538,12230.486139381655
00bbac68_4539,12230.459336362215
00bbac68_4540,12230.442887129404
00bbac68_4541,12230.424987449693
00bbac68_4542,12230.4004148944
00bbac68_4543,12230.38574489314
00bbac68_4544,12230.367235923475
00bbac68_4545,12230.34291715246
00bbac68_4546,12230.327811488052
00bbac68_4547,12230.312982989111
00bbac68_4548,12230.299321492936
00bbac68_4549,12230.276173554335
00bbac68_4550,12230.264300088871
00bbac68_4551,12230.251594475178
00bbac68_4552,12230.228947000393
00bbac68_4553,12230.214085837206
00bbac68_4554,12230.200587350537
00bbac68_4555,12230.185350407795
00bbac68_4556,12228.541776951306
00bbac68_4557,12228.52741512564
00bbac68_4558,12228.515378907434
00bbac68_4559,12228.502570773851
00bbac68_4560,12228.489693503
00bbac68_4561,12228.470024421596
00bbac68_4562,12228.460038889163
00bbac68_4563,12228.44731838239
00bbac68_4564,12228.43536925906
00bbac68_4565,12228.414760490296
00bbac68_4566,12228.402654447851
00bbac68_4567,12228.38973819258
00bbac68_4568,12228.375719555184
00bbac68_4569,12228.360716301238
00bbac68_4570,12228.347454796543
00bbac68_4571,12228.32329086434
00bbac68_4572,12228.308383834908
00bbac68_4573,12228.294062904217
00bbac68_4574,12228.280526612813
00bbac68_4575,12228.2671268168
00bbac68_4576,12228.253590461572
00bbac68_4577,12228.229713609777
00bbac68_4578,12228.214101530397
00bbac68_4579,12228.2015717821
00bbac68_4580,12228.18862769589
00bbac68_4581,12228.17572409136
00bbac68_4582,12228.162606357975
00bbac68_4583,12228.149198942583
00bbac68_4584,12228.13606535772
00bbac68_4585,12228.123165246185
00bbac68_4586,12228.102886985802
00bbac68_4587,12228.08753255325
00bbac68_4588,12228.069407652592
00bbac68_4589,12228.057110735026
00bbac68_4590,12228.046008857878
00bbac68_4591,12228.038466642724
00bbac68_4592,12228.03241227546
00bbac68_4593,12228.02683861622
00bbac68_4594,12228.020275516912
00bbac68_4595,12228.014328421035
00bbac68_4596,12228.008333082067
00bbac68_4597,12227.998740367051
00bbac68_4598,12227.987119864982
00bbac68_4599,12227.974473145456
00bbac68_4600,12227.959698186176
00bbac68_4601,12227.941187923749
00bbac68_4602,12227.919671047655
00bbac68_4603,12227.892805294516
00bbac68_4604,12227.866729013114
00bbac68_4605,12227.847374814268
00bbac68_4606,12227.82752023671
00bbac68_4607,12227.810497289644
00bbac68_4608,12227.793883809449
00bbac68_4609,12227.775158906028
00bbac68_4610,12227.756350321722
00bbac68_4611,12227.738474429916
00bbac68_4612,12227.722234076118
00bbac68_4613,12227.709007639747
00bbac68_4614,12227.695527664351
00bbac68_4615,12227.683447715515
00bbac68_4616,12227.672277204314
00bbac68_4617,12227.662066778452
00bbac68_4618,12227.652027610942
00bbac68_4619,12227.64192828803
00bbac68_4620,12227.63100849937
00bbac68_4621,12227.621722372069
00bbac68_4622,12227.611839602116
00bbac68_4623,12227.601664679243
00bbac68_4624,12227.590550732604
00bbac68_4625,12227.58946883776
00bbac68_4626,12227.580578439378
00bbac68_4627,12227.57156610637
00bbac68_4628,12227.562362852985
00bbac68_4629,12227.551125943864
00bbac68_4630,12227.540281398777
00bbac68_4631,12227.526904591716
00bbac68_4632,12227.513709866653
00bbac68_4633,12227.50893784582
00bbac68_4634,12227.492964437472
00bbac68_4635,12227.47617492191
00bbac68_4636,12227.459039173558
00bbac68_4637,12227.44371137182
00bbac68_4638,12227.428200953698
00bbac68_4639,12227.421939327196
00bbac68_4640,12227.408004856818
00bbac68_4641,12227.39494223268
00bbac68_4642,12227.38075487185
00bbac68_4643,12227.365877620516
00bbac68_4644,12227.359393510256
00bbac68_4645,12227.342362561374
00bbac68_4646,12227.327153167564
00bbac68_4647,12227.30872558055
00bbac68_4648,12227.29875173293
00bbac68_4649,12227.27923368964
00bbac68_4650,12227.260416948842
00bbac68_4651,12227.242873511794
00bbac68_4652,12227.235867375028
00bbac68_4653,12227.220730793852
00bbac68_4654,12227.205879820209
00bbac68_4655,12227.19996299591
00bbac68_4656,12227.185873647935
00bbac68_4657,12227.17129562054
00bbac68_4658,12227.166824082044
00bbac68_4659,12227.15369954968
00bbac68_4660,12227.141044083366
00bbac68_4661,12227.138132533484
00bbac68_4662,12227.125696847328
00bbac68_4663,12227.114513164202
00bbac68_4664,12227.110196853371
00bbac68_4665,12227.096422171808
00bbac68_4666,12227.082971845177
00bbac68_4667,12227.07860900896
00bbac68_4668,12227.06526503998
00bbac68_4669,12227.052094520564
00bbac68_4670,12227.047578208949
00bbac68_4671,12227.034591453878
00bbac68_4672,12227.030519606024
00bbac68_4673,12227.017291819808
00bbac68_4674,12227.003969736346
00bbac68_4675,12226.99968658445
00bbac68_4676,12226.98603451374
00bbac68_4677,12226.982226964115
00bbac68_4678,12226.968670342902
00bbac68_4679,12226.965307071929
00bbac68_4680,12226.953256821354
00bbac68_4681,12226.948726843524
00bbac68_4682,12226.935195600754
00bbac68_4683,12226.93125848657
00bbac68_4684,12226.918145254273
00bbac68_4685,12226.91483599932
00bbac68_4686,12226.90253536037
00bbac68_4687,12226.90023846212
00bbac68_4688,12226.887934838283
00bbac68_4689,12226.885337483596
00bbac68_4690,12226.87296934197
00bbac68_4691,12226.86971111553
00bbac68_4692,12226.85737825343
00bbac68_4693,12226.85391655381
00bbac68_4694,12226.84136183702
00bbac68_4695,12226.837807140328
00bbac68_4696,12226.82625331034
00bbac68_4697,12226.82221750088
00bbac68_4698,12226.809093610222
00bbac68_4699,12226.804593716672
00bbac68_4700,12226.79904569931
00bbac68_4701,12226.785226779515
00bbac68_4702,12226.781955542014
00bbac68_4703,12226.77014952196
00bbac68_4704,12226.76789138144
00bbac68_4705,12226.766617070563
00bbac68_4706,12226.756486787686
00bbac68_4707,12226.755968621968
00bbac68_4708,12226.756226353396
00bbac68_4709,12226.746820476064
00bbac68_4710,12226.74689123025
00bbac68_4711,12226.747283849028
00bbac68_4712,12226.737573166947
00bbac68_4713,12226.736975738932
00bbac68_4714,12226.732728156996
00bbac68_4715,12226.717171623528
00bbac68_4716,12226.709803866504
00bbac68_4717,12226.702674675476
00bbac68_4718,12226.68686681298
00bbac68_4719,12226.680173653402
00bbac68_4720,12226.672918509204
00bbac68_4721,12226.666247650208
00bbac68_4722,12226.65026278888
00bbac68_4723,12226.644017452058
00bbac68_4724,12226.639611284663
00bbac68_4725,12226.635434531809
00bbac68_4726,12226.623084482186
00bbac68_4727,12226.622402937342
00bbac68_4728,12226.623451660857
00bbac68_4729,12226.6253809813
00bbac68_4730,12226.624821619203
00bbac68_4731,12226.614511689702
00bbac68_4732,12226.613010736342
00bbac68_4733,12226.611362211106
00bbac68_4734,12226.6091805346
00bbac68_4735,12226.605681005223
00bbac68_4736,12226.599415282371
00bbac68_4737,12226.592863877506
00bbac68_4738,12226.586089653483
00bbac68_4739,12226.570418612628
00bbac68_4740,12226.564783774968
00bbac68_4741,12226.559009587934
00bbac68_4742,12226.55468659268
00bbac68_4743,12226.552572735818
00bbac68_4744,12226.552085474712
00bbac68_4745,12226.550212962013
00bbac68_4746,12226.55018709412
00bbac68_4747,12226.547718650798
00bbac68_4748,12226.545047719948
00bbac68_4749,12226.541970708173
00bbac68_4750,12226.537509953909
00bbac68_4751,12226.530262813038
00bbac68_4752,12226.523821605417
00bbac68_4753,12226.518278651274
00bbac68_4754,12226.511060128503
00bbac68_4755,12226.505281335683
00bbac68_4756,12226.499486341478
00bbac68_4757,12226.501369303423
00bbac68_4758,12226.496172173353
00bbac68_4759,12226.489290865436
00bbac68_4760,12226.484907217991
00bbac68_4761,12226.47852105058
00bbac68_4762,12226.47368589173
00bbac68_4763,12226.465346797033
00bbac68_4764,12226.456801951294
00bbac68_4765,12226.459175696396
00bbac68_4766,12226.450838462908
00bbac68_4767,12226.44278495782
00bbac68_4768,12226.436204778836
00bbac68_4769,12226.428197562816
00bbac68_4770,12226.430011940942
00bbac68_4771,12226.4242626034
00bbac68_4772,12226.416641712582
00bbac68_4773,12226.409581833872
00bbac68_4774,12226.405243305931
00bbac68_4775,12226.40828038549
00bbac68_4776,12226.40429171994
00bbac68_4777,12226.398542465666
00bbac68_4778,12226.402227469973
00bbac68_4779,12226.39634183365
00bbac68_4780,12226.389742500456
00bbac68_4781,12226.393510795626
00bbac68_4782,12226.389879777793
00bbac68_4783,12226.38575271768
00bbac68_4784,12226.391958149698
00bbac68_4785,12226.392336896315
00bbac68_4786,12226.391417375406
00bbac68_4787,12226.399078891216
00bbac68_4788,12226.399032086576
00bbac68_4789,12226.397337069588
00bbac68_4790,12226.40395533006
00bbac68_4791,12226.40219791329
00bbac68_4792,12226.407775563472
00bbac68_4793,12226.402371025097
00bbac68_4794,12226.406326480495
00bbac68_4795,12226.398380939649
00bbac68_4796,12226.392571111215
00bbac68_4797,12226.397618013183
00bbac68_4798,12226.393634333015
00bbac68_4799,12226.400550536398
00bbac68_4800,12226.402009273834
00bbac68_4801,12226.40999223832
00bbac68_4802,12226.406888256066
00bbac68_4803,12226.412778266713
00bbac68_4804,12226.415392686078
00bbac68_4805,12226.407173706764
00bbac68_4806,12226.408380780911
00bbac68_4807,12226.397970001217
00bbac68_4808,12226.396946874613
00bbac68_4809,12226.386367681573
00bbac68_4810,12226.383633356105
00bbac68_4811,12226.382837657113
00bbac68_4812,12226.375405575694
00bbac68_4813,12226.37730064133
00bbac68_4814,12226.382735117266
00bbac68_4815,12226.377304966994
00bbac68_4816,12226.382858520086
00bbac68_4817,12226.37941942656
00bbac68_4818,12226.383247376012
00bbac68_4819,12226.386557011096
00bbac68_4820,12226.382544674108
00bbac68_4821,12226.385857623383
00bbac68_4822,12226.389129226904
00bbac68_4823,12226.385956323338
00bbac68_4824,12226.390542728172
00bbac68_4825,12226.393482198466
00bbac68_4826,12226.398858704551
00bbac68_4827,12226.393790027209
00bbac68_4828,12226.397400676786
00bbac68_4829,12226.403169954585
00bbac68_4830,12226.397160277776
00bbac68_4831,12226.400967402322
00bbac68_4832,12226.406730929695
00bbac68_4833,12226.401626751798
00bbac68_4834,12226.405973528968
00bbac68_4835,12226.412185903326
00bbac68_4836,12226.417047471548
00bbac68_4837,12226.41277799091
00bbac68_4838,12226.419756830725
00bbac68_4839,12226.42531033458
00bbac68_4840,12226.429853181548
00bbac68_4841,12226.42677289995
00bbac68_4842,12226.431501433732
00bbac68_4843,12226.43614529873
00bbac68_4844,12226.44301423485
00bbac68_4845,12226.4475892124
00bbac68_4846,12226.444785897536
00bbac68_4847,12226.449291923524
00bbac68_4848,12226.453384852612
00bbac68_4849,12226.460263205532
00bbac68_4850,12226.465059573344
00bbac68_4851,12226.461364670202
00bbac68_4852,12226.468369224443
00bbac68_4853,12226.473527615066
00bbac68_4854,12226.478339366897
00bbac68_4855,12226.48409047399
00bbac68_4856,12226.478858209051
00bbac68_4857,12226.483521845186
00bbac68_4858,12226.49069847348
00bbac68_4859,12226.495493945948
00bbac68_4860,12226.50237481724
00bbac68_4861,12226.511095174028
00bbac68_4862,12226.521139045908
00bbac68_4863,12226.52148819517
00bbac68_4864,12226.527792306462
00bbac68_4865,12226.534852219063
00bbac68_4866,12226.542679549344
00bbac68_4867,12226.55308486827
00bbac68_4868,12226.561532976362
00bbac68_4869,12226.570716926411
00bbac68_4870,12226.580327396732
00bbac68_4871,12226.58712307214
00bbac68_4872,12226.593143749764
00bbac68_4873,12226.590727005476
00bbac68_4874,12226.594573692444
00bbac68_4875,12226.59685796448
00bbac68_4876,12226.602166959769
00bbac68_4877,12226.605262751424
00bbac68_4878,12226.608530947287
00bbac68_4879,12226.609880724884
00bbac68_4880,12226.606922624833
00bbac68_4881,12226.609990525962
00bbac68_4882,12226.61136683804
00bbac68_4883,12226.61162194921
00bbac68_4884,12226.614904959755
00bbac68_4885,12226.617627053636
00bbac68_4886,12226.62126591924
00bbac68_4887,12226.627094199595
00bbac68_4888,12226.630277393777
00bbac68_4889,12226.633891514535
00bbac68_4890,12226.638694365804
00bbac68_4891,12226.641781693235
00bbac68_4892,12226.644747644446
00bbac68_4893,12226.649151393352
00bbac68_4894,12226.652050215467
00bbac68_4895,12226.654534036212
00bbac68_4896,12226.65874996492
00bbac68_4897,12226.660949562269
00bbac68_4898,12226.66272882035
00bbac68_4899,12226.665604604528
00bbac68_4900,12226.668509842018
00bbac68_4901,12226.671799877908
00bbac68_4902,12226.678069084974
00bbac68_4903,12226.682128977449
00bbac68_4904,12226.685969534154
00bbac68_4905,12226.692056250606
00bbac68_4906,12226.695671424355
00bbac68_4907,12226.708235249156
00bbac68_4908,12226.713231893318
00bbac68_4909,12226.716563784785
00bbac68_4910,12226.720228133128
00bbac68_4911,12226.72531633426
00bbac68_4912,12226.72812657421
00bbac68_4913,12226.731829044083
00bbac68_4914,12226.737377467654
00bbac68_4915,12226.750880530251
00bbac68_4916,12226.75689431732
00bbac68_4917,12226.760958035444
00bbac68_4918,12226.764810628903
00bbac68_4919,12226.770233214003
00bbac68_4920,12226.774774356672
00bbac68_4921,12226.790027363337
00bbac68_4922,12226.79897114621
00bbac68_4923,12226.806743569348
00bbac68_4924,12226.8158589559
00bbac68_4925,12226.827321317867
00bbac68_4926,12226.845759844424
00bbac68_4927,12226.85408898562
00bbac68_4928,12226.86304747311
00bbac68_4929,12226.870168529287
00bbac68_4930,12226.885544154682
00bbac68_4931,12226.89239012025
00bbac68_4932,12226.896389483762
00bbac68_4933,12226.908348065252
00bbac68_4934,12226.910974326724
00bbac68_4935,12226.911178428983
00bbac68_4936,12226.921157947034
00bbac68_4937,12226.924212858334
00bbac68_4938,12226.92579176913
00bbac68_4939,12226.936671373656
00bbac68_4940,12226.939812328976
00bbac68_4941,12226.942204646026
00bbac68_4942,12226.954380351825
00bbac68_4943,12226.96009883767
00bbac68_4944,12226.964438278286
00bbac68_4945,12226.978466401975
00bbac68_4946,12226.985705786545
00bbac68_4947,12227.000706541206
00bbac68_4948,12227.009053807547
00bbac68_4949,12227.014727279033
00bbac68_4950,12227.029369641115
00bbac68_4951,12227.037174428306
00bbac68_4952,12227.053379246718
00bbac68_4953,12227.06056036177
00bbac68_4954,12227.078804242086
00bbac68_4955,12227.085155676728
00bbac68_4956,12227.101078776748
00bbac68_4957,12227.110118514727
00bbac68_4958,12227.12695683141
00bbac68_4959,12227.133763968255
00bbac68_4960,12227.151880111647
00bbac68_4961,12227.159255690483
00bbac68_4962,12227.175453013151
00bbac68_4963,12227.18345140125
00bbac68_4964,12227.198753659715
00bbac68_4965,12227.205096732216
00bbac68_4966,12227.224740878912
00bbac68_4967,12227.244086654597
00bbac68_4968,12227.254996306534
00bbac68_4969,12227.276937027638
00bbac68_4970,12227.288285747463
00bbac68_4971,12227.307731879726
00bbac68_4972,12227.328031764082
00bbac68_4973,12227.335622862412
00bbac68_4974,12227.352973596231
00bbac68_4975,12227.360661385052
00bbac68_4976,12227.376116458418
00bbac68_4977,12227.390398710784
00bbac68_4978,12227.396867350646
00bbac68_4979,12227.410609672716
00bbac68_4980,12227.426140610012
00bbac68_4981,12227.431370748913
00bbac68_4982,12227.447399700195
00bbac68_4983,12227.46566859344
00bbac68_4984,12227.48244629844
00bbac68_4985,12227.490088815845
00bbac68_4986,12227.508878859351
00bbac68_4987,12227.52520080486
00bbac68_4988,12227.541227586484
00bbac68_4989,12227.549204469566
00bbac68_4990,12227.565310482336
00bbac68_4991,12227.58072125062
00bbac68_4992,12227.598262276271
00bbac68_4993,12227.603939280449
00bbac68_4994,12227.619433375152
00bbac68_4995,12227.636083233538
00bbac68_4996,12227.650135445478
00bbac68_4997,12227.664367190791
00bbac68_4998,12227.671772919275
00bbac68_4999,12227.68662233244
00bbac68_5000,12227.70076994261
00bbac68_5001,12227.71645843306
00bbac68_5002,12227.730326011508
00bbac68_5003,12227.74294558475
00bbac68_5004,12227.747886503825
00bbac68_5005,12227.760281981924
00bbac68_5006,12227.773669685615
00bbac68_5007,12227.789577062918
00bbac68_5008,12227.803149636276
00bbac68_5009,12227.816541912864
00bbac68_5010,12227.832888554694
00bbac68_5011,12227.83830186869
00bbac68_5012,12227.854469020896
00bbac68_5013,12227.86922958197
00bbac68_5014,12227.883566056036
00bbac68_5015,12227.899702457971
00bbac68_5016,12227.904202441636
00bbac68_5017,12227.917730690846
00bbac68_5018,12227.932204146864
00bbac68_5019,12227.9436511799
00bbac68_5020,12227.954598474762
00bbac68_5021,12227.967557910291
00bbac68_5022,12227.9696625774
00bbac68_5023,12227.981798544211
00bbac68_5024,12227.995804289138
00bbac68_5025,12228.008983947486
00bbac68_5026,12228.023017807602
00bbac68_5027,12228.029456621023
00bbac68_5028,12228.043227963735
00bbac68_5029,12228.057199947574
00bbac68_5030,12228.073309590416
00bbac68_5031,12228.088215269634
00bbac68_5032,12228.093832945931
00bbac68_5033,12228.1103957485
00bbac68_5034,12228.124782239978
00bbac68_5035,12228.138620700556
00bbac68_5036,12228.15333322179
00bbac68_5037,12228.15758235069
00bbac68_5038,12228.170987560325
00bbac68_5039,12228.186348008125
00bbac68_5040,12228.199646129204
00bbac68_5041,12228.20380731844
00bbac68_5042,12228.215340315712
00bbac68_5043,12228.228517860362
00bbac68_5044,12228.2393527095
00bbac68_5045,12228.251974368282
00bbac68_5046,12228.25574921464
00bbac68_5047,12228.267301956656
00bbac68_5048,12228.280800139111
00bbac68_5049,12228.292552828836
00bbac68_5050,12228.297497824004
00bbac68_5051,12228.307940887633
00bbac68_5052,12228.318696433123
00bbac68_5053,12228.33125447463
00bbac68_5054,12228.33289450624
00bbac68_5055,12228.343807904645
00bbac68_5056,12228.354661946403
00bbac68_5057,12228.365745838892
00bbac68_5058,12228.37826929865
00bbac68_5059,12228.379496201223
00bbac68_5060,12228.389325162305
00bbac68_5061,12228.399409523156
00bbac68_5062,12228.409571822518
00bbac68_5063,12228.410498406984
00bbac68_5064,12228.422011346604
00bbac68_5065,12228.431278870794
00bbac68_5066,12228.43173302404
00bbac68_5067,12228.441920522606
00bbac68_5068,12228.45186558423
00bbac68_5069,12228.463130365164
00bbac68_5070,12228.462909318432
00bbac68_5071,12228.47194470238
00bbac68_5072,12228.481119840038
00bbac68_5073,12228.489907754934
00bbac68_5074,12228.489152303817
00bbac68_5075,12228.499326721449
00bbac68_5076,12228.507514356364
00bbac68_5077,12228.516209340947
00bbac68_5078,12228.51603965971
00bbac68_5079,12228.525057646217
00bbac68_5080,12228.53546155804
00bbac68_5081,12228.535383299344
00bbac68_5082,12228.545321503636
00bbac68_5083,12228.555517182744
00bbac68_5084,12228.564999894696
00bbac68_5085,12228.566971218752
00bbac68_5086,12228.576999420218
00bbac68_5087,12228.587530628996
00bbac68_5088,12228.588416015911
00bbac68_5089,12228.597780563932
00bbac68_5090,12228.607221315284
00bbac68_5091,12228.608846677753
00bbac68_5092,12228.61749975646
00bbac68_5093,12228.626589616397
00bbac68_5094,12228.635763835471
00bbac68_5095,12228.635471043295
00bbac68_5096,12228.645929712871
00bbac68_5097,12228.657064594312
00bbac68_5098,12228.657330125712
00bbac68_5099,12228.6634967446
00bbac68_5100,12228.670565597658
00bbac68_5101,12228.670826485672
00bbac68_5102,12228.68452011686
00bbac68_5103,12228.695892704727
00bbac68_5104,12228.696108133172
00bbac68_5105,12228.70476191028
00bbac68_5106,12228.71251852013
00bbac68_5107,12228.721532894397
00bbac68_5108,12228.719263269812
00bbac68_5109,12228.726264520345
00bbac68_5110,12228.734027095355
00bbac68_5111,12228.733517184162
00bbac68_5112,12228.745237567677
00bbac68_5113,12228.755970811426
00bbac68_5114,12228.755880479584
00bbac68_5115,12228.764971264012
00bbac68_5116,12228.778367482984
00bbac68_5117,12228.784988473242
00bbac68_5118,12228.802289080077
00bbac68_5119,12228.81794931232
00bbac68_5120,12228.822943757208
00bbac68_5121,12228.837599940356
00bbac68_5122,12228.851533742894
00bbac68_5123,12228.867534535892
00bbac68_5124,12228.872313173297
00bbac68_5125,12228.88539368582
00bbac68_5126,12228.898574126477
00bbac68_5127,12228.90207026533
00bbac68_5128,12228.91645391101
00bbac68_5129,12228.928224553863
00bbac68_5130,12228.930762442033
00bbac68_5131,12228.940664934504
00bbac68_5132,12228.950589565446
00bbac68_5133,12228.950669612164
00bbac68_5134,12228.961184747395
00bbac68_5135,12228.971213512985
00bbac68_5136,12228.98039543456
00bbac68_5137,12228.980753658732
00bbac68_5138,12228.990663715264
00bbac68_5139,12229.003668881032
00bbac68_5140,12229.005277604032
00bbac68_5141,12229.015556180166
00bbac68_5142,12229.025639656898
00bbac68_5143,12229.026360460335
00bbac68_5144,12229.036601778893
00bbac68_5145,12229.04803048976
00bbac68_5146,12229.04786481232
00bbac68_5147,12229.055988998589
00bbac68_5148,12229.06408262942
00bbac68_5149,12229.072343061263
00bbac68_5150,12229.07367937463
00bbac68_5151,12229.0829992855
00bbac68_5152,12229.0931214694
00bbac68_5153,12229.092880688351
00bbac68_5154,12229.105463445234
00bbac68_5155,12229.12260518132
00bbac68_5156,12229.125880176724
00bbac68_5157,12229.135649879834
00bbac68_5158,12229.142464950091
00bbac68_5159,12229.138039691235
00bbac68_5160,12229.14050920495
00bbac68_5161,12229.14329239333
00bbac68_5162,12229.144114143806
00bbac68_5163,12229.135151633507
00bbac68_5164,12229.136498885407
00bbac68_5165,12229.139228815156
00bbac68_5166,12229.135779012262
00bbac68_5167,12229.141036742414
00bbac68_5168,12229.14827167401
00bbac68_5169,12229.147948624082
00bbac68_5170,12229.161846862187
00bbac68_5171,12229.176156514608
00bbac68_5172,12229.18000589126
00bbac68_5173,12229.190562379235
00bbac68_5174,12229.200131328616
00bbac68_5175,12229.200456162183
00bbac68_5176,12229.20954291006
00bbac68_5177,12229.220925971624
00bbac68_5178,12229.230403343154
00bbac68_5179,12229.221892595107
00bbac68_5180,12229.230372908256
00bbac68_5181,12229.241554411796
00bbac68_5182,12229.248832342975
00bbac68_5183,12229.267634949889
00bbac68_5184,12229.286421567149
00bbac68_5185,12229.294546367148
00bbac68_5186,12229.310050736993
00bbac68_5187,12229.323793783316
00bbac68_5188,12229.32745838754
00bbac68_5189,12229.337002054472
00bbac68_5190,12229.344649799586
00bbac68_5191,12229.350355358454
00bbac68_5192,12229.344625485295
00bbac68_5193,12229.347289856009
00bbac68_5194,12229.336353343238
00bbac68_5195,12229.33177226383
00bbac68_5196,12229.338512105094
00bbac68_5197,12229.336585471676
00bbac68_5198,12229.349607200757
00bbac68_5199,12229.354760795792
00bbac68_5200,12229.366887708193
00bbac68_5201,12229.36877409413
00bbac68_5202,12229.37981650406
00bbac68_5203,12229.38084810515
00bbac68_5204,12229.392102882375
00bbac68_5205,12229.392017833765
00bbac68_5206,12229.392313355758
00bbac68_5207,12229.401290225467
00bbac68_5208,12229.400753954356
00bbac68_5209,12229.402088488583
00bbac68_5210,12229.410832683294
00bbac68_5211,12229.410138010278
00bbac68_5212,12229.40956333646
00bbac68_5213,12229.419009604911
00bbac68_5214,12229.42077449273
00bbac68_5215,12229.424119763102
00bbac68_5216,12229.42534279248
00bbac68_5217,12229.435758577652
00bbac68_5218,12229.438357052226
00bbac68_5219,12229.440835787696
00bbac68_5220,12229.44572960026
00bbac68_5221,12229.4504042032
00bbac68_5222,12229.456966552258
00bbac68_5223,12229.463593889062
00bbac68_5224,12229.471262573985
00bbac68_5225,12229.481668780954
00bbac68_5226,12229.499792702038
00bbac68_5227,12229.508291132604
00bbac68_5228,12229.515344312593
00bbac68_5229,12229.520319252668
00bbac68_5230,12229.52257218604
00bbac68_5231,12229.514240425644
00bbac68_5232,12229.511845180758
00bbac68_5233,12229.50669290196
00bbac68_5234,12229.502589153735
00bbac68_5235,12229.497543180963
00bbac68_5236,12229.495825949469
00bbac68_5237,12229.493573085285
00bbac68_5238,12229.491784853424
00bbac68_5239,12229.480871852513
00bbac68_5240,12229.48070162471
00bbac68_5241,12229.480292867338
00bbac68_5242,12229.481464716897
00bbac68_5243,12229.472836188816
00bbac68_5244,12229.474335505423
00bbac68_5245,12229.476554644763
00bbac68_5246,12229.479311146148
00bbac68_5247,12229.4759387742
00bbac68_5248,12229.479913329737
00bbac68_5249,12229.483814826708
00bbac68_5250,12229.47997788324
00bbac68_5251,12229.484151728118
00bbac68_5252,12229.48074833545
00bbac68_5253,12229.482980551064
00bbac68_5254,12229.474001229082
00bbac68_5255,12229.472394486114
00bbac68_5256,12229.459567824591
00bbac68_5257,12229.454345839307
00bbac68_5258,12229.441282804895
00bbac68_5259,12229.436685159464
00bbac68_5260,12229.42289568349
00bbac68_5261,12229.419586847149
00bbac68_5262,12229.408359560292
00bbac68_5263,12229.408662266302
00bbac68_5264,12229.396331384834
00bbac68_5265,12229.385597499098
00bbac68_5266,12229.384645374395
00bbac68_5267,12229.374348598049
00bbac68_5268,12229.364476300569
00bbac68_5269,12229.35653850279
00bbac68_5270,12229.35648188956
00bbac68_5271,12229.34762313418
00bbac68_5272,12229.338532918682
00bbac68_5273,12229.3293514812
00bbac68_5274,12229.33087675968
00bbac68_5275,12229.321704088748
00bbac68_5276,12229.312561620058
00bbac68_5277,12229.304081857605
00bbac68_5278,12229.29538214112
00bbac68_5279,12229.28788466768
00bbac68_5280,12229.27796257098
00bbac68_5281,12229.268768703158
00bbac68_5282,12229.259023051723
00bbac68_5283,12229.248683386948
00bbac68_5284,12229.237884206015
00bbac68_5285,12229.228350614634
00bbac68_5286,12229.217826086237
00bbac68_5287,12229.20695397529
00bbac68_5288,12229.2050889534
00bbac68_5289,12229.194101551097
00bbac68_5290,12229.185613163918
00bbac68_5291,12229.17619786178
00bbac68_5292,12229.166746763913
00bbac68_5293,12229.1582134053
00bbac68_5294,12229.150350469645
00bbac68_5295,12229.143366089986
00bbac68_5296,12229.13725244169
00bbac68_5297,12229.128511950728
00bbac68_5298,12229.120838267763
00bbac68_5299,12229.113497285129
00bbac68_5300,12229.106844526445
00bbac68_5301,12229.102242101882
00bbac68_5302,12229.105231909716
00bbac68_5303,12229.09854463151
00bbac68_5304,12229.092148523256
00bbac68_5305,12229.085238804551
00bbac68_5306,12229.080147397708
00bbac68_5307,12229.072295441318
00bbac68_5308,12229.064362886096
00bbac68_5309,12229.056018644193
00bbac68_5310,12229.056978407749
00bbac68_5311,12229.047871891556
00bbac68_5312,12229.039057581776
00bbac68_5313,12229.028282217128
00bbac68_5314,12229.018486274745
00bbac68_5315,12229.00788525232
00bbac68_5316,12229.006295923762
00bbac68_5317,12228.99653004936
00bbac68_5318,12228.985022579736
00bbac68_5319,12228.97424925771
00bbac68_5320,12228.963323526446
00bbac68_5321,12228.951634308847
00bbac68_5322,12228.950357507689
00bbac68_5323,12228.941302557963
00bbac68_5324,12228.931390452966
00bbac68_5325,12228.922223056175
00bbac68_5326,12228.922924671846
00bbac68_5327,12228.915119551466
00bbac68_5328,12228.909246275083
00bbac68_5329,12228.901920462617
00bbac68_5330,12228.89449516462
00bbac68_5331,12228.89543100768
00bbac68_5332,12228.887564131575
00bbac68_5333,12228.881225037285
00bbac68_5334,12228.873348713973
00bbac68_5335,12228.874184254832
00bbac68_5336,12228.864407245454
00bbac68_5337,12228.853821010533
00bbac68_5338,12228.851875110697
00bbac68_5339,12228.842521798462
00bbac68_5340,12228.831067066523
00bbac68_5341,12228.819535219687
00bbac68_5342,12228.817072438194
00bbac68_5343,12228.805347400676
00bbac68_5344,12228.79512013285
00bbac68_5345,12228.792897679354
00bbac68_5346,12228.780124167184
00bbac68_5347,12228.768777096411
00bbac68_5348,12228.76874688266
00bbac68_5349,12228.76280436973
00bbac68_5350,12228.757569902686
00bbac68_5351,12228.763682275006
00bbac68_5352,12228.760684021552
00bbac68_5353,12228.757849430527
00bbac68_5354,12228.764531184132
00bbac68_5355,12228.764494968293
00bbac68_5356,12228.761531898956
00bbac68_5357,12228.76666165807
00bbac68_5358,12228.761286291672
00bbac68_5359,12228.764155380486
00bbac68_5360,12228.757713232611
00bbac68_5361,12228.747792979466
00bbac68_5362,12228.744800167153
00bbac68_5363,12228.733946503316
00bbac68_5364,12228.732629160682
00bbac68_5365,12228.722485538843
00bbac68_5366,12228.714840570858
00bbac68_5367,12228.715459217954
00bbac68_5368,12228.70593438324
00bbac68_5369,12228.70633553221
00bbac68_5370,12228.697986181902
00bbac68_5371,12228.691671489203
00bbac68_5372,12228.693505491889
00bbac68_5373,12228.686820659736
00bbac68_5374,12228.689043758564
00bbac68_5375,12228.68346885361
00bbac68_5376,12228.688403499526
00bbac68_5377,12228.682172094632
00bbac68_5378,12228.685317449268
00bbac68_5379,12228.678948966892
00bbac68_5380,12228.672142605012
00bbac68_5381,12228.674402285227
00bbac68_5382,12228.668347955514
00bbac68_5383,12228.66062229893
00bbac68_5384,12228.660485146387
00bbac68_5385,12228.650509825336
00bbac68_5386,12228.64000045343
00bbac68_5387,12228.630939662757
00bbac68_5388,12228.619560124407
00bbac68_5389,12228.607887066457
00bbac68_5390,12228.595659813916
00bbac68_5391,12228.583984364104
00bbac68_5392,12228.571298895597
00bbac68_5393,12228.559956545349
00bbac68_5394,12228.546925039624
00bbac68_5395,12228.533838054504
00bbac68_5396,12228.52086281306
00bbac68_5397,12228.508893421604
00bbac68_5398,12228.489132948962
00bbac68_5399,12228.477729331207
00bbac68_5400,12228.466173970886
00bbac68_5401,12228.45551125658
00bbac68_5402,12228.436274641586
00bbac68_5403,12228.428624500222
00bbac68_5404,12228.4102353328
00bbac68_5405,12228.401049622556
00bbac68_5406,12228.382765480976
00bbac68_5407,12228.373839583051
00bbac68_5408,12228.355349764584
00bbac68_5409,12228.3474760756
00bbac68_5410,12228.328371999763
00bbac68_5411,12228.30919961658
00bbac68_5412,12228.298756682838
00bbac68_5413,12228.278896427384
00bbac68_5414,12228.259549783616
00bbac68_5415,12228.237467177329
00bbac68_5416,12228.216597772833
00bbac68_5417,12228.205072999595
00bbac68_5418,12228.184446313298
00bbac68_5419,12228.163831221977
00bbac68_5420,12228.1444341552
00bbac68_5421,12228.12431077324
00bbac68_5422,12228.104986144486
00bbac68_5423,12228.07610915547
00bbac68_5424,12228.057744717324
00bbac68_5425,12228.041197017128
00bbac68_5426,12228.022568249764
00bbac68_5427,12228.004720475636
00bbac68_5428,12227.976104720618
00bbac68_5429,12227.95771760548
00bbac68_5430,12227.940070065242
00bbac68_5431,12227.911803006997
00bbac68_5432,12227.895316775755
00bbac68_5433,12227.877253494504
00bbac68_5434,12227.85019758733
00bbac68_5435,12227.83188263806
00bbac68_5436,12227.80751271695
00bbac68_5437,12227.79086436583
00bbac68_5438,12227.764185371414
00bbac68_5439,12227.738137537768
00bbac68_5440,12227.722749458922
00bbac68_5441,12227.698291927789
00bbac68_5442,12227.67191518577
00bbac68_5443,12227.645838183127
00bbac68_5444,12227.627940608823
00bbac68_5445,12227.602425836822
00bbac68_5446,12227.576736906876
00bbac68_5447,12227.549627895329
00bbac68_5448,12227.522446649731
00bbac68_5449,12227.493770776113
00bbac68_5450,12227.464758457314
00bbac68_5451,12227.43688546101
00bbac68_5452,12227.407588042435
00bbac68_5453,12227.376892413453
00bbac68_5454,12227.347359559652
00bbac68_5455,12227.309594278162
00bbac68_5456,12227.28303538351
00bbac68_5457,12227.25546469156
00bbac68_5458,12227.229480729093
00bbac68_5459,12227.19453037034
00bbac68_5460,12227.16990733414
00bbac68_5461,12227.146741249191
00bbac68_5462,12227.111861593969
00bbac68_5463,12227.086852221895
00bbac68_5464,12227.053916269278
00bbac68_5465,12227.03121638994
00bbac68_5466,12227.001510361668
00bbac68_5467,12226.969572652924
00bbac68_5468,12226.946799342017
00bbac68_5469,12226.915479534571
00bbac68_5470,12226.885300077412
00bbac68_5471,12226.865699835062
00bbac68_5472,12226.835141468597
00bbac68_5473,12226.805180583378
00bbac68_5474,12226.773993039273
00bbac68_5475,12226.749570853886
00bbac68_5476,12226.71529849918
00bbac68_5477,12226.678083056126
00bbac68_5478,12226.640360585588
00bbac68_5479,12226.610798658236
00bbac68_5480,12226.571529707217
00bbac68_5481,12226.530794893592
00bbac68_5482,12226.485632454134
00bbac68_5483,12226.437990300295
00bbac68_5484,12226.39927615635
00bbac68_5485,12226.352872915188
00bbac68_5486,12226.304596504207
00bbac68_5487,12226.256769249378
00bbac68_5488,12226.219196957338
00bbac68_5489,12226.173878892156
00bbac68_5490,12226.130187465153
00bbac68_5491,12226.086385453727
00bbac68_5492,12226.04458029371
00bbac68_5493,12226.014907141109
00bbac68_5494,12225.976689606774
00bbac68_5495,12225.940526070204
00bbac68_5496,12225.90279154795
00bbac68_5497,12225.862048473806
00bbac68_5498,12225.83183278952
00bbac68_5499,12225.79429741985
00bbac68_5500,12225.75908248625
00bbac68_5501,12225.722669527657
00bbac68_5502,12225.68739604377
00bbac68_5503,12225.661671236405
00bbac68_5504,12225.626550242434
00bbac68_5505,12225.59302072384
00bbac68_5506,12225.556748724175
00bbac68_5507,12225.520293694046
00bbac68_5508,12225.492568680173
00bbac68_5509,12225.454973022695
00bbac68_5510,12225.417585672094
00bbac68_5511,12225.37841505816
00bbac68_5512,12225.338957788112
00bbac68_5513,12225.298626642762
00bbac68_5514,12225.270078779236
00bbac68_5515,12225.234246016813
00bbac68_5516,12225.196902549407
00bbac68_5517,12225.161012260322
00bbac68_5518,12225.127469039857
00bbac68_5519,12225.093982383403
00bbac68_5520,12225.073198155318
00bbac68_5521,12225.0426070469
00bbac68_5522,12225.012756837848
00bbac68_5523,12224.9832112189
00bbac68_5524,12224.95508606342
00bbac68_5525,12224.928610502968
00bbac68_5526,12224.909028944729
00bbac68_5527,12224.880046677665
00bbac68_5528,12224.850175230917
00bbac68_5529,12224.818936503683
00bbac68_5530,12224.788280779549
00bbac68_5531,12224.754059867297
00bbac68_5532,12224.719730844085
00bbac68_5533,12224.694158272798
00bbac68_5534,12224.659256285991
00bbac68_5535,12224.625287940811
00bbac68_5536,12224.589900426314
00bbac68_5537,12224.554481638395
00bbac68_5538,12224.518614883298
00bbac68_5539,12224.48242193866
00bbac68_5540,12224.45790285819
00bbac68_5541,12224.422086290702
00bbac68_5542,12224.385820932352
00bbac68_5543,12224.349891956284
00bbac68_5544,12224.31397927052
00bbac68_5545,12224.279818242125
00bbac68_5546,12224.243999506803
00bbac68_5547,12224.20832922828
00bbac68_5548,12224.181848357985
00bbac68_5549,12224.14552967098
00bbac68_5550,12224.11111003918
00bbac68_5551,12224.07505803309
00bbac68_5552,12224.038587182156
00bbac68_5553,12224.00202175009
00bbac68_5554,12223.96514792058
00bbac68_5555,12223.929425670998
00bbac68_5556,12223.892170142331
00bbac68_5557,12223.865418459
00bbac68_5558,12223.828362269094
00bbac68_5559,12223.791053946195
00bbac68_5560,12223.754918177778
00bbac68_5561,12223.715980329203
00bbac68_5562,12223.676540429831
00bbac68_5563,12223.6363850689
00bbac68_5564,12223.59583633105
00bbac68_5565,12223.557229074384
00bbac68_5566,12223.516312968994
00bbac68_5567,12223.475365073558
00bbac68_5568,12223.43461913512
00bbac68_5569,12223.404819349213
00bbac68_5570,12223.36421513537
00bbac68_5571,12223.324078877757
00bbac68_5572,12223.28469595218
00bbac68_5573,12223.245819314112
00bbac68_5574,12223.207074895769
00bbac68_5575,12223.167247172196
00bbac68_5576,12223.127588128831
00bbac68_5577,12223.087493653453
00bbac68_5578,12223.038656468629
00bbac68_5579,12223.001122913787
00bbac68_5580,12222.96217693388
00bbac68_5581,12222.924160710734
00bbac68_5582,12222.88596948588
00bbac68_5583,12222.848776116094
00bbac68_5584,12222.81346136212
00bbac68_5585,12222.77707258032
00bbac68_5586,12222.731501778431
00bbac68_5587,12222.695210742702
00bbac68_5588,12222.657898935104
00bbac68_5589,12222.622009732748
00bbac68_5590,12222.58365372464
00bbac68_5591,12222.536114531744
00bbac68_5592,12222.497365798205
00bbac68_5593,12222.456387848486
00bbac68_5594,12222.418612637885
00bbac68_5595,12222.371012745214
00bbac68_5596,12222.333976364347
00bbac68_5597,12222.29974394506
00bbac68_5598,12222.256317212672
00bbac68_5599,12222.22424626766
00bbac68_5600,12222.190415970625
00bbac68_5601,12222.148138049552
00bbac68_5602,12222.113701952252
00bbac68_5603,12222.07844842273
00bbac68_5604,12222.033884412009
00bbac68_5605,12221.99558066288
00bbac68_5606,12221.946442606346
00bbac68_5607,12221.905922250106
00bbac68_5608,12221.864031569785
00bbac68_5609,12221.813254846807
00bbac68_5610,12221.77231990409
00bbac68_5611,12221.722723063314
00bbac68_5612,12221.683232966052
00bbac68_5613,12221.635628161306
00bbac68_5614,12221.598190837674
00bbac68_5615,12221.55023660812
00bbac68_5616,12221.503285037128
00bbac68_5617,12221.465724132257
00bbac68_5618,12221.417761245904
00bbac68_5619,12221.380563086595
00bbac68_5620,12221.332205401202
00bbac68_5621,12221.283894217257
00bbac68_5622,12221.245269360035
00bbac68_5623,12221.197688441693
00bbac68_5624,12221.161244598612
00bbac68_5625,12221.113987836252
00bbac68_5626,12221.066783019352
00bbac68_5627,12221.01982979965
00bbac68_5628,12220.982910360668
00bbac68_5629,12220.940351006611
00bbac68_5630,12220.896651064217
00bbac68_5631,12220.862443658563
00bbac68_5632,12220.819889619128
00bbac68_5633,12220.777061568424
00bbac68_5634,12220.735543080706
00bbac68_5635,12220.692032014507
00bbac68_5636,12220.657520997822
00bbac68_5637,12220.613322242729
00bbac68_5638,12220.568657364234
00bbac68_5639,12220.525033939826
00bbac68_5640,12220.479221971824
00bbac68_5641,12220.432447317113
00bbac68_5642,12220.38563596782
00bbac68_5643,12220.34783554729
00bbac68_5644,12220.30304385453
00bbac68_5645,12220.256521924995
00bbac68_5646,12220.209466150089
00bbac68_5647,12220.161859944836
00bbac68_5648,12220.115175571056
00bbac68_5649,12220.07085795808
00bbac68_5650,12220.023650224226
00bbac68_5651,12219.977224343937
00bbac68_5652,12219.930504919865
00bbac68_5653,12219.884151727409
00bbac68_5654,12219.839781544151
00bbac68_5655,12219.79429618618
00bbac68_5656,12219.749045838253
00bbac68_5657,12219.703186217295
00bbac68_5658,12219.647835781598
00bbac68_5659,12219.603012924428
00bbac68_5660,12219.554032261309
00bbac68_5661,12219.502999771354
00bbac68_5662,12219.450320247684
00bbac68_5663,12219.395844081377
00bbac68_5664,12219.34231535716
00bbac68_5665,12219.27652897717
00bbac68_5666,12219.218478254335
00bbac68_5667,12219.161560730874
00bbac68_5668,12219.104214424811
00bbac68_5669,12219.0496423531
00bbac68_5670,12218.993231804723
00bbac68_5671,12218.92913620311
00bbac68_5672,12218.875653407606
00bbac68_5673,12218.822208166108
00bbac68_5674,12218.772357083431
00bbac68_5675,12218.720330514268
00bbac68_5676,12218.65883483195
00bbac68_5677,12218.606592344462
00bbac68_5678,12218.557084402446
00bbac68_5679,12218.509265981746
00bbac68_5680,12218.456932742183
00bbac68_5681,12218.3940807231
00bbac68_5682,12218.34329734103
00bbac68_5683,12218.294519654728
00bbac68_5684,12218.247762634395
00bbac68_5685,12218.194276865155
00bbac68_5686,12218.15053139487
00bbac68_5687,12218.11010447617
00bbac68_5688,12218.072704752443
00bbac68_5689,12218.026043120632
00bbac68_5690,12217.988394202304
00bbac68_5691,12217.949027602832
00bbac68_5692,12217.900483155589
00bbac68_5693,12217.860534442476
00bbac68_5694,12217.817867268112
00bbac68_5695,12217.770271413285
00bbac68_5696,12217.707811030192
00bbac68_5697,12217.654574611595
00bbac68_5698,12217.604823041318
00bbac68_5699,12217.542370708352
00bbac68_5700,12217.491391610603
00bbac68_5701,12217.4400756639
00bbac68_5702,12217.380357823831
00bbac68_5703,12217.33494338822
00bbac68_5704,12217.287968772624
00bbac68_5705,12217.23269930535
00bbac68_5706,12217.182173242873
00bbac68_5707,12217.133681901092
00bbac68_5708,12217.07898952266
00bbac68_5709,12217.032176326617
00bbac68_5710,12216.986908552066
00bbac68_5711,12216.93670428424
00bbac68_5712,12216.893922925572
00bbac68_5713,12216.845648188517
00bbac68_5714,12216.807091655632
00bbac68_5715,12216.768495343804
00bbac68_5716,12216.720004371688
00bbac68_5717,12216.679800565567
00bbac68_5718,12216.631931846769
00bbac68_5719,12216.591415818571
00bbac68_5720,12216.55020524326
00bbac68_5721,12216.498948743178
00bbac68_5722,12216.452936562624
00bbac68_5723,12216.402968263516
00bbac68_5724,12216.361954802249
00bbac68_5725,12216.30998784076
00bbac68_5726,12216.268875363348
00bbac68_5727,12216.22889366541
00bbac68_5728,12216.177067562145
00bbac68_5729,12216.135961562337
00bbac68_5730,12216.08415778222
00bbac68_5731,12216.037910790435
00bbac68_5732,12215.982281504022
00bbac68_5733,12215.934150366887
00bbac68_5734,12215.878329846057
00bbac68_5735,12215.833231119788
00bbac68_5736,12215.775854124951
00bbac68_5737,12215.730300226449
00bbac68_5738,12215.675172742389
00bbac68_5739,12215.628595708113
00bbac68_5740,12215.574395490092
00bbac68_5741,12215.529157456058
00bbac68_5742,12215.472831987116
00bbac68_5743,12215.42821330925
00bbac68_5744,12215.373432128
00bbac68_5745,12215.324990508663
00bbac68_5746,12215.26991502724
00bbac68_5747,12215.215892500688
00bbac68_5748,12215.16700720723
00bbac68_5749,12215.112333443896
00bbac68_5750,12215.06233121187
00bbac68_5751,12215.003027177136
00bbac68_5752,12214.95612848535
00bbac68_5753,12214.902511173002
00bbac68_5754,12214.84754272098
00bbac68_5755,12214.80703254421
00bbac68_5756,12214.758277936196
00bbac68_5757,12214.7165473338
00bbac68_5758,12214.66663104911
00bbac68_5759,12214.623771557564
00bbac68_5760,12214.573270848872
00bbac68_5761,12214.53199838094
00bbac68_5762,12214.480495480617
00bbac68_5763,12214.428526096845
00bbac68_5764,12214.38261168316
00bbac68_5765,12214.325148279158
00bbac68_5766,12214.275836210494
00bbac68_5767,12214.222648788364
00bbac68_5768,12214.17856375864
00bbac68_5769,12214.126841582089
00bbac68_5770,12214.08324990563
00bbac68_5771,12214.028674821704
00bbac68_5772,12213.985293347578
00bbac68_5773,12213.941841185217
00bbac68_5774,12213.886506387924
00bbac68_5775,12213.841884643709
00bbac68_5776,12213.787726718176
00bbac68_5777,12213.74068164492
00bbac68_5778,12213.686949834711
00bbac68_5779,12213.64236969894
00bbac68_5780,12213.586450128323
00bbac68_5781,12213.543070870532
00bbac68_5782,12213.498141259886
00bbac68_5783,12213.445897509502
00bbac68_5784,12213.402066594092
00bbac68_5785,12213.34564923061
00bbac68_5786,12213.298701578546
00bbac68_5787,12213.251796381392
00bbac68_5788,12213.195966449372
00bbac68_5789,12213.15026347706
00bbac68_5790,12213.104439987865
00bbac68_5791,12213.046907323183
00bbac68_5792,12213.000331995883
00bbac68_5793,12212.954113300868
00bbac68_5794,12212.89690489344
00bbac68_5795,12212.850526565268
00bbac68_5796,12212.803699649305
00bbac68_5797,12212.74651599724
00bbac68_5798,12212.700371076176
00bbac68_5799,12212.654143903756
00bbac68_5800,12212.597461221265
00bbac68_5801,12212.551790264695
00bbac68_5802,12212.507160808807
00bbac68_5803,12212.460081293246
00bbac68_5804,12212.404427564616
00bbac68_5805,12212.357657719902
00bbac68_5806,12212.309085338244
00bbac68_5807,12212.251520359576
00bbac68_5808,12212.20119583027
00bbac68_5809,12212.152485866802
00bbac68_5810,12212.102735519253
00bbac68_5811,12212.051693756091
00bbac68_5812,12211.993234316486
00bbac68_5813,12211.94339216496
00bbac68_5814,12211.891363639406
00bbac68_5815,12211.841424522428
00bbac68_5816,12211.793051898943
00bbac68_5817,12211.733775828823
00bbac68_5818,12211.685020403049
00bbac68_5819,12211.635432642945
00bbac68_5820,12211.586441638929
00bbac68_5821,12211.540186644204
00bbac68_5822,12211.494872226773
00bbac68_5823,12211.44008311688
00bbac68_5824,12211.398556414651
00bbac68_5825,12211.35593137402
00bbac68_5826,12211.31038380046
00bbac68_5827,12211.266472293752
00bbac68_5828,12211.221755776683
00bbac68_5829,12211.17183563785
00bbac68_5830,12211.124446182885
00bbac68_5831,12211.067524092115
00bbac68_5832,12211.022853529052
00bbac68_5833,12210.97664560681
00bbac68_5834,12210.928416081204
00bbac68_5835,12210.882608264496
00bbac68_5836,12210.838234321169
00bbac68_5837,12210.791325866356
00bbac68_5838,12210.74743785315
00bbac68_5839,12210.704386755117
00bbac68_5840,12210.658955045985
00bbac68_5841,12210.613581068925
00bbac68_5842,12210.569553149431
00bbac68_5843,12210.524324720613
00bbac68_5844,12210.481633807894
00bbac68_5845,12210.437533898445
00bbac68_5846,12210.394459102868
00bbac68_5847,12210.354570849306
00bbac68_5848,12210.31370769762
00bbac68_5849,12210.269688219232
00bbac68_5850,12210.227556236612
00bbac68_5851,12210.184707985982
00bbac68_5852,12210.139693974505
00bbac68_5853,12210.096069941912
00bbac68_5854,12210.05106820456
00bbac68_5855,12210.003607221492
00bbac68_5856,12209.957525404718
00bbac68_5857,12209.920619838522
00bbac68_5858,12209.876727131668
00bbac68_5859,12209.831620962976
00bbac68_5860,12209.783707180435
00bbac68_5861,12209.737004235914
00bbac68_5862,12209.692117987166
00bbac68_5863,12209.654842649634
00bbac68_5864,12209.61039846634
00bbac68_5865,12209.567164658478
00bbac68_5866,12209.522957401234
00bbac68_5867,12209.490308379283
00bbac68_5868,12209.449380951157
00bbac68_5869,12209.4069631565
00bbac68_5870,12209.373066485688
00bbac68_5871,12209.330203682935
00bbac68_5872,12209.28512472242
00bbac68_5873,12209.250949100284
00bbac68_5874,12209.20484157821
00bbac68_5875,12209.15480614088
00bbac68_5876,12209.11595967524
00bbac68_5877,12209.070007465409
00bbac68_5878,12209.0324152944
00bbac68_5879,12208.986768813524
00bbac68_5880,12208.952063252638
00bbac68_5881,12208.90699839165
00bbac68_5882,12208.873953264798
00bbac68_5883,12208.8318780186
00bbac68_5884,12208.797706291343
00bbac68_5885,12208.755332276058
00bbac68_5886,12208.71952360564
00bbac68_5887,12208.676512758882
00bbac68_5888,12208.643103721875
00bbac68_5889,12208.607066860292
00bbac68_5890,12208.560076215896
00bbac68_5891,12208.522259283873
00bbac68_5892,12208.484243496414
00bbac68_5893,12208.438323315087
00bbac68_5894,12208.401673630398
00bbac68_5895,12208.36363008441
00bbac68_5896,12208.319149921535
00bbac68_5897,12208.28352465154
00bbac68_5898,12208.245521832325
00bbac68_5899,12208.208448617208
00bbac68_5900,12208.162008587951
00bbac68_5901,12208.123933065466
00bbac68_5902,12208.088060156011
00bbac68_5903,12208.049961138073
00bbac68_5904,12208.011467450451
00bbac68_5905,12207.966816089052
00bbac68_5906,12207.93188643428
00bbac68_5907,12207.898569559678
00bbac68_5908,12207.867906289104
00bbac68_5909,12207.838468584709
00bbac68_5910,12207.808896241238
00bbac68_5911,12207.780221343848
00bbac68_5912,12207.7491083013
00bbac68_5913,12207.719128863508
00bbac68_5914,12207.688584221449
00bbac68_5915,12207.655836168651
00bbac68_5916,12207.62265251124
00bbac68_5917,12207.588245394649
00bbac68_5918,12207.549738199286
00bbac68_5919,12207.511172227472
00bbac68_5920,12207.475587962948
00bbac68_5921,12207.439875797732
00bbac68_5922,12207.405893792522
00bbac68_5923,12207.372442587572
00bbac68_5924,12207.33765177532
00bbac68_5925,12207.30542290962
00bbac68_5926,12207.282356218842
00bbac68_5927,12207.24747526438
00bbac68_5928,12207.21564109168
00bbac68_5929,12207.183639718136
00bbac68_5930,12207.149642234774
00bbac68_5931,12207.126080465292
00bbac68_5932,12207.091439676464
00bbac68_5933,12207.053939938098
00bbac68_5934,12207.017164921008
00bbac68_5935,12206.990158859728
00bbac68_5936,12206.951894375436
00bbac68_5937,12206.91557284927
00bbac68_5938,12206.88707436917
00bbac68_5939,12206.847991980816
00bbac68_5940,12206.811287819091
00bbac68_5941,12206.781643403086
00bbac68_5942,12206.746155992394
00bbac68_5943,12206.71109542538
00bbac68_5944,12206.683811954545
00bbac68_5945,12206.649706642234
00bbac68_5946,12206.62510269918
00bbac68_5947,12206.58919184488
00bbac68_5948,12206.55383995691
00bbac68_5949,12206.527428419084
00bbac68_5950,12206.489650600404
00bbac68_5951,12206.45394508878
00bbac68_5952,12206.427348532969
00bbac68_5953,12206.390103498525
00bbac68_5954,12206.353238794556
00bbac68_5955,12206.326413975596
00bbac68_5956,12206.288102608
00bbac68_5957,12206.252718086997
00bbac68_5958,12206.226828912668
00bbac68_5959,12206.190213962263
00bbac68_5960,12206.15572053281
00bbac68_5961,12206.132063901212
00bbac68_5962,12206.096222059328
00bbac68_5963,12206.06248897803
00bbac68_5964,12206.03649583372
00bbac68_5965,12205.99983104436
00bbac68_5966,12205.964640701412
00bbac68_5967,12205.938511710909
00bbac68_5968,12205.902486267962
00bbac68_5969,12205.86805215947
00bbac68_5970,12205.831254261302
00bbac68_5971,12205.804993934868
00bbac68_5972,12205.77174899402
00bbac68_5973,12205.736603022884
00bbac68_5974,12205.70211423246
00bbac68_5975,12205.677880333791
00bbac68_5976,12205.64234788548
00bbac68_5977,12205.609265017769
00bbac68_5978,12205.57509216887
00bbac68_5979,12205.548775997244
00bbac68_5980,12205.512517644727
00bbac68_5981,12205.476945781662
00bbac68_5982,12205.440225870763
00bbac68_5983,12205.40478843558
00bbac68_5984,12205.378758039453
00bbac68_5985,12205.340856717328
00bbac68_5986,12205.30468057728
00bbac68_5987,12205.268402819427
00bbac68_5988,12205.23147765897
00bbac68_5989,12205.204273333382
00bbac68_5990,12205.168575584386
00bbac68_5991,12205.131016236312
00bbac68_5992,12205.093742936842
00bbac68_5993,12205.058409918514
00bbac68_5994,12205.022182359946
00bbac68_5995,12204.98822937116
00bbac68_5996,12204.963650161808
00bbac68_5997,12204.930882781877
00bbac68_5998,12204.900573267823
00bbac68_5999,12204.869026549472
00bbac68_6000,12204.83868840018
00bbac68_6001,12204.80800306044
00bbac68_6002,12204.775310918423
00bbac68_6003,12204.74290174375
00bbac68_6004,12204.72021459229
00bbac68_6005,12204.68651209713
00bbac68_6006,12204.65354237784
00bbac68_6007,12204.618905060615
00bbac68_6008,12204.581774084494
00bbac68_6009,12204.54781055244
00bbac68_6010,12204.51346562321
00bbac68_6011,12204.477249282136
00bbac68_6012,12204.443686204935
00bbac68_6013,12204.411576011133
00bbac68_6014,12204.37606266898
00bbac68_6015,12204.34298478566
00bbac68_6016,12204.30822254099
00bbac68_6017,12204.271016600977
00bbac68_6018,12204.245438716123
00bbac68_6019,12204.211101134655
00bbac68_6020,12204.175564630346
00bbac68_6021,12204.141098649803
00bbac68_6022,12204.105673829932
00bbac68_6023,12204.06767785706
00bbac68_6024,12204.031858282
00bbac68_6025,12203.99384972674
00bbac68_6026,12203.958099928524
00bbac68_6027,12203.922332044553
00bbac68_6028,12203.885728491628
00bbac68_6029,12203.851308237405
00bbac68_6030,12203.817143696053
00bbac68_6031,12203.780910243928
00bbac68_6032,12203.74607924786
00bbac68_6033,12203.702684005457
00bbac68_6034,12203.667418273497
00bbac68_6035,12203.633512812508
00bbac68_6036,12203.598615303768
00bbac68_6037,12203.560799252253
00bbac68_6038,12203.524099862692
00bbac68_6039,12203.487388290168
00bbac68_6040,12203.449108594654
00bbac68_6041,12203.412416603793
00bbac68_6042,12203.376542852146
00bbac68_6043,12203.33908255076
00bbac68_6044,12203.3047256247
00bbac68_6045,12203.27096967341
00bbac68_6046,12203.235866089064
00bbac68_6047,12203.20211267794
00bbac68_6048,12203.168851486336
00bbac68_6049,12203.134195167037
00bbac68_6050,12203.10096012851
00bbac68_6051,12203.067446038687
00bbac68_6052,12203.03020825037
00bbac68_6053,12202.994702867054
00bbac68_6054,12202.95882762159
00bbac68_6055,12202.923748801491
00bbac68_6056,12202.888668710586
00bbac68_6057,12202.852026299768
00bbac68_6058,12202.817002894775
00bbac68_6059,12202.782060772735
00bbac68_6060,12202.745460604796
00bbac68_6061,12202.710428862683
00bbac68_6062,12202.665096824734
00bbac68_6063,12202.628912274964
00bbac68_6064,12202.595205612664
00bbac68_6065,12202.561791032103
00bbac68_6066,12202.526181552574
00bbac68_6067,12202.49236637268
00bbac68_6068,12202.45829157492
00bbac68_6069,12202.424817768922
00bbac68_6070,12202.393132252651
00bbac68_6071,12202.360934517132
00bbac68_6072,12202.32689028611
00bbac68_6073,12202.293875737289
00bbac68_6074,12202.260737142202
00bbac68_6075,12202.225255786068
00bbac68_6076,12202.190832678518
00bbac68_6077,12202.155767079295
00bbac68_6078,12202.11800327619
00bbac68_6079,12202.083111502216
00bbac68_6080,12202.04801535342
00bbac68_6081,12202.011121838335
00bbac68_6082,12201.975747174669
00bbac68_6083,12201.948485528768
00bbac68_6084,12201.914729349017
00bbac68_6085,12201.88155228243
00bbac68_6086,12201.847057739998
00bbac68_6087,12201.815522858127
00bbac68_6088,12201.783034946437
00bbac68_6089,12201.749395893208
00bbac68_6090,12201.717492429349
00bbac68_6091,12201.685329867052
00bbac68_6092,12201.650745473264
00bbac68_6093,12201.617211829973
00bbac68_6094,12201.583617314069
00bbac68_6095,12201.548443503763
00bbac68_6096,12201.516073303232
00bbac68_6097,12201.482758757718
00bbac68_6098,12201.446819230185
00bbac68_6099,12201.412458869436
00bbac68_6100,12201.378178745406
00bbac68_6101,12201.34247125543
00bbac68_6102,12201.30894996384
00bbac68_6103,12201.273584057282
00bbac68_6104,12201.236525251154
00bbac68_6105,12201.200477004078
00bbac68_6106,12201.163894941234
00bbac68_6107,12201.126217600518
00bbac68_6108,12201.088561254934
00bbac68_6109,12201.050945309324
00bbac68_6110,12201.013577233429
00bbac68_6111,12200.98372571886
00bbac68_6112,12200.946246730316
00bbac68_6113,12200.912203039506
00bbac68_6114,12200.880106747598
00bbac68_6115,12200.84773348452
00bbac68_6116,12200.818678872598
00bbac68_6117,12200.790001078152
00bbac68_6118,12200.76003071692
00bbac68_6119,12200.731883342149
00bbac68_6120,12200.70414835496
00bbac68_6121,12200.674336970624
00bbac68_6122,12200.64546419296
00bbac68_6123,12200.61502939392
00bbac68_6124,12200.578621523053
00bbac68_6125,12200.542748391566
00bbac68_6126,12200.51511220408
00bbac68_6127,12200.473566967366
00bbac68_6128,12200.437455101815
00bbac68_6129,12200.401431220218
00bbac68_6130,12200.36355391688
00bbac68_6131,12200.328144328983
00bbac68_6132,12200.291414580934
00bbac68_6133,12200.255410370955
00bbac68_6134,12200.222529359467
00bbac68_6135,12200.187460719677
00bbac68_6136,12200.162970366837
00bbac68_6137,12200.130773250376
00bbac68_6138,12200.097771543034
00bbac68_6139,12200.06436928747
00bbac68_6140,12200.030672658237
00bbac68_6141,12200.00634301924
00bbac68_6142,12199.975988614491
00bbac68_6143,12199.94473953156
00bbac68_6144,12199.92267127559
00bbac68_6145,12199.891370478092
00bbac68_6146,12199.860205401315
00bbac68_6147,12199.83694712293
00bbac68_6148,12199.800561737333
00bbac68_6149,12199.766304945118
00bbac68_6150,12199.73974603532
00bbac68_6151,12199.70179405478
00bbac68_6152,12199.672686836537
00bbac68_6153,12199.634370728376
00bbac68_6154,12199.606758321244
00bbac68_6155,12199.56760176001
00bbac68_6156,12199.540047944696
00bbac68_6157,12199.502976889162
00bbac68_6158,12199.476799045791
00bbac68_6159,12199.441482989318
00bbac68_6160,12199.4164058514
00bbac68_6161,12199.391421721277
00bbac68_6162,12199.355892765554
00bbac68_6163,12199.331116254443
00bbac68_6164,12199.306613559493
00bbac68_6165,12199.272681169306
00bbac68_6166,12199.247947934826
00bbac68_6167,12199.223966620451
00bbac68_6168,12199.191418689605
00bbac68_6169,12199.1694050049
00bbac68_6170,12199.146544447123
00bbac68_6171,12199.124375737474
00bbac68_6172,12199.102983142846
00bbac68_6173,12199.072122834565
00bbac68_6174,12199.050814167977
00bbac68_6175,12199.030153904012
00bbac68_6176,12199.008536719328
00bbac68_6177,12198.985267290544
00bbac68_6178,12198.963618039648
00bbac68_6179,12198.941822730989
00bbac68_6180,12198.920724979043
00bbac68_6181,12198.89970167753
00bbac68_6182,12198.878964842444
00bbac68_6183,12198.858353972892
00bbac68_6184,12198.836204647434
00bbac68_6185,12198.814623808235
00bbac68_6186,12198.793217330633
00bbac68_6187,12198.771512987583
00bbac68_6188,12198.751081302407
00bbac68_6189,12198.73051462743
00bbac68_6190,12198.709211697513
00bbac68_6191,12198.696958497152
00bbac68_6192,12198.673644987408
00bbac68_6193,12198.651516840311
00bbac68_6194,12198.628546571828
00bbac68_6195,12198.607345539423
00bbac68_6196,12198.595558761665
00bbac68_6197,12198.57516383764
00bbac68_6198,12198.553937808489
00bbac68_6199,12198.53077796507
00bbac68_6200,12198.519341531415
00bbac68_6201,12198.49688244022
00bbac68_6202,12198.477004017594
00bbac68_6203,12198.465524736625
00bbac68_6204,12198.445225814814
00bbac68_6205,12198.434143582104
00bbac68_6206,12198.41048975552
00bbac68_6207,12198.388899255964
00bbac68_6208,12198.376284956435
00bbac68_6209,12198.353745541732
00bbac68_6210,12198.341922305744
00bbac68_6211,12198.320871040223
00bbac68_6212,12198.30874054618
00bbac68_6213,12198.29728263097
00bbac68_6214,12198.273245258017
00bbac68_6215,12198.261854611346
00bbac68_6216,12198.240900223038
00bbac68_6217,12198.228607057648
00bbac68_6218,12198.216935464592
00bbac68_6219,12198.19499012292
00bbac68_6220,12198.182729496748
00bbac68_6221,12198.169605570083
00bbac68_6222,12198.147396519997
00bbac68_6223,12198.13450435902
00bbac68_6224,12198.12109518194
00bbac68_6225,12198.1090379628
00bbac68_6226,12198.088305039908
00bbac68_6227,12198.075999971254
00bbac68_6228,12198.063044752524
00bbac68_6229,12198.050849452036
00bbac68_6230,12198.038235110304
00bbac68_6231,12198.026771211087
00bbac68_6232,12198.014162685864
00bbac68_6233,12198.002577943253
00bbac68_6234,12197.98967350649
00bbac68_6235,12197.97802441897
00bbac68_6236,12197.962859961952
00bbac68_6237,12197.950210145504
00bbac68_6238,12197.938015206251
00bbac68_6239,12197.925626491662
00bbac68_6240,12197.914437107876
00bbac68_6241,12197.91355867244
00bbac68_6242,12197.90294523949
00bbac68_6243,12197.890970829922
00bbac68_6244,12197.889305881214
00bbac68_6245,12197.878609945892
00bbac68_6246,12197.867811737764
00bbac68_6247,12197.867147204226
00bbac68_6248,12197.85670683048
00bbac68_6249,12197.854759025984
00bbac68_6250,12197.843215948673
00bbac68_6251,12197.839119226344
00bbac68_6252,12197.825568005886
00bbac68_6253,12197.823619611534
00bbac68_6254,12197.812254622932
00bbac68_6255,12197.809666618765
00bbac68_6256,12197.807816381946
00bbac68_6257,12197.79658115162
00bbac68_6258,12197.792140887468
00bbac68_6259,12197.78972263477
00bbac68_6260,12197.78634428952
00bbac68_6261,12197.77425194392
00bbac68_6262,12197.771904471552
00bbac68_6263,12197.770186445414
00bbac68_6264,12197.76768730344
00bbac68_6265,12197.765380812729
00bbac68_6266,12197.762102830851
00bbac68_6267,12197.760028425388
00bbac68_6268,12197.757239617767
00bbac68_6269,12197.755424146557
00bbac68_6270,12197.753198859617
00bbac68_6271,12197.751341200355
00bbac68_6272,12197.74986454836
00bbac68_6273,12197.746682473444
00bbac68_6274,12197.744287558611
00bbac68_6275,12197.75148169533
00bbac68_6276,12197.749036709418
00bbac68_6277,12197.747219276587
00bbac68_6278,12197.746320181832
00bbac68_6279,12197.75343771439
00bbac68_6280,12197.75002446842
00bbac68_6281,12197.757903421929
00bbac68_6282,12197.755518074006
00bbac68_6283,12197.75314250269
00bbac68_6284,12197.75989690944
00bbac68_6285,12197.758261707464
00bbac68_6286,12197.76498073269
00bbac68_6287,12197.762588017878
00bbac68_6288,12197.76768296594
00bbac68_6289,12197.77355983631
00bbac68_6290,12197.77032284531
00bbac68_6291,12197.776737998573
00bbac68_6292,12197.783364837893
00bbac68_6293,12197.780904265375
00bbac68_6294,12197.786403630716
00bbac68_6295,12197.78985384202
00bbac68_6296,12197.796417074927
00bbac68_6297,12197.8029779242
00bbac68_6298,12197.809497281352
00bbac68_6299,12197.807398631674
00bbac68_6300,12197.815661250668
00bbac68_6301,12197.82443132278
00bbac68_6302,12197.832050439254
00bbac68_6303,12197.838583869938
00bbac68_6304,12197.845632450462
00bbac68_6305,12197.86212398682
00bbac68_6306,12197.869650949084
00bbac68_6307,12197.877221304205
00bbac68_6308,12197.88523288891
00bbac68_6309,12197.892433078783
00bbac68_6310,12197.896612114117
00bbac68_6311,12197.913571472192
00bbac68_6312,12197.920525238069
00bbac68_6313,12197.92731313782
00bbac68_6314,12197.943589960614
00bbac68_6315,12197.95097868026
00bbac68_6316,12197.958555340294
00bbac68_6317,12197.974737857909
00bbac68_6318,12197.980245396177
00bbac68_6319,12197.996409012949
00bbac68_6320,12198.00306795746
00bbac68_6321,12198.019205067343
00bbac68_6322,12198.02652716668
00bbac68_6323,12198.043294361069
00bbac68_6324,12198.051668360997
00bbac68_6325,12198.066916346424
00bbac68_6326,12198.074916899088
00bbac68_6327,12198.091694294182
00bbac68_6328,12198.098977820202
00bbac68_6329,12198.116124256285
00bbac68_6330,12198.123150386707
00bbac68_6331,12198.13017016734
00bbac68_6332,12198.145886202632
00bbac68_6333,12198.151246223922
00bbac68_6334,12198.16710617059
00bbac68_6335,12198.1731482739
00bbac68_6336,12198.180395878262
00bbac68_6337,12198.197001179107
00bbac68_6338,12198.205149933969
00bbac68_6339,12198.213373612318
00bbac68_6340,12198.220967048212
00bbac68_6341,12198.23829780066
00bbac68_6342,12198.247585274
00bbac68_6343,12198.25605329475
00bbac68_6344,12198.264649127092
00bbac68_6345,12198.282226490292
00bbac68_6346,12198.28925710064
00bbac68_6347,12198.295294624202
00bbac68_6348,12198.30300987402
00bbac68_6349,12198.309752661437
00bbac68_6350,12198.325362149448
00bbac68_6351,12198.33292283312
00bbac68_6352,12198.34057056276
00bbac68_6353,12198.348270296332
00bbac68_6354,12198.356360298174
00bbac68_6355,12198.363137255255
00bbac68_6356,12198.371725941724
00bbac68_6357,12198.379353617438
00bbac68_6358,12198.387704550434
00bbac68_6359,12198.39570045426
00bbac68_6360,12198.403311013057
00bbac68_6361,12198.412203278966
00bbac68_6362,12198.41871352386
00bbac68_6363,12198.427930289012
00bbac68_6364,12198.437588271545
00bbac68_6365,12198.446328462427
00bbac68_6366,12198.453676697194
00bbac68_6367,12198.46347935306
00bbac68_6368,12198.474413496877
00bbac68_6369,12198.485826363429
00bbac68_6370,12198.495506236255
00bbac68_6371,12198.505210091873
00bbac68_6372,12198.513634024494
00bbac68_6373,12198.521370009865
00bbac68_6374,12198.519276915544
00bbac68_6375,12198.525897945236
00bbac68_6376,12198.53199266985
00bbac68_6377,12198.536322194012
00bbac68_6378,12198.541819317912
00bbac68_6379,12198.537857896115
00bbac68_6380,12198.543598363936
00bbac68_6381,12198.548379028403
00bbac68_6382,12198.55316485725
00bbac68_6383,12198.552982854366
00bbac68_6384,12198.561923281262
00bbac68_6385,12198.568966117156
00bbac68_6386,12198.577432551225
00bbac68_6387,12198.576144425228
00bbac68_6388,12198.583845431083
00bbac68_6389,12198.59205873937
00bbac68_6390,12198.590200747693
00bbac68_6391,12198.59794424637
00bbac68_6392,12198.595433824805
00bbac68_6393,12198.603577733847
00bbac68_6394,12198.611757080267
00bbac68_6395,12198.610282260208
00bbac68_6396,12198.618353380823
00bbac68_6397,12198.616790967715
00bbac68_6398,12198.625057853424
00bbac68_6399,12198.623389115137
00bbac68_6400,12198.628995666486
00bbac68_6401,12198.6276898573
00bbac68_6402,12198.635812210048
00bbac68_6403,12198.63411481167
00bbac68_6404,12198.640656821604
00bbac68_6405,12198.63857730767
00bbac68_6406,12198.64506193523
00bbac68_6407,12198.641949928824
00bbac68_6408,12198.639400650976
00bbac68_6409,12198.64624290563
00bbac68_6410,12198.64276657535
00bbac68_6411,12198.649546258055
00bbac68_6412,12198.64745847711
00bbac68_6413,12198.648204882018
00bbac68_6414,12198.657640788324
00bbac68_6415,12198.655541530312
00bbac68_6416,12198.655644349526
00bbac68_6417,12198.665039181493
00bbac68_6418,12198.66441573693
00bbac68_6419,12198.663739843252
00bbac68_6420,12198.671632219017
00bbac68_6421,12198.670709508187
00bbac68_6422,12198.666089063983
00bbac68_6423,12198.673020822294
00bbac68_6424,12198.66844353854
00bbac68_6425,12198.664896290344
00bbac68_6426,12198.66862048361
00bbac68_6427,12198.666329952024
00bbac68_6428,12198.663302153656
00bbac68_6429,12198.67189795633
00bbac68_6430,12198.668020543748
00bbac68_6431,12198.667246995145
00bbac68_6432,12198.675209865793
00bbac68_6433,12198.674250652206
00bbac68_6434,12198.682312203093
00bbac68_6435,12198.682918532197
00bbac68_6436,12198.681398350283
00bbac68_6437,12198.689089493611
00bbac68_6438,12198.68849114249
00bbac68_6439,12198.689041595244
00bbac68_6440,12198.69679587378
00bbac68_6441,12198.695724993211
00bbac68_6442,12198.701288315282
00bbac68_6443,12198.70049088274
00bbac68_6444,12198.698852429974
00bbac68_6445,12198.705072707377
00bbac68_6446,12198.703754961862
00bbac68_6447,12198.712268606836
00bbac68_6448,12198.71261265953
00bbac68_6449,12198.720061994682
00bbac68_6450,12198.719858440005
00bbac68_6451,12198.718834790368
00bbac68_6452,12198.724709881568
00bbac68_6453,12198.724239303225
00bbac68_6454,12198.733114250028
00bbac68_6455,12198.732107622964
00bbac68_6456,12198.73955196171
00bbac68_6457,12198.738681418114
00bbac68_6458,12198.73556196257
00bbac68_6459,12198.744915204428
00bbac68_6460,12198.7422222391
00bbac68_6461,12198.750005250098
00bbac68_6462,12198.748927614814
00bbac68_6463,12198.75829226676
00bbac68_6464,12198.757936685794
00bbac68_6465,12198.764971951916
00bbac68_6466,12198.76353249678
00bbac68_6467,12198.76820385745
00bbac68_6468,12198.767588894676
00bbac68_6469,12198.775160399273
00bbac68_6470,12198.774456565869
00bbac68_6471,12198.781668504307
00bbac68_6472,12198.781370558552
00bbac68_6473,12198.789642999844
00bbac68_6474,12198.787316500751
00bbac68_6475,12198.795202370366
00bbac68_6476,12198.793506055405
00bbac68_6477,12198.802816073305
00bbac68_6478,12198.801149202836
00bbac68_6479,12198.810380536448
00bbac68_6480,12198.808211322224
00bbac68_6481,12198.816073359922
00bbac68_6482,12198.813388268056
00bbac68_6483,12198.822498445845
00bbac68_6484,12198.822312154403
00bbac68_6485,12198.829561264383
00bbac68_6486,12198.828925068765
00bbac68_6487,12198.836560661208
00bbac68_6488,12198.845602290989
00bbac68_6489,12198.8458450076
00bbac68_6490,12198.852324792731
00bbac68_6491,12198.853125418556
00bbac68_6492,12198.861399168803
00bbac68_6493,12198.86206427286
00bbac68_6494,12198.871586383488
00bbac68_6495,12198.881678164573
00bbac68_6496,12198.882424288626
00bbac68_6497,12198.88993381001
00bbac68_6498,12198.891015430689
00bbac68_6499,12198.90126584188
00bbac68_6500,12198.900196637982
00bbac68_6501,12198.90879108504
00bbac68_6502,12198.91685420105
00bbac68_6503,12198.914374057897
00bbac68_6504,12198.922473005465
00bbac68_6505,12198.91882237516
00bbac68_6506,12198.925016841024
00bbac68_6507,12198.932199472509
00bbac68_6508,12198.92920807983
00bbac68_6509,12198.937459739433
00bbac68_6510,12198.945292254955
00bbac68_6511,12198.9433952069
00bbac68_6512,12198.950459559266
00bbac68_6513,12198.948376661136
00bbac68_6514,12198.95728671368
00bbac68_6515,12198.966786086989
00bbac68_6516,12198.966400275956
00bbac68_6517,12198.975440465389
00bbac68_6518,12198.982823277129
00bbac68_6519,12198.982702333891
00bbac68_6520,12198.991625814966
00bbac68_6521,12199.001232536924
00bbac68_6522,12199.002974563604
00bbac68_6523,12199.01386795222
00bbac68_6524,12199.025474644954
00bbac68_6525,12199.038240879025
00bbac68_6526,12199.0398118723
00bbac68_6527,12199.049439952958
00bbac68_6528,12199.060309269884
00bbac68_6529,12199.0620208891
00bbac68_6530,12199.07243254378
00bbac68_6531,12199.082175872893
00bbac68_6532,12199.091310528938
00bbac68_6533,12199.087727416014
00bbac68_6534,12199.093193649798
00bbac68_6535,12199.097831978026
00bbac68_6536,12199.094537341609
00bbac68_6537,12199.09929189794
00bbac68_6538,12199.105366258053
00bbac68_6539,12199.111126552418
00bbac68_6540,12199.117501206854
00bbac68_6541,12199.115282795832
00bbac68_6542,12199.119841755408
00bbac68_6543,12199.127581664474
00bbac68_6544,12199.136117298734
00bbac68_6545,12199.136639849012
00bbac68_6546,12199.146586875951
00bbac68_6547,12199.15660685879
00bbac68_6548,12199.166541078544
00bbac68_6549,12199.175395677852
00bbac68_6550,12199.174381818984
00bbac68_6551,12199.184466554532
00bbac68_6552,12199.193496668784
00bbac68_6553,12199.203673525828
00bbac68_6554,12199.212896377949
00bbac68_6555,12199.220529364571
00bbac68_6556,12199.218720752444
00bbac68_6557,12199.223929253383
00bbac68_6558,12199.23054568556
00bbac68_6559,12199.23739971258
00bbac68_6560,12199.244679436402
00bbac68_6561,12199.251925773193
00bbac68_6562,12199.260202019968
00bbac68_6563,12199.267804569328
00bbac68_6564,12199.266636022712
00bbac68_6565,12199.273419113237
00bbac68_6566,12199.281818828684
00bbac68_6567,12199.290967392317
00bbac68_6568,12199.300614693631
00bbac68_6569,12199.312488024842
00bbac68_6570,12199.3217217426
00bbac68_6571,12199.330741526868
00bbac68_6572,12199.337621829009
00bbac68_6573,12199.346842148638
00bbac68_6574,12199.355949894489
00bbac68_6575,12199.355569984207
00bbac68_6576,12199.365166185557
00bbac68_6577,12199.373736878524
00bbac68_6578,12199.382621541396
00bbac68_6579,12199.391508408658
00bbac68_6580,12199.39768333463
00bbac68_6581,12199.405312293698
00bbac68_6582,12199.414066891926
00bbac68_6583,12199.422510719003
00bbac68_6584,12199.432497935855
00bbac68_6585,12199.44172589646
00bbac68_6586,12199.449936427056
00bbac68_6587,12199.455966073256
00bbac68_6588,12199.463791223898
00bbac68_6589,12199.472493430629
00bbac68_6590,12199.48066620054
00bbac68_6591,12199.489059921243
00bbac68_6592,12199.498235331184
00bbac68_6593,12199.50731102594
00bbac68_6594,12199.516355183592
00bbac68_6595,12199.52421799097
00bbac68_6596,12199.532573193674
00bbac68_6597,12199.54248428673
00bbac68_6598,12199.55165102414
00bbac68_6599,12199.561125260398
00bbac68_6600,12199.580665083904
00bbac68_6601,12199.5899112361
00bbac68_6602,12199.59829491642
00bbac68_6603,12199.608074434009
00bbac68_6604,12199.618838201804
00bbac68_6605,12199.6304033424
00bbac68_6606,12199.641932832052
00bbac68_6607,12199.649342666056
00bbac68_6608,12199.659850372214
00bbac68_6609,12199.672112738612
00bbac68_6610,12199.684874829023
00bbac68_6611,12199.700459809326
00bbac68_6612,12199.725599556252
00bbac68_6613,12199.742098707551
00bbac68_6614,12199.758277881916
00bbac68_6615,12199.776300181406
00bbac68_6616,12199.791637395385
00bbac68_6617,12199.805077551558
00bbac68_6618,12199.819740609171
00bbac68_6619,12199.84327541955
00bbac68_6620,12199.856570307118
00bbac68_6621,12199.86865230269
00bbac68_6622,12199.878179977428
00bbac68_6623,12199.884116583877
00bbac68_6624,12199.89435802949
00bbac68_6625,12199.911528900133
00bbac68_6626,12199.922454223386
00bbac68_6627,12199.932110478234
00bbac68_6628,12199.941319129102
00bbac68_6629,12199.950363611357
00bbac68_6630,12199.958972572887
00bbac68_6631,12199.97743539672
00bbac68_6632,12199.983079204889
00bbac68_6633,12199.991678055549
00bbac68_6634,12200.001204859527
00bbac68_6635,12200.020113159027
00bbac68_6636,12200.029518754174
00bbac68_6637,12200.038703283317
00bbac68_6638,12200.04888808006
00bbac68_6639,12200.067612130691
00bbac68_6640,12200.07589759979
00bbac68_6641,12200.0870188991
00bbac68_6642,12200.098292162327
00bbac68_6643,12200.11765003532
00bbac68_6644,12200.126590077576
00bbac68_6645,12200.136121589192
00bbac68_6646,12200.145191142828
00bbac68_6647,12200.162285544611
00bbac68_6648,12200.171481249334
00bbac68_6649,12200.180962863556
00bbac68_6650,12200.199983816688
00bbac68_6651,12200.208349794688
00bbac68_6652,12200.21755714991
00bbac68_6653,12200.228128421806
00bbac68_6654,12200.248932531227
00bbac68_6655,12200.258423863545
00bbac68_6656,12200.269018258656
00bbac68_6657,12200.287625261995
00bbac68_6658,12200.298512608844
00bbac68_6659,12200.31111745542
00bbac68_6660,12200.332090568336
00bbac68_6661,12200.344308844828
00bbac68_6662,12200.352441652429
00bbac68_6663,12200.372168541558
00bbac68_6664,12200.383409758912
00bbac68_6665,12200.401640174794
00bbac68_6666,12200.41117014186
00bbac68_6667,12200.420518559702
00bbac68_6668,12200.440391802344
00bbac68_6669,12200.45065887494
00bbac68_6670,12200.45774793897
00bbac68_6671,12200.475613130046
00bbac68_6672,12200.48240755376
00bbac68_6673,12200.49847559394
00bbac68_6674,12200.509218292003
00bbac68_6675,12200.529344441427
00bbac68_6676,12200.53893848457
00bbac68_6677,12200.546040001676
00bbac68_6678,12200.562342329647
00bbac68_6679,12200.571206363991
00bbac68_6680,12200.588993862935
00bbac68_6681,12200.5969884385
00bbac68_6682,12200.615521435657
00bbac68_6683,12200.624597478129
00bbac68_6684,12200.63390039551
00bbac68_6685,12200.650106149298
00bbac68_6686,12200.656878889067
00bbac68_6687,12200.674464765048
00bbac68_6688,12200.683407959104
00bbac68_6689,12200.703686174156
00bbac68_6690,12200.716883015986
00bbac68_6691,12200.740581025688
00bbac68_6692,12200.75593182473
00bbac68_6693,12200.780548121324
00bbac68_6694,12200.797949807891
00bbac68_6695,12200.823616069238
00bbac68_6696,12200.839599742265
00bbac68_6697,12200.86408597911
00bbac68_6698,12200.87858042595
00bbac68_6699,12200.90286664006
00bbac68_6700,12200.924221600091
00bbac68_6701,12200.934607264193
00bbac68_6702,12200.954124471584
00bbac68_6703,12200.964148549012
00bbac68_6704,12200.984258779205
00bbac68_6705,12200.997695904707
00bbac68_6706,12201.018211640516
00bbac68_6707,12201.028039916628
00bbac68_6708,12201.051798448218
00bbac68_6709,12201.075063621263
00bbac68_6710,12201.088648280253
00bbac68_6711,12201.113068033788
00bbac68_6712,12201.12623506011
00bbac68_6713,12201.148139065985
00bbac68_6714,12201.172424369382
00bbac68_6715,12201.184525611288
00bbac68_6716,12201.20721544382
00bbac68_6717,12201.228309780314
00bbac68_6718,12201.239358932027
00bbac68_6719,12201.261522812694
00bbac68_6720,12201.282515018776
00bbac68_6721,12201.293838471018
00bbac68_6722,12201.316358277934
00bbac68_6723,12201.337280411344
00bbac68_6724,12201.351022182003
00bbac68_6725,12201.374029072113
00bbac68_6726,12201.395365566375
00bbac68_6727,12201.41745359076
00bbac68_6728,12201.432819620071
00bbac68_6729,12201.45574273384
00bbac68_6730,12201.479456462746
00bbac68_6731,12201.493325915157
00bbac68_6732,12201.51637063392
00bbac68_6733,12201.542583368531
00bbac68_6734,12201.56632797471
00bbac68_6735,12201.580753047949
00bbac68_6736,12201.608666970124
00bbac68_6737,12201.634268748378
00bbac68_6738,12201.659366968226
00bbac68_6739,12201.68433699444
00bbac68_6740,12201.698723030382
00bbac68_6741,12201.720473355745
00bbac68_6742,12201.745248927313
00bbac68_6743,12201.76863263814
00bbac68_6744,12201.793543517448
00bbac68_6745,12201.817079006947
00bbac68_6746,12201.829076810876
00bbac68_6747,12201.851433233152
00bbac68_6748,12201.874097682325
00bbac68_6749,12201.897623960524
00bbac68_6750,12201.92209320348
00bbac68_6751,12201.943729898348
00bbac68_6752,12201.967091725755
00bbac68_6753,12201.982617966538
00bbac68_6754,12202.004590082925
00bbac68_6755,12202.02502367298
00bbac68_6756,12202.048393341562
00bbac68_6757,12202.067918972618
00bbac68_6758,12202.08806885872
00bbac68_6759,12202.110909740024
00bbac68_6760,12202.13108937454
00bbac68_6761,12202.149048578354
00bbac68_6762,12202.168853143194
00bbac68_6763,12202.1901282437
00bbac68_6764,12202.212288012968
00bbac68_6765,12202.233553032527
00bbac68_6766,12202.254445707938
00bbac68_6767,12202.276662119011
00bbac68_6768,12202.29911862232
00bbac68_6769,12202.32272205519
00bbac68_6770,12202.346905460658
00bbac68_6771,12202.368661726348
00bbac68_6772,12202.390588541886
00bbac68_6773,12202.413835210227
00bbac68_6774,12202.43552592079
00bbac68_6775,12202.459366255049
00bbac68_6776,12202.48007047482
00bbac68_6777,12202.50132442421
00bbac68_6778,12202.52642746376
00bbac68_6779,12202.548680182592
00bbac68_6780,12202.570795229038
00bbac68_6781,12202.595295218993
00bbac68_6782,12202.618032375272
00bbac68_6783,12202.64081239733
00bbac68_6784,12202.664680952625
00bbac68_6785,12202.687435764865
00bbac68_6786,12202.709900230817
00bbac68_6787,12202.74239622496
00bbac68_6788,12202.76347404459
00bbac68_6789,12202.783931618034
00bbac68_6790,12202.806112295591
00bbac68_6791,12202.826650843224
00bbac68_6792,12202.847219619383
00bbac68_6793,12202.86776106646
00bbac68_6794,12202.89742625269
00bbac68_6795,12202.919969674023
00bbac68_6796,12202.94099652756
00bbac68_6797,12202.962319939696
00bbac68_6798,12202.985416724445
00bbac68_6799,12203.00718545301
00bbac68_6800,12203.038195137957
00bbac68_6801,12203.06235757066
00bbac68_6802,12203.0829208241
00bbac68_6803,12203.103946070418
00bbac68_6804,12203.126430733908
00bbac68_6805,12203.147556688276
00bbac68_6806,12203.172352246807
00bbac68_6807,12203.203233397571
00bbac68_6808,12203.224114755692
00bbac68_6809,12203.2474617146
00bbac68_6810,12203.26940449003
00bbac68_6811,12203.2913563621
00bbac68_6812,12203.314579554337
00bbac68_6813,12203.3454848801
00bbac68_6814,12203.365864860589
00bbac68_6815,12203.388362050013
00bbac68_6816,12203.409504449974
00bbac68_6817,12203.430070733555
00bbac68_6818,12203.452162022517
00bbac68_6819,12203.483246394144
00bbac68_6820,12203.506886931333
00bbac68_6821,12203.529694621644
00bbac68_6822,12203.552931717715
00bbac68_6823,12203.576585267254
00bbac68_6824,12203.598720128784
00bbac68_6825,12203.630038501473
00bbac68_6826,12203.6549207917
00bbac68_6827,12203.677444175666
00bbac68_6828,12203.69935939492
00bbac68_6829,12203.722768560756
00bbac68_6830,12203.74391568591
00bbac68_6831,12203.77496526979
00bbac68_6832,12203.798471694983
00bbac68_6833,12203.820370005858
00bbac68_6834,12203.844345777849
00bbac68_6835,12203.86578960622
00bbac68_6836,12203.88657833448
00bbac68_6837,12203.918788936087
00bbac68_6838,12203.939748417764
00bbac68_6839,12203.961365640636
00bbac68_6840,12203.984317098
00bbac68_6841,12204.003245975038
00bbac68_6842,12204.023010447065
00bbac68_6843,12204.04640126422
00bbac68_6844,12204.077087060348
00bbac68_6845,12204.09875817013
00bbac68_6846,12204.121531843775
00bbac68_6847,12204.142273546746
00bbac68_6848,12204.16466133323
00bbac68_6849,12204.19161994124
00bbac68_6850,12204.22727318656
00bbac68_6851,12204.254624838146
00bbac68_6852,12204.279505968709
00bbac68_6853,12204.303966321088
00bbac68_6854,12204.329155692016
00bbac68_6855,12204.35198004753
00bbac68_6856,12204.38251047834
00bbac68_6857,12204.404480651056
00bbac68_6858,12204.425747902063
00bbac68_6859,12204.446759947108
00bbac68_6860,12204.46803460188
00bbac68_6861,12204.487489895868
00bbac68_6862,12204.5152987186
00bbac68_6863,12204.537266212885
00bbac68_6864,12204.561231471287
00bbac68_6865,12204.588347882473
00bbac68_6866,12204.613373417493
00bbac68_6867,12204.637418837048
00bbac68_6868,12204.672753823656
00bbac68_6869,12204.696662571445
00bbac68_6870,12204.71990549604
00bbac68_6871,12204.744971731305
00bbac68_6872,12204.768087894272
00bbac68_6873,12204.791723261316
00bbac68_6874,12204.826683419173
00bbac68_6875,12204.850056629371
00bbac68_6876,12204.874096288908
00bbac68_6877,12204.899208108092
00bbac68_6878,12204.9215833153
00bbac68_6879,12204.94580476576
00bbac68_6880,12204.969374421087
00bbac68_6881,12205.000723260266
00bbac68_6882,12205.02406065434
00bbac68_6883,12205.045941770635
00bbac68_6884,12205.067744144197
00bbac68_6885,12205.08985573789
00bbac68_6886,12205.110129167564
00bbac68_6887,12205.140631659764
00bbac68_6888,12205.164088599471
00bbac68_6889,12205.187644085405
00bbac68_6890,12205.21160321392
00bbac68_6891,12205.236655882018
00bbac68_6892,12205.260073438454
00bbac68_6893,12205.28446297036
00bbac68_6894,12205.316058808605
00bbac68_6895,12205.338749170483
00bbac68_6896,12205.364342308092
00bbac68_6897,12205.386629035394
00bbac68_6898,12205.40967244357
00bbac68_6899,12205.434966002143
00bbac68_6900,12205.45845309152
00bbac68_6901,12205.48183643681
00bbac68_6902,12205.507709715926
00bbac68_6903,12205.53269103526
00bbac68_6904,12205.557557720358
00bbac68_6905,12205.58431875338
00bbac68_6906,12205.608921505524
00bbac68_6907,12205.632379706998
00bbac68_6908,12205.6570272364
00bbac68_6909,12205.679925985414
00bbac68_6910,12205.70484249614
00bbac68_6911,12205.727540957312
00bbac68_6912,12205.749970784513
00bbac68_6913,12205.773823521324
00bbac68_6914,12205.796760587282
00bbac68_6915,12205.819039643076
00bbac68_6916,12205.842121929289
00bbac68_6917,12205.864289089248
00bbac68_6918,12205.886610085226
00bbac68_6919,12205.9102121416
00bbac68_6920,12205.931949488506
00bbac68_6921,12205.954054782498
00bbac68_6922,12205.977441727126
00bbac68_6923,12205.998513414566
00bbac68_6924,12206.01249617992
00bbac68_6925,12206.034432397151
00bbac68_6926,12206.056472485074
00bbac68_6927,12206.079992725236
00bbac68_6928,12206.102086584224
00bbac68_6929,12206.124053525393
00bbac68_6930,12206.138248411824
00bbac68_6931,12206.159338325948
00bbac68_6932,12206.181392656828
00bbac68_6933,12206.205533014445
00bbac68_6934,12206.226742247956
00bbac68_6935,12206.238442004713
00bbac68_6936,12206.262389357478
00bbac68_6937,12206.28400544214
00bbac68_6938,12206.30761327139
00bbac68_6939,12206.329267087469
00bbac68_6940,12206.341723340356
00bbac68_6941,12206.364806937032
00bbac68_6942,12206.386469946206
00bbac68_6943,12206.399648759285
00bbac68_6944,12206.422878640664
00bbac68_6945,12206.443488085752
00bbac68_6946,12206.465177464856
00bbac68_6947,12206.4805035783
00bbac68_6948,12206.503429311417
00bbac68_6949,12206.525420518085
00bbac68_6950,12206.541176203886
00bbac68_6951,12206.56480839825
00bbac68_6952,12206.591311472152
00bbac68_6953,12206.605872021102
00bbac68_6954,12206.63045649744
00bbac68_6955,12206.656645320196
00bbac68_6956,12206.671963850204
00bbac68_6957,12206.696414840291
00bbac68_6958,12206.71355514562
00bbac68_6959,12206.736031764372
00bbac68_6960,12206.757962528063
00bbac68_6961,12206.773324062457
00bbac68_6962,12206.79744977696
00bbac68_6963,12206.81205821081
00bbac68_6964,12206.835925372625
00bbac68_6965,12206.849249662751
00bbac68_6966,12206.87195235562
00bbac68_6967,12206.886914693598
00bbac68_6968,12206.90905873892
00bbac68_6969,12206.923033526806
00bbac68_6970,12206.944769990389
00bbac68_6971,12206.956860705694
00bbac68_6972,12206.980377877651
00bbac68_6973,12206.992845360866
00bbac68_6974,12207.015170798926
00bbac68_6975,12207.028511082226
00bbac68_6976,12207.052370840738
00bbac68_6977,12207.068584034774
00bbac68_6978,12207.096608541782
00bbac68_6979,12207.113786401413
00bbac68_6980,12207.139104949538
00bbac68_6981,12207.15652335641
00bbac68_6982,12207.174027830002
00bbac68_6983,12207.202913870904
00bbac68_6984,12207.219046837348
00bbac68_6985,12207.244959502495
00bbac68_6986,12207.263531969764
00bbac68_6987,12207.280437528854
00bbac68_6988,12207.306284974467
00bbac68_6989,12207.323781499636
00bbac68_6990,12207.339627168938
00bbac68_6991,12207.3617787915
00bbac68_6992,12207.378302063356
00bbac68_6993,12207.39414370204
00bbac68_6994,12207.418048738282
00bbac68_6995,12207.434205176938
00bbac68_6996,12207.4482824524
00bbac68_6997,12207.47311115196
00bbac68_6998,12207.487744612508
00bbac68_6999,12207.50185498665
00bbac68_7000,12207.526188516687
00bbac68_7001,12207.540889981208
00bbac68_7002,12207.556339426365
00bbac68_7003,12207.581913988848
00bbac68_7004,12207.596338352654
00bbac68_7005,12207.6107797603
00bbac68_7006,12207.627688414752
00bbac68_7007,12207.649472261892
00bbac68_7008,12207.663491046287
00bbac68_7009,12207.68039485198
00bbac68_7010,12207.70381066091
00bbac68_7011,12207.719886870434
00bbac68_7012,12207.732990241291
00bbac68_7013,12207.744300139057
00bbac68_7014,12207.765558699306
00bbac68_7015,12207.777174285731
00bbac68_7016,12207.788229900105
00bbac68_7017,12207.801178889367
00bbac68_7018,12207.812192827489
00bbac68_7019,12207.833162747153
00bbac68_7020,12207.848643588448
00bbac68_7021,12207.86184613856
00bbac68_7022,12207.875743982291
00bbac68_7023,12207.89015821934
00bbac68_7024,12207.913166543734
00bbac68_7025,12207.928189226292
00bbac68_7026,12207.94409915297
00bbac68_7027,12207.957364263648
00bbac68_7028,12207.972242432292
00bbac68_7029,12207.994024106856
00bbac68_7030,12208.004149205648
00bbac68_7031,12208.014776043708
00bbac68_7032,12208.027888255345
00bbac68_7033,12208.041187174187
00bbac68_7034,12208.057599902068
00bbac68_7035,12208.072839814626
00bbac68_7036,12208.09694254878
00bbac68_7037,12208.112552465736
00bbac68_7038,12208.127271869953
00bbac68_7039,12208.142039277793
00bbac68_7040,12208.157953813252
00bbac68_7041,12208.173434265897
00bbac68_7042,12208.190489230905
00bbac68_7043,12208.206184268143
00bbac68_7044,12208.220909272568
00bbac68_7045,12208.245458349866
00bbac68_7046,12208.257752750576
00bbac68_7047,12208.272160947778
00bbac68_7048,12208.292460581935
00bbac68_7049,12208.308005569634
00bbac68_7050,12208.323006133416
00bbac68_7051,12208.33734765221
00bbac68_7052,12208.347977874331
00bbac68_7053,12208.358004009253
00bbac68_7054,12208.369731212324
00bbac68_7055,12208.379549575076
00bbac68_7056,12208.389428330996
00bbac68_7057,12208.39971977239
00bbac68_7058,12208.410377416569
00bbac68_7059,12208.422918355693
00bbac68_7060,12208.434469973854
00bbac68_7061,12208.44803353147
00bbac68_7062,12208.464794091587
00bbac68_7063,12208.48013962187
00bbac68_7064,12208.494559281506
00bbac68_7065,12208.51013126005
00bbac68_7066,12208.524299272502
00bbac68_7067,12208.537872699631
00bbac68_7068,12208.552228383014
00bbac68_7069,12208.565509152277
00bbac68_7070,12208.577771433384
00bbac68_7071,12208.591704312596
00bbac68_7072,12208.60336281238
00bbac68_7073,12208.618322272552
00bbac68_7074,12208.63140625432
00bbac68_7075,12208.644081862414
00bbac68_7076,12208.659060394612
00bbac68_7077,12208.673699968886
00bbac68_7078,12208.688143229312
00bbac68_7079,12208.704531111089
00bbac68_7080,12208.70984065306
00bbac68_7081,12208.725115508352
00bbac68_7082,12208.743048842014
00bbac68_7083,12208.758183548744
00bbac68_7084,12208.7729842787
00bbac68_7085,12208.789237460873
00bbac68_7086,12208.802908658765
00bbac68_7087,12208.817754158254
00bbac68_7088,12208.831284988404
00bbac68_7089,12208.846455010314
00bbac68_7090,12208.862626222355
00bbac68_7091,12208.876084222436
00bbac68_7092,12208.889721588164
00bbac68_7093,12208.905476975631
00bbac68_7094,12208.919021199245
00bbac68_7095,12208.933484672778
00bbac68_7096,12208.948259517874
00bbac68_7097,12208.960401182252
00bbac68_7098,12208.972912341967
00bbac68_7099,12208.98784510652
00bbac68_7100,12209.002873000012
00bbac68_7101,12209.018779103317
00bbac68_7102,12209.036674361456
00bbac68_7103,12209.05195803874
00bbac68_7104,12209.071935507667
00bbac68_7105,12209.09274335976
00bbac68_7106,12209.11185612938
00bbac68_7107,12209.132406618211
00bbac68_7108,12209.149449044387
00bbac68_7109,12209.162492687585
00bbac68_7110,12209.178814464682
00bbac68_7111,12209.192485406846
00bbac68_7112,12209.205611486786
00bbac68_7113,12209.219978352256
00bbac68_7114,12209.234285242946
00bbac68_7115,12209.251410178404
00bbac68_7116,12209.269312847651
00bbac68_7117,12209.28446134696
00bbac68_7118,12209.303183395004
00bbac68_7119,12209.31630599986
00bbac68_7120,12209.332271611973
00bbac68_7121,12209.360231596953
00bbac68_7122,12209.3753366553
00bbac68_7123,12209.389222982294
00bbac68_7124,12209.402547009546
00bbac68_7125,12209.413297427349
00bbac68_7126,12209.426496953967
00bbac68_7127,12209.43964100841
00bbac68_7128,12209.452349806465
00bbac68_7129,12209.463688262374
00bbac68_7130,12209.47853338153
00bbac68_7131,12209.493192631267
00bbac68_7132,12209.506790244246
00bbac68_7133,12209.532639319135
00bbac68_7134,12209.54830707311
00bbac68_7135,12209.56429021361
00bbac68_7136,12209.58188137514
00bbac68_7137,12209.601008246238
00bbac68_7138,12209.62146192744
00bbac68_7139,12209.639270753809
00bbac68_7140,12209.655110199184
00bbac68_7141,12209.680781784078
00bbac68_7142,12209.69291744039
00bbac68_7143,12209.70681204126
00bbac68_7144,12209.723172081292
00bbac68_7145,12209.73542116049
00bbac68_7146,12209.749877342463
00bbac68_7147,12209.76753470656
00bbac68_7148,12209.792891569828
00bbac68_7149,12209.809783791654
00bbac68_7150,12209.827171553534
00bbac68_7151,12209.847116642322
00bbac68_7152,12209.867007638764
00bbac68_7153,12209.884674334944
00bbac68_7154,12209.909027859208
00bbac68_7155,12209.923668697376
00bbac68_7156,12209.935387620088
00bbac68_7157,12209.945809013929
00bbac68_7158,12209.958391918191
00bbac68_7159,12209.98087676444
00bbac68_7160,12209.992192713682
00bbac68_7161,12210.004758937808
00bbac68_7162,12210.01796329599
00bbac68_7163,12210.033856547065
00bbac68_7164,12210.05821695178
00bbac68_7165,12210.073829005833
00bbac68_7166,12210.094490848163
00bbac68_7167,12210.112774345249
00bbac68_7168,12210.130244721066
00bbac68_7169,12210.158973466478
00bbac68_7170,12210.176791429933
00bbac68_7171,12210.195438107809
00bbac68_7172,12210.215846451978
00bbac68_7173,12210.24328577432
00bbac68_7174,12210.261167925248
00bbac68_7175,12210.279761852296
00bbac68_7176,12210.295368789022
00bbac68_7177,12210.319749877344
00bbac68_7178,12210.336946104111
00bbac68_7179,12210.35182838937
00bbac68_7180,12210.376858140591
00bbac68_7181,12210.3901284461
00bbac68_7182,12210.403107648042
00bbac68_7183,12210.417908368505
00bbac68_7184,12210.441232217116
00bbac68_7185,12210.455481105662
00bbac68_7186,12210.470447540874
00bbac68_7187,12210.494107810162
00bbac68_7188,12210.508969735189
00bbac68_7189,12210.526160639813
00bbac68_7190,12210.550151320978
00bbac68_7191,12210.563425884478
00bbac68_7192,12210.57861051272
00bbac68_7193,12210.60152317192
00bbac68_7194,12210.61777123213
00bbac68_7195,12210.632218600773
00bbac68_7196,12210.655965499369
00bbac68_7197,12210.671947435943
00bbac68_7198,12210.68654591891
00bbac68_7199,12210.712177712085
00bbac68_7200,12210.729640488376
00bbac68_7201,12210.744361307625
00bbac68_7202,12210.76786459592
00bbac68_7203,12210.785799371555
00bbac68_7204,12210.81197276651
00bbac68_7205,12210.827743888098
00bbac68_7206,12210.84489116145
00bbac68_7207,12210.867775875828
00bbac68_7208,12210.883471651763
00bbac68_7209,12210.906247119055
00bbac68_7210,12210.919818707856
00bbac68_7211,12210.944657552162
00bbac68_7212,12210.958378154965
00bbac68_7213,12210.972010655882
00bbac68_7214,12210.997956248037
00bbac68_7215,12211.012228877238
00bbac68_7216,12211.035306636031
00bbac68_7217,12211.05081286437
00bbac68_7218,12211.07622249603
00bbac68_7219,12211.094617682167
00bbac68_7220,12211.124658758556
00bbac68_7221,12211.143486781126
00bbac68_7222,12211.172333103616
00bbac68_7223,12211.19278079285
00bbac68_7224,12211.212112356934
00bbac68_7225,12211.242915013278
00bbac68_7226,12211.26122422503
00bbac68_7227,12211.288242395936
00bbac68_7228,12211.307491896769
00bbac68_7229,12211.332417795153
00bbac68_7230,12211.357495529017
00bbac68_7231,12211.373947686749
00bbac68_7232,12211.397882565883
00bbac68_7233,12211.411852082654
00bbac68_7234,12211.43897567015
00bbac68_7235,12211.456890964895
00bbac68_7236,12211.484426592
00bbac68_7237,12211.505689910886
00bbac68_7238,12211.535115536626
00bbac68_7239,12211.557139418092
00bbac68_7240,12211.586551914526
00bbac68_7241,12211.615007006902
00bbac68_7242,12211.63325285364
00bbac68_7243,12211.65889432552
00bbac68_7244,12211.675074036746
00bbac68_7245,12211.700952630214
00bbac68_7246,12211.715121932091
00bbac68_7247,12211.737662673737
00bbac68_7248,12211.761623683376
00bbac68_7249,12211.775293137678
00bbac68_7250,12211.801334023734
00bbac68_7251,12211.822151746232
00bbac68_7252,12211.850789113128
00bbac68_7253,12211.881401319868
00bbac68_7254,12211.89861216472
00bbac68_7255,12211.923990527608
00bbac68_7256,12211.9518035911
00bbac68_7257,12211.968145130802
00bbac68_7258,12211.993167813576
00bbac68_7259,12212.019736989589
00bbac68_7260,12212.034957321255
00bbac68_7261,12212.058790143052
00bbac68_7262,12212.083799690665
00bbac68_7263,12212.098998245954
00bbac68_7264,12212.124995432932
00bbac68_7265,12212.154180283182
00bbac68_7266,12212.172021900902
00bbac68_7267,12212.20011880657
00bbac68_7268,12212.226168855605
00bbac68_7269,12212.243087555127
00bbac68_7270,12212.268541290963
00bbac68_7271,12212.292972040492
00bbac68_7272,12212.30758587128
00bbac68_7273,12212.333360328235
00bbac68_7274,12212.356945613745
00bbac68_7275,12212.381422801096
00bbac68_7276,12212.398790278898
00bbac68_7277,12212.424662339568
00bbac68_7278,12212.450773447574
00bbac68_7279,12212.469970365904
00bbac68_7280,12212.500026644411
00bbac68_7281,12212.529926907291
00bbac68_7282,12212.549561571068
00bbac68_7283,12212.576086100971
00bbac68_7284,12212.604277172
00bbac68_7285,12212.621354355108
00bbac68_7286,12212.646426256906
00bbac68_7287,12212.672973446228
00bbac68_7288,12212.686597524418
00bbac68_7289,12212.712154204935
00bbac68_7290,12212.739828826008
00bbac68_7291,12212.767705400733
00bbac68_7292,12212.785270250904
00bbac68_7293,12212.812563003275
00bbac68_7294,12212.839807660768
00bbac68_7295,12212.858187668931
00bbac68_7296,12212.887382404411
00bbac68_7297,12212.915071911711
00bbac68_7298,12212.931786543695
00bbac68_7299,12212.957750534377
00bbac68_7300,12212.983727383464
00bbac68_7301,12212.99873243203
00bbac68_7302,12213.023049102963
00bbac68_7303,12213.048702817454
00bbac68_7304,12213.071490515396
00bbac68_7305,12213.086352651117
00bbac68_7306,12213.109120850131
00bbac68_7307,12213.130213528766
00bbac68_7308,12213.142573145107
00bbac68_7309,12213.162605601712
00bbac68_7310,12213.18263672217
00bbac68_7311,12213.191493152668
00bbac68_7312,12213.213284946278
00bbac68_7313,12213.235239546138
00bbac68_7314,12213.251401535956
00bbac68_7315,12213.277847415247
00bbac68_7316,12213.304010019172
00bbac68_7317,12213.330821119476
00bbac68_7318,12213.347080358177
00bbac68_7319,12213.371859711093
00bbac68_7320,12213.39596670857
00bbac68_7321,12213.409650786296
00bbac68_7322,12213.433006331092
00bbac68_7323,12213.4551621485
00bbac68_7324,12213.469290669764
00bbac68_7325,12213.492120080444
00bbac68_7326,12213.517479002625
00bbac68_7327,12213.530221947
00bbac68_7328,12213.555196289724
00bbac68_7329,12213.579847713769
00bbac68_7330,12213.604693139609
00bbac68_7331,12213.621182114006
00bbac68_7332,12213.643973981678
00bbac68_7333,12213.665046433083
00bbac68_7334,12213.67665372233
00bbac68_7335,12213.698198013297
00bbac68_7336,12213.717982543609
00bbac68_7337,12213.727176330438
00bbac68_7338,12213.746909856223
00bbac68_7339,12213.767354089829
00bbac68_7340,12213.779726791725
00bbac68_7341,12213.79972809348
00bbac68_7342,12213.82148416317
00bbac68_7343,12213.832631562658
00bbac68_7344,12213.856054526104
00bbac68_7345,12213.877770208948
00bbac68_7346,12213.901859061514
00bbac68_7347,12213.9191353908
00bbac68_7348,12213.944304784982
00bbac68_7349,12213.97170029454
00bbac68_7350,12213.988923745255
00bbac68_7351,12214.015977577705
00bbac68_7352,12214.041504071096
00bbac68_7353,12214.060051721186
00bbac68_7354,12214.08651401066
00bbac68_7355,12214.110866436244
00bbac68_7356,12214.126739110694
00bbac68_7357,12214.152127594834
00bbac68_7358,12214.178832545258
00bbac68_7359,12214.20274542469
00bbac68_7360,12214.2176951189
00bbac68_7361,12214.242803286888
00bbac68_7362,12214.269642470874
00bbac68_7363,12214.282731934052
00bbac68_7364,12214.30392548983
00bbac68_7365,12214.327595973597
00bbac68_7366,12214.342568674849
00bbac68_7367,12214.367928342952
00bbac68_7368,12214.390239442671
00bbac68_7369,12214.414351849631
00bbac68_7370,12214.429636159604
00bbac68_7371,12214.454645547085
00bbac68_7372,12214.479165334677
00bbac68_7373,12214.49121790443
00bbac68_7374,12214.511774382465
00bbac68_7375,12214.532307706011
00bbac68_7376,12214.555416947289
00bbac68_7377,12214.569709895128
00bbac68_7378,12214.592845005614
00bbac68_7379,12214.6162929183
00bbac68_7380,12214.643504585723
00bbac68_7381,12214.660706227343
00bbac68_7382,12214.687216571692
00bbac68_7383,12214.715642393476
00bbac68_7384,12214.744079318836
00bbac68_7385,12214.765304114577
00bbac68_7386,12214.792463204029
00bbac68_7387,12214.817292270129
00bbac68_7388,12214.841926734052
00bbac68_7389,12214.865424374371
00bbac68_7390,12214.878949264092
00bbac68_7391,12214.90231443374
00bbac68_7392,12214.927805764102
00bbac68_7393,12214.954259666349
00bbac68_7394,12214.981372958911
00bbac68_7395,12214.997493493434
00bbac68_7396,12215.021562988662
00bbac68_7397,12215.04558963782
00bbac68_7398,12215.072346646986
00bbac68_7399,12215.098097443824
00bbac68_7400,12215.113168022002
00bbac68_7401,12215.137047993125
00bbac68_7402,12215.160007780749
00bbac68_7403,12215.185103662589
00bbac68_7404,12215.2088553947
00bbac68_7405,12215.232073027726
00bbac68_7406,12215.248079966115
00bbac68_7407,12215.27580215647
00bbac68_7408,12215.302974540124
00bbac68_7409,12215.329461635434
00bbac68_7410,12215.35474822253
00bbac68_7411,12215.38007626916
00bbac68_7412,12215.408019526594
00bbac68_7413,12215.425683425132
00bbac68_7414,12215.454105368655
00bbac68_7415,12215.478405535328
00bbac68_7416,12215.507143103385
00bbac68_7417,12215.534903412425
00bbac68_7418,12215.565355777651
00bbac68_7419,12215.599332551086
00bbac68_7420,12215.63457346256
00bbac68_7421,12215.662334407032
00bbac68_7422,12215.70037943074
00bbac68_7423,12215.737431373913
00bbac68_7424,12215.773323624851
00bbac68_7425,12215.807276894337
00bbac68_7426,12215.84046362913
00bbac68_7427,12215.872927910314
00bbac68_7428,12215.903971448097
00bbac68_7429,12215.932159347502
00bbac68_7430,12215.95946943734
00bbac68_7431,12215.971573209628
00bbac68_7432,12215.995758106885
00bbac68_7433,12216.018060567729
00bbac68_7434,12216.042529792958
00bbac68_7435,12216.069355469346
00bbac68_7436,12216.092515007518
00bbac68_7437,12216.114512874488
00bbac68_7438,12216.13674466119
00bbac68_7439,12216.160489148711
00bbac68_7440,12216.182119668416
00bbac68_7441,12216.203901728077
00bbac68_7442,12216.226891288636
00bbac68_7443,12216.25153167633
00bbac68_7444,12216.275824627766
00bbac68_7445,12216.299336144117
00bbac68_7446,12216.323015412285
00bbac68_7447,12216.346859999603
00bbac68_7448,12216.37152928014
00bbac68_7449,12216.394090893637
00bbac68_7450,12216.418711005235
00bbac68_7451,12216.443588458043
00bbac68_7452,12216.466190172148
00bbac68_7453,12216.488183643538
00bbac68_7454,12216.507883281756
00bbac68_7455,12216.529345888765
00bbac68_7456,12216.550614911615
00bbac68_7457,12216.57421337768
00bbac68_7458,12216.596635164831
00bbac68_7459,12216.618418610276
00bbac68_7460,12216.640451383942
00bbac68_7461,12216.664114883972
00bbac68_7462,12216.689575617243
00bbac68_7463,12216.7148502961
00bbac68_7464,12216.740177558137
00bbac68_7465,12216.767302884922
00bbac68_7466,12216.794954682582
00bbac68_7467,12216.82921333012
00bbac68_7468,12216.85257612171
00bbac68_7469,12216.876159590503
00bbac68_7470,12216.898563075763
00bbac68_7471,12216.921065072203
00bbac68_7472,12216.94069266016
00bbac68_7473,12216.969217660398
00bbac68_7474,12216.988135319603
00bbac68_7475,12217.00930857143
00bbac68_7476,12217.029613245826
00bbac68_7477,12217.04889273746
00bbac68_7478,12217.077331612512
00bbac68_7479,12217.097013468005
00bbac68_7480,12217.117930190509
00bbac68_7481,12217.147781175156
00bbac68_7482,12217.165944821154
00bbac68_7483,12217.184201166385
00bbac68_7484,12217.214608196991
00bbac68_7485,12217.23491218985
00bbac68_7486,12217.253979484734
00bbac68_7487,12217.281975363774
00bbac68_7488,12217.301419964746
00bbac68_7489,12217.32336849349
00bbac68_7490,12217.354086586274
00bbac68_7491,12217.377027134627
00bbac68_7492,12217.408888312211
00bbac68_7493,12217.4316645347
00bbac68_7494,12217.453394701794
00bbac68_7495,12217.485551139129
00bbac68_7496,12217.509551684634
00bbac68_7497,12217.542586238147
00bbac68_7498,12217.566752000575
00bbac68_7499,12217.597666605065
00bbac68_7500,12217.621134512783
00bbac68_7501,12217.65490758613
00bbac68_7502,12217.683678883554
00bbac68_7503,12217.718403409795
00bbac68_7504,12217.74332430697
00bbac68_7505,12217.776195515771
00bbac68_7506,12217.800416568787
00bbac68_7507,12217.835877585156
00bbac68_7508,12217.869963697549
00bbac68_7509,12217.895847680287
00bbac68_7510,12217.933482188551
00bbac68_7511,12217.974554096394
00bbac68_7512,12218.00491020398
00bbac68_7513,12218.04323091328
00bbac68_7514,12218.07193426176
00bbac68_7515,12218.110488940114
00bbac68_7516,12218.150725780037
00bbac68_7517,12218.188143129812
00bbac68_7518,12218.215118503356
00bbac68_7519,12218.24642716892
00bbac68_7520,12218.278926137356
00bbac68_7521,12218.301010572352
00bbac68_7522,12218.331023539777
00bbac68_7523,12218.36052053551
00bbac68_7524,12218.391049007148
00bbac68_7525,12218.415176730196
00bbac68_7526,12218.448127099236
00bbac68_7527,12218.482239762572
00bbac68_7528,12218.517576580303
00bbac68_7529,12218.555550464233
00bbac68_7530,12218.592030057653
00bbac68_7531,12218.620339067464
00bbac68_7532,12218.656115755775
00bbac68_7533,12218.68927481162
00bbac68_7534,12218.726556927168
00bbac68_7535,12218.762375049111
00bbac68_7536,12218.801135372863
00bbac68_7537,12218.841358738086
00bbac68_7538,12218.881592815278
00bbac68_7539,12218.920754322213
00bbac68_7540,12218.96200997628
00bbac68_7541,12219.00413785507
00bbac68_7542,12219.04582580457
00bbac68_7543,12219.08904680063
00bbac68_7544,12219.131638333523
00bbac68_7545,12219.174155429517
00bbac68_7546,12219.213777431843
00bbac68_7547,12219.253912288645
00bbac68_7548,12219.292448595965
00bbac68_7549,12219.330393737811
00bbac68_7550,12219.371226924392
00bbac68_7551,12219.409764347196
00bbac68_7552,12219.44916232544
00bbac68_7553,12219.485707134125
00bbac68_7554,12219.52093504824
00bbac68_7555,12219.554632342788
00bbac68_7556,12219.586585292764
00bbac68_7557,12219.618330173167
00bbac68_7558,12219.646153258993
00e12e8b_2083,11602.701438570388
00e12e8b_2084,11602.751811283297
00e12e8b_2085,11602.800308914286
00e12e8b_2086,11602.841206933495
00e12e8b_2087,11602.889530811062
00e12e8b_2088,11602.939556017118
00e12e8b_2089,11602.978558021794
00e12e8b_2090,11603.02856229523
00e12e8b_2091,11603.076844307554
00e12e8b_2092,11603.115949867495
00e12e8b_2093,11603.16622980497
00e12e8b_2094,11603.214865456455
00e12e8b_2095,11603.256153866125
00e12e8b_2096,11603.305038367398
00e12e8b_2097,11603.34646173662
00e12e8b_2098,11603.395408832526
00e12e8b_2099,11603.444403136344
00e12e8b_2100,11603.485890930824
00e12e8b_2101,11603.534769474209
00e12e8b_2102,11603.576203033585
00e12e8b_2103,11603.624925102557
00e12e8b_2104,11603.67372767572
00e12e8b_2105,11603.714702688909
00e12e8b_2106,11603.763248808802
00e12e8b_2107,11603.802555576138
00e12e8b_2108,11603.853320502369
00e12e8b_2109,11603.89316177081
00e12e8b_2110,11603.944066598297
00e12e8b_2111,11603.9935713099
00e12e8b_2112,11604.033766114551
00e12e8b_2113,11604.084880218134
00e12e8b_2114,11604.124937350083
00e12e8b_2115,11604.1742265414
00e12e8b_2116,11604.215843809943
00e12e8b_2117,11604.264645430245
00e12e8b_2118,11604.304077564688
00e12e8b_2119,11604.354169394364
00e12e8b_2120,11604.393239073888
00e12e8b_2121,11604.441174393263
00e12e8b_2122,11604.481773881624
00e12e8b_2123,11604.529800433464
00e12e8b_2124,11604.56872647092
00e12e8b_2125,11604.61872458554
00e12e8b_2126,11604.658191013186
00e12e8b_2127,11604.707017845329
00e12e8b_2128,11604.748207622626
00e12e8b_2129,11604.787747931505
00e12e8b_2130,11604.838326464407
00e12e8b_2131,11604.87790165296
00e12e8b_2132,11604.926600008204
00e12e8b_2133,11604.967657856749
00e12e8b_2134,11605.016146513351
00e12e8b_2135,11605.053684941864
00e12e8b_2136,11605.093752640443
00e12e8b_2137,11605.1418880788
00e12e8b_2138,11605.181560636278
00e12e8b_2139,11605.23237450676
00e12e8b_2140,11605.273388341133
00e12e8b_2141,11605.315042340411
00e12e8b_2142,11605.36841878689
00e12e8b_2143,11605.41066177552
00e12e8b_2144,11605.462240599514
00e12e8b_2145,11605.506034448026
00e12e8b_2146,11605.54748735502
00e12e8b_2147,11605.599311610968
00e12e8b_2148,11605.639347528111
00e12e8b_2149,11605.678324056971
00e12e8b_2150,11605.726986159678
00e12e8b_2151,11605.763508093914
00e12e8b_2152,11605.801365979514
00e12e8b_2153,11605.850174602823
00e12e8b_2154,11605.888007557814
00e12e8b_2155,11605.92590000445
00e12e8b_2156,11605.966101200936
00e12e8b_2157,11606.013901791976
00e12e8b_2158,11606.052444334147
00e12e8b_2159,11606.092514418366
00e12e8b_2160,11606.131084916366
00e12e8b_2161,11606.17840140439
00e12e8b_2162,11606.217517074803
00e12e8b_2163,11606.254800098475
00e12e8b_2164,11606.29150042614
00e12e8b_2165,11606.3292998746
00e12e8b_2166,11606.374436544043
00e12e8b_2167,11606.412269449487
00e12e8b_2168,11606.448091165736
00e12e8b_2169,11606.483463861645
00e12e8b_2170,11606.520682566905
00e12e8b_2171,11606.556174869307
00e12e8b_2172,11606.591652990695
00e12e8b_2173,11606.629282509206
00e12e8b_2174,11606.674475991544
00e12e8b_2175,11606.71080374428
00e12e8b_2176,11606.749488089445
00e12e8b_2177,11606.786528980025
00e12e8b_2178,11606.823605012489
00e12e8b_2179,11606.863074805557
00e12e8b_2180,11606.9005964997
00e12e8b_2181,11606.938424478769
00e12e8b_2182,11606.978309289876
00e12e8b_2183,11607.01652428126
00e12e8b_2184,11607.056359733171
00e12e8b_2185,11607.09394352854
00e12e8b_2186,11607.132003220551
00e12e8b_2187,11607.171533895857
00e12e8b_2188,11607.20937643413
00e12e8b_2189,11607.247017656104
00e12e8b_2190,11607.286467429238
00e12e8b_2191,11607.315192306582
00e12e8b_2192,11607.353418613178
00e12e8b_2193,11607.393693052732
00e12e8b_2194,11607.432036404603
00e12e8b_2195,11607.472258586831
00e12e8b_2196,11607.508623051468
00e12e8b_2197,11607.548254571264
00e12e8b_2198,11607.587043299194
00e12e8b_2199,11607.619016590195
00e12e8b_2200,11607.659519926485
00e12e8b_2201,11607.702410807256
00e12e8b_2202,11607.74610756958
00e12e8b_2203,11607.788105924456
00e12e8b_2204,11607.822634359723
00e12e8b_2205,11607.866371376347
00e12e8b_2206,11607.91020984684
00e12e8b_2207,11607.952056249063
00e12e8b_2208,11607.985712346506
00e12e8b_2209,11608.027908910944
00e12e8b_2210,11608.068598689097
00e12e8b_2211,11608.106067731203
00e12e8b_2212,11608.13440984725
00e12e8b_2213,11608.173512804566
00e12e8b_2214,11608.210653236796
00e12e8b_2215,11608.240313500315
00e12e8b_2216,11608.27959516892
00e12e8b_2217,11608.318846698052
00e12e8b_2218,11608.346970292552
00e12e8b_2219,11608.385833380024
00e12e8b_2220,11608.424826877974
00e12e8b_2221,11608.454873875016
00e12e8b_2222,11608.492204414477
00e12e8b_2223,11608.522637455186
00e12e8b_2224,11608.562450316353
00e12e8b_2225,11608.600462532091
00e12e8b_2226,11608.630866121795
00e12e8b_2227,11608.670871872562
00e12e8b_2228,11608.701803269309
00e12e8b_2229,11608.740435765896
00e12e8b_2230,11608.77208769784
00e12e8b_2231,11608.81294751036
00e12e8b_2232,11608.843188085666
00e12e8b_2233,11608.881695443986
00e12e8b_2234,11608.913519570664
00e12e8b_2235,11608.955027675358
00e12e8b_2236,11608.985869315053
00e12e8b_2237,11609.028065465807
00e12e8b_2238,11609.060994727572
00e12e8b_2239,11609.09469213175
00e12e8b_2240,11609.13205595584
00e12e8b_2241,11609.164261845548
00e12e8b_2242,11609.207865257886
00e12e8b_2243,11609.2438369767
00e12e8b_2244,11609.27892730598
00e12e8b_2245,11609.325715206409
00e12e8b_2246,11609.363274013418
00e12e8b_2247,11609.407940631778
00e12e8b_2248,11609.44419876645
00e12e8b_2249,11609.481435200183
00e12e8b_2250,11609.527343481808
00e12e8b_2251,11609.561103433203
00e12e8b_2252,11609.595193781684
00e12e8b_2253,11609.637102507248
00e12e8b_2254,11609.66611470789
00e12e8b_2255,11609.694844087397
00e12e8b_2256,11609.730170800522
00e12e8b_2257,11609.759816302496
00e12e8b_2258,11609.78769208123
00e12e8b_2259,11609.826371753536
00e12e8b_2260,11609.855573736058
00e12e8b_2261,11609.88496454277
00e12e8b_2262,11609.913079384389
00e12e8b_2263,11609.95221449334
00e12e8b_2264,11609.981799948297
00e12e8b_2265,11610.00953015112
00e12e8b_2266,11610.038901544583
00e12e8b_2267,11610.077570907377
00e12e8b_2268,11610.106540699053
00e12e8b_2269,11610.133839041137
00e12e8b_2270,11610.16289308491
00e12e8b_2271,11610.200934852744
00e12e8b_2272,11610.229867801148
00e12e8b_2273,11610.256824624055
00e12e8b_2274,11610.285253557226
00e12e8b_2275,11610.323596058775
00e12e8b_2276,11610.350130929794
00e12e8b_2277,11610.378711826992
00e12e8b_2278,11610.40764785678
00e12e8b_2279,11610.436159927558
00e12e8b_2280,11610.47206131871
00e12e8b_2281,11610.500618352871
00e12e8b_2282,11610.529284027794
00e12e8b_2283,11610.558019169312
00e12e8b_2284,11610.584836093818
00e12e8b_2285,11610.613708822326
00e12e8b_2286,11610.641999272888
00e12e8b_2287,11610.678130322982
00e12e8b_2288,11610.707003066622
00e12e8b_2289,11610.736049856338
00e12e8b_2290,11610.764849980673
00e12e8b_2291,11610.792851932894
00e12e8b_2292,11610.82095088698
00e12e8b_2293,11610.849566845123
00e12e8b_2294,11610.87845452837
00e12e8b_2295,11610.914667359537
00e12e8b_2296,11610.944062590934
00e12e8b_2297,11610.972738446644
00e12e8b_2298,11610.999655198471
00e12e8b_2299,11611.028398292963
00e12e8b_2300,11611.057102296563
00e12e8b_2301,11611.082672526773
00e12e8b_2302,11611.108606818074
00e12e8b_2303,11611.138579749992
00e12e8b_2304,11611.16988709255
00e12e8b_2305,11611.20247874602
00e12e8b_2306,11611.234085441109
00e12e8b_2307,11611.268702326495
00e12e8b_2308,11611.303489337126
00e12e8b_2309,11611.336766815508
00e12e8b_2310,11611.37175893409
00e12e8b_2311,11611.406394382911
00e12e8b_2312,11611.44006214691
00e12e8b_2313,11611.470642898874
00e12e8b_2314,11611.501417737589
00e12e8b_2315,11611.530825587775
00e12e8b_2316,11611.558577580552
00e12e8b_2317,11611.582023394005
00e12e8b_2318,11611.610736603678
00e12e8b_2319,11611.638594569413
00e12e8b_2320,11611.66510698073
00e12e8b_2321,11611.693710382511
00e12e8b_2322,11611.7223789382
00e12e8b_2323,11611.751206447396
00e12e8b_2324,11611.778368826952
00e12e8b_2325,11611.807026739649
00e12e8b_2326,11611.836038871406
00e12e8b_2327,11611.855829314043
00e12e8b_2328,11611.882875059908
00e12e8b_2329,11611.912096538805
00e12e8b_2330,11611.940415802916
00e12e8b_2331,11611.967876955236
00e12e8b_2332,11611.99710131132
00e12e8b_2333,11612.02575552618
00e12e8b_2334,11612.055261318892
00e12e8b_2335,11612.073145344526
00e12e8b_2336,11612.102811409955
00e12e8b_2337,11612.132283983365
00e12e8b_2338,11612.159436412549
00e12e8b_2339,11612.18873292552
00e12e8b_2340,11612.217932973708
00e12e8b_2341,11612.237639066369
00e12e8b_2342,11612.264928911718
00e12e8b_2343,11612.293595095369
00e12e8b_2344,11612.32221656652
00e12e8b_2345,11612.347516881331
00e12e8b_2346,11612.364210184973
00e12e8b_2347,11612.393837980757
00e12e8b_2348,11612.425145727106
00e12e8b_2349,11612.446615110304
00e12e8b_2350,11612.480565219405
00e12e8b_2351,11612.51507074504
00e12e8b_2352,11612.550117622874
00e12e8b_2353,11612.57439438485
00e12e8b_2354,11612.60890496736
00e12e8b_2355,11612.634079960932
00e12e8b_2356,11612.667585714737
00e12e8b_2357,11612.698068546382
00e12e8b_2358,11612.720351092325
00e12e8b_2359,11612.749695767428
00e12e8b_2360,11612.775511685457
00e12e8b_2361,11612.79138028074
00e12e8b_2362,11612.820068033348
00e12e8b_2363,11612.839222196264
00e12e8b_2364,11612.865887818323
00e12e8b_2365,11612.885130564078
00e12e8b_2366,11612.913467090846
00e12e8b_2367,11612.93273465933
00e12e8b_2368,11612.959716300817
00e12e8b_2369,11612.979227369347
00e12e8b_2370,11613.0078080964
00e12e8b_2371,11613.02563623832
00e12e8b_2372,11613.054499794427
00e12e8b_2373,11613.074119372754
00e12e8b_2374,11613.103654969736
00e12e8b_2375,11613.121501861027
00e12e8b_2376,11613.14090651085
00e12e8b_2377,11613.16912196737
00e12e8b_2378,11613.18777547612
00e12e8b_2379,11613.203814254675
00e12e8b_2380,11613.23032593351
00e12e8b_2381,11613.24767578232
00e12e8b_2382,11613.271945651555
00e12e8b_2383,11613.288720368337
00e12e8b_2384,11613.305454541069
00e12e8b_2385,11613.322255212668
00e12e8b_2386,11613.34668487134
00e12e8b_2387,11613.363534643217
00e12e8b_2388,11613.38087573948
00e12e8b_2389,11613.406137073136
00e12e8b_2390,11613.424575390289
00e12e8b_2391,11613.442558280649
00e12e8b_2392,11613.460677865614
00e12e8b_2393,11613.476999947536
00e12e8b_2394,11613.504307521667
00e12e8b_2395,11613.522480830226
00e12e8b_2396,11613.540487525484
00e12e8b_2397,11613.556900643562
00e12e8b_2398,11613.575075017765
00e12e8b_2399,11613.593091732582
00e12e8b_2400,11613.618649686045
00e12e8b_2401,11613.636693150169
00e12e8b_2402,11613.655129103376
00e12e8b_2403,11613.673479589692
00e12e8b_2404,11613.690509050815
00e12e8b_2405,11613.709296497433
00e12e8b_2406,11613.727867347432
00e12e8b_2407,11613.74333094445
00e12e8b_2408,11613.759344405646
00e12e8b_2409,11613.778760279314
00e12e8b_2410,11613.799484469397
00e12e8b_2411,11613.819868314908
00e12e8b_2412,11613.842457150173
00e12e8b_2413,11613.866000775755
00e12e8b_2414,11613.889653035494
00e12e8b_2415,11613.910912186286
00e12e8b_2416,11613.934535922934
00e12e8b_2417,11613.957625652112
00e12e8b_2418,11613.980587917644
00e12e8b_2419,11614.000634011563
00e12e8b_2420,11614.02134232685
00e12e8b_2421,11614.040110474758
00e12e8b_2422,11614.055895458196
00e12e8b_2423,11614.0623532113
00e12e8b_2424,11614.08137279123
00e12e8b_2425,11614.100361422472
00e12e8b_2426,11614.117450806216
00e12e8b_2427,11614.137203244776
00e12e8b_2428,11614.15670989998
00e12e8b_2429,11614.164791733258
00e12e8b_2430,11614.1837312319
00e12e8b_2431,11614.202776207418
00e12e8b_2432,11614.221916211887
00e12e8b_2433,11614.238108914771
00e12e8b_2434,11614.246751270382
00e12e8b_2435,11614.263798495069
00e12e8b_2436,11614.28073153954
00e12e8b_2437,11614.286577251927
00e12e8b_2438,11614.303352100058
00e12e8b_2439,11614.320093304606
00e12e8b_2440,11614.335062284264
00e12e8b_2441,11614.341932844734
00e12e8b_2442,11614.358364869338
00e12e8b_2443,11614.365729792617
00e12e8b_2444,11614.380798199942
00e12e8b_2445,11614.397380198068
00e12e8b_2446,11614.4056714809
00e12e8b_2447,11614.422873370624
00e12e8b_2448,11614.438060303182
00e12e8b_2449,11614.441288903268
00e12e8b_2450,11614.45754053537
00e12e8b_2451,11614.46488197842
00e12e8b_2452,11614.486196651982
00e12e8b_2453,11614.49971644573
00e12e8b_2454,11614.524013232172
00e12e8b_2455,11614.538481726348
00e12e8b_2456,11614.564327097916
00e12e8b_2457,11614.580694178503
00e12e8b_2458,11614.60649591734
00e12e8b_2459,11614.62072857019
00e12e8b_2460,11614.644948505023
00e12e8b_2461,11614.65845616001
00e12e8b_2462,11614.677317259451
00e12e8b_2463,11614.686250202396
00e12e8b_2464,11614.702316095289
00e12e8b_2465,11614.705486750456
00e12e8b_2466,11614.711474709507
00e12e8b_2467,11614.72798203774
00e12e8b_2468,11614.735978556122
00e12e8b_2469,11614.750654864143
00e12e8b_2470,11614.758341784986
00e12e8b_2471,11614.76628407315
00e12e8b_2472,11614.783519032268
00e12e8b_2473,11614.789735966508
00e12e8b_2474,11614.798079660142
00e12e8b_2475,11614.806408720866
00e12e8b_2476,11614.823705728484
00e12e8b_2477,11614.829973856078
00e12e8b_2478,11614.83752707563
00e12e8b_2479,11614.854851696877
00e12e8b_2480,11614.861247454912
00e12e8b_2481,11614.869192234695
00e12e8b_2482,11614.87687262943
00e12e8b_2483,11614.884688938651
00e12e8b_2484,11614.899958572474
00e12e8b_2485,11614.907379401991
00e12e8b_2486,11614.915173735944
00e12e8b_2487,11614.921148533154
00e12e8b_2488,11614.928395170882
00e12e8b_2489,11614.945293771105
00e12e8b_2490,11614.952994283787
00e12e8b_2491,11614.95837556818
00e12e8b_2492,11614.965505978682
00e12e8b_2493,11614.972153112816
00e12e8b_2494,11614.978965403658
00e12e8b_2495,11614.983631642734
00e12e8b_2496,11614.98922654232
00e12e8b_2497,11614.996656924395
00e12e8b_2498,11615.00189563646
00e12e8b_2499,11615.009121190518
00e12e8b_2500,11615.016004404555
00e12e8b_2501,11615.02291679717
00e12e8b_2502,11615.036802130153
00e12e8b_2503,11615.042805520166
00e12e8b_2504,11615.039204363698
00e12e8b_2505,11615.045317690676
00e12e8b_2506,11615.049551088949
00e12e8b_2507,11615.054973237404
00e12e8b_2508,11615.059922132466
00e12e8b_2509,11615.064877084204
00e12e8b_2510,11615.071220754357
00e12e8b_2511,11615.07744613439
00e12e8b_2512,11615.083748088988
00e12e8b_2513,11615.08874722838
00e12e8b_2514,11615.094832952294
00e12e8b_2515,11615.103945687964
00e12e8b_2516,11615.103196327562
00e12e8b_2517,11615.113903975833
00e12e8b_2518,11615.123540486577
00e12e8b_2519,11615.13534118075
00e12e8b_2520,11615.14464310566
00e12e8b_2521,11615.155603445062
00e12e8b_2522,11615.156006025734
00e12e8b_2523,11615.166379533986
00e12e8b_2524,11615.174975358364
00e12e8b_2525,11615.18523416895
00e12e8b_2526,11615.183680142236
00e12e8b_2527,11615.187632189412
00e12e8b_2528,11615.193250953856
00e12e8b_2529,11615.197915763052
00e12e8b_2530,11615.195125980865
00e12e8b_2531,11615.20161591937
00e12e8b_2532,11615.20770228886
00e12e8b_2533,11615.215132080297
00e12e8b_2534,11615.220293866074
00e12e8b_2535,11615.219686158878
00e12e8b_2536,11615.22638506075
00e12e8b_2537,11615.233154201393
00e12e8b_2538,11615.2385724083
00e12e8b_2539,11615.246234318947
00e12e8b_2540,11615.245455956298
00e12e8b_2541,11615.252631074372
00e12e8b_2542,11615.257653253737
00e12e8b_2543,11615.264018399732
00e12e8b_2544,11615.271697067008
00e12e8b_2545,11615.27661106168
00e12e8b_2546,11615.283043536288
00e12e8b_2547,11615.279254288384
00e12e8b_2548,11615.284394317094
00e12e8b_2549,11615.288370609736
00e12e8b_2550,11615.294227522889
00e12e8b_2551,11615.29967429805
00e12e8b_2552,11615.303391712485
00e12e8b_2553,11615.308833131116
00e12e8b_2554,11615.31474513828
00e12e8b_2555,11615.317554465344
00e12e8b_2556,11615.322145525935
00e12e8b_2557,11615.320042435853
00e12e8b_2558,11615.328489127449
00e12e8b_2559,11615.338479267984
00e12e8b_2560,11615.34780244609
00e12e8b_2561,11615.359360901584
00e12e8b_2562,11615.37110827374
00e12e8b_2563,11615.380885799908
00e12e8b_2564,11615.392494516616
00e12e8b_2565,11615.403468681923
00e12e8b_2566,11615.415085611146
00e12e8b_2567,11615.423013977748
00e12e8b_2568,11615.431861134257
00e12e8b_2569,11615.439056124938
00e12e8b_2570,11615.444890545232
00e12e8b_2571,11615.447001904216
00e12e8b_2572,11615.45366937798
00e12e8b_2573,11615.460576076266
00e12e8b_2574,11615.46586497993
00e12e8b_2575,11615.47330207966
00e12e8b_2576,11615.480525363218
00e12e8b_2577,11615.487380601318
00e12e8b_2578,11615.492543198778
00e12e8b_2579,11615.508549682703
00e12e8b_2580,11615.515252756964
00e12e8b_2581,11615.520263209317
00e12e8b_2582,11615.524728096363
00e12e8b_2583,11615.527475291214
00e12e8b_2584,11615.530088643707
00e12e8b_2585,11615.534572821074
00e12e8b_2586,11615.537617229438
00e12e8b_2587,11615.540900079406
00e12e8b_2588,11615.543441043736
00e12e8b_2589,11615.55734246956
00e12e8b_2590,11615.560366715028
00e12e8b_2591,11615.56374230939
00e12e8b_2592,11615.566987377626
00e12e8b_2593,11615.57207328789
00e12e8b_2594,11615.574932517364
00e12e8b_2595,11615.586689454109
00e12e8b_2596,11615.589164271949
00e12e8b_2597,11615.59377310802
00e12e8b_2598,11615.59568036266
00e12e8b_2599,11615.598063093035
00e12e8b_2600,11615.600394744904
00e12e8b_2601,11615.614083757837
00e12e8b_2602,11615.61618145558
00e12e8b_2603,11615.61811450003
00e12e8b_2604,11615.621442704776
00e12e8b_2605,11615.632835600773
00e12e8b_2606,11615.634539009365
00e12e8b_2607,11615.636725582308
00e12e8b_2608,11615.640766308734
00e12e8b_2609,11615.651787806304
00e12e8b_2610,11615.65317507044
00e12e8b_2611,11615.655090014334
00e12e8b_2612,11615.659229016885
00e12e8b_2613,11615.670609653214
00e12e8b_2614,11615.672332464956
00e12e8b_2615,11615.67501136336
00e12e8b_2616,11615.688099794788
00e12e8b_2617,11615.690320585883
00e12e8b_2618,11615.692340524543
00e12e8b_2619,11615.694165455589
00e12e8b_2620,11615.70518094564
00e12e8b_2621,11615.708223068355
00e12e8b_2622,11615.712133593395
00e12e8b_2623,11615.727763252453
00e12e8b_2624,11615.73321678142
00e12e8b_2625,11615.738831883902
00e12e8b_2626,11615.7547764817
00e12e8b_2627,11615.763011793812
00e12e8b_2628,11615.769259076544
00e12e8b_2629,11615.774885283055
00e12e8b_2630,11615.789530365866
00e12e8b_2631,11615.796381651262
00e12e8b_2632,11615.800267843751
00e12e8b_2633,11615.80300856852
00e12e8b_2634,11615.813331736565
00e12e8b_2635,11615.814601017437
00e12e8b_2636,11615.81649007008
00e12e8b_2637,11615.818004803226
00e12e8b_2638,11615.821434336523
00e12e8b_2639,11615.82270174394
00e12e8b_2640,11615.82488080477
00e12e8b_2641,11615.83624599127
00e12e8b_2642,11615.839939753854
00e12e8b_2643,11615.84148736613
00e12e8b_2644,11615.842866068277
00e12e8b_2645,11615.844355851495
00e12e8b_2646,11615.84807796022
00e12e8b_2647,11615.850179161622
00e12e8b_2648,11615.851947213529
00e12e8b_2649,11615.853143429764
00e12e8b_2650,11615.856015697562
00e12e8b_2651,11615.856537635887
00e12e8b_2652,11615.85896959529
00e12e8b_2653,11615.86283420076
00e12e8b_2654,11615.865740251074
00e12e8b_2655,11615.868439424676
00e12e8b_2656,11615.870990720548
00e12e8b_2657,11615.874483503088
00e12e8b_2658,11615.875003538673
00e12e8b_2659,11615.868247630944
00e12e8b_2660,11615.86519494902
00e12e8b_2661,11615.867702394014
00e12e8b_2662,11615.870960413897
00e12e8b_2663,11615.878271648782
00e12e8b_2664,11615.887977570872
00e12e8b_2665,11615.900705916672
00e12e8b_2666,11615.902459677089
00e12e8b_2667,11615.915857884424
00e12e8b_2668,11615.931212623367
00e12e8b_2669,11615.946837538164
00e12e8b_2670,11615.949365187822
00e12e8b_2671,11615.961011808622
00e12e8b_2672,11615.97123689862
00e12e8b_2673,11615.97892001313
00e12e8b_2674,11615.973629763192
00e12e8b_2675,11615.97411368579
00e12e8b_2676,11615.972679532028
00e12e8b_2677,11615.973401831134
00e12e8b_2678,11615.96282100635
00e12e8b_2679,11615.964235078936
00e12e8b_2680,11615.955314344345
00e12e8b_2681,11615.95477749925
00e12e8b_2682,11615.953104880682
00e12e8b_2683,11615.94525032793
00e12e8b_2684,11615.946171454309
00e12e8b_2685,11615.946786154433
00e12e8b_2686,11615.93629106316
00e12e8b_2687,11615.938945735586
00e12e8b_2688,11615.93159273359
00e12e8b_2689,11615.934710934262
00e12e8b_2690,11615.925269562023
00e12e8b_2691,11615.92804183912
00e12e8b_2692,11615.919906459656
00e12e8b_2693,11615.919683212098
00e12e8b_2694,11615.911246199135
00e12e8b_2695,11615.913911370026
00e12e8b_2696,11615.905700016829
00e12e8b_2697,11615.90708479148
00e12e8b_2698,11615.898223610122
00e12e8b_2699,11615.90305568951
00e12e8b_2700,11615.894123402011
00e12e8b_2701,11615.887046328133
00e12e8b_2702,11615.891675791016
00e12e8b_2703,11615.892005757429
00e12e8b_2704,11615.896663579864
00e12e8b_2705,11615.893918987967
00e12e8b_2706,11615.892232235425
00e12e8b_2707,11615.897791434294
00e12e8b_2708,11615.892491000965
00e12e8b_2709,11615.890697450151
00e12e8b_2710,11615.88747693668
00e12e8b_2711,11615.89299570385
00e12e8b_2712,11615.88984532472
00e12e8b_2713,11615.883568919086
00e12e8b_2714,11615.888113857953
00e12e8b_2715,11615.885517469414
00e12e8b_2716,11615.880928878352
00e12e8b_2717,11615.876147062312
00e12e8b_2718,11615.873861113392
00e12e8b_2719,11615.879364985669
00e12e8b_2720,11615.874174914528
00e12e8b_2721,11615.871984517242
00e12e8b_2722,11615.867874731535
00e12e8b_2723,11615.863230793242
00e12e8b_2724,11615.868718975707
00e12e8b_2725,11615.863812722182
00e12e8b_2726,11615.856748408372
00e12e8b_2727,11615.851328901424
00e12e8b_2728,11615.847144212126
00e12e8b_2729,11615.844205562891
00e12e8b_2730,11615.842576578012
00e12e8b_2731,11615.852710290112
00e12e8b_2732,11615.85274536848
00e12e8b_2733,11615.852336370104
00e12e8b_2734,11615.853240728236
00e12e8b_2735,11615.852164715892
00e12e8b_2736,11615.850865564988
00e12e8b_2737,11615.850761181644
00e12e8b_2738,11615.8480901135
00e12e8b_2739,11615.844870955863
00e12e8b_2740,11615.840753367
00e12e8b_2741,11615.844117048586
00e12e8b_2742,11615.836490560449
00e12e8b_2743,11615.832966010505
00e12e8b_2744,11615.827731065949
00e12e8b_2745,11615.822658179664
00e12e8b_2746,11615.81962192245
00e12e8b_2747,11615.815094246376
00e12e8b_2748,11615.810621030114
00e12e8b_2749,11615.808181419092
00e12e8b_2750,11615.802101695876
00e12e8b_2751,11615.796930688106
00e12e8b_2752,11615.79157432325
00e12e8b_2753,11615.78789922524
00e12e8b_2754,11615.781370893506
00e12e8b_2755,11615.776893594164
00e12e8b_2756,11615.773988612476
00e12e8b_2757,11615.769196147048
00e12e8b_2758,11615.764143695698
00e12e8b_2759,11615.761194776524
00e12e8b_2760,11615.755988616267
00e12e8b_2761,11615.751146998791
00e12e8b_2762,11615.738914317071
00e12e8b_2763,11615.734364082857
00e12e8b_2764,11615.729491689872
00e12e8b_2765,11615.722872111688
00e12e8b_2766,11615.71771618778
00e12e8b_2767,11615.713734797608
00e12e8b_2768,11615.712746468142
00e12e8b_2769,11615.710851603577
00e12e8b_2770,11615.709351923491
00e12e8b_2771,11615.7111045637
00e12e8b_2772,11615.71177341555
00e12e8b_2773,11615.703097667283
00e12e8b_2774,11615.704809610475
00e12e8b_2775,11615.70431854526
00e12e8b_2776,11615.701761422091
00e12e8b_2777,11615.699948508936
00e12e8b_2778,11615.69846959084
00e12e8b_2779,11615.684250233631
00e12e8b_2780,11615.677099925182
00e12e8b_2781,11615.668609177445
00e12e8b_2782,11615.66418224604
00e12e8b_2783,11615.658567127264
00e12e8b_2784,11615.645436922425
00e12e8b_2785,11615.638602133791
00e12e8b_2786,11615.63313583925
00e12e8b_2787,11615.62930445652
00e12e8b_2788,11615.624938462448
00e12e8b_2789,11615.609244851325
00e12e8b_2790,11615.605965603076
00e12e8b_2791,11615.600842083602
00e12e8b_2792,11615.594526413734
00e12e8b_2793,11615.58358495498
00e12e8b_2794,11615.578903269296
00e12e8b_2795,11615.57299163594
00e12e8b_2796,11615.569525135032
00e12e8b_2797,11615.554731593886
00e12e8b_2798,11615.549614892276
00e12e8b_2799,11615.546604283943
00e12e8b_2800,11615.5321222447
00e12e8b_2801,11615.525777039033
00e12e8b_2802,11615.523940891517
00e12e8b_2803,11615.509781027657
00e12e8b_2804,11615.503322870756
00e12e8b_2805,11615.49797182974
00e12e8b_2806,11615.486439575612
00e12e8b_2807,11615.4800722797
00e12e8b_2808,11615.474855147497
00e12e8b_2809,11615.462977961242
00e12e8b_2810,11615.455918241993
00e12e8b_2811,11615.449915378424
00e12e8b_2812,11615.437116708488
00e12e8b_2813,11615.43086802146
00e12e8b_2814,11615.423036643131
00e12e8b_2815,11615.41080660971
00e12e8b_2816,11615.404643532587
00e12e8b_2817,11615.39820234671
00e12e8b_2818,11615.384282885509
00e12e8b_2819,11615.378279364577
00e12e8b_2820,11615.371332172466
00e12e8b_2821,11615.367420101858
00e12e8b_2822,11615.3512262869
00e12e8b_2823,11615.343779409788
00e12e8b_2824,11615.33844086266
00e12e8b_2825,11615.331638926633
00e12e8b_2826,11615.315264599962
00e12e8b_2827,11615.311587156728
00e12e8b_2828,11615.30518165161
00e12e8b_2829,11615.298841876816
00e12e8b_2830,11615.294063751931
00e12e8b_2831,11615.289392480394
00e12e8b_2832,11615.274530597955
00e12e8b_2833,11615.267442828212
00e12e8b_2834,11615.263222660553
00e12e8b_2835,11615.25954893708
00e12e8b_2836,11615.25535664801
00e12e8b_2837,11615.253626115384
00e12e8b_2838,11615.25019910157
00e12e8b_2839,11615.246893110989
00e12e8b_2840,11615.24535737994
00e12e8b_2841,11615.243727487425
00e12e8b_2842,11615.240784969
00e12e8b_2843,11615.240120708486
00e12e8b_2844,11615.236987123955
00e12e8b_2845,11615.23324241553
00e12e8b_2846,11615.23032018391
00e12e8b_2847,11615.225979929186
00e12e8b_2848,11615.21874702514
00e12e8b_2849,11615.212307179676
00e12e8b_2850,11615.205843542635
00e12e8b_2851,11615.198814477631
00e12e8b_2852,11615.193803608954
00e12e8b_2853,11615.188112713027
00e12e8b_2854,11615.180317356864
00e12e8b_2855,11615.183676287526
00e12e8b_2856,11615.176160463014
00e12e8b_2857,11615.169806941509
00e12e8b_2858,11615.163883553423
00e12e8b_2859,11615.157297098162
00e12e8b_2860,11615.15045455328
00e12e8b_2861,11615.156173912135
00e12e8b_2862,11615.14958731902
00e12e8b_2863,11615.143369574442
00e12e8b_2864,11615.136777891466
00e12e8b_2865,11615.140956264127
00e12e8b_2866,11615.134692439786
00e12e8b_2867,11615.12965480141
00e12e8b_2868,11615.124963116454
00e12e8b_2869,11615.128685889533
00e12e8b_2870,11615.122372155574
00e12e8b_2871,11615.11510664226
00e12e8b_2872,11615.118997347525
00e12e8b_2873,11615.11345283315
00e12e8b_2874,11615.110929289454
00e12e8b_2875,11615.11682363088
00e12e8b_2876,11615.11623049428
00e12e8b_2877,11615.116286864954
00e12e8b_2878,11615.124319813498
00e12e8b_2879,11615.123302491733
00e12e8b_2880,11615.134758986209
00e12e8b_2881,11615.13183423461
00e12e8b_2882,11615.14068428734
00e12e8b_2883,11615.140127563143
00e12e8b_2884,11615.146186972552
00e12e8b_2885,11615.142091662356
00e12e8b_2886,11615.149023217224
00e12e8b_2887,11615.141743504286
00e12e8b_2888,11615.14586441456
00e12e8b_2889,11615.140134781344
00e12e8b_2890,11615.145515501135
00e12e8b_2891,11615.139753780566
00e12e8b_2892,11615.144164452377
00e12e8b_2893,11615.13754428116
00e12e8b_2894,11615.14207103304
00e12e8b_2895,11615.144645752256
00e12e8b_2896,11615.14037282793
00e12e8b_2897,11615.141154286328
00e12e8b_2898,11615.136131675436
00e12e8b_2899,11615.140529959775
00e12e8b_2900,11615.143724647543
00e12e8b_2901,11615.137894299936
00e12e8b_2902,11615.144232162213
00e12e8b_2903,11615.146298435282
00e12e8b_2904,11615.149348889438
00e12e8b_2905,11615.146500219747
00e12e8b_2906,11615.148596863904
00e12e8b_2907,11615.153910135114
00e12e8b_2908,11615.1473520604
00e12e8b_2909,11615.1531963888
00e12e8b_2910,11615.157563287285
00e12e8b_2911,11615.152862264666
00e12e8b_2912,11615.157472846511
00e12e8b_2913,11615.161443766434
00e12e8b_2914,11615.156374378368
00e12e8b_2915,11615.161152135925
00e12e8b_2916,11615.155835847814
00e12e8b_2917,11615.160196672548
00e12e8b_2918,11615.155593282025
00e12e8b_2919,11615.159531908324
00e12e8b_2920,11615.153952202076
00e12e8b_2921,11615.15809046693
00e12e8b_2922,11615.151800553307
00e12e8b_2923,11615.145270392077
00e12e8b_2924,11615.148271717797
00e12e8b_2925,11615.141987064606
00e12e8b_2926,11615.134079076506
00e12e8b_2927,11615.13697658912
00e12e8b_2928,11615.130646774343
00e12e8b_2929,11615.125172864198
00e12e8b_2930,11615.125944642312
00e12e8b_2931,11615.120526899094
00e12e8b_2932,11615.114241713429
00e12e8b_2933,11615.10733966615
00e12e8b_2934,11615.103378666558
00e12e8b_2935,11615.09831726446
00e12e8b_2936,11615.090756653164
00e12e8b_2937,11615.096851600778
00e12e8b_2938,11615.092155706712
00e12e8b_2939,11615.085355965042
00e12e8b_2940,11615.081505789383
00e12e8b_2941,11615.07571435963
00e12e8b_2942,11615.069672862275
00e12e8b_2943,11615.063934462783
00e12e8b_2944,11615.048509049087
00e12e8b_2945,11615.040948785218
00e12e8b_2946,11615.03418246202
00e12e8b_2947,11615.02619093562
00e12e8b_2948,11615.021168097206
00e12e8b_2949,11615.018328677315
00e12e8b_2950,11615.013106633103
00e12e8b_2951,11615.000221430551
00e12e8b_2952,11614.995363415812
00e12e8b_2953,11614.995274047518
00e12e8b_2954,11614.99090535302
00e12e8b_2955,11614.97850915185
00e12e8b_2956,11614.975759349169
00e12e8b_2957,11614.971868434235
00e12e8b_2958,11614.95644765584
00e12e8b_2959,11614.951739637934
00e12e8b_2960,11614.935774158525
00e12e8b_2961,11614.928360999049
00e12e8b_2962,11614.913270917492
00e12e8b_2963,11614.90568474948
00e12e8b_2964,11614.891714240042
00e12e8b_2965,11614.886053209915
00e12e8b_2966,11614.869424155027
00e12e8b_2967,11614.863329986572
00e12e8b_2968,11614.849768747546
00e12e8b_2969,11614.843207168318
00e12e8b_2970,11614.826014328655
00e12e8b_2971,11614.81252136303
00e12e8b_2972,11614.80513952946
00e12e8b_2973,11614.789698927105
00e12e8b_2974,11614.775328831423
00e12e8b_2975,11614.758834999342
00e12e8b_2976,11614.750503221718
00e12e8b_2977,11614.731527923908
00e12e8b_2978,11614.714698593762
00e12e8b_2979,11614.698950482143
00e12e8b_2980,11614.6848779284
00e12e8b_2981,11614.672304363725
00e12e8b_2982,11614.669113871623
00e12e8b_2983,11614.657298462424
00e12e8b_2984,11614.647639099956
00e12e8b_2985,11614.634670059157
00e12e8b_2986,11614.622894456768
00e12e8b_2987,11614.612837983526
00e12e8b_2988,11614.600261467664
00e12e8b_2989,11614.58681882999
00e12e8b_2990,11614.573911534677
00e12e8b_2991,11614.556451106804
00e12e8b_2992,11614.5292735883
00e12e8b_2993,11614.511422923464
00e12e8b_2994,11614.49457161414
00e12e8b_2995,11614.477906607828
00e12e8b_2996,11614.463054651653
00e12e8b_2997,11614.446282285324
00e12e8b_2998,11614.420788883564
00e12e8b_2999,11614.406269755593
00e12e8b_3000,11614.390172585703
00e12e8b_3001,11614.36515790712
00e12e8b_3002,11614.34936040826
00e12e8b_3003,11614.335254343036
00e12e8b_3004,11614.319090737736
00e12e8b_3005,11614.293614873244
00e12e8b_3006,11614.278980918329
00e12e8b_3007,11614.262599533173
00e12e8b_3008,11614.236775032705
00e12e8b_3009,11614.221766802044
00e12e8b_3010,11614.204880875532
00e12e8b_3011,11614.187863478492
00e12e8b_3012,11614.163442317533
00e12e8b_3013,11614.146567515543
00e12e8b_3014,11614.129827478046
00e12e8b_3015,11614.10512185149
00e12e8b_3016,11614.08805739999
00e12e8b_3017,11614.070799192192
00e12e8b_3018,11614.055284095832
00e12e8b_3019,11614.028853289525
00e12e8b_3020,11614.011817749495
00e12e8b_3021,11613.9965587487
00e12e8b_3022,11613.979923760173
00e12e8b_3023,11613.95403279834
00e12e8b_3024,11613.937184944276
00e12e8b_3025,11613.92145468506
00e12e8b_3026,11613.9032010981
00e12e8b_3027,11613.875003391386
00e12e8b_3028,11613.857553272275
00e12e8b_3029,11613.837993895411
00e12e8b_3030,11613.817605405087
00e12e8b_3031,11613.789195790923
00e12e8b_3032,11613.76830946294
00e12e8b_3033,11613.747519041415
00e12e8b_3034,11613.729006744064
00e12e8b_3035,11613.699495446095
00e12e8b_3036,11613.680169598174
00e12e8b_3037,11613.663087267969
00e12e8b_3038,11613.645213417802
00e12e8b_3039,11613.617695493427
00e12e8b_3040,11613.600977518452
00e12e8b_3041,11613.582373406984
00e12e8b_3042,11613.563936393522
00e12e8b_3043,11613.547100387525
00e12e8b_3044,11613.519635653738
00e12e8b_3045,11613.50134898028
00e12e8b_3046,11613.48284107923
00e12e8b_3047,11613.466202854015
00e12e8b_3048,11613.438646481398
00e12e8b_3049,11613.420647062738
00e12e8b_3050,11613.405433955008
00e12e8b_3051,11613.387727812154
00e12e8b_3052,11613.370299695627
00e12e8b_3053,11613.34293535757
00e12e8b_3054,11613.324412482229
00e12e8b_3055,11613.30634595324
00e12e8b_3056,11613.291308713044
00e12e8b_3057,11613.275252324602
00e12e8b_3058,11613.250745570942
00e12e8b_3059,11613.23753623799
00e12e8b_3060,11613.222645833932
00e12e8b_3061,11613.207709185832
00e12e8b_3062,11613.19483148129
00e12e8b_3063,11613.170572166026
00e12e8b_3064,11613.155193704555
00e12e8b_3065,11613.141281193528
00e12e8b_3066,11613.12540411608
00e12e8b_3067,11613.107558860444
00e12e8b_3068,11613.081535729503
00e12e8b_3069,11613.061492402318
00e12e8b_3070,11613.044090175814
00e12e8b_3071,11613.02638404045
00e12e8b_3072,11613.0103570968
00e12e8b_3073,11612.9832073789
00e12e8b_3074,11612.9651282904
00e12e8b_3075,11612.948381379538
00e12e8b_3076,11612.9295572991
00e12e8b_3077,11612.910684436
00e12e8b_3078,11612.894024562607
00e12e8b_3079,11612.866295551266
00e12e8b_3080,11612.84781835446
00e12e8b_3081,11612.83112196275
00e12e8b_3082,11612.809697911423
00e12e8b_3083,11612.790389499018
00e12e8b_3084,11612.774567827835
00e12e8b_3085,11612.749245528254
00e12e8b_3086,11612.735338300834
00e12e8b_3087,11612.71992832391
00e12e8b_3088,11612.703482806635
00e12e8b_3089,11612.687236698945
00e12e8b_3090,11612.670910398128
00e12e8b_3091,11612.65637841567
00e12e8b_3092,11612.63023989158
00e12e8b_3093,11612.612995236475
00e12e8b_3094,11612.59702658166
00e12e8b_3095,11612.578151516647
00e12e8b_3096,11612.558031353996
00e12e8b_3097,11612.537961783946
00e12e8b_3098,11612.513746818026
00e12e8b_3099,11612.483386561116
00e12e8b_3100,11612.46224373845
00e12e8b_3101,11612.44348192195
00e12e8b_3102,11612.42336343082
00e12e8b_3103,11612.4032354423
00e12e8b_3104,11612.375574923728
00e12e8b_3105,11612.355213938075
00e12e8b_3106,11612.33467897842
00e12e8b_3107,11612.313736193086
00e12e8b_3108,11612.284571535056
00e12e8b_3109,11612.262749837526
00e12e8b_3110,11612.240919325795
00e12e8b_3111,11612.211407038489
00e12e8b_3112,11612.189367676016
00e12e8b_3113,11612.167457329244
00e12e8b_3114,11612.137669690255
00e12e8b_3115,11612.115696469817
00e12e8b_3116,11612.093799217962
00e12e8b_3117,11612.062605644376
00e12e8b_3118,11612.042620849954
00e12e8b_3119,11612.02138847648
00e12e8b_3120,11611.990076398382
00e12e8b_3121,11611.970023166888
00e12e8b_3122,11611.938803560117
00e12e8b_3123,11611.916452864109
00e12e8b_3124,11611.886487540498
00e12e8b_3125,11611.8641324587
00e12e8b_3126,11611.842141957226
00e12e8b_3127,11611.81064426983
00e12e8b_3128,11611.790369308736
00e12e8b_3129,11611.759537586477
00e12e8b_3130,11611.737624354551
00e12e8b_3131,11611.708503660437
00e12e8b_3132,11611.68675165124
00e12e8b_3133,11611.655537586832
00e12e8b_3134,11611.624834808985
00e12e8b_3135,11611.604718873035
00e12e8b_3136,11611.572473733022
00e12e8b_3137,11611.548705858388
00e12e8b_3138,11611.516282548238
00e12e8b_3139,11611.490232595836
00e12e8b_3140,11611.454887204296
00e12e8b_3141,11611.421042933638
00e12e8b_3142,11611.394872858593
00e12e8b_3143,11611.359416001897
00e12e8b_3144,11611.324893431203
00e12e8b_3145,11611.302094895243
00e12e8b_3146,11611.2680488637
00e12e8b_3147,11611.232014327812
00e12e8b_3148,11611.20527601897
00e12e8b_3149,11611.16642287629
00e12e8b_3150,11611.126269892671
00e12e8b_3151,11611.09581139651
00e12e8b_3152,11611.053216456196
00e12e8b_3153,11611.01041922278
00e12e8b_3154,11610.968104233289
00e12e8b_3155,11610.928805207506
00e12e8b_3156,11610.898428845783
00e12e8b_3157,11610.860761914186
00e12e8b_3158,11610.826705103058
00e12e8b_3159,11610.793136154323
00e12e8b_3160,11610.761107957358
00e12e8b_3161,11610.741368995346
00e12e8b_3162,11610.710962661704
00e12e8b_3163,11610.680479691648
00e12e8b_3164,11610.650577741291
00e12e8b_3165,11610.622049907244
00e12e8b_3166,11610.592042950211
00e12e8b_3167,11610.562467842716
00e12e8b_3168,11610.534908147936
00e12e8b_3169,11610.515274612058
00e12e8b_3170,11610.485905801064
00e12e8b_3171,11610.457286313056
00e12e8b_3172,11610.428268371086
00e12e8b_3173,11610.397060538133
00e12e8b_3174,11610.364831157953
00e12e8b_3175,11610.334040289248
00e12e8b_3176,11610.29996411725
00e12e8b_3177,11610.267470655444
00e12e8b_3178,11610.236667954548
00e12e8b_3179,11610.204174578636
00e12e8b_3180,11610.172020316952
00e12e8b_3181,11610.139389182605
00e12e8b_3182,11610.109630366156
00e12e8b_3183,11610.077467861414
00e12e8b_3184,11610.036543905411
00e12e8b_3185,11610.005899447038
00e12e8b_3186,11609.974789962069
00e12e8b_3187,11609.940979861369
00e12e8b_3188,11609.906932996517
00e12e8b_3189,11609.877196003355
00e12e8b_3190,11609.847102783244
00e12e8b_3191,11609.817632873684
00e12e8b_3192,11609.790624594214
00e12e8b_3193,11609.754361548436
00e12e8b_3194,11609.72668194985
00e12e8b_3195,11609.71031305539
00e12e8b_3196,11609.68351960621
00e12e8b_3197,11609.655839866768
00e12e8b_3198,11609.62797589887
00e12e8b_3199,11609.60062910842
00e12e8b_3200,11609.570956320931
00e12e8b_3201,11609.549304479153
00e12e8b_3202,11609.51802344832
00e12e8b_3203,11609.482134827616
00e12e8b_3204,11609.460411222091
00e12e8b_3205,11609.427964911663
00e12e8b_3206,11609.405973861363
00e12e8b_3207,11609.372477822397
00e12e8b_3208,11609.35010752211
00e12e8b_3209,11609.316634751414
00e12e8b_3210,11609.293892325504
00e12e8b_3211,11609.269050256657
00e12e8b_3212,11609.234851445895
00e12e8b_3213,11609.20967944654
00e12e8b_3214,11609.18292341557
00e12e8b_3215,11609.1577898426
00e12e8b_3216,11609.13233574842
00e12e8b_3217,11609.10762309451
00e12e8b_3218,11609.07980432143
00e12e8b_3219,11609.054173782575
00e12e8b_3220,11609.029420038203
00e12e8b_3221,11609.00130902935
00e12e8b_3222,11608.976023097028
00e12e8b_3223,11608.949815074264
00e12e8b_3224,11608.923158239202
00e12e8b_3225,11608.906659936034
00e12e8b_3226,11608.882096027855
00e12e8b_3227,11608.8573334823
00e12e8b_3228,11608.839149803896
00e12e8b_3229,11608.814550931644
00e12e8b_3230,11608.799226006851
00e12e8b_3231,11608.772856226622
00e12e8b_3232,11608.757473657126
00e12e8b_3233,11608.733033412504
00e12e8b_3234,11608.715025057576
00e12e8b_3235,11608.699935082788
00e12e8b_3236,11608.675461244871
00e12e8b_3237,11608.659648824188
00e12e8b_3238,11608.64316941223
00e12e8b_3239,11608.628113546123
00e12e8b_3240,11608.613873973683
00e12e8b_3241,11608.597674670697
00e12e8b_3242,11608.582983852051
00e12e8b_3243,11608.567671549328
00e12e8b_3244,11608.553365803056
00e12e8b_3245,11608.53717242989
00e12e8b_3246,11608.522420939982
00e12e8b_3247,11608.506035801958
00e12e8b_3248,11608.48870917139
00e12e8b_3249,11608.4808503758
00e12e8b_3250,11608.46416572698
00e12e8b_3251,11608.444059549349
00e12e8b_3252,11608.43270734611
00e12e8b_3253,11608.41279538189
00e12e8b_3254,11608.4013309857
00e12e8b_3255,11608.379126682132
00e12e8b_3256,11608.367671712644
00e12e8b_3257,11608.34705955356
00e12e8b_3258,11608.333111019065
00e12e8b_3259,11608.322772194608
00e12e8b_3260,11608.304440134318
00e12e8b_3261,11608.293183831369
00e12e8b_3262,11608.280550625055
00e12e8b_3263,11608.271047624828
00e12e8b_3264,11608.266284435096
00e12e8b_3265,11608.261945816455
00e12e8b_3266,11608.2625246359
00e12e8b_3267,11608.26330447407
00e12e8b_3268,11608.26343366164
00e12e8b_3269,11608.267382368194
00e12e8b_3270,11608.270451449858
00e12e8b_3271,11608.27330185391
00e12e8b_3272,11608.273466462815
00e12e8b_3273,11608.273758423784
00e12e8b_3274,11608.281502712036
00e12e8b_3275,11608.275936996435
00e12e8b_3276,11608.270037817809
00e12e8b_3277,11608.27040316447
00e12e8b_3278,11608.255765506186
00e12e8b_3279,11608.256514421317
00e12e8b_3280,11608.248054607258
00e12e8b_3281,11608.249045609162
00e12e8b_3282,11608.248530261266
00e12e8b_3283,11608.240309746412
00e12e8b_3284,11608.241866352791
00e12e8b_3285,11608.242013185376
00e12e8b_3286,11608.234944383292
00e12e8b_3287,11608.237303001311
00e12e8b_3288,11608.240361801236
00e12e8b_3289,11608.242162935923
00e12e8b_3290,11608.24592522112
00e12e8b_3291,11608.240583138157
00e12e8b_3292,11608.243504596558
00e12e8b_3293,11608.248429385085
00e12e8b_3294,11608.248771149874
00e12e8b_3295,11608.242594175032
00e12e8b_3296,11608.25155975295
00e12e8b_3297,11608.263794415883
00e12e8b_3298,11608.27863147565
00e12e8b_3299,11608.284912981237
00e12e8b_3300,11608.302997781782
00e12e8b_3301,11608.320747566238
00e12e8b_3302,11608.335697511737
00e12e8b_3303,11608.341490667595
00e12e8b_3304,11608.354358992108
00e12e8b_3305,11608.362630354908
00e12e8b_3306,11608.36093725079
00e12e8b_3307,11608.365748171382
00e12e8b_3308,11608.368048203263
00e12e8b_3309,11608.366108352137
00e12e8b_3310,11608.35422142422
00e12e8b_3311,11608.357834084907
00e12e8b_3312,11608.36070083016
00e12e8b_3313,11608.357197681513
00e12e8b_3314,11608.363435615503
00e12e8b_3315,11608.3702151816
00e12e8b_3316,11608.374332791169
00e12e8b_3317,11608.37057278401
00e12e8b_3318,11608.37554045595
00e12e8b_3319,11608.377949887516
00e12e8b_3320,11608.372087487394
00e12e8b_3321,11608.375221607695
00e12e8b_3322,11608.376607416694
00e12e8b_3323,11608.370405821484
00e12e8b_3324,11608.373398523065
00e12e8b_3325,11608.376623912372
00e12e8b_3326,11608.378647481932
00e12e8b_3327,11608.372937170723
00e12e8b_3328,11608.3763327773
00e12e8b_3329,11608.378371107128
00e12e8b_3330,11608.372591111724
00e12e8b_3331,11608.37588658868
00e12e8b_3332,11608.379490043086
00e12e8b_3333,11608.37201156819
00e12e8b_3334,11608.375574919724
00e12e8b_3335,11608.378958725292
00e12e8b_3336,11608.371594006308
00e12e8b_3337,11608.374981469402
00e12e8b_3338,11608.378262275904
00e12e8b_3339,11608.370550245272
00e12e8b_3340,11608.374144361713
00e12e8b_3341,11608.368336569503
00e12e8b_3342,11608.37169175002
00e12e8b_3343,11608.37326515138
00e12e8b_3344,11608.367113586131
00e12e8b_3345,11608.370456614912
00e12e8b_3346,11608.371854207562
00e12e8b_3347,11608.364987549932
00e12e8b_3348,11608.367740022692
00e12e8b_3349,11608.368627173104
00e12e8b_3350,11608.36189052122
00e12e8b_3351,11608.364370656396
00e12e8b_3352,11608.35735561961
00e12e8b_3353,11608.357306097332
00e12e8b_3354,11608.358777935478
00e12e8b_3355,11608.35044595488
00e12e8b_3356,11608.349533011957
00e12e8b_3357,11608.349458731598
00e12e8b_3358,11608.340277412624
00e12e8b_3359,11608.340490135452
00e12e8b_3360,11608.329479467726
00e12e8b_3361,11608.33003231891
00e12e8b_3362,11608.32764452443
00e12e8b_3363,11608.316707830045
00e12e8b_3364,11608.319514909614
00e12e8b_3365,11608.31487793965
00e12e8b_3366,11608.319527707328
00e12e8b_3367,11608.32761232218
00e12e8b_3368,11608.327156132067
00e12e8b_3369,11608.336453443868
00e12e8b_3370,11608.335324154035
00e12e8b_3371,11608.344769548472
00e12e8b_3372,11608.353942299676
00e12e8b_3373,11608.351336871456
00e12e8b_3374,11608.358834994327
00e12e8b_3375,11608.355612432078
00e12e8b_3376,11608.35989564201
00e12e8b_3377,11608.35840550483
00e12e8b_3378,11608.363856045398
00e12e8b_3379,11608.372210560416
00e12e8b_3380,11608.370593870826
00e12e8b_3381,11608.378300570888
00e12e8b_3382,11608.376659368972
00e12e8b_3383,11608.384405423076
00e12e8b_3384,11608.384240281055
00e12e8b_3385,11608.39152352044
00e12e8b_3386,11608.38984408604
00e12e8b_3387,11608.397078124905
00e12e8b_3388,11608.39522120422
00e12e8b_3389,11608.402508061932
00e12e8b_3390,11608.400096812811
00e12e8b_3391,11608.40713106803
00e12e8b_3392,11608.406280237296
00e12e8b_3393,11608.404143902211
00e12e8b_3394,11608.410770361988
00e12e8b_3395,11608.40778966403
00e12e8b_3396,11608.40453530158
00e12e8b_3397,11608.410792697292
00e12e8b_3398,11608.407480198128
00e12e8b_3399,11608.413587372985
00e12e8b_3400,11608.412000437576
00e12e8b_3401,11608.40864945918
00e12e8b_3402,11608.40177940054
00e12e8b_3403,11608.407326072416
00e12e8b_3404,11608.40609466386
00e12e8b_3405,11608.406976380327
00e12e8b_3406,11608.409739400742
00e12e8b_3407,11608.423509754315
00e12e8b_3408,11608.431010371172
00e12e8b_3409,11608.437721986447
00e12e8b_3410,11608.444100202214
00e12e8b_3411,11608.459669896223
00e12e8b_3412,11608.465456800335
00e12e8b_3413,11608.47018534709
00e12e8b_3414,11608.473625794948
00e12e8b_3415,11608.475238727313
00e12e8b_3416,11608.476601624638
00e12e8b_3417,11608.473953334327
00e12e8b_3418,11608.468849054982
00e12e8b_3419,11608.47721531738
00e12e8b_3420,11608.475980004032
00e12e8b_3421,11608.47495781121
00e12e8b_3422,11608.474045359071
00e12e8b_3423,11608.473157505505
00e12e8b_3424,11608.473094453328
00e12e8b_3425,11608.472396493567
00e12e8b_3426,11608.4713842034
00e12e8b_3427,11608.46996720382
00e12e8b_3428,11608.468387883324
00e12e8b_3429,11608.466497574467
00e12e8b_3430,11608.464445041647
00e12e8b_3431,11608.462090673209
00e12e8b_3432,11608.451638306746
00e12e8b_3433,11608.450179852152
00e12e8b_3434,11608.448711460192
00e12e8b_3435,11608.447242278646
00e12e8b_3436,11608.445622559962
00e12e8b_3437,11608.443007878655
00e12e8b_3438,11608.441857582577
00e12e8b_3439,11608.44058871178
00e12e8b_3440,11608.43068226882
00e12e8b_3441,11608.431192998014
00e12e8b_3442,11608.43053727644
00e12e8b_3443,11608.429504635442
00e12e8b_3444,11608.42774173788
00e12e8b_3445,11608.417623825308
00e12e8b_3446,11608.41621305633
00e12e8b_3447,11608.415398515266
00e12e8b_3448,11608.404653371386
00e12e8b_3449,11608.4032358293
00e12e8b_3450,11608.401784672084
00e12e8b_3451,11608.399635966727
00e12e8b_3452,11608.3869313398
00e12e8b_3453,11608.38422886101
00e12e8b_3454,11608.38219871201
00e12e8b_3455,11608.372891658497
00e12e8b_3456,11608.369205933144
00e12e8b_3457,11608.358697255662
00e12e8b_3458,11608.35445735142
00e12e8b_3459,11608.350725423868
00e12e8b_3460,11608.335834884132
00e12e8b_3461,11608.331967198785
00e12e8b_3462,11608.316566591478
00e12e8b_3463,11608.31307383021
00e12e8b_3464,11608.295182923654
00e12e8b_3465,11608.288188144965
00e12e8b_3466,11608.276431269038
00e12e8b_3467,11608.2740886433
00e12e8b_3468,11608.265494742678
00e12e8b_3469,11608.26794203592
00e12e8b_3470,11608.261603603249
00e12e8b_3471,11608.26886752042
00e12e8b_3472,11608.262640124169
00e12e8b_3473,11608.257747897576
00e12e8b_3474,11608.260357310412
00e12e8b_3475,11608.252657119114
00e12e8b_3476,11608.251124683178
00e12e8b_3477,11608.23996155374
00e12e8b_3478,11608.226290405944
00e12e8b_3479,11608.220679363782
00e12e8b_3480,11608.200244567828
00e12e8b_3481,11608.184415453235
00e12e8b_3482,11608.179466576406
00e12e8b_3483,11608.163214789418
00e12e8b_3484,11608.14861554083
00e12e8b_3485,11608.133413538671
00e12e8b_3486,11608.128847282793
00e12e8b_3487,11608.118808732865
00e12e8b_3488,11608.104980577184
00e12e8b_3489,11608.092861090872
00e12e8b_3490,11608.090762935775
00e12e8b_3491,11608.078880350602
00e12e8b_3492,11608.067963676502
00e12e8b_3493,11608.057240464308
00e12e8b_3494,11608.046451832692
00e12e8b_3495,11608.045161310987
00e12e8b_3496,11608.03445563482
00e12e8b_3497,11608.022289889355
00e12e8b_3498,11608.010386705677
00e12e8b_3499,11607.99703889779
00e12e8b_3500,11607.984632921096
00e12e8b_3501,11607.972604775649
00e12e8b_3502,11607.960902571482
00e12e8b_3503,11607.951496006184
00e12e8b_3504,11607.948245054891
00e12e8b_3505,11607.93735276692
00e12e8b_3506,11607.926810740071
00e12e8b_3507,11607.91496255076
00e12e8b_3508,11607.903719426062
00e12e8b_3509,11607.891786234935
00e12e8b_3510,11607.87627528444
00e12e8b_3511,11607.864747134585
00e12e8b_3512,11607.853277071486
00e12e8b_3513,11607.842022014309
00e12e8b_3514,11607.833170583954
00e12e8b_3515,11607.816388585148
00e12e8b_3516,11607.809364072407
00e12e8b_3517,11607.804965023786
00e12e8b_3518,11607.801110385946
00e12e8b_3519,11607.79927987782
00e12e8b_3520,11607.795549177588
00e12e8b_3521,11607.791270740803
00e12e8b_3522,11607.784965375278
00e12e8b_3523,11607.777505283297
00e12e8b_3524,11607.759850181996
00e12e8b_3525,11607.748296984611
00e12e8b_3526,11607.733671767355
00e12e8b_3527,11607.72321311396
00e12e8b_3528,11607.713894472625
00e12e8b_3529,11607.701704853056
00e12e8b_3530,11607.680998870444
00e12e8b_3531,11607.668685469063
00e12e8b_3532,11607.656304522186
00e12e8b_3533,11607.644126664372
00e12e8b_3534,11607.622402027697
00e12e8b_3535,11607.609015149714
00e12e8b_3536,11607.598639009328
00e12e8b_3537,11607.577258179572
00e12e8b_3538,11607.564021529784
00e12e8b_3539,11607.552928288644
00e12e8b_3540,11607.541149742005
00e12e8b_3541,11607.519358272575
00e12e8b_3542,11607.507792388878
00e12e8b_3543,11607.486664878485
00e12e8b_3544,11607.476206444688
00e12e8b_3545,11607.462541614888
00e12e8b_3546,11607.441309261469
00e12e8b_3547,11607.427052150768
00e12e8b_3548,11607.413830016978
00e12e8b_3549,11607.389850156764
00e12e8b_3550,11607.377244623083
00e12e8b_3551,11607.353722501712
00e12e8b_3552,11607.34185644869
00e12e8b_3553,11607.319056636024
00e12e8b_3554,11607.30639251916
00e12e8b_3555,11607.285007607812
00e12e8b_3556,11607.27071461515
00e12e8b_3557,11607.249745142788
00e12e8b_3558,11607.237728672604
00e12e8b_3559,11607.21639696075
00e12e8b_3560,11607.203908207735
00e12e8b_3561,11607.179582191293
00e12e8b_3562,11607.163365772349
00e12e8b_3563,11607.136170715105
00e12e8b_3564,11607.110447173229
00e12e8b_3565,11607.094324310054
00e12e8b_3566,11607.065478083528
00e12e8b_3567,11607.047458187826
00e12e8b_3568,11607.023077280608
00e12e8b_3569,11606.997174156808
00e12e8b_3570,11606.980496484455
00e12e8b_3571,11606.956627937332
00e12e8b_3572,11606.93242117736
00e12e8b_3573,11606.9179018228
00e12e8b_3574,11606.893744619916
00e12e8b_3575,11606.867486005793
00e12e8b_3576,11606.850741609109
00e12e8b_3577,11606.825917196466
00e12e8b_3578,11606.800874751149
00e12e8b_3579,11606.783149419112
00e12e8b_3580,11606.754538112433
00e12e8b_3581,11606.727424011036
00e12e8b_3582,11606.705826774643
00e12e8b_3583,11606.677395027386
00e12e8b_3584,11606.6498800364
00e12e8b_3585,11606.62793918603
00e12e8b_3586,11606.600134961944
00e12e8b_3587,11606.572362249684
00e12e8b_3588,11606.542198875964
00e12e8b_3589,11606.521752960669
00e12e8b_3590,11606.489944084302
00e12e8b_3591,11606.459055961272
00e12e8b_3592,11606.436673534432
00e12e8b_3593,11606.404426228495
00e12e8b_3594,11606.370930640143
00e12e8b_3595,11606.343370347708
00e12e8b_3596,11606.308140014871
00e12e8b_3597,11606.272576572905
00e12e8b_3598,11606.237746355084
00e12e8b_3599,11606.211102234996
00e12e8b_3600,11606.178029270011
00e12e8b_3601,11606.145834670991
00e12e8b_3602,11606.125350558264
00e12e8b_3603,11606.094589391743
00e12e8b_3604,11606.062649100711
00e12e8b_3605,11606.03435891296
00e12e8b_3606,11606.01660673658
00e12e8b_3607,11605.988924440631
00e12e8b_3608,11605.960318884405
00e12e8b_3609,11605.930076348825
00e12e8b_3610,11605.911402514348
00e12e8b_3611,11605.882000271748
00e12e8b_3612,11605.856561763678
00e12e8b_3613,11605.82973609408
00e12e8b_3614,11605.815013513708
00e12e8b_3615,11605.789580106217
00e12e8b_3616,11605.764191584913
00e12e8b_3617,11605.736409878538
00e12e8b_3618,11605.720936711235
00e12e8b_3619,11605.695171801
00e12e8b_3620,11605.669849695028
00e12e8b_3621,11605.648110388234
00e12e8b_3622,11605.634756814254
00e12e8b_3623,11605.612304204473
00e12e8b_3624,11605.58818123674
00e12e8b_3625,11605.562867342163
00e12e8b_3626,11605.55172498048
00e12e8b_3627,11605.5333186381
00e12e8b_3628,11605.521658990116
00e12e8b_3629,11605.512417794498
00e12e8b_3630,11605.50501598218
00e12e8b_3631,11605.507107916348
00e12e8b_3632,11605.50029091677
00e12e8b_3633,11605.49360694591
00e12e8b_3634,11605.486993952807
00e12e8b_3635,11605.47763712448
00e12e8b_3636,11605.474320910953
00e12e8b_3637,11605.460452828414
00e12e8b_3638,11605.441728873146
00e12e8b_3639,11605.4187530789
00e12e8b_3640,11605.390019209895
00e12e8b_3641,11605.370311402188
00e12e8b_3642,11605.345029117105
00e12e8b_3643,11605.320704747435
00e12e8b_3644,11605.297410538744
00e12e8b_3645,11605.27113100858
00e12e8b_3646,11605.256084107725
00e12e8b_3647,11605.231774427775
00e12e8b_3648,11605.207723827763
00e12e8b_3649,11605.183438895538
00e12e8b_3650,11605.159520758718
00e12e8b_3651,11605.134687200674
00e12e8b_3652,11605.11932433088
00e12e8b_3653,11605.094329487423
00e12e8b_3654,11605.067075533578
00e12e8b_3655,11605.041194383546
00e12e8b_3656,11605.015696012288
00e12e8b_3657,11604.99130170535
00e12e8b_3658,11604.976428155898
00e12e8b_3659,11604.952500196165
00e12e8b_3660,11604.92900315971
00e12e8b_3661,11604.905240920558
00e12e8b_3662,11604.88110801934
00e12e8b_3663,11604.85512081577
00e12e8b_3664,11604.830228289817
00e12e8b_3665,11604.81451695176
00e12e8b_3666,11604.789892499752
00e12e8b_3667,11604.764105431615
00e12e8b_3668,11604.739266995295
00e12e8b_3669,11604.714813424293
00e12e8b_3670,11604.687895718784
00e12e8b_3671,11604.662855062086
00e12e8b_3672,11604.637788044178
00e12e8b_3673,11604.614193990285
00e12e8b_3674,11604.59175949014
00e12e8b_3675,11604.568524409768
00e12e8b_3676,11604.546337980446
00e12e8b_3677,11604.532844805708
00e12e8b_3678,11604.510644455642
00e12e8b_3679,11604.485442500538
00e12e8b_3680,11604.458889148227
00e12e8b_3681,11604.43363638778
00e12e8b_3682,11604.406311320789
00e12e8b_3683,11604.378818090076
00e12e8b_3684,11604.350609239327
00e12e8b_3685,11604.321645957229
00e12e8b_3686,11604.281709369574
00e12e8b_3687,11604.254255185038
00e12e8b_3688,11604.225335815883
00e12e8b_3689,11604.198386629383
00e12e8b_3690,11604.171308837453
00e12e8b_3691,11604.145260343535
00e12e8b_3692,11604.119097617622
00e12e8b_3693,11604.091894959009
00e12e8b_3694,11604.064360885546
00e12e8b_3695,11604.03650821562
00e12e8b_3696,11604.00887756209
00e12e8b_3697,11603.98160552847
00e12e8b_3698,11603.945883064276
00e12e8b_3699,11603.919237327438
00e12e8b_3700,11603.89238706974
00e12e8b_3701,11603.865704608435
00e12e8b_3702,11603.838813243096
00e12e8b_3703,11603.811699109086
00e12e8b_3704,11603.775023174663
00e12e8b_3705,11603.747274108562
00e12e8b_3706,11603.719120331116
00e12e8b_3707,11603.690935225515
00e12e8b_3708,11603.662229062851
00e12e8b_3709,11603.624028773003
00e12e8b_3710,11603.593533310745
00e12e8b_3711,11603.56526644843
00e12e8b_3712,11603.53873636553
00e12e8b_3713,11603.510527368484
00e12e8b_3714,11603.473435027194
00e12e8b_3715,11603.445104842967
00e12e8b_3716,11603.416992822717
00e12e8b_3717,11603.38182223467
00e12e8b_3718,11603.353798594111
00e12e8b_3719,11603.325718750086
00e12e8b_3720,11603.29740184264
00e12e8b_3721,11603.2610946213
00e12e8b_3722,11603.232440320244
00e12e8b_3723,11603.204134509291
00e12e8b_3724,11603.16671775847
00e12e8b_3725,11603.13821169683
00e12e8b_3726,11603.101353185984
00e12e8b_3727,11603.075735629462
00e12e8b_3728,11603.050667232612
00e12e8b_3729,11603.01859712456
00e12e8b_3730,11602.994874066368
00e12e8b_3731,11602.971761402066
00e12e8b_3732,11602.939518114012
00e12e8b_3733,11602.918077986433
00e12e8b_3734,11602.885098612513
00e12e8b_3735,11602.86160869522
00e12e8b_3736,11602.82714235332
00e12e8b_3737,11602.803158961517
00e12e8b_3738,11602.776409394226
00e12e8b_3739,11602.740045340472
00e12e8b_3740,11602.711727551628
00e12e8b_3741,11602.674191750906
00e12e8b_3742,11602.646994901226
00e12e8b_3743,11602.610258496816
00e12e8b_3744,11602.58186886153
00e12e8b_3745,11602.54665171314
00e12e8b_3746,11602.51922778698
00e12e8b_3747,11602.48184168029
00e12e8b_3748,11602.45402051332
00e12e8b_3749,11602.41827391884
00e12e8b_3750,11602.380660295254
00e12e8b_3751,11602.351957847784
00e12e8b_3752,11602.313589128174
00e12e8b_3753,11602.28622741358
00e12e8b_3754,11602.247637377044
00e12e8b_3755,11602.218633124276
00e12e8b_3756,11602.179418837282
00e12e8b_3757,11602.142058243267
00e12e8b_3758,11602.112076055177
00e12e8b_3759,11602.07305623662
00e12e8b_3760,11602.044003358284
00e12e8b_3761,11602.007680590368
00e12e8b_3762,11601.969200927568
00e12e8b_3763,11601.93928213178
00e12e8b_3764,11601.900185455715
00e12e8b_3765,11601.862032870533
00e12e8b_3766,11601.831319856024
00e12e8b_3767,11601.792052518878
00e12e8b_3768,11601.763610956432
00e12e8b_3769,11601.724344868766
00e12e8b_3770,11601.694996694936
00e12e8b_3771,11601.6571175124
00e12e8b_3772,11601.621734686814
00e12e8b_3773,11601.593984555178
00e12e8b_3774,11601.558273203
00e12e8b_3775,11601.53282304199
00e12e8b_3776,11601.49985812469
00e12e8b_3777,11601.474413326096
00e12e8b_3778,11601.4408893928
00e12e8b_3779,11601.407554943256
00e12e8b_3780,11601.385587871628
00e12e8b_3781,11601.35383030157
00e12e8b_3782,11601.331798758323
00e12e8b_3783,11601.300618059504
00e12e8b_3784,11601.279909184232
00e12e8b_3785,11601.248779495869
00e12e8b_3786,11601.226987849715
00e12e8b_3787,11601.19470308485
00e12e8b_3788,11601.172548820645
00e12e8b_3789,11601.137615463347
00e12e8b_3790,11601.111662492218
00e12e8b_3791,11601.074916650352
00e12e8b_3792,11601.048047274518
00e12e8b_3793,11601.010097972512
00e12e8b_3794,11600.981842414987
00e12e8b_3795,11600.943410655073
00e12e8b_3796,11600.916188362862
00e12e8b_3797,11600.878759812127
00e12e8b_3798,11600.850795507464
00e12e8b_3799,11600.81383264196
00e12e8b_3800,11600.78832834215
00e12e8b_3801,11600.76128587651
00e12e8b_3802,11600.724685990786
00e12e8b_3803,11600.696963888857
00e12e8b_3804,11600.66266888545
00e12e8b_3805,11600.635005490063
00e12e8b_3806,11600.59623226034
00e12e8b_3807,11600.565337805676
00e12e8b_3808,11600.526372294304
00e12e8b_3809,11600.49406823478
00e12e8b_3810,11600.461769826656
00e12e8b_3811,11600.41966525803
00e12e8b_3812,11600.389014883243
00e12e8b_3813,11600.3476192444
00e12e8b_3814,11600.316789253036
00e12e8b_3815,11600.286076199614
00e12e8b_3816,11600.247828094807
00e12e8b_3817,11600.21793841558
00e12e8b_3818,11600.17882862914
00e12e8b_3819,11600.151094110995
00e12e8b_3820,11600.122229785784
00e12e8b_3821,11600.0835111593
00e12e8b_3822,11600.053269821496
00e12e8b_3823,11600.025087916703
00e12e8b_3824,11599.986669705197
00e12e8b_3825,11599.957431647008
00e12e8b_3826,11599.928847970035
00e12e8b_3827,11599.893066182924
00e12e8b_3828,11599.86484319768
00e12e8b_3829,11599.837574331228
00e12e8b_3830,11599.801731780786
00e12e8b_3831,11599.776184915134
00e12e8b_3832,11599.748490050351
00e12e8b_3833,11599.709206165706
00e12e8b_3834,11599.679594925694
00e12e8b_3835,11599.653319659925
00e12e8b_3836,11599.61871384694
00e12e8b_3837,11599.593795930334
00e12e8b_3838,11599.568978499356
00e12e8b_3839,11599.53752797577
00e12e8b_3840,11599.513582188509
00e12e8b_3841,11599.489766609684
00e12e8b_3842,11599.465805467316
00e12e8b_3843,11599.434027838572
00e12e8b_3844,11599.40992885068
00e12e8b_3845,11599.385492588828
00e12e8b_3846,11599.35044236935
00e12e8b_3847,11599.325023062853
00e12e8b_3848,11599.296758158214
00e12e8b_3849,11599.26667312386
00e12e8b_3850,11599.230211533371
00e12e8b_3851,11599.205434922747
00e12e8b_3852,11599.17916501906
00e12e8b_3853,11599.151822042551
00e12e8b_3854,11599.124166442243
00e12e8b_3855,11599.089955847723
00e12e8b_3856,11599.062703059632
00e12e8b_3857,11599.035598434231
00e12e8b_3858,11599.008048820764
00e12e8b_3859,11598.97382897966
00e12e8b_3860,11598.947328315364
00e12e8b_3861,11598.9201277972
00e12e8b_3862,11598.893276236417
00e12e8b_3863,11598.858821887628
00e12e8b_3864,11598.831877213
00e12e8b_3865,11598.804565111646
00e12e8b_3866,11598.779350779589
00e12e8b_3867,11598.742651099195
00e12e8b_3868,11598.715683467624
00e12e8b_3869,11598.687854108
00e12e8b_3870,11598.661551121726
00e12e8b_3871,11598.62404071973
00e12e8b_3872,11598.595359686507
00e12e8b_3873,11598.566234022464
00e12e8b_3874,11598.538412002585
00e12e8b_3875,11598.499444151324
00e12e8b_3876,11598.466357139563
00e12e8b_3877,11598.43530265141
00e12e8b_3878,11598.399058346697
00e12e8b_3879,11598.371912883202
00e12e8b_3880,11598.34651181401
00e12e8b_3881,11598.324274133623
00e12e8b_3882,11598.292195126329
00e12e8b_3883,11598.270355167277
00e12e8b_3884,11598.251369756625
00e12e8b_3885,11598.2208557145
00e12e8b_3886,11598.201676063003
00e12e8b_3887,11598.18047521315
00e12e8b_3888,11598.151174758716
00e12e8b_3889,11598.126455272168
00e12e8b_3890,11598.100894048308
00e12e8b_3891,11598.071391086702
00e12e8b_3892,11598.03149672306
00e12e8b_3893,11598.00176949443
00e12e8b_3894,11597.971183802983
00e12e8b_3895,11597.932742985757
00e12e8b_3896,11597.901435871623
00e12e8b_3897,11597.871684909276
00e12e8b_3898,11597.83109567109
00e12e8b_3899,11597.801685656465
00e12e8b_3900,11597.77087470302
00e12e8b_3901,11597.733443053248
00e12e8b_3902,11597.704223255034
00e12e8b_3903,11597.677477542977
00e12e8b_3904,11597.63935932808
00e12e8b_3905,11597.609710789942
00e12e8b_3906,11597.581511372397
00e12e8b_3907,11597.542315094965
00e12e8b_3908,11597.5136752394
00e12e8b_3909,11597.474576464674
00e12e8b_3910,11597.446206169554
00e12e8b_3911,11597.416560174275
00e12e8b_3912,11597.380107255363
00e12e8b_3913,11597.352060933605
00e12e8b_3914,11597.325861635178
00e12e8b_3915,11597.28906611351
00e12e8b_3916,11597.263660174438
00e12e8b_3917,11597.237821056644
00e12e8b_3918,11597.20238008536
00e12e8b_3919,11597.177515542791
00e12e8b_3920,11597.140673162552
00e12e8b_3921,11597.114443063145
00e12e8b_3922,11597.085191374636
00e12e8b_3923,11597.047510871384
00e12e8b_3924,11597.01677169706
00e12e8b_3925,11596.978683583966
00e12e8b_3926,11596.947914109298
00e12e8b_3927,11596.91936580302
00e12e8b_3928,11596.879874080998
00e12e8b_3929,11596.849995536306
00e12e8b_3930,11596.813044668306
00e12e8b_3931,11596.783979550764
00e12e8b_3932,11596.756567370016
00e12e8b_3933,11596.71809942036
00e12e8b_3934,11596.689385421738
00e12e8b_3935,11596.649459891123
00e12e8b_3936,11596.620864651404
00e12e8b_3937,11596.590235996597
00e12e8b_3938,11596.551762693958
00e12e8b_3939,11596.520645274017
00e12e8b_3940,11596.48025206015
00e12e8b_3941,11596.447935442977
00e12e8b_3942,11596.40776695096
00e12e8b_3943,11596.381854378718
00e12e8b_3944,11596.347103770944
00e12e8b_3945,11596.325284531737
00e12e8b_3946,11596.303356748089
00e12e8b_3947,11596.273894741287
00e12e8b_3948,11596.252313661058
00e12e8b_3949,11596.22311713732
00e12e8b_3950,11596.200535417916
00e12e8b_3951,11596.169903451717
00e12e8b_3952,11596.145507001916
00e12e8b_3953,11596.109409830478
00e12e8b_3954,11596.082847112148
00e12e8b_3955,11596.043239527571
00e12e8b_3956,11596.011869263506
00e12e8b_3957,11595.96688746133
00e12e8b_3958,11595.936635207394
00e12e8b_3959,11595.895725805229
00e12e8b_3960,11595.865807843284
00e12e8b_3961,11595.825086397776
00e12e8b_3962,11595.795525501144
00e12e8b_3963,11595.75638001224
00e12e8b_3964,11595.718323024894
00e12e8b_3965,11595.691953254993
00e12e8b_3966,11595.654445765678
00e12e8b_3967,11595.61885071236
00e12e8b_3968,11595.589654048
00e12e8b_3969,11595.552870997515
00e12e8b_3970,11595.523378264626
00e12e8b_3971,11595.486748291258
00e12e8b_3972,11595.447237099635
00e12e8b_3973,11595.409274129768
00e12e8b_3974,11595.37881526263
00e12e8b_3975,11595.338414711225
00e12e8b_3976,11595.29973205383
00e12e8b_3977,11595.26859237418
00e12e8b_3978,11595.22637792454
00e12e8b_3979,11595.186210897662
00e12e8b_3980,11595.134158418205
00e12e8b_3981,11595.09904897047
00e12e8b_3982,11595.057965676926
00e12e8b_3983,11595.01612824119
00e12e8b_3984,11594.976017566536
00e12e8b_3985,11594.936823737287
00e12e8b_3986,11594.905064455384
00e12e8b_3987,11594.866061421362
00e12e8b_3988,11594.82645392657
00e12e8b_3989,11594.784421350956
00e12e8b_3990,11594.742527374605
00e12e8b_3991,11594.698408803422
00e12e8b_3992,11594.650997119694
00e12e8b_3993,11594.611887796793
00e12e8b_3994,11594.560482480929
00e12e8b_3995,11594.51096317384
00e12e8b_3996,11594.463383766217
00e12e8b_3997,11594.413990594394
00e12e8b_3998,11594.366734817542
00e12e8b_3999,11594.319839329824
00e12e8b_4000,11594.270932607971
00e12e8b_4001,11594.22407513
00e12e8b_4002,11594.177955371748
00e12e8b_4003,11594.130882248202
00e12e8b_4004,11594.08649435917
00e12e8b_4005,11594.041677048432
00e12e8b_4006,11593.993894145378
00e12e8b_4007,11593.95002531384
00e12e8b_4008,11593.904475625128
00e12e8b_4009,11593.855463188978
00e12e8b_4010,11593.806762154589
00e12e8b_4011,11593.75607860724
00e12e8b_4012,11593.705993644156
00e12e8b_4013,11593.653192325231
00e12e8b_4014,11593.590334640876
00e12e8b_4015,11593.537326449085
00e12e8b_4016,11593.483719685331
00e12e8b_4017,11593.428785742028
00e12e8b_4018,11593.37425479096
00e12e8b_4019,11593.322272586664
00e12e8b_4020,11593.2693202023
00e12e8b_4021,11593.209453449974
00e12e8b_4022,11593.158085806044
00e12e8b_4023,11593.109417979244
00e12e8b_4024,11593.061072831615
00e12e8b_4025,11593.011446025095
00e12e8b_4026,11592.953934806395
00e12e8b_4027,11592.909117481611
00e12e8b_4028,11592.861457471718
00e12e8b_4029,11592.813903684066
00e12e8b_4030,11592.760694973096
00e12e8b_4031,11592.713772644309
00e12e8b_4032,11592.66682425749
00e12e8b_4033,11592.621050344043
00e12e8b_4034,11592.563569475384
00e12e8b_4035,11592.518836074134
00e12e8b_4036,11592.47296120416
00e12e8b_4037,11592.415869151617
00e12e8b_4038,11592.371270581656
00e12e8b_4039,11592.32622130493
00e12e8b_4040,11592.268716882583
00e12e8b_4041,11592.22205598988
00e12e8b_4042,11592.170761173207
00e12e8b_4043,11592.13186592954
00e12e8b_4044,11592.087487380148
00e12e8b_4045,11592.03811329351
00e12e8b_4046,11591.997645179294
00e12e8b_4047,11591.954201613647
00e12e8b_4048,11591.900341401046
00e12e8b_4049,11591.861441689538
00e12e8b_4050,11591.821024842448
00e12e8b_4051,11591.784646816708
00e12e8b_4052,11591.737500269386
00e12e8b_4053,11591.701443724956
00e12e8b_4054,11591.66592836643
00e12e8b_4055,11591.630335639846
00e12e8b_4056,11591.592279122957
00e12e8b_4057,11591.557686349472
00e12e8b_4058,11591.518295374146
00e12e8b_4059,11591.479244546968
00e12e8b_4060,11591.437417638424
00e12e8b_4061,11591.39899182412
00e12e8b_4062,11591.355571826722
00e12e8b_4063,11591.312009741545
00e12e8b_4064,11591.26954773797
00e12e8b_4065,11591.230209695908
00e12e8b_4066,11591.19821478858
00e12e8b_4067,11591.15875353094
00e12e8b_4068,11591.118030082422
00e12e8b_4069,11591.079099303795
00e12e8b_4070,11591.0476614391
00e12e8b_4071,11591.00863462962
00e12e8b_4072,11590.967668210264
00e12e8b_4073,11590.937558523154
00e12e8b_4074,11590.896508500922
00e12e8b_4075,11590.865916719224
00e12e8b_4076,11590.825298575392
00e12e8b_4077,11590.795859934158
00e12e8b_4078,11590.755416488211
00e12e8b_4079,11590.725507950814
00e12e8b_4080,11590.69341584649
00e12e8b_4081,11590.651425916943
00e12e8b_4082,11590.61827168009
00e12e8b_4083,11590.58883861496
00e12e8b_4084,11590.549931559512
00e12e8b_4085,11590.52352475613
00e12e8b_4086,11590.496147120031
00e12e8b_4087,11590.47126474819
00e12e8b_4088,11590.43533091919
00e12e8b_4089,11590.411178995488
00e12e8b_4090,11590.385386452364
00e12e8b_4091,11590.360717045029
00e12e8b_4092,11590.33571190648
00e12e8b_4093,11590.3081982962
00e12e8b_4094,11590.282237084224
00e12e8b_4095,11590.252882300205
00e12e8b_4096,11590.22308057086
00e12e8b_4097,11590.190201507949
00e12e8b_4098,11590.161678595876
00e12e8b_4099,11590.140065261268
00e12e8b_4100,11590.11121984197
00e12e8b_4101,11590.08130711526
00e12e8b_4102,11590.051537991112
00e12e8b_4103,11590.030218572669
00e12e8b_4104,11590.000406628227
00e12e8b_4105,11589.969783250504
00e12e8b_4106,11589.949334033074
00e12e8b_4107,11589.919029557776
00e12e8b_4108,11589.88998475312
00e12e8b_4109,11589.868767722865
00e12e8b_4110,11589.841334761792
00e12e8b_4111,11589.821094721645
00e12e8b_4112,11589.793020325116
00e12e8b_4113,11589.772693612524
00e12e8b_4114,11589.744580513834
00e12e8b_4115,11589.724681739575
00e12e8b_4116,11589.703407260204
00e12e8b_4117,11589.674569241415
00e12e8b_4118,11589.651415115111
00e12e8b_4119,11589.631613814949
00e12e8b_4120,11589.60890361165
00e12e8b_4121,11589.578728139611
00e12e8b_4122,11589.55711361932
00e12e8b_4123,11589.534655702168
00e12e8b_4124,11589.512512724816
00e12e8b_4125,11589.4884389392
00e12e8b_4126,11589.46699026814
00e12e8b_4127,11589.443581003705
00e12e8b_4128,11589.42251193046
00e12e8b_4129,11589.40018882182
00e12e8b_4130,11589.376695315636
00e12e8b_4131,11589.355269904005
00e12e8b_4132,11589.331269755505
00e12e8b_4133,11589.309577715318
00e12e8b_4134,11589.286972070846
00e12e8b_4135,11589.265554246413
00e12e8b_4136,11589.253908214116
00e12e8b_4137,11589.23015977516
00e12e8b_4138,11589.20941253328
00e12e8b_4139,11589.19617073846
00e12e8b_4140,11589.175189729664
00e12e8b_4141,11589.1529794968
00e12e8b_4142,11589.141459527278
00e12e8b_4143,11589.122247710153
00e12e8b_4144,11589.110474434658
00e12e8b_4145,11589.089815386616
00e12e8b_4146,11589.077150851272
00e12e8b_4147,11589.065921092051
00e12e8b_4148,11589.052201300645
00e12e8b_4149,11589.04106935511
00e12e8b_4150,11589.020649715372
00e12e8b_4151,11589.006060362248
00e12e8b_4152,11588.991655424788
00e12e8b_4153,11588.97701917609
00e12e8b_4154,11588.97637210787
00e12e8b_4155,11588.9651091721
00e12e8b_4156,11588.95699451601
00e12e8b_4157,11588.94999349923
00e12e8b_4158,11588.951073185335
00e12e8b_4159,11588.946776225665
00e12e8b_4160,11588.939984446904
00e12e8b_4161,11588.943444344372
00e12e8b_4162,11588.946203124628
00e12e8b_4163,11588.937200805998
00e12e8b_4164,11588.939169896106
00e12e8b_4165,11588.937747948268
00e12e8b_4166,11588.927672231155
00e12e8b_4167,11588.92352298966
00e12e8b_4168,11588.920165475713
00e12e8b_4169,11588.91987483239
00e12e8b_4170,11588.917949535407
00e12e8b_4171,11588.917635207728
00e12e8b_4172,11588.915596210518
00e12e8b_4173,11588.914844533094
00e12e8b_4174,11588.921801453274
00e12e8b_4175,11588.921842581727
00e12e8b_4176,11588.92164427858
00e12e8b_4177,11588.919887633663
00e12e8b_4178,11588.929159860563
00e12e8b_4179,11588.927181346346
00e12e8b_4180,11588.93623755429
00e12e8b_4181,11588.943547708672
00e12e8b_4182,11588.943613134285
00e12e8b_4183,11588.953328107727
00e12e8b_4184,11588.963202343588
00e12e8b_4185,11588.9710557361
00e12e8b_4186,11588.971434448236
00e12e8b_4187,11588.97667960879
00e12e8b_4188,11588.982100562516
00e12e8b_4189,11588.991553618958
00e12e8b_4190,11589.003528195106
00e12e8b_4191,11589.02442211725
00e12e8b_4192,11589.040581179634
00e12e8b_4193,11589.057532816436
00e12e8b_4194,11589.074869446698
00e12e8b_4195,11589.10155124548
00e12e8b_4196,11589.116842128473
00e12e8b_4197,11589.143455406258
00e12e8b_4198,11589.159707408691
00e12e8b_4199,11589.184302490476
00e12e8b_4200,11589.196690137716
00e12e8b_4201,11589.217298780351
00e12e8b_4202,11589.236149235758
00e12e8b_4203,11589.252078899905
00e12e8b_4204,11589.272272740003
00e12e8b_4205,11589.29063450035
00e12e8b_4206,11589.30135250474
00e12e8b_4207,11589.330460393616
00e12e8b_4208,11589.350624411543
00e12e8b_4209,11589.368803476878
00e12e8b_4210,11589.389199405208
00e12e8b_4211,11589.409791202035
00e12e8b_4212,11589.430498485275
00e12e8b_4213,11589.460810927772
00e12e8b_4214,11589.480399129468
00e12e8b_4215,11589.51127181838
00e12e8b_4216,11589.533021988118
00e12e8b_4217,11589.563209256426
00e12e8b_4218,11589.584938490145
00e12e8b_4219,11589.613502286991
00e12e8b_4220,11589.643742231414
00e12e8b_4221,11589.673226135126
00e12e8b_4222,11589.70095105508
00e12e8b_4223,11589.72131177305
00e12e8b_4224,11589.74870161633
00e12e8b_4225,11589.777496437902
00e12e8b_4226,11589.813983598056
00e12e8b_4227,11589.843235146498
00e12e8b_4228,11589.870457222412
00e12e8b_4229,11589.899819361255
00e12e8b_4230,11589.927620913137
00e12e8b_4231,11589.96638027954
00e12e8b_4232,11589.990394856692
00e12e8b_4233,11590.023497430644
00e12e8b_4234,11590.04695375862
00e12e8b_4235,11590.079626524232
00e12e8b_4236,11590.102920293302
00e12e8b_4237,11590.135924604892
00e12e8b_4238,11590.160942004351
00e12e8b_4239,11590.193250271874
00e12e8b_4240,11590.216010941049
00e12e8b_4241,11590.248447896203
00e12e8b_4242,11590.272072800291
00e12e8b_4243,11590.304318661916
00e12e8b_4244,11590.32762041258
00e12e8b_4245,11590.35961154346
00e12e8b_4246,11590.381961773912
00e12e8b_4247,11590.413911109075
00e12e8b_4248,11590.445879731767
00e12e8b_4249,11590.468642482405
00e12e8b_4250,11590.500826801755
00e12e8b_4251,11590.526563616062
00e12e8b_4252,11590.559681006513
00e12e8b_4253,11590.585680896356
00e12e8b_4254,11590.621242467614
00e12e8b_4255,11590.647567814647
00e12e8b_4256,11590.683904802509
00e12e8b_4257,11590.711233324691
00e12e8b_4258,11590.746797490256
00e12e8b_4259,11590.77314770526
00e12e8b_4260,11590.809791202062
00e12e8b_4261,11590.837673001231
00e12e8b_4262,11590.88088005166
00e12e8b_4263,11590.916935380825
00e12e8b_4264,11590.961028047506
00e12e8b_4265,11590.9957154293
00e12e8b_4266,11591.040680893886
00e12e8b_4267,11591.075236213608
00e12e8b_4268,11591.118465467913
00e12e8b_4269,11591.15377800453
00e12e8b_4270,11591.1965701642
00e12e8b_4271,11591.22910594918
00e12e8b_4272,11591.262660544617
00e12e8b_4273,11591.303273911904
00e12e8b_4274,11591.333742504195
00e12e8b_4275,11591.375985703284
00e12e8b_4276,11591.407539778706
00e12e8b_4277,11591.449294062986
00e12e8b_4278,11591.483013143565
00e12e8b_4279,11591.52438512273
00e12e8b_4280,11591.556411950563
00e12e8b_4281,11591.59841941062
00e12e8b_4282,11591.629409742322
00e12e8b_4283,11591.671190955734
00e12e8b_4284,11591.705228163397
00e12e8b_4285,11591.746792154065
00e12e8b_4286,11591.779238500429
00e12e8b_4287,11591.81445316402
00e12e8b_4288,11591.857161804222
00e12e8b_4289,11591.891046856856
00e12e8b_4290,11591.935035708131
00e12e8b_4291,11591.968204129333
00e12e8b_4292,11592.008642257908
00e12e8b_4293,11592.037888974204
00e12e8b_4294,11592.075530362385
00e12e8b_4295,11592.10539860196
00e12e8b_4296,11592.135105925408
00e12e8b_4297,11592.175761232578
00e12e8b_4298,11592.20752674101
00e12e8b_4299,11592.251086663478
00e12e8b_4300,11592.285569262638
00e12e8b_4301,11592.32733332043
00e12e8b_4302,11592.36033210803
00e12e8b_4303,11592.394265170033
00e12e8b_4304,11592.43656843275
00e12e8b_4305,11592.468821062936
00e12e8b_4306,11592.507683819464
00e12e8b_4307,11592.538154124972
00e12e8b_4308,11592.576148162449
00e12e8b_4309,11592.603700859005
00e12e8b_4310,11592.629879500018
00e12e8b_4311,11592.66619281803
00e12e8b_4312,11592.695559612772
00e12e8b_4313,11592.732879095616
00e12e8b_4314,11592.761336227086
00e12e8b_4315,11592.798683128534
00e12e8b_4316,11592.823936876615
00e12e8b_4317,11592.850282187164
00e12e8b_4318,11592.886334505763
00e12e8b_4319,11592.91269247213
00e12e8b_4320,11592.948112501104
00e12e8b_4321,11592.972908668276
00e12e8b_4322,11592.99959610347
00e12e8b_4323,11593.03669205122
00e12e8b_4324,11593.064515090718
00e12e8b_4325,11593.092550970414
00e12e8b_4326,11593.13029365162
00e12e8b_4327,11593.15772066268
00e12e8b_4328,11593.196953616096
00e12e8b_4329,11593.226316935255
00e12e8b_4330,11593.255919259236
00e12e8b_4331,11593.294724800677
00e12e8b_4332,11593.321835290262
00e12e8b_4333,11593.36036306045
00e12e8b_4334,11593.389231148289
00e12e8b_4335,11593.418430100692
00e12e8b_4336,11593.456767804251
00e12e8b_4337,11593.485261147936
00e12e8b_4338,11593.524759579775
00e12e8b_4339,11593.555268148955
00e12e8b_4340,11593.58561266278
00e12e8b_4341,11593.644383627025
00e12e8b_4342,11593.695492798202
00e12e8b_4343,11593.75832586293
00e12e8b_4344,11593.811885840592
00e12e8b_4345,11593.863111394076
00e12e8b_4346,11593.924928422868
00e12e8b_4347,11593.976587556488
00e12e8b_4348,11594.037460283518
00e12e8b_4349,11594.08650006889
00e12e8b_4350,11594.137335580544
00e12e8b_4351,11594.197599743024
00e12e8b_4352,11594.246229167891
00e12e8b_4353,11594.306714291904
00e12e8b_4354,11594.357013790432
00e12e8b_4355,11594.384593308225
00e12e8b_4356,11594.423653912278
00e12e8b_4357,11594.451611039814
00e12e8b_4358,11594.491315411313
00e12e8b_4359,11594.5227528377
00e12e8b_4360,11594.552309703431
00e12e8b_4361,11594.592645126508
00e12e8b_4362,11594.621808517808
00e12e8b_4363,11594.661745995742
00e12e8b_4364,11594.691697302993
00e12e8b_4365,11594.729131376056
00e12e8b_4366,11594.760367623509
00e12e8b_4367,11594.78981416027
00e12e8b_4368,11594.83025795786
00e12e8b_4369,11594.86143011845
00e12e8b_4370,11594.898941883874
00e12e8b_4371,11594.929396003765
00e12e8b_4372,11594.966905769614
00e12e8b_4373,11594.996553667312
00e12e8b_4374,11595.02414368655
00e12e8b_4375,11595.062660022328
00e12e8b_4376,11595.092538015864
00e12e8b_4377,11595.129404043224
00e12e8b_4378,11595.15946640626
00e12e8b_4379,11595.195979059004
00e12e8b_4380,11595.224948247396
00e12e8b_4381,11595.254099522768
00e12e8b_4382,11595.2915652788
00e12e8b_4383,11595.321737642214
00e12e8b_4384,11595.3590050194
00e12e8b_4385,11595.388762802017
00e12e8b_4386,11595.427501685595
00e12e8b_4387,11595.455551441286
00e12e8b_4388,11595.493852733496
00e12e8b_4389,11595.521458727302
00e12e8b_4390,11595.560561502669
00e12e8b_4391,11595.590193270686
00e12e8b_4392,11595.622162354444
00e12e8b_4393,11595.663633623322
00e12e8b_4394,11595.694139413254
00e12e8b_4395,11595.73559741108
00e12e8b_4396,11595.766701720297
00e12e8b_4397,11595.807425545256
00e12e8b_4398,11595.839874158548
00e12e8b_4399,11595.879200867075
00e12e8b_4400,11595.9063707468
00e12e8b_4401,11595.943097045483
00e12e8b_4402,11595.974739746214
00e12e8b_4403,11596.005958107688
00e12e8b_4404,11596.049803693226
00e12e8b_4405,11596.085062034846
00e12e8b_4406,11596.129178389136
00e12e8b_4407,11596.16665217024
00e12e8b_4408,11596.212961311208
00e12e8b_4409,11596.2515424604
00e12e8b_4410,11596.298746679837
00e12e8b_4411,11596.335323354038
00e12e8b_4412,11596.38061122823
00e12e8b_4413,11596.41582513183
00e12e8b_4414,11596.4571142497
00e12e8b_4415,11596.485888372208
00e12e8b_4416,11596.52250956749
00e12e8b_4417,11596.551587008868
00e12e8b_4418,11596.589467026344
00e12e8b_4419,11596.619067841908
00e12e8b_4420,11596.65560135616
00e12e8b_4421,11596.681840047666
00e12e8b_4422,11596.717659110802
00e12e8b_4423,11596.745840664356
00e12e8b_4424,11596.772815588432
00e12e8b_4425,11596.808255125174
00e12e8b_4426,11596.834786845113
00e12e8b_4427,11596.870969963486
00e12e8b_4428,11596.89800756474
00e12e8b_4429,11596.935575141972
00e12e8b_4430,11596.962163697774
00e12e8b_4431,11596.99831140144
00e12e8b_4432,11597.025928311084
00e12e8b_4433,11597.062825698544
00e12e8b_4434,11597.090467774036
00e12e8b_4435,11597.129281123898
00e12e8b_4436,11597.156314709451
00e12e8b_4437,11597.183348272123
00e12e8b_4438,11597.21923045884
00e12e8b_4439,11597.24606538563
00e12e8b_4440,11597.282461328596
00e12e8b_4441,11597.310485486723
00e12e8b_4442,11597.33588259194
00e12e8b_4443,11597.370424782828
00e12e8b_4444,11597.395423391925
00e12e8b_4445,11597.42972759067
00e12e8b_4446,11597.454582954151
00e12e8b_4447,11597.48169021646
00e12e8b_4448,11597.51650304976
00e12e8b_4449,11597.541956609448
00e12e8b_4450,11597.56750937844
00e12e8b_4451,11597.6021911916
00e12e8b_4452,11597.627766681802
00e12e8b_4453,11597.655834325582
00e12e8b_4454,11597.691060414983
00e12e8b_4455,11597.717659989356
00e12e8b_4456,11597.74397227208
00e12e8b_4457,11597.77890705784
00e12e8b_4458,11597.804938761645
00e12e8b_4459,11597.83296277416
00e12e8b_4460,11597.868384854866
00e12e8b_4461,11597.894886309155
00e12e8b_4462,11597.92087522357
00e12e8b_4463,11597.956444706351
00e12e8b_4464,11597.98202895014
00e12e8b_4465,11598.00962567728
00e12e8b_4466,11598.035336748804
00e12e8b_4467,11598.07117028824
00e12e8b_4468,11598.097133565048
00e12e8b_4469,11598.122741310632
00e12e8b_4470,11598.147189233565
00e12e8b_4471,11598.183518791324
00e12e8b_4472,11598.209412227056
00e12e8b_4473,11598.236511782592
00e12e8b_4474,11598.264526180314
00e12e8b_4475,11598.30280774818
00e12e8b_4476,11598.33402482652
00e12e8b_4477,11598.363435953905
00e12e8b_4478,11598.392591007552
00e12e8b_4479,11598.431012479396
00e12e8b_4480,11598.459820300975
00e12e8b_4481,11598.489636045811
00e12e8b_4482,11598.5206132032
00e12e8b_4483,11598.549723600649
00e12e8b_4484,11598.576916423022
00e12e8b_4485,11598.613588617132
00e12e8b_4486,11598.640998381446
00e12e8b_4487,11598.66990502888
00e12e8b_4488,11598.70078565118
00e12e8b_4489,11598.730048426532
00e12e8b_4490,11598.759818632496
00e12e8b_4491,11598.799107629851
00e12e8b_4492,11598.828345901518
00e12e8b_4493,11598.856890919636
00e12e8b_4494,11598.886840319412
00e12e8b_4495,11598.91495283066
00e12e8b_4496,11598.943019328091
00e12e8b_4497,11598.970882341771
00e12e8b_4498,11598.99759411564
00e12e8b_4499,11599.033767600577
00e12e8b_4500,11599.06232260566
00e12e8b_4501,11599.089737253533
00e12e8b_4502,11599.117041625956
00e12e8b_4503,11599.144596671404
00e12e8b_4504,11599.171356347471
00e12e8b_4505,11599.196467036418
00e12e8b_4506,11599.224554098428
00e12e8b_4507,11599.25212904023
00e12e8b_4508,11599.2803593483
00e12e8b_4509,11599.308973273644
00e12e8b_4510,11599.33830642689
00e12e8b_4511,11599.368339492345
00e12e8b_4512,11599.400429154515
00e12e8b_4513,11599.431176962464
00e12e8b_4514,11599.4623013354
00e12e8b_4515,11599.49431391654
00e12e8b_4516,11599.525949245635
00e12e8b_4517,11599.55704379363
00e12e8b_4518,11599.588889335744
00e12e8b_4519,11599.61839511092
00e12e8b_4520,11599.646606290804
00e12e8b_4521,11599.673461716277
00e12e8b_4522,11599.701545667804
00e12e8b_4523,11599.729825013725
00e12e8b_4524,11599.759239281431
00e12e8b_4525,11599.787111623466
00e12e8b_4526,11599.815396453856
00e12e8b_4527,11599.84358505066
00e12e8b_4528,11599.8721930006
00e12e8b_4529,11599.952550576952
00e12e8b_4530,11599.979021580695
00e12e8b_4531,11599.997787911394
00e12e8b_4532,11600.024936569664
00e12e8b_4533,11600.052159097351
00e12e8b_4534,11600.08165557432
00e12e8b_4535,11600.110352474898
00e12e8b_4536,11600.138700783293
00e12e8b_4537,11600.159888372722
00e12e8b_4538,11600.188261819218
00e12e8b_4539,11600.21841716065
00e12e8b_4540,11600.24599676782
00e12e8b_4541,11600.265050851798
00e12e8b_4542,11600.293761874174
00e12e8b_4543,11600.319931192877
00e12e8b_4544,11600.34541392861
00e12e8b_4545,11600.36127515875
00e12e8b_4546,11600.384429168873
00e12e8b_4547,11600.408656886091
00e12e8b_4548,11600.422179777375
00e12e8b_4549,11600.444794297797
00e12e8b_4550,11600.469640269808
00e12e8b_4551,11600.483235394551
00e12e8b_4552,11600.505964863534
00e12e8b_4553,11600.521526259105
00e12e8b_4554,11600.544426501814
00e12e8b_4555,11600.569533444586
00e12e8b_4556,11600.582880525406
00e12e8b_4557,11600.605930560458
00e12e8b_4558,11600.621413348725
00e12e8b_4559,11600.645081609096
00e12e8b_4560,11600.659425994178
00e12e8b_4561,11600.684191338258
00e12e8b_4562,11600.698617160377
00e12e8b_4563,11600.723943449162
00e12e8b_4564,11600.738793825629
00e12e8b_4565,11600.763329976748
00e12e8b_4566,11600.779367235884
00e12e8b_4567,11600.803486792793
00e12e8b_4568,11600.818655460367
00e12e8b_4569,11600.843409756077
00e12e8b_4570,11600.85773860274
00e12e8b_4571,11600.873604585591
00e12e8b_4572,11600.89676811482
00e12e8b_4573,11600.911040301087
00e12e8b_4574,11600.936969257817
00e12e8b_4575,11600.949743597124
00e12e8b_4576,11600.963852766996
00e12e8b_4577,11600.99068789793
00e12e8b_4578,11601.008355059394
00e12e8b_4579,11601.028557292078
00e12e8b_4580,11601.057713312077
00e12e8b_4581,11601.077611992949
00e12e8b_4582,11601.099784266033
00e12e8b_4583,11601.121023744068
00e12e8b_4584,11601.15055562514
00e12e8b_4585,11601.171410209452
00e12e8b_4586,11601.1909022799
00e12e8b_4587,11601.211382860834
00e12e8b_4588,11601.238510239313
00e12e8b_4589,11601.25457491446
00e12e8b_4590,11601.27136745114
00e12e8b_4591,11601.284475188557
00e12e8b_4592,11601.299887639583
00e12e8b_4593,11601.31717483918
00e12e8b_4594,11601.342174622583
00e12e8b_4595,11601.35711267303
00e12e8b_4596,11601.373949770988
00e12e8b_4597,11601.388635851552
00e12e8b_4598,11601.405075474317
00e12e8b_4599,11601.419300142696
00e12e8b_4600,11601.43305262709
00e12e8b_4601,11601.448647607158
00e12e8b_4602,11601.462609897166
00e12e8b_4603,11601.476226880264
00e12e8b_4604,11601.491566414354
00e12e8b_4605,11601.505064912692
00e12e8b_4606,11601.520797549209
00e12e8b_4607,11601.534959872975
00e12e8b_4608,11601.54892788721
00e12e8b_4609,11601.564898213242
00e12e8b_4610,11601.577762678484
00e12e8b_4611,11601.592017415953
00e12e8b_4612,11601.60913154332
00e12e8b_4613,11601.625722065552
00e12e8b_4614,11601.644701633964
00e12e8b_4615,11601.66266843694
00e12e8b_4616,11601.680927481591
00e12e8b_4617,11601.701268279898
00e12e8b_4618,11601.719846080648
00e12e8b_4619,11601.73816655902
00e12e8b_4620,11601.748935751652
00e12e8b_4621,11601.765842527371
00e12e8b_4622,11601.783969837932
00e12e8b_4623,11601.799600477156
00e12e8b_4624,11601.813510577776
00e12e8b_4625,11601.82898352611
00e12e8b_4626,11601.841352368245
00e12e8b_4627,11601.855844547288
00e12e8b_4628,11601.871336232469
00e12e8b_4629,11601.88572857668
00e12e8b_4630,11601.901647930594
00e12e8b_4631,11601.906842476605
00e12e8b_4632,11601.92128396525
00e12e8b_4633,11601.937467402147
00e12e8b_4634,11601.951882900214
00e12e8b_4635,11601.966516060564
00e12e8b_4636,11601.983046069348
00e12e8b_4637,11601.997543502788
00e12e8b_4638,11602.014490763331
00e12e8b_4639,11602.029605735575
00e12e8b_4640,11602.044351462291
00e12e8b_4641,11602.061169573268
00e12e8b_4642,11602.06662693379
00e12e8b_4643,11602.081477754116
00e12e8b_4644,11602.096487846487
00e12e8b_4645,11602.111002503469
00e12e8b_4646,11602.12702856954
00e12e8b_4647,11602.142067926425
00e12e8b_4648,11602.157355631602
00e12e8b_4649,11602.17423255234
00e12e8b_4650,11602.18976153833
00e12e8b_4651,11602.205409957643
00e12e8b_4652,11602.21365737312
00e12e8b_4653,11602.229558151985
00e12e8b_4654,11602.245741610644
00e12e8b_4655,11602.263055923748
00e12e8b_4656,11602.27821534379
00e12e8b_4657,11602.294926141123
00e12e8b_4658,11602.308952542016
00e12e8b_4659,11602.322031106964
00e12e8b_4660,11602.335374804108
00e12e8b_4661,11602.33878105718
00e12e8b_4662,11602.351734676078
00e12e8b_4663,11602.367447187544
00e12e8b_4664,11602.381640846414
00e12e8b_4665,11602.398165894569
00e12e8b_4666,11602.413373380545
00e12e8b_4667,11602.429645841394
00e12e8b_4668,11602.449440766992
00e12e8b_4669,11602.467737024614
00e12e8b_4670,11602.47716338092
00e12e8b_4671,11602.49743706025
00e12e8b_4672,11602.51573460851
00e12e8b_4673,11602.535441232862
00e12e8b_4674,11602.552260334096
00e12e8b_4675,11602.56794321925
00e12e8b_4676,11602.58463141615
00e12e8b_4677,11602.59938466806
00e12e8b_4678,11602.613850143623
00e12e8b_4679,11602.621815385372
00e12e8b_4680,11602.637630046253
00e12e8b_4681,11602.65418850261
00e12e8b_4682,11602.669335129149
00e12e8b_4683,11602.685973237349
00e12e8b_4684,11602.70386332794
00e12e8b_4685,11602.718611660792
00e12e8b_4686,11602.7334722255
00e12e8b_4687,11602.740242248912
00e12e8b_4688,11602.75397444598
00e12e8b_4689,11602.768780965833
00e12e8b_4690,11602.78168216356
00e12e8b_4691,11602.793769461332
00e12e8b_4692,11602.808227711708
00e12e8b_4693,11602.820719008856
00e12e8b_4694,11602.834006294011
00e12e8b_4695,11602.841468688832
00e12e8b_4696,11602.85635631738
00e12e8b_4697,11602.871854963794
00e12e8b_4698,11602.88648036494
00e12e8b_4699,11602.901675121271
00e12e8b_4700,11602.91772122802
00e12e8b_4701,11602.932109987089
00e12e8b_4702,11602.946462465994
00e12e8b_4703,11602.95305642291
00e12e8b_4704,11602.967237029892
00e12e8b_4705,11602.982765232204
00e12e8b_4706,11602.996981148151
00e12e8b_4707,11603.01082600989
00e12e8b_4708,11603.02660854438
00e12e8b_4709,11603.040405338228
00e12e8b_4710,11603.045930148008
00e12e8b_4711,11603.062683735385
00e12e8b_4712,11603.077410801736
00e12e8b_4713,11603.093506665806
00e12e8b_4714,11603.10776523151
00e12e8b_4715,11603.113500338986
00e12e8b_4716,11603.127962884748
00e12e8b_4717,11603.14220727424
00e12e8b_4718,11603.14823046605
00e12e8b_4719,11603.166277641563
00e12e8b_4720,11603.183744722684
00e12e8b_4721,11603.192414711984
00e12e8b_4722,11603.212570121395
00e12e8b_4723,11603.221640515054
00e12e8b_4724,11603.242020713047
00e12e8b_4725,11603.252096555552
00e12e8b_4726,11603.271962941932
00e12e8b_4727,11603.28422473759
00e12e8b_4728,11603.30338963914
00e12e8b_4729,11603.312324955185
00e12e8b_4730,11603.33125597235
00e12e8b_4731,11603.337707441717
00e12e8b_4732,11603.353729161769
00e12e8b_4733,11603.3604061084
00e12e8b_4734,11603.366812567505
00e12e8b_4735,11603.383772616986
00e12e8b_4736,11603.390024255626
00e12e8b_4737,11603.395600840477
00e12e8b_4738,11603.402713222826
00e12e8b_4739,11603.417159878463
00e12e8b_4740,11603.424561252064
00e12e8b_4741,11603.430344295555
00e12e8b_4742,11603.436384971212
00e12e8b_4743,11603.44426587405
00e12e8b_4744,11603.449866210582
00e12e8b_4745,11603.455370310614
00e12e8b_4746,11603.471725312736
00e12e8b_4747,11603.47641192713
00e12e8b_4748,11603.483070041762
00e12e8b_4749,11603.487691946131
00e12e8b_4750,11603.49281646896
00e12e8b_4751,11603.499655292144
00e12e8b_4752,11603.50500265901
00e12e8b_4753,11603.510833804745
00e12e8b_4754,11603.509780161516
00e12e8b_4755,11603.516323307967
00e12e8b_4756,11603.524473065248
00e12e8b_4757,11603.530090302109
00e12e8b_4758,11603.53510131932
00e12e8b_4759,11603.541176679766
00e12e8b_4760,11603.535523363102
00e12e8b_4761,11603.538867617486
00e12e8b_4762,11603.5429787985
00e12e8b_4763,11603.544507013034
00e12e8b_4764,11603.538285731129
00e12e8b_4765,11603.539509979291
00e12e8b_4766,11603.54129927617
00e12e8b_4767,11603.53565937282
00e12e8b_4768,11603.538185677244
00e12e8b_4769,11603.541420016754
00e12e8b_4770,11603.537255652727
00e12e8b_4771,11603.540455437567
00e12e8b_4772,11603.534214485317
00e12e8b_4773,11603.53847718508
00e12e8b_4774,11603.531954313828
00e12e8b_4775,11603.536619925351
00e12e8b_4776,11603.530208567114
00e12e8b_4777,11603.533227982223
00e12e8b_4778,11603.528703389837
00e12e8b_4779,11603.52263770881
00e12e8b_4780,11603.526221391268
00e12e8b_4781,11603.522695193627
00e12e8b_4782,11603.517571805956
00e12e8b_4783,11603.523438992625
00e12e8b_4784,11603.517882747854
00e12e8b_4785,11603.512892715233
00e12e8b_4786,11603.519009749964
00e12e8b_4787,11603.512868224432
00e12e8b_4788,11603.507138745314
00e12e8b_4789,11603.503187128788
00e12e8b_4790,11603.498041858442
00e12e8b_4791,11603.494519257243
00e12e8b_4792,11603.498796898197
00e12e8b_4793,11603.494102363067
00e12e8b_4794,11603.491205507313
00e12e8b_4795,11603.486280386349
00e12e8b_4796,11603.4815590434
00e12e8b_4797,11603.478686396282
00e12e8b_4798,11603.474302590166
00e12e8b_4799,11603.471648252382
00e12e8b_4800,11603.467573684453
00e12e8b_4801,11603.464228440576
00e12e8b_4802,11603.46153862755
00e12e8b_4803,11603.456341759676
00e12e8b_4804,11603.443050755164
00e12e8b_4805,11603.440467955676
00e12e8b_4806,11603.435705646383
00e12e8b_4807,11603.432701857277
00e12e8b_4808,11603.42834088868
00e12e8b_4809,11603.423325573896
00e12e8b_4810,11603.419902622814
00e12e8b_4811,11603.414393103672
00e12e8b_4812,11603.409227493168
00e12e8b_4813,11603.405774557768
00e12e8b_4814,11603.400681791423
00e12e8b_4815,11603.40432150474
00e12e8b_4816,11603.401117611991
00e12e8b_4817,11603.395932018047
00e12e8b_4818,11603.392333725513
00e12e8b_4819,11603.386685492716
00e12e8b_4820,11603.38101687995
00e12e8b_4821,11603.385424350572
00e12e8b_4822,11603.37667697992
00e12e8b_4823,11603.370059617877
00e12e8b_4824,11603.377139004082
00e12e8b_4825,11603.373937945402
00e12e8b_4826,11603.374836194202
00e12e8b_4827,11603.384553703932
00e12e8b_4828,11603.38597905546
00e12e8b_4829,11603.389422419816
00e12e8b_4830,11603.400285231492
00e12e8b_4831,11603.401803353252
00e12e8b_4832,11603.41353885491
00e12e8b_4833,11603.413163512712
00e12e8b_4834,11603.422332637963
00e12e8b_4835,11603.418629955191
00e12e8b_4836,11603.422580102031
00e12e8b_4837,11603.41712914512
00e12e8b_4838,11603.417479699889
00e12e8b_4839,11603.420180098665
00e12e8b_4840,11603.416327661356
00e12e8b_4841,11603.419426449986
00e12e8b_4842,11603.425364271578
00e12e8b_4843,11603.420389488236
00e12e8b_4844,11603.425175154489
00e12e8b_4845,11603.43197976604
00e12e8b_4846,11603.437072721765
00e12e8b_4847,11603.432596421502
00e12e8b_4848,11603.438058457275
00e12e8b_4849,11603.442547240664
00e12e8b_4850,11603.449074490714
00e12e8b_4851,11603.453944775823
00e12e8b_4852,11603.45937751943
00e12e8b_4853,11603.457683305438
00e12e8b_4854,11603.462788563844
00e12e8b_4855,11603.467739195286
00e12e8b_4856,11603.47416985393
00e12e8b_4857,11603.47819836436
00e12e8b_4858,11603.481650361797
00e12e8b_4859,11603.486975136662
00e12e8b_4860,11603.49145929213
00e12e8b_4861,11603.506982245028
00e12e8b_4862,11603.51110973684
00e12e8b_4863,11603.514014973664
00e12e8b_4864,11603.518361446548
00e12e8b_4865,11603.521233998486
00e12e8b_4866,11603.52384178684
00e12e8b_4867,11603.528301494109
00e12e8b_4868,11603.540247260333
00e12e8b_4869,11603.54407666488
00e12e8b_4870,11603.54590549622
00e12e8b_4871,11603.54772627886
00e12e8b_4872,11603.56066277986
00e12e8b_4873,11603.56260990269
00e12e8b_4874,11603.564719072068
00e12e8b_4875,11603.578713463665
00e12e8b_4876,11603.582544270928
00e12e8b_4877,11603.59763307409
00e12e8b_4878,11603.601445759456
00e12e8b_4879,11603.614442805365
00e12e8b_4880,11603.620445361674
00e12e8b_4881,11603.633609246976
00e12e8b_4882,11603.637870119352
00e12e8b_4883,11603.652948720204
00e12e8b_4884,11603.656949049237
00e12e8b_4885,11603.672413953316
00e12e8b_4886,11603.676805768871
00e12e8b_4887,11603.690779784403
00e12e8b_4888,11603.70680917866
00e12e8b_4889,11603.71104895412
00e12e8b_4890,11603.72475240595
00e12e8b_4891,11603.73985641302
00e12e8b_4892,11603.742848769492
00e12e8b_4893,11603.757497043534
00e12e8b_4894,11603.770504276454
00e12e8b_4895,11603.784462554931
00e12e8b_4896,11603.800281998389
00e12e8b_4897,11603.805487551032
00e12e8b_4898,11603.820384876584
00e12e8b_4899,11603.836866598702
00e12e8b_4900,11603.85221427664
00e12e8b_4901,11603.869235405824
00e12e8b_4902,11603.874449380806
00e12e8b_4903,11603.88934377283
00e12e8b_4904,11603.905493687038
00e12e8b_4905,11603.91884185004
00e12e8b_4906,11603.922803830905
00e12e8b_4907,11603.93672881772
00e12e8b_4908,11603.938895080302
00e12e8b_4909,11603.953018547758
00e12e8b_4910,11603.965371072129
00e12e8b_4911,11603.968836420603
00e12e8b_4912,11603.974001845623
00e12e8b_4913,11603.98719231648
00e12e8b_4914,11603.991025856085
00e12e8b_4915,11604.00594511044
00e12e8b_4916,11604.010104578563
00e12e8b_4917,11604.01407493334
00e12e8b_4918,11604.02907849154
00e12e8b_4919,11604.033556305669
00e12e8b_4920,11604.039924379547
00e12e8b_4921,11604.044287816258
00e12e8b_4922,11604.058143058424
00e12e8b_4923,11604.064774517596
00e12e8b_4924,11604.06905809456
00e12e8b_4925,11604.07422550073
00e12e8b_4926,11604.081255792997
00e12e8b_4927,11604.086414242993
00e12e8b_4928,11604.088987382343
00e12e8b_4929,11604.092657285852
00e12e8b_4930,11604.098189183524
00e12e8b_4931,11604.10699563432
00e12e8b_4932,11604.11526017055
00e12e8b_4933,11604.12461624644
00e12e8b_4934,11604.136682775044
00e12e8b_4935,11604.138286457346
00e12e8b_4936,11604.150894181528
00e12e8b_4937,11604.16121127028
00e12e8b_4938,11604.171172509166
00e12e8b_4939,11604.17307130319
00e12e8b_4940,11604.181325421292
00e12e8b_4941,11604.188596180153
00e12e8b_4942,11604.186472100151
00e12e8b_4943,11604.18925337758
00e12e8b_4944,11604.181489132156
00e12e8b_4945,11604.185360556692
00e12e8b_4946,11604.179596040523
00e12e8b_4947,11604.184612783589
00e12e8b_4948,11604.178476261655
00e12e8b_4949,11604.172202279422
00e12e8b_4950,11604.177080749016
00e12e8b_4951,11604.17102981444
00e12e8b_4952,11604.1665893493
00e12e8b_4953,11604.169854497695
00e12e8b_4954,11604.163920528092
00e12e8b_4955,11604.160190476528
00e12e8b_4956,11604.154642093354
00e12e8b_4957,11604.158295157438
00e12e8b_4958,11604.15449906333
00e12e8b_4959,11604.148720982628
00e12e8b_4960,11604.142421218969
00e12e8b_4961,11604.137989267452
00e12e8b_4962,11604.13160996414
00e12e8b_4963,11604.127329768073
00e12e8b_4964,11604.121505634606
00e12e8b_4965,11604.115984296262
00e12e8b_4966,11604.11304537006
00e12e8b_4967,11604.108306437643
00e12e8b_4968,11604.095200681442
00e12e8b_4969,11604.093333747654
00e12e8b_4970,11604.089376614578
00e12e8b_4971,11604.087491284772
00e12e8b_4972,11604.073269150296
00e12e8b_4973,11604.068133778252
00e12e8b_4974,11604.063693524162
00e12e8b_4975,11604.047577012465
00e12e8b_4976,11604.039902709592
00e12e8b_4977,11604.033574038363
00e12e8b_4978,11604.015418416357
00e12e8b_4979,11604.00748908921
00e12e8b_4980,11603.987876558978
00e12e8b_4981,11603.977408327792
00e12e8b_4982,11603.959766107188
00e12e8b_4983,11603.949414951703
00e12e8b_4984,11603.93067404098
00e12e8b_4985,11603.91368094374
00e12e8b_4986,11603.905294952378
00e12e8b_4987,11603.89000769819
00e12e8b_4988,11603.872982395347
00e12e8b_4989,11603.85742568845
00e12e8b_4990,11603.854039308975
00e12e8b_4991,11603.839655881511
00e12e8b_4992,11603.825344651988
00e12e8b_4993,11603.811705259366
00e12e8b_4994,11603.795332593683
00e12e8b_4995,11603.779849341485
00e12e8b_4996,11603.76208115272
00e12e8b_4997,11603.742186091804
00e12e8b_4998,11603.734555082952
00e12e8b_4999,11603.716373819892
00e12e8b_5000,11603.698400026657
00e12e8b_5001,11603.683208966151
00e12e8b_5002,11603.667115928183
00e12e8b_5003,11603.6513050501
00e12e8b_5004,11603.638048456589
00e12e8b_5005,11603.623725984393
00e12e8b_5006,11603.611713488752
00e12e8b_5007,11603.606575173184
00e12e8b_5008,11603.592051694191
00e12e8b_5009,11603.578506626953
00e12e8b_5010,11603.563100014604
00e12e8b_5011,11603.54688281477
00e12e8b_5012,11603.531501614654
00e12e8b_5013,11603.51339072614
00e12e8b_5014,11603.49953520101
00e12e8b_5015,11603.483953409162
00e12e8b_5016,11603.467847862614
00e12e8b_5017,11603.454407438116
00e12e8b_5018,11603.44826542624
00e12e8b_5019,11603.43345129118
00e12e8b_5020,11603.42125874668
00e12e8b_5021,11603.407968126186
00e12e8b_5022,11603.396558042416
00e12e8b_5023,11603.3839868965
00e12e8b_5024,11603.371869220837
00e12e8b_5025,11603.360198222315
00e12e8b_5026,11603.347177975707
00e12e8b_5027,11603.333629109882
00e12e8b_5028,11603.32162414416
00e12e8b_5029,11603.306305027016
00e12e8b_5030,11603.290540023228
00e12e8b_5031,11603.27567365331
00e12e8b_5032,11603.267335441502
00e12e8b_5033,11603.251106065944
00e12e8b_5034,11603.23134662597
00e12e8b_5035,11603.21266282026
00e12e8b_5036,11603.196430124097
00e12e8b_5037,11603.179160702624
00e12e8b_5038,11603.162321724085
00e12e8b_5039,11603.14862266865
00e12e8b_5040,11603.133115197605
00e12e8b_5041,11603.118787740155
00e12e8b_5042,11603.103867260706
00e12e8b_5043,11603.08914043381
00e12e8b_5044,11603.076256213615
00e12e8b_5045,11603.060808512484
00e12e8b_5046,11603.04571000427
00e12e8b_5047,11603.032253670108
00e12e8b_5048,11603.01654073088
00e12e8b_5049,11603.001994470524
00e12e8b_5050,11602.985358606193
00e12e8b_5051,11602.970237079113
00e12e8b_5052,11602.957140117982
00e12e8b_5053,11602.941889882431
00e12e8b_5054,11602.92584976998
00e12e8b_5055,11602.920499256295
00e12e8b_5056,11602.903062737778
00e12e8b_5057,11602.887115054498
00e12e8b_5058,11602.869398903797
00e12e8b_5059,11602.851784956183
00e12e8b_5060,11602.835847320415
00e12e8b_5061,11602.81852042601
00e12e8b_5062,11602.801083171811
00e12e8b_5063,11602.785583053928
00e12e8b_5064,11602.768145832486
00e12e8b_5065,11602.750695952063
00e12e8b_5066,11602.735224231215
00e12e8b_5067,11602.717426752282
00e12e8b_5068,11602.700746502243
00e12e8b_5069,11602.68161502861
00e12e8b_5070,11602.662870289008
00e12e8b_5071,11602.646542930092
00e12e8b_5072,11602.629209452378
00e12e8b_5073,11602.612217334548
00e12e8b_5074,11602.59634433394
00e12e8b_5075,11602.581847975089
00e12e8b_5076,11602.569345265916
00e12e8b_5077,11602.55613469215
00e12e8b_5078,11602.542001294243
00e12e8b_5079,11602.530089368254
00e12e8b_5080,11602.516707433524
00e12e8b_5081,11602.50413600443
00e12e8b_5082,11602.483751499782
00e12e8b_5083,11602.470403353747
00e12e8b_5084,11602.4588842559
00e12e8b_5085,11602.445164343442
00e12e8b_5086,11602.430871892497
00e12e8b_5087,11602.417449569388
00e12e8b_5088,11602.401728153907
00e12e8b_5089,11602.383637805488
00e12e8b_5090,11602.368887780129
00e12e8b_5091,11602.354298586832
00e12e8b_5092,11602.340509846188
00e12e8b_5093,11602.32431504465
00e12e8b_5094,11602.306191795831
00e12e8b_5095,11602.29257315876
00e12e8b_5096,11602.277846186464
00e12e8b_5097,11602.253959801448
00e12e8b_5098,11602.239295720592
00e12e8b_5099,11602.223411632442
00e12e8b_5100,11602.206350087834
00e12e8b_5101,11602.187286924782
00e12e8b_5102,11602.154707270389
00e12e8b_5103,11602.134392855773
00e12e8b_5104,11602.1124201141
00e12e8b_5105,11602.092115270312
00e12e8b_5106,11602.066550484293
00e12e8b_5107,11602.04881817025
00e12e8b_5108,11602.032044396325
00e12e8b_5109,11602.005948004116
00e12e8b_5110,11601.989035430775
00e12e8b_5111,11601.975177390392
00e12e8b_5112,11601.951062476808
00e12e8b_5113,11601.933898035017
00e12e8b_5114,11601.909885200004
00e12e8b_5115,11601.892524558278
00e12e8b_5116,11601.87438929099
00e12e8b_5117,11601.845396686476
00e12e8b_5118,11601.82505947558
00e12e8b_5119,11601.800740715284
00e12e8b_5120,11601.781615703292
00e12e8b_5121,11601.755809533524
00e12e8b_5122,11601.738054600526
00e12e8b_5123,11601.710130512696
00e12e8b_5124,11601.69194466896
00e12e8b_5125,11601.664421131149
00e12e8b_5126,11601.637023741956
00e12e8b_5127,11601.61935079629
00e12e8b_5128,11601.593795321129
00e12e8b_5129,11601.574678027384
00e12e8b_5130,11601.550895737331
00e12e8b_5131,11601.52569661254
00e12e8b_5132,11601.509871526448
00e12e8b_5133,11601.485607166062
00e12e8b_5134,11601.461403353293
00e12e8b_5135,11601.446612261052
00e12e8b_5136,11601.423705413135
00e12e8b_5137,11601.398846135946
00e12e8b_5138,11601.373805759646
00e12e8b_5139,11601.358445955248
00e12e8b_5140,11601.331907612068
00e12e8b_5141,11601.307374147942
00e12e8b_5142,11601.283704273024
00e12e8b_5143,11601.260999608932
00e12e8b_5144,11601.249150783273
00e12e8b_5145,11601.226387815525
00e12e8b_5146,11601.205852550063
00e12e8b_5147,11601.183990276517
00e12e8b_5148,11601.160296622433
00e12e8b_5149,11601.139485427588
00e12e8b_5150,11601.11733670891
00e12e8b_5151,11601.094632157196
00e12e8b_5152,11601.082411664374
00e12e8b_5153,11601.05771548127
00e12e8b_5154,11601.033062932427
00e12e8b_5155,11601.009577689298
00e12e8b_5156,11600.982539018843
00e12e8b_5157,11600.95986763748
00e12e8b_5158,11600.930642637257
00e12e8b_5159,11600.90292892096
00e12e8b_5160,11600.865593139104
00e12e8b_5161,11600.833160029248
00e12e8b_5162,11600.804135938548
00e12e8b_5163,11600.77554423576
00e12e8b_5164,11600.745851331769
00e12e8b_5165,11600.714298275085
00e12e8b_5166,11600.685509316409
00e12e8b_5167,11600.65657538519
00e12e8b_5168,11600.627871232611
00e12e8b_5169,11600.58828322134
00e12e8b_5170,11600.559834286338
00e12e8b_5171,11600.53165320176
00e12e8b_5172,11600.500959773217
00e12e8b_5173,11600.463844873051
00e12e8b_5174,11600.4362987425
00e12e8b_5175,11600.407142053244
00e12e8b_5176,11600.377096129196
00e12e8b_5177,11600.338744142777
00e12e8b_5178,11600.30968104579
00e12e8b_5179,11600.279710966524
00e12e8b_5180,11600.241424181646
00e12e8b_5181,11600.212619957278
00e12e8b_5182,11600.184308417667
00e12e8b_5183,11600.144043639391
00e12e8b_5184,11600.114431319207
00e12e8b_5185,11600.084582785705
00e12e8b_5186,11600.045648116891
00e12e8b_5187,11600.012739686072
00e12e8b_5188,11599.980848791394
00e12e8b_5189,11599.94963277569
00e12e8b_5190,11599.915898295849
00e12e8b_5191,11599.88330768472
00e12e8b_5192,11599.85130577208
00e12e8b_5193,11599.819202269504
00e12e8b_5194,11599.784692085606
00e12e8b_5195,11599.753104418643
00e12e8b_5196,11599.72288964596
00e12e8b_5197,11599.689149790953
00e12e8b_5198,11599.658782206809
00e12e8b_5199,11599.626948442516
00e12e8b_5200,11599.59626402461
00e12e8b_5201,11599.574517457204
00e12e8b_5202,11599.544659368026
00e12e8b_5203,11599.512983088456
00e12e8b_5204,11599.492349469108
00e12e8b_5205,11599.459220123024
00e12e8b_5206,11599.438687288965
00e12e8b_5207,11599.40835053739
00e12e8b_5208,11599.375346145936
00e12e8b_5209,11599.350977534988
00e12e8b_5210,11599.328066670176
00e12e8b_5211,11599.297835765115
00e12e8b_5212,11599.276529092218
00e12e8b_5213,11599.246753129104
00e12e8b_5214,11599.22825325642
00e12e8b_5215,11599.206699146993
00e12e8b_5216,11599.188953214412
00e12e8b_5217,11599.162542685475
00e12e8b_5218,11599.144187819962
00e12e8b_5219,11599.123554653304
00e12e8b_5220,11599.10585825694
00e12e8b_5221,11599.086522700383
00e12e8b_5222,11599.0665393004
00e12e8b_5223,11599.046286700885
00e12e8b_5224,11599.024962692882
00e12e8b_5225,11599.00304916742
00e12e8b_5226,11598.98277104108
00e12e8b_5227,11598.963472886411
00e12e8b_5228,11598.944073947829
00e12e8b_5229,11598.934286033067
00e12e8b_5230,11598.912660214675
00e12e8b_5231,11598.89290506479
00e12e8b_5232,11598.872940655396
00e12e8b_5233,11598.860830832724
00e12e8b_5234,11598.84084186428
00e12e8b_5235,11598.830311285608
00e12e8b_5236,11598.809871407962
00e12e8b_5237,11598.7970412883
00e12e8b_5238,11598.776225607273
00e12e8b_5239,11598.76465421927
00e12e8b_5240,11598.742141644474
00e12e8b_5241,11598.730631738954
00e12e8b_5242,11598.709561701497
00e12e8b_5243,11598.69745004698
00e12e8b_5244,11598.683309837324
00e12e8b_5245,11598.670638155818
00e12e8b_5246,11598.64853976303
00e12e8b_5247,11598.633249126591
00e12e8b_5248,11598.61824943592
00e12e8b_5249,11598.607281648545
00e12e8b_5250,11598.598037559252
00e12e8b_5251,11598.588292101367
00e12e8b_5252,11598.58093442174
00e12e8b_5253,11598.57508172056
00e12e8b_5254,11598.569218929351
00e12e8b_5255,11598.563014131612
00e12e8b_5256,11598.55863326912
00e12e8b_5257,11598.554208494468
00e12e8b_5258,11598.547020816131
00e12e8b_5259,11598.549939950435
00e12e8b_5260,11598.542796841331
00e12e8b_5261,11598.533799546574
00e12e8b_5262,11598.521620077374
00e12e8b_5263,11598.518420283135
00e12e8b_5264,11598.508899502252
00e12e8b_5265,11598.508451210346
00e12e8b_5266,11598.497119778676
00e12e8b_5267,11598.495734026716
00e12e8b_5268,11598.485422764266
00e12e8b_5269,11598.482560333836
00e12e8b_5270,11598.471613222213
00e12e8b_5271,11598.471024076136
00e12e8b_5272,11598.470065752515
00e12e8b_5273,11598.461763383137
00e12e8b_5274,11598.462522899546
00e12e8b_5275,11598.46184556394
00e12e8b_5276,11598.463132839814
00e12e8b_5277,11598.45466322795
00e12e8b_5278,11598.453960890458
00e12e8b_5279,11598.454678325836
00e12e8b_5280,11598.455664548055
00e12e8b_5281,11598.45472664493
00e12e8b_5282,11598.45784599456
00e12e8b_5283,11598.45174192485
00e12e8b_5284,11598.455127423074
00e12e8b_5285,11598.458481941105
00e12e8b_5286,11598.461940444178
00e12e8b_5287,11598.46582384209
00e12e8b_5288,11598.460143856028
00e12e8b_5289,11598.4637204624
00e12e8b_5290,11598.46769899201
00e12e8b_5291,11598.471296380609
00e12e8b_5292,11598.465910271028
00e12e8b_5293,11598.468778806027
00e12e8b_5294,11598.47218355808
00e12e8b_5295,11598.47459965473
00e12e8b_5296,11598.467588574891
00e12e8b_5297,11598.4700633903
00e12e8b_5298,11598.472219240391
00e12e8b_5299,11598.464587467017
00e12e8b_5300,11598.46560212442
00e12e8b_5301,11598.46585309851
00e12e8b_5302,11598.45717405166
00e12e8b_5303,11598.457726961426
00e12e8b_5304,11598.458397366549
00e12e8b_5305,11598.450020879936
00e12e8b_5306,11598.451051524557
00e12e8b_5307,11598.451959188476
00e12e8b_5308,11598.444082733531
00e12e8b_5309,11598.445286566375
00e12e8b_5310,11598.44696017494
00e12e8b_5311,11598.43909016619
00e12e8b_5312,11598.441387527362
00e12e8b_5313,11598.43443929191
00e12e8b_5314,11598.43677541216
00e12e8b_5315,11598.437959021554
00e12e8b_5316,11598.430077485767
00e12e8b_5317,11598.432926611322
00e12e8b_5318,11598.427880183135
00e12e8b_5319,11598.432206022304
00e12e8b_5320,11598.427601084535
00e12e8b_5321,11598.43288420304
00e12e8b_5322,11598.428492503876
00e12e8b_5323,11598.433279143628
00e12e8b_5324,11598.428599483324
00e12e8b_5325,11598.432732682886
00e12e8b_5326,11598.426623933108
00e12e8b_5327,11598.429658705469
00e12e8b_5328,11598.421303524696
00e12e8b_5329,11598.423328370896
00e12e8b_5330,11598.415598916295
00e12e8b_5331,11598.41580015856
00e12e8b_5332,11598.408369070565
00e12e8b_5333,11598.41118690114
00e12e8b_5334,11598.404074768545
00e12e8b_5335,11598.397130726167
00e12e8b_5336,11598.399598956274
00e12e8b_5337,11598.39358742207
00e12e8b_5338,11598.3961157169
00e12e8b_5339,11598.389243785274
00e12e8b_5340,11598.382186696475
00e12e8b_5341,11598.383850698649
00e12e8b_5342,11598.376120567013
00e12e8b_5343,11598.377978973043
00e12e8b_5344,11598.370801347372
00e12e8b_5345,11598.363235780627
00e12e8b_5346,11598.3646884646
00e12e8b_5347,11598.35772599698
00e12e8b_5348,11598.35099786802
00e12e8b_5349,11598.353146045152
00e12e8b_5350,11598.345551851336
00e12e8b_5351,11598.33840653314
00e12e8b_5352,11598.340976626503
00e12e8b_5353,11598.330583913516
00e12e8b_5354,11598.322709610076
00e12e8b_5355,11598.316305416023
00e12e8b_5356,11598.32172969777
00e12e8b_5357,11598.319053922558
00e12e8b_5358,11598.317973713516
00e12e8b_5359,11598.31746496962
00e12e8b_5360,11598.326584843378
00e12e8b_5361,11598.32668490543
00e12e8b_5362,11598.327240832936
00e12e8b_5363,11598.32723447327
00e12e8b_5364,11598.335567642824
00e12e8b_5365,11598.33325974804
00e12e8b_5366,11598.329617314792
00e12e8b_5367,11598.32466407694
00e12e8b_5368,11598.317626986824
00e12e8b_5369,11598.316450750222
00e12e8b_5370,11598.30953328708
00e12e8b_5371,11598.302427851322
00e12e8b_5372,11598.295650047632
00e12e8b_5373,11598.288395117015
00e12e8b_5374,11598.280960149104
00e12e8b_5375,11598.282527521837
00e12e8b_5376,11598.274726471956
00e12e8b_5377,11598.267193519108
00e12e8b_5378,11598.25904207035
00e12e8b_5379,11598.250977321186
00e12e8b_5380,11598.253062369213
00e12e8b_5381,11598.24534030211
00e12e8b_5382,11598.2376385453
00e12e8b_5383,11598.230845613516
00e12e8b_5384,11598.233335396257
00e12e8b_5385,11598.226491286912
00e12e8b_5386,11598.219959364202
00e12e8b_5387,11598.213803867078
00e12e8b_5388,11598.216573234842
00e12e8b_5389,11598.21023078051
00e12e8b_5390,11598.203385132072
00e12e8b_5391,11598.205541504576
00e12e8b_5392,11598.198136694791
00e12e8b_5393,11598.190823427689
00e12e8b_5394,11598.192501402553
00e12e8b_5395,11598.185258659714
00e12e8b_5396,11598.178066180555
00e12e8b_5397,11598.18005553423
00e12e8b_5398,11598.173496680136
00e12e8b_5399,11598.177014572382
00e12e8b_5400,11598.170995212566
00e12e8b_5401,11598.165726556312
00e12e8b_5402,11598.167942273229
00e12e8b_5403,11598.162675465215
00e12e8b_5404,11598.166638767343
00e12e8b_5405,11598.161026548229
00e12e8b_5406,11598.164416031575
00e12e8b_5407,11598.158184201977
00e12e8b_5408,11598.15160888972
00e12e8b_5409,11598.154603532554
00e12e8b_5410,11598.147523064656
00e12e8b_5411,11598.149113795396
00e12e8b_5412,11598.141014683504
00e12e8b_5413,11598.142256795723
00e12e8b_5414,11598.134480735249
00e12e8b_5415,11598.135309189462
00e12e8b_5416,11598.127340624018
00e12e8b_5417,11598.12861106146
00e12e8b_5418,11598.1273635016
00e12e8b_5419,11598.118653733973
00e12e8b_5420,11598.121181118646
00e12e8b_5421,11598.115734106852
00e12e8b_5422,11598.120779742108
00e12e8b_5423,11598.117716942266
00e12e8b_5424,11598.124914374595
00e12e8b_5425,11598.133048692123
00e12e8b_5426,11598.131231307514
00e12e8b_5427,11598.139063557926
00e12e8b_5428,11598.137063414926
00e12e8b_5429,11598.144357127034
00e12e8b_5430,11598.151016865224
00e12e8b_5431,11598.14718972648
00e12e8b_5432,11598.151223906736
00e12e8b_5433,11598.15316547078
00e12e8b_5434,11598.144265209796
00e12e8b_5435,11598.146417027763
00e12e8b_5436,11598.148425383166
00e12e8b_5437,11598.15010283822
00e12e8b_5438,11598.14184010219
00e12e8b_5439,11598.143695373556
00e12e8b_5440,11598.146293579528
00e12e8b_5441,11598.139461037685
00e12e8b_5442,11598.142800051935
00e12e8b_5443,11598.146035100128
00e12e8b_5444,11598.149755799375
00e12e8b_5445,11598.153202297342
00e12e8b_5446,11598.147451221284
00e12e8b_5447,11598.151693557844
00e12e8b_5448,11598.15466155264
00e12e8b_5449,11598.156678833378
00e12e8b_5450,11598.158069671654
00e12e8b_5451,11598.149097968731
00e12e8b_5452,11598.148652521775
00e12e8b_5453,11598.147960456745
00e12e8b_5454,11598.147051000942
00e12e8b_5455,11598.14702797202
00e12e8b_5456,11598.147448272864
00e12e8b_5457,11598.138645458825
00e12e8b_5458,11598.1400694188
00e12e8b_5459,11598.137703275695
00e12e8b_5460,11598.138844438778
00e12e8b_5461,11598.142078520124
00e12e8b_5462,11598.14822932486
00e12e8b_5463,11598.156299823331
00e12e8b_5464,11598.164795075483
00e12e8b_5465,11598.174012540132
00e12e8b_5466,11598.18386528983
00e12e8b_5467,11598.193603241338
00e12e8b_5468,11598.203224515612
00e12e8b_5469,11598.212419255322
00e12e8b_5470,11598.220990012856
00e12e8b_5471,11598.219039599646
00e12e8b_5472,11598.225121175428
00e12e8b_5473,11598.230958145965
00e12e8b_5474,11598.233807839622
00e12e8b_5475,11598.234241499642
00e12e8b_5476,11598.236618613311
00e12e8b_5477,11598.24034147965
00e12e8b_5478,11598.245915899908
00e12e8b_5479,11598.242229778609
00e12e8b_5480,11598.250535150612
00e12e8b_5481,11598.259369267344
00e12e8b_5482,11598.270280533414
00e12e8b_5483,11598.280257543474
00e12e8b_5484,11598.277836074349
00e12e8b_5485,11598.285364494364
00e12e8b_5486,11598.292433474971
00e12e8b_5487,11598.298085834467
00e12e8b_5488,11598.292646732269
00e12e8b_5489,11598.29505770844
00e12e8b_5490,11598.29602368086
00e12e8b_5491,11598.295110849156
00e12e8b_5492,11598.286367358329
00e12e8b_5493,11598.287316979118
00e12e8b_5494,11598.291015119054
00e12e8b_5495,11598.286151095304
00e12e8b_5496,11598.290976695458
00e12e8b_5497,11598.294942519678
00e12e8b_5498,11598.291848032735
00e12e8b_5499,11598.297485013063
00e12e8b_5500,11598.302664441406
00e12e8b_5501,11598.299321822522
00e12e8b_5502,11598.30540677713
00e12e8b_5503,11598.311273477544
00e12e8b_5504,11598.30600725268
00e12e8b_5505,11598.312002810784
00e12e8b_5506,11598.309238275542
00e12e8b_5507,11598.31550008024
00e12e8b_5508,11598.312127869503
00e12e8b_5509,11598.318734101642
00e12e8b_5510,11598.32519201812
00e12e8b_5511,11598.32040508028
00e12e8b_5512,11598.326493331968
00e12e8b_5513,11598.323289361484
00e12e8b_5514,11598.32939009972
00e12e8b_5515,11598.325638411632
00e12e8b_5516,11598.330414016928
00e12e8b_5517,11598.3241787219
00e12e8b_5518,11598.319249245553
00e12e8b_5519,11598.32361614527
00e12e8b_5520,11598.318682173764
00e12e8b_5521,11598.32313167523
00e12e8b_5522,11598.316746252098
00e12e8b_5523,11598.320674015433
00e12e8b_5524,11598.31517626109
00e12e8b_5525,11598.313829378903
00e12e8b_5526,11598.32230982065
00e12e8b_5527,11598.322631180336
00e12e8b_5528,11598.323045298504
00e12e8b_5529,11598.333239271766
00e12e8b_5530,11598.334405863949
00e12e8b_5531,11598.333270457866
00e12e8b_5532,11598.342585464135
00e12e8b_5533,11598.34211217691
00e12e8b_5534,11598.3407554658
00e12e8b_5535,11598.34818216956
00e12e8b_5536,11598.345250900153
00e12e8b_5537,11598.33926633713
00e12e8b_5538,11598.343086915103
00e12e8b_5539,11598.339964420256
00e12e8b_5540,11598.336938562206
00e12e8b_5541,11598.334185417583
00e12e8b_5542,11598.33092715141
00e12e8b_5543,11598.336995952302
00e12e8b_5544,11598.331661605383
00e12e8b_5545,11598.328280563332
00e12e8b_5546,11598.324699277877
00e12e8b_5547,11598.320828721731
00e12e8b_5548,11598.326398474894
00e12e8b_5549,11598.32268997737
00e12e8b_5550,11598.319422164985
00e12e8b_5551,11598.314559069182
00e12e8b_5552,11598.310923355844
00e12e8b_5553,11598.307096691846
00e12e8b_5554,11598.30386199214
00e12e8b_5555,11598.300110888107
00e12e8b_5556,11598.305642998672
00e12e8b_5557,11598.300348725388
00e12e8b_5558,11598.296719592649
00e12e8b_5559,11598.293449144168
00e12e8b_5560,11598.289764027144
00e12e8b_5561,11598.28633192562
00e12e8b_5562,11598.282249969488
00e12e8b_5563,11598.278216432642
00e12e8b_5564,11598.272843775294
00e12e8b_5565,11598.26759238654
00e12e8b_5566,11598.263636911624
00e12e8b_5567,11598.260393571698
00e12e8b_5568,11598.257164884712
00e12e8b_5569,11598.263674949963
00e12e8b_5570,11598.262141408664
00e12e8b_5571,11598.259002442544
00e12e8b_5572,11598.258461175566
00e12e8b_5573,11598.258618626583
00e12e8b_5574,11598.258320137164
00e12e8b_5575,11598.267644473375
00e12e8b_5576,11598.267105534527
00e12e8b_5577,11598.264580423403
00e12e8b_5578,11598.263230016011
00e12e8b_5579,11598.270617149235
00e12e8b_5580,11598.267709726391
00e12e8b_5581,11598.263306741894
00e12e8b_5582,11598.260865224966
00e12e8b_5583,11598.26762600478
00e12e8b_5584,11598.262747603188
00e12e8b_5585,11598.25991867903
00e12e8b_5586,11598.266573411953
00e12e8b_5587,11598.26393404112
00e12e8b_5588,11598.270412166708
00e12e8b_5589,11598.26793150261
00e12e8b_5590,11598.265329465095
00e12e8b_5591,11598.270804582173
00e12e8b_5592,11598.268375360496
00e12e8b_5593,11598.27491287712
00e12e8b_5594,11598.271876366323
00e12e8b_5595,11598.277776901636
00e12e8b_5596,11598.2743289286
00e12e8b_5597,11598.278656894665
00e12e8b_5598,11598.276004317717
00e12e8b_5599,11598.282503775426
00e12e8b_5600,11598.2797686853
00e12e8b_5601,11598.285839965309
00e12e8b_5602,11598.28269957292
00e12e8b_5603,11598.289125946563
00e12e8b_5604,11598.284565697157
00e12e8b_5605,11598.291297160016
00e12e8b_5606,11598.298338226206
00e12e8b_5607,11598.295984238965
00e12e8b_5608,11598.302021143503
00e12e8b_5609,11598.299124638956
00e12e8b_5610,11598.305138666028
00e12e8b_5611,11598.309655195771
00e12e8b_5612,11598.316036741297
00e12e8b_5613,11598.31298158817
00e12e8b_5614,11598.31955651194
00e12e8b_5615,11598.326348318948
00e12e8b_5616,11598.323891720416
00e12e8b_5617,11598.328233321754
00e12e8b_5618,11598.334484873249
00e12e8b_5619,11598.34069881303
00e12e8b_5620,11598.347389031082
00e12e8b_5621,11598.344286576794
00e12e8b_5622,11598.35062566961
00e12e8b_5623,11598.356288419724
00e12e8b_5624,11598.35995966648
00e12e8b_5625,11598.366015816391
00e12e8b_5626,11598.371758080932
00e12e8b_5627,11598.36699024995
00e12e8b_5628,11598.372998269006
00e12e8b_5629,11598.380119541314
00e12e8b_5630,11598.388676065088
00e12e8b_5631,11598.39608778806
00e12e8b_5632,11598.40654512994
00e12e8b_5633,11598.416683736918
00e12e8b_5634,11598.427406101548
00e12e8b_5635,11598.437995254517
00e12e8b_5636,11598.449234973974
00e12e8b_5637,11598.457552345732
00e12e8b_5638,11598.466585885591
00e12e8b_5639,11598.474678396338
00e12e8b_5640,11598.482643844063
00e12e8b_5641,11598.489425438474
00e12e8b_5642,11598.495076416935
00e12e8b_5643,11598.49999843098
00e12e8b_5644,11598.514247928651
00e12e8b_5645,11598.520333351062
00e12e8b_5646,11598.526409488726
00e12e8b_5647,11598.532641448586
00e12e8b_5648,11598.53924288186
00e12e8b_5649,11598.545070256412
00e12e8b_5650,11598.551116695451
00e12e8b_5651,11598.56482144231
00e12e8b_5652,11598.571401931817
00e12e8b_5653,11598.57724926759
00e12e8b_5654,11598.582251034257
00e12e8b_5655,11598.597138283974
00e12e8b_5656,11598.602783333934
00e12e8b_5657,11598.606399730636
00e12e8b_5658,11598.61256131425
00e12e8b_5659,11598.628628713168
00e12e8b_5660,11598.635086913568
00e12e8b_5661,11598.64097845096
00e12e8b_5662,11598.64774477184
00e12e8b_5663,11598.663981537327
00e12e8b_5664,11598.669245176276
00e12e8b_5665,11598.67637201832
00e12e8b_5666,11598.68341605196
00e12e8b_5667,11598.690524621888
00e12e8b_5668,11598.696950593789
00e12e8b_5669,11598.712055446877
00e12e8b_5670,11598.7175763083
00e12e8b_5671,11598.721676722602
00e12e8b_5672,11598.727408582605
00e12e8b_5673,11598.731883843391
00e12e8b_5674,11598.737681220173
00e12e8b_5675,11598.743979162262
00e12e8b_5676,11598.750765120982
00e12e8b_5677,11598.75654682939
00e12e8b_5678,11598.765272610655
00e12e8b_5679,11598.774265344404
00e12e8b_5680,11598.792599548988
00e12e8b_5681,11598.801782604643
00e12e8b_5682,11598.810788756757
00e12e8b_5683,11598.819449498193
00e12e8b_5684,11598.82580026075
00e12e8b_5685,11598.833683536775
00e12e8b_5686,11598.831815234387
00e12e8b_5687,11598.838663173592
00e12e8b_5688,11598.844542198936
00e12e8b_5689,11598.849530179496
00e12e8b_5690,11598.855715710388
00e12e8b_5691,11598.859958133511
00e12e8b_5692,11598.86587877857
00e12e8b_5693,11598.871970823757
00e12e8b_5694,11598.878087000889
00e12e8b_5695,11598.883731445583
00e12e8b_5696,11598.88902023985
00e12e8b_5697,11598.893239723056
00e12e8b_5698,11598.88990404366
00e12e8b_5699,11598.895628567729
00e12e8b_5700,11598.90090011916
00e12e8b_5701,11598.906587230807
00e12e8b_5702,11598.912003390717
00e12e8b_5703,11598.918434709674
00e12e8b_5704,11598.913298066029
00e12e8b_5705,11598.919676651196
00e12e8b_5706,11598.925777365208
00e12e8b_5707,11598.93165865316
00e12e8b_5708,11598.92831064705
00e12e8b_5709,11598.9345736771
00e12e8b_5710,11598.940691866012
00e12e8b_5711,11598.944919344536
00e12e8b_5712,11598.941989611892
00e12e8b_5713,11598.948729689577
00e12e8b_5714,11598.954884696146
00e12e8b_5715,11598.951809422835
00e12e8b_5716,11598.957846252511
00e12e8b_5717,11598.962353306462
00e12e8b_5718,11598.959184518437
00e12e8b_5719,11598.965711158711
00e12e8b_5720,11598.97146667143
00e12e8b_5721,11598.968411122598
00e12e8b_5722,11598.97431165142
00e12e8b_5723,11598.970882422173
00e12e8b_5724,11598.975367717372
00e12e8b_5725,11598.982249990971
00e12e8b_5726,11598.98057350175
00e12e8b_5727,11598.987970128055
00e12e8b_5728,11598.985994101253
00e12e8b_5729,11598.992959445672
00e12e8b_5730,11598.99066976177
00e12e8b_5731,11598.995622123324
00e12e8b_5732,11598.99243417684
00e12e8b_5733,11598.995196531412
00e12e8b_5734,11598.990243831287
00e12e8b_5735,11598.99636282155
00e12e8b_5736,11598.994694036326
00e12e8b_5737,11599.001787652054
00e12e8b_5738,11599.002503198884
00e12e8b_5739,11599.013257448416
00e12e8b_5740,11599.015091322948
00e12e8b_5741,11599.027058905816
00e12e8b_5742,11599.029834503406
00e12e8b_5743,11599.031705922109
00e12e8b_5744,11599.040828763596
00e12e8b_5745,11599.041708227302
00e12e8b_5746,11599.040855405388
00e12e8b_5747,11599.047182201974
00e12e8b_5748,11599.042317849566
00e12e8b_5749,11599.044788622276
00e12e8b_5750,11599.04056517897
00e12e8b_5751,11599.03538271107
00e12e8b_5752,11599.031848663531
00e12e8b_5753,11599.038105857147
00e12e8b_5754,11599.034954452329
00e12e8b_5755,11599.040855638255
00e12e8b_5756,11599.03750480556
00e12e8b_5757,11599.041686549304
00e12e8b_5758,11599.03861211103
00e12e8b_5759,11599.04454607551
00e12e8b_5760,11599.041449305912
00e12e8b_5761,11599.047230477816
00e12e8b_5762,11599.043419834392
00e12e8b_5763,11599.049135270005
00e12e8b_5764,11599.05307644227
00e12e8b_5765,11599.049398323152
00e12e8b_5766,11599.054801178574
00e12e8b_5767,11599.06047107049
00e12e8b_5768,11599.0663245797
00e12e8b_5769,11599.063237708968
00e12e8b_5770,11599.069094275346
00e12e8b_5771,11599.07314075756
00e12e8b_5772,11599.07848359818
00e12e8b_5773,11599.083440242735
00e12e8b_5774,11599.08833267443
00e12e8b_5775,11599.0932723145
00e12e8b_5776,11599.098693802158
00e12e8b_5777,11599.102782850514
00e12e8b_5778,11599.107578776317
00e12e8b_5779,11599.11394642029
00e12e8b_5780,11599.121418582912
00e12e8b_5781,11599.139105222102
00e12e8b_5782,11599.148457382553
00e12e8b_5783,11599.15831815725
00e12e8b_5784,11599.167181238829
00e12e8b_5785,11599.186842622628
00e12e8b_5786,11599.19690546222
00e12e8b_5787,11599.206306139553
00e12e8b_5788,11599.224590915052
00e12e8b_5789,11599.233246607564
00e12e8b_5790,11599.250505724478
00e12e8b_5791,11599.256598079064
00e12e8b_5792,11599.263475484257
00e12e8b_5793,11599.27884245218
00e12e8b_5794,11599.293159651295
00e12e8b_5795,11599.30021056958
00e12e8b_5796,11599.316025364886
00e12e8b_5797,11599.320701718045
00e12e8b_5798,11599.336575361987
00e12e8b_5799,11599.352289273324
00e12e8b_5800,11599.35851451915
00e12e8b_5801,11599.373988263524
00e12e8b_5802,11599.38950711071
00e12e8b_5803,11599.405403977216
00e12e8b_5804,11599.419764375843
00e12e8b_5805,11599.43588942905
00e12e8b_5806,11599.443242057489
00e12e8b_5807,11599.45965524252
00e12e8b_5808,11599.476070633324
00e12e8b_5809,11599.49277025046
00e12e8b_5810,11599.509248517552
00e12e8b_5811,11599.523948774004
00e12e8b_5812,11599.5397274793
00e12e8b_5813,11599.565072884445
00e12e8b_5814,11599.581606757396
00e12e8b_5815,11599.597866226411
00e12e8b_5816,11599.61408584996
00e12e8b_5817,11599.63023892672
00e12e8b_5818,11599.653802895422
00e12e8b_5819,11599.669786146049
00e12e8b_5820,11599.68521903434
00e12e8b_5821,11599.701146094509
00e12e8b_5822,11599.726797425235
00e12e8b_5823,11599.742197236728
00e12e8b_5824,11599.766197195962
00e12e8b_5825,11599.781867498355
00e12e8b_5826,11599.807053699637
00e12e8b_5827,11599.824628124325
00e12e8b_5828,11599.851899283436
00e12e8b_5829,11599.870937485146
00e12e8b_5830,11599.89940860717
00e12e8b_5831,11599.916501522865
00e12e8b_5832,11599.944640795058
00e12e8b_5833,11599.973011234371
00e12e8b_5834,11599.991461135867
00e12e8b_5835,11600.018995163002
00e12e8b_5836,11600.04661132301
00e12e8b_5837,11600.074339674007
00e12e8b_5838,11600.099371015933
00e12e8b_5839,11600.12478183592
00e12e8b_5840,11600.141635904623
00e12e8b_5841,11600.1140573527
00e12e8b_5842,11600.141293247116
00e12e8b_5843,11600.168594310391
00e12e8b_5844,11600.197386097929
00e12e8b_5845,11600.224008348712
00e12e8b_5846,11600.250061215304
00e12e8b_5847,11600.278076701665
00e12e8b_5848,11600.30418941447
00e12e8b_5849,11600.340022124728
00e12e8b_5850,11600.366116492016
00e12e8b_5851,11600.394040556796
00e12e8b_5852,11600.42083322434
00e12e8b_5853,11600.44755765747
00e12e8b_5854,11600.475407683574
00e12e8b_5855,11600.501649269096
00e12e8b_5856,11600.528581365536
00e12e8b_5857,11600.556978372631
00e12e8b_5858,11600.58388376289
00e12e8b_5859,11600.61104634214
00e12e8b_5860,11600.640385182334
00e12e8b_5861,11600.677056451615
00e12e8b_5862,11600.70408327294
00e12e8b_5863,11600.731672044898
00e12e8b_5864,11600.760768093896
00e12e8b_5865,11600.787945933647
00e12e8b_5866,11600.814813734232
00e12e8b_5867,11600.843121370302
00e12e8b_5868,11600.870138123551
00e12e8b_5869,11600.905768760284
00e12e8b_5870,11600.933762156605
00e12e8b_5871,11600.960268159406
00e12e8b_5872,11600.987086692288
00e12e8b_5873,11601.0159613741
00e12e8b_5874,11601.04419166104
00e12e8b_5875,11601.072647465451
00e12e8b_5876,11601.110653159678
00e12e8b_5877,11601.141427131515
00e12e8b_5878,11601.170168390494
00e12e8b_5879,11601.199352565543
00e12e8b_5880,11601.230828384489
00e12e8b_5881,11601.260886465649
00e12e8b_5882,11601.30112380856
00e12e8b_5883,11601.333835246354
00e12e8b_5884,11601.365346018763
00e12e8b_5885,11601.39707617538
00e12e8b_5886,11601.431514708544
00e12e8b_5887,11601.473626441631
00e12e8b_5888,11601.50649336787
00e12e8b_5889,11601.540709543957
00e12e8b_5890,11601.57318748717
00e12e8b_5891,11601.60479220184
00e12e8b_5892,11601.644858261676
00e12e8b_5893,11601.67645749342
00e12e8b_5894,11601.704783693396
00e12e8b_5895,11601.732378844164
00e12e8b_5896,11601.771040402624
00e12e8b_5897,11601.79848581302
00e12e8b_5898,11601.8250790215
00e12e8b_5899,11601.853301569856
00e12e8b_5900,11601.880415483962
00e12e8b_5901,11601.916597442396
00e12e8b_5902,11601.945658728448
00e12e8b_5903,11601.973010944088
00e12e8b_5904,11602.00060985633
00e12e8b_5905,11602.037143318274
00e12e8b_5906,11602.066891494327
00e12e8b_5907,11602.09427980707
00e12e8b_5908,11602.130854689043
00e12e8b_5909,11602.15953487976
00e12e8b_5910,11602.186022950387
00e12e8b_5911,11602.213140695872
00e12e8b_5912,11602.250761036405
00e12e8b_5913,11602.277782636163
00e12e8b_5914,11602.305260432224
00e12e8b_5915,11602.343749750093
00e12e8b_5916,11602.370855002531
00e12e8b_5917,11602.398455433118
00e12e8b_5918,11602.42597500015
00e12e8b_5919,11602.465084831434
00e12e8b_5920,11602.494398226409
00e12e8b_5921,11602.524120598302
00e12e8b_5922,11602.565330363132
00e12e8b_5923,11602.594635171012
00e12e8b_5924,11602.623314865968
00e12e8b_5925,11602.663376439648
00e12e8b_5926,11602.694240917492
00e12e8b_5927,11602.725081357756
00e12e8b_5928,11602.76601731344
00e12e8b_5929,11602.796134061198
00e12e8b_5930,11602.824741793936
00e12e8b_5931,11602.86130718266
00e12e8b_5932,11602.881864557445
00e12e8b_5933,11602.900089278894
00e12e8b_5934,11602.926586982128
00e12e8b_5935,11602.943894618002
00e12e8b_5936,11602.970678173357
00e12e8b_5937,11602.988438231254
00e12e8b_5938,11603.006262416262
00e12e8b_5939,11603.03629993062
00e12e8b_5940,11603.05676571219
00e12e8b_5941,11603.079537355668
00e12e8b_5942,11603.113846431328
00e12e8b_5943,11603.138910499638
00e12e8b_5944,11603.163845048604
00e12e8b_5945,11603.197667822424
00e12e8b_5946,11603.22264944092
00e12e8b_5947,11603.246580136183
00e12e8b_5948,11603.268822002994
00e12e8b_5949,11603.290065179444
00e12e8b_5950,11603.310669611426
00e12e8b_5951,11603.33016604288
00e12e8b_5952,11603.34922862449
00e12e8b_5953,11603.36826524208
00e12e8b_5954,11603.388592519066
00e12e8b_5955,11603.406551005077
00e12e8b_5956,11603.424827240138
00e12e8b_5957,11603.442721430378
00e12e8b_5958,11603.451661037876
00e12e8b_5959,11603.46971098694
00e12e8b_5960,11603.487536032302
00e12e8b_5961,11603.5084356824
00e12e8b_5962,11603.518371081416
00e12e8b_5963,11603.539157897914
00e12e8b_5964,11603.55114209657
00e12e8b_5965,11603.57276982378
00e12e8b_5966,11603.594772667851
00e12e8b_5967,11603.607132686382
00e12e8b_5968,11603.619285548097
00e12e8b_5969,11603.642862323784
00e12e8b_5970,11603.653419831611
00e12e8b_5971,11603.672499452068
00e12e8b_5972,11603.682921328824
00e12e8b_5973,11603.69299508404
00e12e8b_5974,11603.702478172803
00e12e8b_5975,11603.721334923284
00e12e8b_5976,11603.73290244627
00e12e8b_5977,11603.742979191404
00e12e8b_5978,11603.751972892063
00e12e8b_5979,11603.761440456732
00e12e8b_5980,11603.770595878545
00e12e8b_5981,11603.77928652586
00e12e8b_5982,11603.787248135808
00e12e8b_5983,11603.796602114686
00e12e8b_5984,11603.804533324845
00e12e8b_5985,11603.81436254525
00e12e8b_5986,11603.822877292288
00e12e8b_5987,11603.832817414852
00e12e8b_5988,11603.833494895269
00e12e8b_5989,11603.844371366247
00e12e8b_5990,11603.853903653351
00e12e8b_5991,11603.855900276058
00e12e8b_5992,11603.86540689054
00e12e8b_5993,11603.875287662544
00e12e8b_5994,11603.876287470795
00e12e8b_5995,11603.886273853486
00e12e8b_5996,11603.886444800948
00e12e8b_5997,11603.896104824307
00e12e8b_5998,11603.897433463757
00e12e8b_5999,11603.906035906311
00e12e8b_6000,11603.906040856948
00e12e8b_6001,11603.906417492612
00e12e8b_6002,11603.9059841012
00e12e8b_6003,11603.91411372779
00e12e8b_6004,11603.912455064425
00e12e8b_6005,11603.910566279905
00e12e8b_6006,11603.90925716393
00e12e8b_6007,11603.906891260878
00e12e8b_6008,11603.91461837236
00e12e8b_6009,11603.914280414796
00e12e8b_6010,11603.914167735862
00e12e8b_6011,11603.913920197174
00e12e8b_6012,11603.914317927614
00e12e8b_6013,11603.907469175396
00e12e8b_6014,11603.907386053928
00e12e8b_6015,11603.907993099265
00e12e8b_6016,11603.909539545406
00e12e8b_6017,11603.910741999332
00e12e8b_6018,11603.912704518456
00e12e8b_6019,11603.90456720719
00e12e8b_6020,11603.907859111205
00e12e8b_6021,11603.909466291296
00e12e8b_6022,11603.90264069298
00e12e8b_6023,11603.905748902474
00e12e8b_6024,11603.898634308354
00e12e8b_6025,11603.900851823551
00e12e8b_6026,11603.893180428711
00e12e8b_6027,11603.894163997644
00e12e8b_6028,11603.887766932814
00e12e8b_6029,11603.887930700646
00e12e8b_6030,11603.878255926811
00e12e8b_6031,11603.869505108189
00e12e8b_6032,11603.869775089404
00e12e8b_6033,11603.860067078313
00e12e8b_6034,11603.850563715969
00e12e8b_6035,11603.84246942069
00e12e8b_6036,11603.83294936049
00e12e8b_6037,11603.824107573677
00e12e8b_6038,11603.825062402037
00e12e8b_6039,11603.816501779873
00e12e8b_6040,11603.807312132836
00e12e8b_6041,11603.797818531504
00e12e8b_6042,11603.788273008398
00e12e8b_6043,11603.780398068931
00e12e8b_6044,11603.771381241204
00e12e8b_6045,11603.762943302769
00e12e8b_6046,11603.75527622294
00e12e8b_6047,11603.74776732043
00e12e8b_6048,11603.749154792811
00e12e8b_6049,11603.741649794556
00e12e8b_6050,11603.736173163064
00e12e8b_6051,11603.728818066578
00e12e8b_6052,11603.717217413843
00e12e8b_6053,11603.704002283055
00e12e8b_6054,11603.692430930265
00e12e8b_6055,11603.680628519676
00e12e8b_6056,11603.668106320967
00e12e8b_6057,11603.654402961074
00e12e8b_6058,11603.641418729796
00e12e8b_6059,11603.627046174452
00e12e8b_6060,11603.614701764334
00e12e8b_6061,11603.602463017402
00e12e8b_6062,11603.589814931784
00e12e8b_6063,11603.57675421204
00e12e8b_6064,11603.563986854024
00e12e8b_6065,11603.54215065515
00e12e8b_6066,11603.527621102028
00e12e8b_6067,11603.51403946228
00e12e8b_6068,11603.500713123492
00e12e8b_6069,11603.48763916426
00e12e8b_6070,11603.474105518537
00e12e8b_6071,11603.460482245468
00e12e8b_6072,11603.44544624254
00e12e8b_6073,11603.432129955232
00e12e8b_6074,11603.419571042825
00e12e8b_6075,11603.397856305824
00e12e8b_6076,11603.38502468384
00e12e8b_6077,11603.372326181898
00e12e8b_6078,11603.357730111196
00e12e8b_6079,11603.344854717836
00e12e8b_6080,11603.331443416762
00e12e8b_6081,11603.318604625812
00e12e8b_6082,11603.296807051363
00e12e8b_6083,11603.283534812605
00e12e8b_6084,11603.270933634089
00e12e8b_6085,11603.255653585273
00e12e8b_6086,11603.242100734684
00e12e8b_6087,11603.220017354526
00e12e8b_6088,11603.207448706704
00e12e8b_6089,11603.194467622512
00e12e8b_6090,11603.181447928217
00e12e8b_6091,11603.156930779014
00e12e8b_6092,11603.142966605972
00e12e8b_6093,11603.129059865518
00e12e8b_6094,11603.114125235166
00e12e8b_6095,11603.08933729054
00e12e8b_6096,11603.07450672612
00e12e8b_6097,11603.060347349678
00e12e8b_6098,11603.03471231234
00e12e8b_6099,11603.019397594551
00e12e8b_6100,11603.00408592959
00e12e8b_6101,11602.97909710474
00e12e8b_6102,11602.963618560692
00e12e8b_6103,11602.948645337185
00e12e8b_6104,11602.922750817635
00e12e8b_6105,11602.907993492749
00e12e8b_6106,11602.893617819753
00e12e8b_6107,11602.870209981576
00e12e8b_6108,11602.85670180957
00e12e8b_6109,11602.850640212457
00e12e8b_6110,11602.837430047854
00e12e8b_6111,11602.83219368235
00e12e8b_6112,11602.820794937958
00e12e8b_6113,11602.816452138924
00e12e8b_6114,11602.80290920888
00e12e8b_6115,11602.799723551385
00e12e8b_6116,11602.794622350511
00e12e8b_6117,11602.781640272668
00e12e8b_6118,11602.776546143998
00e12e8b_6119,11602.76411066935
00e12e8b_6120,11602.759117485331
00e12e8b_6121,11602.746599217026
00e12e8b_6122,11602.741682140297
00e12e8b_6123,11602.72672083887
00e12e8b_6124,11602.72276842849
00e12e8b_6125,11602.70762205964
00e12e8b_6126,11602.70334143273
00e12e8b_6127,11602.687690388337
00e12e8b_6128,11602.68321969363
00e12e8b_6129,11602.667362291417
00e12e8b_6130,11602.660803616449
00e12e8b_6131,11602.646721057536
00e12e8b_6132,11602.640511980053
00e12e8b_6133,11602.627500575998
00e12e8b_6134,11602.622614501775
00e12e8b_6135,11602.609935623155
00e12e8b_6136,11602.59562292688
00e12e8b_6137,11602.590433170555
00e12e8b_6138,11602.577311028435
00e12e8b_6139,11602.5712797117
00e12e8b_6140,11602.558013733244
00e12e8b_6141,11602.543144839983
00e12e8b_6142,11602.53905725769
00e12e8b_6143,11602.524030597224
00e12e8b_6144,11602.519957186709
00e12e8b_6145,11602.5052700324
00e12e8b_6146,11602.490660674504
00e12e8b_6147,11602.48744603066
00e12e8b_6148,11602.473233431603
00e12e8b_6149,11602.461489836704
00e12e8b_6150,11602.456431325743
00e12e8b_6151,11602.443606020872
00e12e8b_6152,11602.42945940749
00e12e8b_6153,11602.424598443724
00e12e8b_6154,11602.4129347119
00e12e8b_6155,11602.40010706252
00e12e8b_6156,11602.38956497217
00e12e8b_6157,11602.386667110211
00e12e8b_6158,11602.376079265112
00e12e8b_6159,11602.36414291061
00e12e8b_6160,11602.363695457216
00e12e8b_6161,11602.352080946504
00e12e8b_6162,11602.339738358667
00e12e8b_6163,11602.328709855476
00e12e8b_6164,11602.324547620963
00e12e8b_6165,11602.312306352003
00e12e8b_6166,11602.2973084449
00e12e8b_6167,11602.283663207068
00e12e8b_6168,11602.27759979779
00e12e8b_6169,11602.261330393902
00e12e8b_6170,11602.246338050476
00e12e8b_6171,11602.229001459818
00e12e8b_6172,11602.213278270112
00e12e8b_6173,11602.194519718858
00e12e8b_6174,11602.187014756042
00e12e8b_6175,11602.169040786775
00e12e8b_6176,11602.15321362362
00e12e8b_6177,11602.135650437413
00e12e8b_6178,11602.118284566435
00e12e8b_6179,11602.10346876038
00e12e8b_6180,11602.096633886984
00e12e8b_6181,11602.082419076176
00e12e8b_6182,11602.066300015496
00e12e8b_6183,11602.051704315014
00e12e8b_6184,11602.03488791256
00e12e8b_6185,11602.01721805928
00e12e8b_6186,11602.0008647467
00e12e8b_6187,11601.98267999281
00e12e8b_6188,11601.965840654128
00e12e8b_6189,11601.948891703349
00e12e8b_6190,11601.924841309406
00e12e8b_6191,11601.901034255508
00e12e8b_6192,11601.8756784521
00e12e8b_6193,11601.85288406756
00e12e8b_6194,11601.82845286225
00e12e8b_6195,11601.80710009745
00e12e8b_6196,11601.786148263376
00e12e8b_6197,11601.764109680107
00e12e8b_6198,11601.743082145382
00e12e8b_6199,11601.720680623006
00e12e8b_6200,11601.700098881369
00e12e8b_6201,11601.679684236438
00e12e8b_6202,11601.657548643576
00e12e8b_6203,11601.637143233682
00e12e8b_6204,11601.614579223502
00e12e8b_6205,11601.593710140058
00e12e8b_6206,11601.572550527824
00e12e8b_6207,11601.548842599415
00e12e8b_6208,11601.527539598344
00e12e8b_6209,11601.504485523788
00e12e8b_6210,11601.483013902242
00e12e8b_6211,11601.461709319115
00e12e8b_6212,11601.438355843324
00e12e8b_6213,11601.41742310254
00e12e8b_6214,11601.393864059077
00e12e8b_6215,11601.363497453269
00e12e8b_6216,11601.341495253577
00e12e8b_6217,11601.319322973228
00e12e8b_6218,11601.299410635484
00e12e8b_6219,11601.277728047466
00e12e8b_6220,11601.257516552769
00e12e8b_6221,11601.237926300477
00e12e8b_6222,11601.215681245005
00e12e8b_6223,11601.196392497077
00e12e8b_6224,11601.167358731163
00e12e8b_6225,11601.148580519348
00e12e8b_6226,11601.129159691438
00e12e8b_6227,11601.10868671575
00e12e8b_6228,11601.09013788784
00e12e8b_6229,11601.069605866787
00e12e8b_6230,11601.039721590649
00e12e8b_6231,11601.019740045987
00e12e8b_6232,11600.997395273742
00e12e8b_6233,11600.977175294867
00e12e8b_6234,11600.946079309871
00e12e8b_6235,11600.9253328121
00e12e8b_6236,11600.902987512854
00e12e8b_6237,11600.880749968364
00e12e8b_6238,11600.850295197986
00e12e8b_6239,11600.828088287322
00e12e8b_6240,11600.807971700777
00e12e8b_6241,11600.777570027729
00e12e8b_6242,11600.755615771484
00e12e8b_6243,11600.736432600135
00e12e8b_6244,11600.70466555595
00e12e8b_6245,11600.684675102126
00e12e8b_6246,11600.662805665008
00e12e8b_6247,11600.632348608897
00e12e8b_6248,11600.61105485666
00e12e8b_6249,11600.580218966445
00e12e8b_6250,11600.559975267422
00e12e8b_6251,11600.539741703506
00e12e8b_6252,11600.50694751022
00e12e8b_6253,11600.487824234471
00e12e8b_6254,11600.455932560117
00e12e8b_6255,11600.435172233303
00e12e8b_6256,11600.407243427726
00e12e8b_6257,11600.384283473184
00e12e8b_6258,11600.35600081218
00e12e8b_6259,11600.333592867182
00e12e8b_6260,11600.303560510518
00e12e8b_6261,11600.28490800196
00e12e8b_6262,11600.252656182996
00e12e8b_6263,11600.224952580498
00e12e8b_6264,11600.2023200756
00e12e8b_6265,11600.17367562717
00e12e8b_6266,11600.153643991933
00e12e8b_6267,11600.122562869612
00e12e8b_6268,11600.092476017133
00e12e8b_6269,11600.072008861496
00e12e8b_6270,11600.043407603513
00e12e8b_6271,11600.02292449362
00e12e8b_6272,11599.991239718012
00e12e8b_6273,11599.959064097164
00e12e8b_6274,11599.936030751576
00e12e8b_6275,11599.903178767156
00e12e8b_6276,11599.870626964808
00e12e8b_6277,11599.836860433164
00e12e8b_6278,11599.814477032383
00e12e8b_6279,11599.78152564089
00e12e8b_6280,11599.749283873396
00e12e8b_6281,11599.718942317022
00e12e8b_6282,11599.696536982496
00e12e8b_6283,11599.665539546317
00e12e8b_6284,11599.634252254174
00e12e8b_6285,11599.606182301575
00e12e8b_6286,11599.584321405056
00e12e8b_6287,11599.549957539852
00e12e8b_6288,11599.517383696551
00e12e8b_6289,11599.482179372442
00e12e8b_6290,11599.448594763013
00e12e8b_6291,11599.414280922902
00e12e8b_6292,11599.378655810531
00e12e8b_6293,11599.354226243338
00e12e8b_6294,11599.320582366308
00e12e8b_6295,11599.288493707416
00e12e8b_6296,11599.258208217789
00e12e8b_6297,11599.22653733596
00e12e8b_6298,11599.197396876682
00e12e8b_6299,11599.167114339984
00e12e8b_6300,11599.139153370856
00e12e8b_6301,11599.111816236018
00e12e8b_6302,11599.080111741468
00e12e8b_6303,11599.050410534748
00e12e8b_6304,11599.017534009796
00e12e8b_6305,11598.984500125844
00e12e8b_6306,11598.95071318252
00e12e8b_6307,11598.913886029291
00e12e8b_6308,11598.877985365238
00e12e8b_6309,11598.848436970762
00e12e8b_6310,11598.819731936715
00e12e8b_6311,11598.792361650772
00e12e8b_6312,11598.76359206551
00e12e8b_6313,11598.73687614709
00e12e8b_6314,11598.711129180174
00e12e8b_6315,11598.685530540872
00e12e8b_6316,11598.65191673159
00e12e8b_6317,11598.627959809604
00e12e8b_6318,11598.60383499852
00e12e8b_6319,11598.57974771562
00e12e8b_6320,11598.55592404897
00e12e8b_6321,11598.532040691822
00e12e8b_6322,11598.50904778412
00e12e8b_6323,11598.476916171358
00e12e8b_6324,11598.45367577704
00e12e8b_6325,11598.431866755036
00e12e8b_6326,11598.410445717946
00e12e8b_6327,11598.38960504176
00e12e8b_6328,11598.368079570591
00e12e8b_6329,11598.33686886843
00e12e8b_6330,11598.314712419178
00e12e8b_6331,11598.291905172233
00e12e8b_6332,11598.269192998505
00e12e8b_6333,11598.245720152489
00e12e8b_6334,11598.222280051428
00e12e8b_6335,11598.189399538214
00e12e8b_6336,11598.164103651645
00e12e8b_6337,11598.140173218577
00e12e8b_6338,11598.116531048803
00e12e8b_6339,11598.093374596005
00e12e8b_6340,11598.07006696929
00e12e8b_6341,11598.03668951762
00e12e8b_6342,11598.012498577687
00e12e8b_6343,11597.987998450932
00e12e8b_6344,11597.964118071131
00e12e8b_6345,11597.940590663342
00e12e8b_6346,11597.917349450823
00e12e8b_6347,11597.884978092896
00e12e8b_6348,11597.860869486818
00e12e8b_6349,11597.839235061483
00e12e8b_6350,11597.81738520767
00e12e8b_6351,11597.795878828245
00e12e8b_6352,11597.764778784547
00e12e8b_6353,11597.743159707516
00e12e8b_6354,11597.721905468126
00e12e8b_6355,11597.700180310405
00e12e8b_6356,11597.677572393884
00e12e8b_6357,11597.655067071522
00e12e8b_6358,11597.62319696891
00e12e8b_6359,11597.60020140608
00e12e8b_6360,11597.576239610304
00e12e8b_6361,11597.554830298332
00e12e8b_6362,11597.532923692876
00e12e8b_6363,11597.5108314908
00e12e8b_6364,11597.479281094818
00e12e8b_6365,11597.456828164855
00e12e8b_6366,11597.433622407889
00e12e8b_6367,11597.410653192816
00e12e8b_6368,11597.38719401569
00e12e8b_6369,11597.354643827954
00e12e8b_6370,11597.331301786466
00e12e8b_6371,11597.307317180272
00e12e8b_6372,11597.281953477432
00e12e8b_6373,11597.259464366389
00e12e8b_6374,11597.237212702015
00e12e8b_6375,11597.206281378174
00e12e8b_6376,11597.185963327567
00e12e8b_6377,11597.165878922951
00e12e8b_6378,11597.145852724432
00e12e8b_6379,11597.125709292128
00e12e8b_6380,11597.09602318614
00e12e8b_6381,11597.07511896658
00e12e8b_6382,11597.05357119356
00e12e8b_6383,11597.031204427189
