id,tvt
000d7d20_1442,11749.720258750902
000d7d20_1443,11749.724208681471
000d7d20_1444,11749.728346989676
000d7d20_1445,11749.732662769806
000d7d20_1446,11749.737145116138
000d7d20_1447,11749.74178312296
000d7d20_1448,11749.741015884556
000d7d20_1449,11749.745932495214
000d7d20_1450,11749.750972049213
000d7d20_1451,11749.756098881888
000d7d20_1452,11749.754741776387
000d7d20_1453,11749.760038224274
000d7d20_1454,11749.765445244053
000d7d20_1455,11749.765430433525
000d7d20_1456,11749.770999783006
000d7d20_1457,11749.776640564254
000d7d20_1458,11749.776887861351
000d7d20_1459,11749.782757435682
000d7d20_1460,11749.783116742878
000d7d20_1461,11749.789137590527
000d7d20_1462,11749.789839869123
000d7d20_1463,11749.78961994078
000d7d20_1464,11749.796181967931
000d7d20_1465,11749.797286254912
000d7d20_1466,11749.798442210224
000d7d20_1467,11749.805288701518
000d7d20_1468,11749.806664612614
000d7d20_1469,11749.80802832704
000d7d20_1470,11749.809371928755
000d7d20_1471,11749.810666885063
000d7d20_1472,11749.811820629811
000d7d20_1473,11749.81205261617
000d7d20_1474,11749.811093492786
000d7d20_1475,11749.811189282756
000d7d20_1476,11749.811147408527
000d7d20_1477,11749.8112170316
000d7d20_1478,11749.811314776383
000d7d20_1479,11749.811451697178
000d7d20_1480,11749.811766635865
000d7d20_1481,11749.8120811691
000d7d20_1482,11749.81228164399
000d7d20_1483,11749.807107424902
000d7d20_1484,11749.806370538594
000d7d20_1485,11749.806308312836
000d7d20_1486,11749.800873567194
000d7d20_1487,11749.800932525151
000d7d20_1488,11749.800497054926
000d7d20_1489,11749.794532466314
000d7d20_1490,11749.79411798428
000d7d20_1491,11749.789059915049
000d7d20_1492,11749.788699436074
000d7d20_1493,11749.783925092232
000d7d20_1494,11749.783491015804
000d7d20_1495,11749.778415243914
000d7d20_1496,11749.77291119512
000d7d20_1497,11749.774302241703
000d7d20_1498,11749.770479933131
000d7d20_1499,11749.7660252682
000d7d20_1500,11749.762974804637
000d7d20_1501,11749.767694421986
000d7d20_1502,11749.767899476525
000d7d20_1503,11749.767235721603
000d7d20_1504,11749.766865717756
000d7d20_1505,11749.76785006286
000d7d20_1506,11749.76779423234
000d7d20_1507,11749.773293582855
000d7d20_1508,11749.77454009846
000d7d20_1509,11749.775165557636
000d7d20_1510,11749.775804949
000d7d20_1511,11749.77789515408
000d7d20_1512,11749.779201386777
000d7d20_1513,11749.78074803981
000d7d20_1514,11749.783292529442
000d7d20_1515,11749.78481887173
000d7d20_1516,11749.792138089637
000d7d20_1517,11749.795290559152
000d7d20_1518,11749.79706971081
000d7d20_1519,11749.798261644148
000d7d20_1520,11749.800361093385
000d7d20_1521,11749.801082500357
000d7d20_1522,11749.80146808861
000d7d20_1523,11749.801672183006
000d7d20_1524,11749.800689876787
000d7d20_1525,11749.799029008824
000d7d20_1526,11749.79790862905
000d7d20_1527,11749.795031193931
000d7d20_1528,11749.791652984011
000d7d20_1529,11749.788981611478
000d7d20_1530,11749.779481028138
000d7d20_1531,11749.775860620925
000d7d20_1532,11749.771822563293
000d7d20_1533,11749.76768609547
000d7d20_1534,11749.76208922153
000d7d20_1535,11749.757764166294
000d7d20_1536,11749.752408303586
000d7d20_1537,11749.746960063663
000d7d20_1538,11749.742894533683
000d7d20_1539,11749.7325728408
000d7d20_1540,11749.727367400905
000d7d20_1541,11749.722209621152
000d7d20_1542,11749.715343142178
000d7d20_1543,11749.708355669369
000d7d20_1544,11749.70193786772
000d7d20_1545,11749.688773437883
000d7d20_1546,11749.6813415109
000d7d20_1547,11749.674907667591
000d7d20_1548,11749.667566521284
000d7d20_1549,11749.654901009597
000d7d20_1550,11749.648598481235
000d7d20_1551,11749.641430022084
000d7d20_1552,11749.634875959906
000d7d20_1553,11749.624036791312
000d7d20_1554,11749.618688399096
000d7d20_1555,11749.612835653672
000d7d20_1556,11749.602091416593
000d7d20_1557,11749.595793454477
000d7d20_1558,11749.589645687029
000d7d20_1559,11749.584338153338
000d7d20_1560,11749.572094689633
000d7d20_1561,11749.566993956076
000d7d20_1562,11749.556779281724
000d7d20_1563,11749.55123954954
000d7d20_1564,11749.545679715946
000d7d20_1565,11749.53568404336
000d7d20_1566,11749.530120892956
000d7d20_1567,11749.519390443264
000d7d20_1568,11749.51579549009
000d7d20_1569,11749.511642730937
000d7d20_1570,11749.501367448864
000d7d20_1571,11749.49738985751
000d7d20_1572,11749.486874569931
000d7d20_1573,11749.481426052023
000d7d20_1574,11749.471837587862
000d7d20_1575,11749.467027424573
000d7d20_1576,11749.45601651273
000d7d20_1577,11749.451035524824
000d7d20_1578,11749.439158446214
000d7d20_1579,11749.432214787772
000d7d20_1580,11749.420963814404
000d7d20_1581,11749.414401377018
000d7d20_1582,11749.403108468923
000d7d20_1583,11749.39656702346
000d7d20_1584,11749.384757585422
000d7d20_1585,11749.379655526594
000d7d20_1586,11749.367972288825
000d7d20_1587,11749.356220274092
000d7d20_1588,11749.351669749296
000d7d20_1589,11749.34056460128
000d7d20_1590,11749.33558423921
000d7d20_1591,11749.327067461689
000d7d20_1592,11749.31732874454
000d7d20_1593,11749.313961160278
000d7d20_1594,11749.305843786537
000d7d20_1595,11749.297441146997
000d7d20_1596,11749.29477111272
000d7d20_1597,11749.287977356504
000d7d20_1598,11749.279968965991
000d7d20_1599,11749.277576345925
000d7d20_1600,11749.269829622994
000d7d20_1601,11749.26102680428
000d7d20_1602,11749.257931780923
000d7d20_1603,11749.250469657163
000d7d20_1604,11749.24192837578
000d7d20_1605,11749.238689979464
000d7d20_1606,11749.231061944714
000d7d20_1607,11749.221629598884
000d7d20_1608,11749.217358261598
000d7d20_1609,11749.20773432356
000d7d20_1610,11749.202956889683
000d7d20_1611,11749.192345132064
000d7d20_1612,11749.182670369271
000d7d20_1613,11749.17719759026
000d7d20_1614,11749.16602915926
000d7d20_1615,11749.155082374946
000d7d20_1616,11749.149269936055
000d7d20_1617,11749.138218074124
000d7d20_1618,11749.13338264594
000d7d20_1619,11749.121358554336
000d7d20_1620,11749.10941046855
000d7d20_1621,11749.10316216513
000d7d20_1622,11749.089045903122
000d7d20_1623,11749.074787583895
000d7d20_1624,11749.065573940356
000d7d20_1625,11749.049915251708
000d7d20_1626,11749.03921196528
000d7d20_1627,11749.022882320049
000d7d20_1628,11749.00698275669
000d7d20_1629,11748.995345709442
000d7d20_1630,11748.978178636977
000d7d20_1631,11748.963692136893
000d7d20_1632,11748.943652419815
000d7d20_1633,11748.923048561715
000d7d20_1634,11748.90984874962
000d7d20_1635,11748.88964855637
000d7d20_1636,11748.875295242404
000d7d20_1637,11748.856363297928
000d7d20_1638,11748.839061036108
000d7d20_1639,11748.826047645109
000d7d20_1640,11748.80832559406
000d7d20_1641,11748.795574419855
000d7d20_1642,11748.778774244984
000d7d20_1643,11748.766530576915
000d7d20_1644,11748.749098920558
000d7d20_1645,11748.731536865984
000d7d20_1646,11748.72078893203
000d7d20_1647,11748.702883893584
000d7d20_1648,11748.690949197338
000d7d20_1649,11748.67319233265
000d7d20_1650,11748.66239958168
000d7d20_1651,11748.64450050528
000d7d20_1652,11748.631609221751
000d7d20_1653,11748.612846843283
000d7d20_1654,11748.595437587634
000d7d20_1655,11748.581758388103
000d7d20_1656,11748.563990189825
000d7d20_1657,11748.551277169066
000d7d20_1658,11748.535399945296
000d7d20_1659,11748.52379079401
000d7d20_1660,11748.506157601363
000d7d20_1661,11748.494478557575
000d7d20_1662,11748.478423364464
000d7d20_1663,11748.46003555309
000d7d20_1664,11748.447552159943
000d7d20_1665,11748.429663344576
000d7d20_1666,11748.418679443334
000d7d20_1667,11748.401146867043
000d7d20_1668,11748.389954594622
000d7d20_1669,11748.37318633622
000d7d20_1670,11748.363553966
000d7d20_1671,11748.347993282652
000d7d20_1672,11748.338275642602
000d7d20_1673,11748.32375829576
000d7d20_1674,11748.316420849484
000d7d20_1675,11748.302283113975
000d7d20_1676,11748.294124086517
000d7d20_1677,11748.280403646728
000d7d20_1678,11748.273755199556
000d7d20_1679,11748.260292910085
000d7d20_1680,11748.253029492782
000d7d20_1681,11748.23975464662
000d7d20_1682,11748.23313846498
000d7d20_1683,11748.219719428072
000d7d20_1684,11748.212116053091
000d7d20_1685,11748.198480787052
000d7d20_1686,11748.192326534892
000d7d20_1687,11748.179879366951
000d7d20_1688,11748.172680651402
000d7d20_1689,11748.16078173742
000d7d20_1690,11748.155735866556
000d7d20_1691,11748.144074281488
000d7d20_1692,11748.137683235738
000d7d20_1693,11748.126163063338
000d7d20_1694,11748.121387319943
000d7d20_1695,11748.115584386742
000d7d20_1696,11748.104536968898
000d7d20_1697,11748.097844674556
000d7d20_1698,11748.092494157816
000d7d20_1699,11748.085525903592
000d7d20_1700,11748.073027706374
000d7d20_1701,11748.065096084048
000d7d20_1702,11748.059157418067
000d7d20_1703,11748.051947032298
000d7d20_1704,11748.045017147691
000d7d20_1705,11748.037942860565
000d7d20_1706,11748.026502492785
000d7d20_1707,11748.018518116322
000d7d20_1708,11748.01083775174
000d7d20_1709,11748.002799708356
000d7d20_1710,11747.9956149467
000d7d20_1711,11747.987431448604
000d7d20_1712,11747.97926504078
000d7d20_1713,11747.971301656184
000d7d20_1714,11747.964465568184
000d7d20_1715,11747.961704964357
000d7d20_1716,11747.95409415509
000d7d20_1717,11747.945416152888
000d7d20_1718,11747.938393160446
000d7d20_1719,11747.929186521344
000d7d20_1720,11747.919754601571
000d7d20_1721,11747.916261976448
000d7d20_1722,11747.908096371157
000d7d20_1723,11747.898786157351
000d7d20_1724,11747.890722687149
000d7d20_1725,11747.887901324564
000d7d20_1726,11747.880899092956
000d7d20_1727,11747.872840433534
000d7d20_1728,11747.870256122384
000d7d20_1729,11747.862900528731
000d7d20_1730,11747.86332970702
000d7d20_1731,11747.85636450728
000d7d20_1732,11747.85489771072
000d7d20_1733,11747.84958672168
000d7d20_1734,11747.85031887198
000d7d20_1735,11747.844422162045
000d7d20_1736,11747.8425521347
000d7d20_1737,11747.835329395228
000d7d20_1738,11747.833933817605
000d7d20_1739,11747.830931887867
000d7d20_1740,11747.82152002854
000d7d20_1741,11747.817921392452
000d7d20_1742,11747.81588828495
000d7d20_1743,11747.80740312041
000d7d20_1744,11747.805071135026
000d7d20_1745,11747.803067357503
000d7d20_1746,11747.802414804686
000d7d20_1747,11747.801300468347
000d7d20_1748,11747.795383625027
000d7d20_1749,11747.795493342248
000d7d20_1750,11747.796012033392
000d7d20_1751,11747.795652143415
000d7d20_1752,11747.79535134346
000d7d20_1753,11747.795264466837
000d7d20_1754,11747.795806412272
000d7d20_1755,11747.795043226506
000d7d20_1756,11747.793839702004
000d7d20_1757,11747.79196760651
000d7d20_1758,11747.791895229268
000d7d20_1759,11747.790311235713
000d7d20_1760,11747.78872222995
000d7d20_1761,11747.786945719788
000d7d20_1762,11747.786171761236
000d7d20_1763,11747.7896505954
000d7d20_1764,11747.788246800972
000d7d20_1765,11747.786802416653
000d7d20_1766,11747.786520402293
000d7d20_1767,11747.78520322037
000d7d20_1768,11747.79041575081
000d7d20_1769,11747.791766101269
000d7d20_1770,11747.792057662906
000d7d20_1771,11747.798309418697
000d7d20_1772,11747.798033845283
000d7d20_1773,11747.799661102312
000d7d20_1774,11747.805923330943
000d7d20_1775,11747.80670272028
000d7d20_1776,11747.812622513044
000d7d20_1777,11747.814026078388
000d7d20_1778,11747.81989178459
000d7d20_1779,11747.82034750556
000d7d20_1780,11747.82639907748
000d7d20_1781,11747.828461171255
000d7d20_1782,11747.834437935597
000d7d20_1783,11747.83993642032
000d7d20_1784,11747.840094370533
000d7d20_1785,11747.84687383554
000d7d20_1786,11747.846788700252
000d7d20_1787,11747.852017417128
000d7d20_1788,11747.851815278018
000d7d20_1789,11747.858656956416
000d7d20_1790,11747.858609584102
000d7d20_1791,11747.86303549403
000d7d20_1792,11747.862101872444
000d7d20_1793,11747.86784486408
000d7d20_1794,11747.865052845216
000d7d20_1795,11747.86183527971
000d7d20_1796,11747.863323872654
000d7d20_1797,11747.861206594856
000d7d20_1798,11747.863264681057
000d7d20_1799,11747.859897197828
000d7d20_1800,11747.856611413315
000d7d20_1801,11747.855602305031
000d7d20_1802,11747.858742765198
000d7d20_1803,11747.856503639405
000d7d20_1804,11747.854063756666
000d7d20_1805,11747.852175749387
000d7d20_1806,11747.854786624895
000d7d20_1807,11747.851874693735
000d7d20_1808,11747.84751798844
000d7d20_1809,11747.844108879135
000d7d20_1810,11747.839162142876
000d7d20_1811,11747.835384700658
000d7d20_1812,11747.836441480584
000d7d20_1813,11747.832820946302
000d7d20_1814,11747.827983092282
000d7d20_1815,11747.823807788584
000d7d20_1816,11747.81962644678
000d7d20_1817,11747.816984276093
000d7d20_1818,11747.813464480956
000d7d20_1819,11747.810444927023
000d7d20_1820,11747.806832612012
000d7d20_1821,11747.80434295067
000d7d20_1822,11747.801694827293
000d7d20_1823,11747.79917154505
000d7d20_1824,11747.796758756198
000d7d20_1825,11747.795272609746
000d7d20_1826,11747.78694766701
000d7d20_1827,11747.784862024992
000d7d20_1828,11747.781897031991
000d7d20_1829,11747.780409698848
000d7d20_1830,11747.77826652027
000d7d20_1831,11747.776867403098
000d7d20_1832,11747.770469983156
000d7d20_1833,11747.771476023285
000d7d20_1834,11747.771247713074
000d7d20_1835,11747.771055543812
000d7d20_1836,11747.765548206618
000d7d20_1837,11747.765495551594
000d7d20_1838,11747.764535409571
000d7d20_1839,11747.75833157408
000d7d20_1840,11747.75805862538
000d7d20_1841,11747.758615799696
000d7d20_1842,11747.751756408185
000d7d20_1843,11747.75107281376
000d7d20_1844,11747.745050444912
000d7d20_1845,11747.745373818609
000d7d20_1846,11747.740033994754
000d7d20_1847,11747.741703618349
000d7d20_1848,11747.736714215633
000d7d20_1849,11747.737043116178
000d7d20_1850,11747.732093075554
000d7d20_1851,11747.732604111548
000d7d20_1852,11747.727443929074
000d7d20_1853,11747.72815634712
000d7d20_1854,11747.722766944758
000d7d20_1855,11747.723805799658
000d7d20_1856,11747.718482192322
000d7d20_1857,11747.714259962304
000d7d20_1858,11747.71533309971
000d7d20_1859,11747.710797422877
000d7d20_1860,11747.70574606858
000d7d20_1861,11747.707542934637
000d7d20_1862,11747.703203003628
000d7d20_1863,11747.699576606916
000d7d20_1864,11747.69533384089
000d7d20_1865,11747.697527757213
000d7d20_1866,11747.692779985213
000d7d20_1867,11747.690093493857
000d7d20_1868,11747.685614943604
000d7d20_1869,11747.6817107965
000d7d20_1870,11747.67634275884
000d7d20_1871,11747.67706472416
000d7d20_1872,11747.670863956067
000d7d20_1873,11747.665368868817
000d7d20_1874,11747.656868804312
000d7d20_1875,11747.648575205843
000d7d20_1876,11747.640051914525
000d7d20_1877,11747.631695280132
000d7d20_1878,11747.624102990114
000d7d20_1879,11747.6152099897
000d7d20_1880,11747.607043811411
000d7d20_1881,11747.598148817422
000d7d20_1882,11747.590361032831
000d7d20_1883,11747.580877658593
000d7d20_1884,11747.577052072222
000d7d20_1885,11747.566930800856
000d7d20_1886,11747.558222148378
000d7d20_1887,11747.547082041208
000d7d20_1888,11747.536757066951
000d7d20_1889,11747.525402927296
000d7d20_1890,11747.520485346706
000d7d20_1891,11747.510372157189
000d7d20_1892,11747.50173814284
000d7d20_1893,11747.492082112529
000d7d20_1894,11747.482548304904
000d7d20_1895,11747.478006184698
000d7d20_1896,11747.469204047196
000d7d20_1897,11747.459222748548
000d7d20_1898,11747.452286724469
000d7d20_1899,11747.45051517053
000d7d20_1900,11747.445111371262
000d7d20_1901,11747.43923095116
000d7d20_1902,11747.44063395284
000d7d20_1903,11747.434415590567
000d7d20_1904,11747.428595650948
000d7d20_1905,11747.425183260792
000d7d20_1906,11747.417833403477
000d7d20_1907,11747.40921836618
000d7d20_1908,11747.409172462532
000d7d20_1909,11747.402501791965
000d7d20_1910,11747.404442582363
000d7d20_1911,11747.401484547465
000d7d20_1912,11747.400165948577
000d7d20_1913,11747.402615359792
000d7d20_1914,11747.400820081755
000d7d20_1915,11747.40492904224
000d7d20_1916,11747.40324805104
000d7d20_1917,11747.408330851576
000d7d20_1918,11747.407214248426
000d7d20_1919,11747.412765880255
000d7d20_1920,11747.412922921763
000d7d20_1921,11747.420690393294
000d7d20_1922,11747.421319816707
000d7d20_1923,11747.428792531236
000d7d20_1924,11747.430619428556
000d7d20_1925,11747.439153093346
000d7d20_1926,11747.44869061849
000d7d20_1927,11747.45388883927
000d7d20_1928,11747.466848085163
000d7d20_1929,11747.47789945863
000d7d20_1930,11747.495860170937
000d7d20_1931,11747.51789078032
000d7d20_1932,11747.535570457963
000d7d20_1933,11747.563807741764
000d7d20_1934,11747.591709621702
000d7d20_1935,11747.615375418802
000d7d20_1936,11747.641592842623
000d7d20_1937,11747.668967225563
000d7d20_1938,11747.688467318114
000d7d20_1939,11747.71312532472
000d7d20_1940,11747.734629494842
000d7d20_1941,11747.754905568314
000d7d20_1942,11747.766042064202
000d7d20_1943,11747.781534835169
000d7d20_1944,11747.797781493991
000d7d20_1945,11747.814171006465
000d7d20_1946,11747.829240520638
000d7d20_1947,11747.839087912882
000d7d20_1948,11747.85410118486
000d7d20_1949,11747.869247570345
000d7d20_1950,11747.882650456002
000d7d20_1951,11747.894697056086
000d7d20_1952,11747.903687206406
000d7d20_1953,11747.912095969165
000d7d20_1954,11747.913883858886
000d7d20_1955,11747.918188431311
000d7d20_1956,11747.923052798164
000d7d20_1957,11747.922876467732
000d7d20_1958,11747.921026193091
000d7d20_1959,11747.914205398018
000d7d20_1960,11747.905154717571
000d7d20_1961,11747.89319861904
000d7d20_1962,11747.879506643743
000d7d20_1963,11747.862323489804
000d7d20_1964,11747.84509315668
000d7d20_1965,11747.827738881057
000d7d20_1966,11747.814592358063
000d7d20_1967,11747.800250162803
000d7d20_1968,11747.789092120218
000d7d20_1969,11747.777448792209
000d7d20_1970,11747.766921490398
000d7d20_1971,11747.755422963552
000d7d20_1972,11747.746045210955
000d7d20_1973,11747.7379068793
000d7d20_1974,11747.726058321889
000d7d20_1975,11747.71403540023
000d7d20_1976,11747.702738373597
000d7d20_1977,11747.690364751514
000d7d20_1978,11747.67909992067
000d7d20_1979,11747.67205212779
000d7d20_1980,11747.661593000388
000d7d20_1981,11747.649789957237
000d7d20_1982,11747.638852277454
000d7d20_1983,11747.63405425196
000d7d20_1984,11747.625535472289
000d7d20_1985,11747.61764320951
000d7d20_1986,11747.618056378938
000d7d20_1987,11747.609906735865
000d7d20_1988,11747.603759738122
000d7d20_1989,11747.603814952176
000d7d20_1990,11747.598840900037
000d7d20_1991,11747.601797041936
000d7d20_1992,11747.599332259411
000d7d20_1993,11747.60540087282
000d7d20_1994,11747.603120117556
000d7d20_1995,11747.607358474805
000d7d20_1996,11747.605640462814
000d7d20_1997,11747.610681985694
000d7d20_1998,11747.610065967749
000d7d20_1999,11747.61615746802
000d7d20_2000,11747.616866006934
000d7d20_2001,11747.624019473282
000d7d20_2002,11747.625532560847
000d7d20_2003,11747.635162089542
000d7d20_2004,11747.642746271797
000d7d20_2005,11747.648095154029
000d7d20_2006,11747.660141521146
000d7d20_2007,11747.675765143867
000d7d20_2008,11747.686657930668
000d7d20_2009,11747.704752355468
000d7d20_2010,11747.722763426234
000d7d20_2011,11747.742637856109
000d7d20_2012,11747.757805575236
000d7d20_2013,11747.780723414206
000d7d20_2014,11747.803157942177
000d7d20_2015,11747.826691070375
000d7d20_2016,11747.849771867068
000d7d20_2017,11747.867278062657
000d7d20_2018,11747.88982214861
000d7d20_2019,11747.912093307654
000d7d20_2020,11747.93061647057
000d7d20_2021,11747.950826244163
000d7d20_2022,11747.97118600711
000d7d20_2023,11747.991917351595
000d7d20_2024,11748.010068476588
000d7d20_2025,11748.028471271233
000d7d20_2026,11748.045544538814
000d7d20_2027,11748.060905789986
000d7d20_2028,11748.078004656432
000d7d20_2029,11748.093204327615
000d7d20_2030,11748.108724339969
000d7d20_2031,11748.121587157882
000d7d20_2032,11748.134594135989
000d7d20_2033,11748.146836278502
000d7d20_2034,11748.165336975708
000d7d20_2035,11748.176104391148
000d7d20_2036,11748.18733334248
000d7d20_2037,11748.19671719225
000d7d20_2038,11748.207242651444
000d7d20_2039,11748.220880039831
000d7d20_2040,11748.229163679054
000d7d20_2041,11748.234957858103
000d7d20_2042,11748.239768536789
000d7d20_2043,11748.24781751015
000d7d20_2044,11748.250935418371
000d7d20_2045,11748.251749776187
000d7d20_2046,11748.255764845178
000d7d20_2047,11748.251356441688
000d7d20_2048,11748.251210981629
000d7d20_2049,11748.25619002507
000d7d20_2050,11748.257391024476
000d7d20_2051,11748.263586661911
000d7d20_2052,11748.265994904936
000d7d20_2053,11748.267702440438
000d7d20_2054,11748.276472944632
000d7d20_2055,11748.279149602056
000d7d20_2056,11748.288861956013
000d7d20_2057,11748.291726756548
000d7d20_2058,11748.30142926544
000d7d20_2059,11748.310749753768
000d7d20_2060,11748.316091853763
000d7d20_2061,11748.32540724899
000d7d20_2062,11748.330879401425
000d7d20_2063,11748.34202569267
000d7d20_2064,11748.352330708763
000d7d20_2065,11748.358941915883
000d7d20_2066,11748.371110061253
000d7d20_2067,11748.384748281976
000d7d20_2068,11748.392709206695
000d7d20_2069,11748.40798349591
000d7d20_2070,11748.418687448022
000d7d20_2071,11748.436694073713
000d7d20_2072,11748.454120075106
000d7d20_2073,11748.468319297916
000d7d20_2074,11748.487827345476
000d7d20_2075,11748.502915571293
000d7d20_2076,11748.522309107237
000d7d20_2077,11748.535179450724
000d7d20_2078,11748.55207918473
000d7d20_2079,11748.569062912944
000d7d20_2080,11748.57818795014
000d7d20_2081,11748.595200543436
000d7d20_2082,11748.605476238166
000d7d20_2083,11748.620730407987
000d7d20_2084,11748.628994810198
000d7d20_2085,11748.64302834275
000d7d20_2086,11748.65008879256
000d7d20_2087,11748.663095198866
000d7d20_2088,11748.66900452112
000d7d20_2089,11748.680562655
000d7d20_2090,11748.68480392812
000d7d20_2091,11748.689923885133
000d7d20_2092,11748.699074992372
000d7d20_2093,11748.702550455026
000d7d20_2094,11748.70973187785
000d7d20_2095,11748.710952812664
000d7d20_2096,11748.717984535182
000d7d20_2097,11748.719921522614
000d7d20_2098,11748.720039864796
000d7d20_2099,11748.726104523528
000d7d20_2100,11748.725183048904
000d7d20_2101,11748.727657428177
000d7d20_2102,11748.72464410915
000d7d20_2103,11748.722630061971
000d7d20_2104,11748.724988327253
000d7d20_2105,11748.72144728943
000d7d20_2106,11748.719276482596
000d7d20_2107,11748.72096329046
000d7d20_2108,11748.71882418936
000d7d20_2109,11748.719289383218
000d7d20_2110,11748.726890121894
000d7d20_2111,11748.729338617744
000d7d20_2112,11748.732738089408
000d7d20_2113,11748.741826379444
000d7d20_2114,11748.745131469048
000d7d20_2115,11748.748069009278
000d7d20_2116,11748.75235981242
000d7d20_2117,11748.761055582712
000d7d20_2118,11748.764569694253
000d7d20_2119,11748.768628731836
000d7d20_2120,11748.772503376023
000d7d20_2121,11748.783690986002
000d7d20_2122,11748.788114604711
000d7d20_2123,11748.792770450553
000d7d20_2124,11748.798228610469
000d7d20_2125,11748.804236010004
000d7d20_2126,11748.81547869936
000d7d20_2127,11748.82114308033
000d7d20_2128,11748.82678188719
000d7d20_2129,11748.832928876946
000d7d20_2130,11748.839522368778
000d7d20_2131,11748.85083703298
000d7d20_2132,11748.856853005866
000d7d20_2133,11748.862052337598
000d7d20_2134,11748.867447617253
000d7d20_2135,11748.870739783604
000d7d20_2136,11748.873782125622
000d7d20_2137,11748.876770852838
000d7d20_2138,11748.88127118629
000d7d20_2139,11748.889949700686
000d7d20_2140,11748.892391787762
000d7d20_2141,11748.89421906061
000d7d20_2142,11748.895648269468
000d7d20_2143,11748.89783472737
000d7d20_2144,11748.899096119356
000d7d20_2145,11748.900555338092
000d7d20_2146,11748.90171605373
000d7d20_2147,11748.903475361582
000d7d20_2148,11748.904820651658
000d7d20_2149,11748.905503717568
000d7d20_2150,11748.904845329442
000d7d20_2151,11748.903861599008
000d7d20_2152,11748.903471686031
000d7d20_2153,11748.902989658149
000d7d20_2154,11748.903652000889
000d7d20_2155,11748.905129902088
000d7d20_2156,11748.909461855235
000d7d20_2157,11748.912079320977
000d7d20_2158,11748.913889420564
000d7d20_2159,11748.915556151996
000d7d20_2160,11748.918143695257
000d7d20_2161,11748.920540536594
000d7d20_2162,11748.924136999203
000d7d20_2163,11748.927504899706
000d7d20_2164,11748.930741730204
000d7d20_2165,11748.93357086612
000d7d20_2166,11748.93444380934
000d7d20_2167,11748.935529232936
000d7d20_2168,11748.939891475991
000d7d20_2169,11748.94587552354
000d7d20_2170,11748.9504011244
000d7d20_2171,11748.954528718714
000d7d20_2172,11748.95756902449
000d7d20_2173,11748.962042004176
000d7d20_2174,11748.962761939949
000d7d20_2175,11748.962143638291
000d7d20_2176,11748.961576220836
000d7d20_2177,11748.960210199835
000d7d20_2178,11748.95933389695
000d7d20_2179,11748.954987990255
000d7d20_2180,11748.95045046011
000d7d20_2181,11748.946117979627
000d7d20_2182,11748.943098349564
000d7d20_2183,11748.945494254414
000d7d20_2184,11748.94275675921
000d7d20_2185,11748.94084953238
000d7d20_2186,11748.941041717444
000d7d20_2187,11748.94149451873
000d7d20_2188,11748.941503810838
000d7d20_2189,11748.942479208854
000d7d20_2190,11748.94280890956
000d7d20_2191,11748.945621096118
000d7d20_2192,11748.953886891502
000d7d20_2193,11748.957364783591
000d7d20_2194,11748.96084397725
000d7d20_2195,11748.966250046076
000d7d20_2196,11748.97079560035
000d7d20_2197,11748.975758633223
000d7d20_2198,11748.98106025482
000d7d20_2199,11748.992565756856
000d7d20_2200,11748.997765680077
000d7d20_2201,11749.002744144222
000d7d20_2202,11749.009043590033
000d7d20_2203,11749.016100304409
000d7d20_2204,11749.030253108089
000d7d20_2205,11749.038376523384
000d7d20_2206,11749.046203279264
000d7d20_2207,11749.054825028135
000d7d20_2208,11749.070499940355
000d7d20_2209,11749.079902652244
000d7d20_2210,11749.088875708094
000d7d20_2211,11749.09832125594
000d7d20_2212,11749.109096696604
000d7d20_2213,11749.123361652626
000d7d20_2214,11749.132278947429
000d7d20_2215,11749.14032345471
000d7d20_2216,11749.153191676882
000d7d20_2217,11749.161329824525
000d7d20_2218,11749.168884985454
000d7d20_2219,11749.17677906441
000d7d20_2220,11749.190564225852
000d7d20_2221,11749.200190957568
000d7d20_2222,11749.208880271104
000d7d20_2223,11749.222314627848
000d7d20_2224,11749.229617520325
000d7d20_2225,11749.238270589834
000d7d20_2226,11749.251517824254
000d7d20_2227,11749.25950340229
000d7d20_2228,11749.26733372376
000d7d20_2229,11749.28069028456
000d7d20_2230,11749.28988470677
000d7d20_2231,11749.29775469569
000d7d20_2232,11749.310919407446
000d7d20_2233,11749.318569989322
000d7d20_2234,11749.32689093822
000d7d20_2235,11749.33905611424
000d7d20_2236,11749.345600126664
000d7d20_2237,11749.357226074077
000d7d20_2238,11749.364581279526
000d7d20_2239,11749.370541490469
000d7d20_2240,11749.385118897098
000d7d20_2241,11749.394124716817
000d7d20_2242,11749.40909958619
000d7d20_2243,11749.42003223188
000d7d20_2244,11749.428992334178
000d7d20_2245,11749.44344156366
000d7d20_2246,11749.452668919172
000d7d20_2247,11749.468321206536
000d7d20_2248,11749.477543299636
000d7d20_2249,11749.492464578609
000d7d20_2250,11749.50153680488
000d7d20_2251,11749.517318035916
000d7d20_2252,11749.527135577388
000d7d20_2253,11749.542193228252
000d7d20_2254,11749.551363207387
000d7d20_2255,11749.561595931222
000d7d20_2256,11749.577930528309
000d7d20_2257,11749.587297067792
000d7d20_2258,11749.595584268987
000d7d20_2259,11749.603381578108
000d7d20_2260,11749.611769869109
000d7d20_2261,11749.617314530657
000d7d20_2262,11749.62864111827
000d7d20_2263,11749.633827787296
000d7d20_2264,11749.63414525332
000d7d20_2265,11749.639071342664
000d7d20_2266,11749.643231400223
000d7d20_2267,11749.644473922222
000d7d20_2268,11749.645647806929
000d7d20_2269,11749.647822803814
000d7d20_2270,11749.643396990446
000d7d20_2271,11749.644929118247
000d7d20_2272,11749.640301203202
000d7d20_2273,11749.641464684471
000d7d20_2274,11749.637280933624
000d7d20_2275,11749.638649880557
000d7d20_2276,11749.6345064776
000d7d20_2277,11749.636850100764
000d7d20_2278,11749.632947246148
000d7d20_2279,11749.628160509532
000d7d20_2280,11749.62309364559
000d7d20_2281,11749.624188421772
000d7d20_2282,11749.621389806132
000d7d20_2283,11749.6169356168
000d7d20_2284,11749.612615412248
000d7d20_2285,11749.608659683665
000d7d20_2286,11749.605925504282
000d7d20_2287,11749.602412682629
000d7d20_2288,11749.59325077138
000d7d20_2289,11749.587206540647
000d7d20_2290,11749.582212430112
000d7d20_2291,11749.576284627296
000d7d20_2292,11749.56496058169
000d7d20_2293,11749.559821750669
000d7d20_2294,11749.554665198812
000d7d20_2295,11749.544202791792
000d7d20_2296,11749.538702174576
000d7d20_2297,11749.526818908322
000d7d20_2298,11749.513872416672
000d7d20_2299,11749.504658854028
000d7d20_2300,11749.489594182443
000d7d20_2301,11749.473565060638
000d7d20_2302,11749.45299112526
000d7d20_2303,11749.4368039261
000d7d20_2304,11749.416431167529
000d7d20_2305,11749.395155977974
000d7d20_2306,11749.3751881164
000d7d20_2307,11749.35671729742
000d7d20_2308,11749.340418935422
000d7d20_2309,11749.32339529421
000d7d20_2310,11749.302765926102
000d7d20_2311,11749.288800423052
000d7d20_2312,11749.27732216031
000d7d20_2313,11749.264542369743
000d7d20_2314,11749.249424138436
000d7d20_2315,11749.24253290156
000d7d20_2316,11749.234354439148
000d7d20_2317,11749.22259180397
000d7d20_2318,11749.20811810601
000d7d20_2319,11749.19961109465
000d7d20_2320,11749.18489977057
000d7d20_2321,11749.176151928725
000d7d20_2322,11749.163346699315
000d7d20_2323,11749.15096642372
000d7d20_2324,11749.13885416268
000d7d20_2325,11749.129242499606
000d7d20_2326,11749.12470982324
000d7d20_2327,11749.114596581072
000d7d20_2328,11749.109058243328
000d7d20_2329,11749.104229114038
000d7d20_2330,11749.100994175886
000d7d20_2331,11749.09146108211
000d7d20_2332,11749.08653167581
000d7d20_2333,11749.081064856447
000d7d20_2334,11749.074665150856
000d7d20_2335,11749.062505948172
000d7d20_2336,11749.054742931152
000d7d20_2337,11749.046662648772
000d7d20_2338,11749.03505866086
000d7d20_2339,11749.026412187935
000d7d20_2340,11749.012847063052
000d7d20_2341,11749.00543597943
000d7d20_2342,11748.991997741785
000d7d20_2343,11748.977545955924
000d7d20_2344,11748.96744070398
000d7d20_2345,11748.949942877683
000d7d20_2346,11748.930675081858
000d7d20_2347,11748.910083841563
000d7d20_2348,11748.886952211891
000d7d20_2349,11748.86314662088
000d7d20_2350,11748.838531449834
000d7d20_2351,11748.814792477724
000d7d20_2352,11748.79370305642
000d7d20_2353,11748.766140213058
000d7d20_2354,11748.737605045362
000d7d20_2355,11748.706317599506
000d7d20_2356,11748.674811590035
000d7d20_2357,11748.641606030436
000d7d20_2358,11748.608226469927
000d7d20_2359,11748.5752594181
000d7d20_2360,11748.54110730672
000d7d20_2361,11748.505911640092
000d7d20_2362,11748.46959731564
000d7d20_2363,11748.437050963432
000d7d20_2364,11748.403659577798
000d7d20_2365,11748.370824828078
000d7d20_2366,11748.337437305214
000d7d20_2367,11748.302189418457
000d7d20_2368,11748.258175210858
000d7d20_2369,11748.221202684908
000d7d20_2370,11748.185748942018
000d7d20_2371,11748.154629805513
000d7d20_2372,11748.124386635856
000d7d20_2373,11748.095220393829
000d7d20_2374,11748.068276994616
000d7d20_2375,11748.038379232388
000d7d20_2376,11748.008467142365
000d7d20_2377,11747.97412671275
000d7d20_2378,11747.94547563079
000d7d20_2379,11747.920028512926
000d7d20_2380,11747.894875616985
000d7d20_2381,11747.872036251849
000d7d20_2382,11747.844509041188
000d7d20_2383,11747.82316183364
000d7d20_2384,11747.803203193913
000d7d20_2385,11747.782841287932
000d7d20_2386,11747.767154397916
000d7d20_2387,11747.748652475031
000d7d20_2388,11747.7371500003
000d7d20_2389,11747.72287943271
000d7d20_2390,11747.7064885542
000d7d20_2391,11747.700392127384
000d7d20_2392,11747.695972163749
000d7d20_2393,11747.69444846611
000d7d20_2394,11747.688621626854
000d7d20_2395,11747.69059154243
000d7d20_2396,11747.693779696989
000d7d20_2397,11747.69239869692
000d7d20_2398,11747.69615612964
000d7d20_2399,11747.698911261505
000d7d20_2400,11747.694586057907
000d7d20_2401,11747.694155158775
000d7d20_2402,11747.688323351513
000d7d20_2403,11747.685334814314
000d7d20_2404,11747.680643698272
000d7d20_2405,11747.665233214608
000d7d20_2406,11747.660250627809
000d7d20_2407,11747.648525629196
000d7d20_2408,11747.642763133452
000d7d20_2409,11747.630922654263
000d7d20_2410,11747.62213685342
000d7d20_2411,11747.607506486973
000d7d20_2412,11747.59747626184
000d7d20_2413,11747.58188239096
000d7d20_2414,11747.572079989468
000d7d20_2415,11747.5548765704
000d7d20_2416,11747.543707929588
000d7d20_2417,11747.52656060862
000d7d20_2418,11747.513897194038
000d7d20_2419,11747.494383345333
000d7d20_2420,11747.478074256916
000d7d20_2421,11747.453907168354
000d7d20_2422,11747.436113930797
000d7d20_2423,11747.411559625976
000d7d20_2424,11747.386385169368
000d7d20_2425,11747.365599326478
000d7d20_2426,11747.337561003467
000d7d20_2427,11747.313732913944
000d7d20_2428,11747.286740658275
000d7d20_2429,11747.261671567025
000d7d20_2430,11747.242543692988
000d7d20_2431,11747.216822965944
000d7d20_2432,11747.191013673168
000d7d20_2433,11747.17100424019
000d7d20_2434,11747.14483449589
000d7d20_2435,11747.118699010793
000d7d20_2436,11747.096420671123
000d7d20_2437,11747.0694491452
000d7d20_2438,11747.04339754926
000d7d20_2439,11747.016006695803
000d7d20_2440,11746.994612164845
000d7d20_2441,11746.966577067438
000d7d20_2442,11746.938759742688
000d7d20_2443,11746.910461717454
000d7d20_2444,11746.887754834645
000d7d20_2445,11746.85953175226
000d7d20_2446,11746.836287534055
000d7d20_2447,11746.808112814386
000d7d20_2448,11746.780260771491
000d7d20_2449,11746.75654771171
000d7d20_2450,11746.728484802765
000d7d20_2451,11746.705296702406
000d7d20_2452,11746.676766164635
000d7d20_2453,11746.652987516749
000d7d20_2454,11746.629701373207
000d7d20_2455,11746.600312750996
000d7d20_2456,11746.577288920666
000d7d20_2457,11746.553771583382
000d7d20_2458,11746.52911220653
000d7d20_2459,11746.499050541972
000d7d20_2460,11746.47517533731
000d7d20_2461,11746.451688718613
000d7d20_2462,11746.426512185535
000d7d20_2463,11746.401838297968
000d7d20_2464,11746.377378749774
000d7d20_2465,11746.352188001016
000d7d20_2466,11746.327847733535
000d7d20_2467,11746.302387260776
000d7d20_2468,11746.27724222037
000d7d20_2469,11746.252868876529
000d7d20_2470,11746.229245472234
000d7d20_2471,11746.206462452348
000d7d20_2472,11746.18958094153
000d7d20_2473,11746.169169244386
000d7d20_2474,11746.149113336018
000d7d20_2475,11746.129131048025
000d7d20_2476,11746.115655759731
000d7d20_2477,11746.093381530338
000d7d20_2478,11746.073210855397
000d7d20_2479,11746.05903006181
000d7d20_2480,11746.038215934295
000d7d20_2481,11746.022112181952
000d7d20_2482,11745.99886046601
000d7d20_2483,11745.982293187008
000d7d20_2484,11745.959013639924
000d7d20_2485,11745.942408367837
000d7d20_2486,11745.92746009271
000d7d20_2487,11745.905389194866
000d7d20_2488,11745.89057653486
000d7d20_2489,11745.876171372223
000d7d20_2490,11745.862372340987
000d7d20_2491,11745.842038172832
000d7d20_2492,11745.82738591887
000d7d20_2493,11745.811664457266
000d7d20_2494,11745.796619540732
000d7d20_2495,11745.782034372303
000d7d20_2496,11745.767282293606
000d7d20_2497,11745.753212671018
000d7d20_2498,11745.737714651925
000d7d20_2499,11745.722879033565
000d7d20_2500,11745.707939837994
000d7d20_2501,11745.692445582006
000d7d20_2502,11745.676179617993
000d7d20_2503,11745.665557687818
000d7d20_2504,11745.651383725854
000d7d20_2505,11745.636979330662
000d7d20_2506,11745.622543158568
000d7d20_2507,11745.61324336156
000d7d20_2508,11745.59652239833
000d7d20_2509,11745.581020438563
000d7d20_2510,11745.571843620744
000d7d20_2511,11745.557013718524
000d7d20_2512,11745.54755112269
000d7d20_2513,11745.531819038066
000d7d20_2514,11745.52367629898
000d7d20_2515,11745.50960431466
000d7d20_2516,11745.501257947686
000d7d20_2517,11745.487869959292
000d7d20_2518,11745.478765889437
000d7d20_2519,11745.472254523049
000d7d20_2520,11745.460414129524
000d7d20_2521,11745.45418386595
000d7d20_2522,11745.447960692964
000d7d20_2523,11745.44214023581
000d7d20_2524,11745.436178560794
000d7d20_2525,11745.431379053232
000d7d20_2526,11745.421535642588
000d7d20_2527,11745.417204673497
000d7d20_2528,11745.413296933884
000d7d20_2529,11745.40874506155
000d7d20_2530,11745.40532953058
000d7d20_2531,11745.402015880689
000d7d20_2532,11745.40449956905
000d7d20_2533,11745.400987958856
000d7d20_2534,11745.396403875797
000d7d20_2535,11745.39334181595
000d7d20_2536,11745.390292465128
000d7d20_2537,11745.387267003134
000d7d20_2538,11745.38953381549
000d7d20_2539,11745.383608821863
000d7d20_2540,11745.378339475308
000d7d20_2541,11745.37386261193
000d7d20_2542,11745.37536869132
000d7d20_2543,11745.37160644935
000d7d20_2544,11745.366445299507
000d7d20_2545,11745.367997778842
000d7d20_2546,11745.364910914244
000d7d20_2547,11745.362034308568
000d7d20_2548,11745.3653705564
000d7d20_2549,11745.36297234139
000d7d20_2550,11745.36742180833
000d7d20_2551,11745.36735624953
000d7d20_2552,11745.36778811958
000d7d20_2553,11745.373406900915
000d7d20_2554,11745.373778341762
000d7d20_2555,11745.378621606456
000d7d20_2556,11745.375843380669
000d7d20_2557,11745.38096802374
000d7d20_2558,11745.38123338988
000d7d20_2559,11745.3882536499
000d7d20_2560,11745.38900371778
000d7d20_2561,11745.396036848651
000d7d20_2562,11745.397882295756
000d7d20_2563,11745.405862263193
000d7d20_2564,11745.413987199368
000d7d20_2565,11745.41491109811
000d7d20_2566,11745.42269210218
000d7d20_2567,11745.424912944962
000d7d20_2568,11745.433335306678
000d7d20_2569,11745.441858295962
000d7d20_2570,11745.441509589184
000d7d20_2571,11745.448943055168
000d7d20_2572,11745.455857293058
000d7d20_2573,11745.459338319051
000d7d20_2574,11745.46664796258
000d7d20_2575,11745.471701074428
000d7d20_2576,11745.471628567571
000d7d20_2577,11745.475962939823
000d7d20_2578,11745.479602720286
000d7d20_2579,11745.482772801097
000d7d20_2580,11745.48458168509
000d7d20_2581,11745.482269764849
000d7d20_2582,11745.485134906874
000d7d20_2583,11745.48728928961
000d7d20_2584,11745.488915082611
000d7d20_2585,11745.489632118744
000d7d20_2586,11745.488991834163
000d7d20_2587,11745.483493109969
000d7d20_2588,11745.483200504435
000d7d20_2589,11745.482559015083
000d7d20_2590,11745.48052307266
000d7d20_2591,11745.476972351558
000d7d20_2592,11745.473725056385
000d7d20_2593,11745.46971304094
000d7d20_2594,11745.464910229832
000d7d20_2595,11745.462121032935
000d7d20_2596,11745.459191211306
000d7d20_2597,11745.455985539067
000d7d20_2598,11745.45087266547
000d7d20_2599,11745.446941754935
000d7d20_2600,11745.444017366044
000d7d20_2601,11745.440423487731
000d7d20_2602,11745.438023344392
000d7d20_2603,11745.43600197745
000d7d20_2604,11745.43336484264
000d7d20_2605,11745.432604622169
000d7d20_2606,11745.4371878912
000d7d20_2607,11745.437724703414
000d7d20_2608,11745.438509488104
000d7d20_2609,11745.438420580997
000d7d20_2610,11745.439486323465
000d7d20_2611,11745.439636100902
000d7d20_2612,11745.44584370681
000d7d20_2613,11745.445494041436
000d7d20_2614,11745.445545384426
000d7d20_2615,11745.445204811738
000d7d20_2616,11745.444200602064
000d7d20_2617,11745.4521328279
000d7d20_2618,11745.45203362111
000d7d20_2619,11745.452715696478
000d7d20_2620,11745.457853635447
000d7d20_2621,11745.458942286985
000d7d20_2622,11745.460431656167
000d7d20_2623,11745.466602941204
000d7d20_2624,11745.46869587957
000d7d20_2625,11745.46956263122
000d7d20_2626,11745.47733052572
000d7d20_2627,11745.478673745423
000d7d20_2628,11745.487145019526
000d7d20_2629,11745.489324499757
000d7d20_2630,11745.490446163893
000d7d20_2631,11745.500056286874
000d7d20_2632,11745.501715971812
000d7d20_2633,11745.510275809156
000d7d20_2634,11745.5122970858
000d7d20_2635,11745.515647148964
000d7d20_2636,11745.52520500579
000d7d20_2637,11745.527582070628
000d7d20_2638,11745.537139649025
000d7d20_2639,11745.539323633158
000d7d20_2640,11745.542598713826
000d7d20_2641,11745.550530772787
000d7d20_2642,11745.554286535044
000d7d20_2643,11745.557301135834
000d7d20_2644,11745.565235395905
000d7d20_2645,11745.568683879284
000d7d20_2646,11745.571099492565
000d7d20_2647,11745.574593890376
000d7d20_2648,11745.583874587635
000d7d20_2649,11745.58634774013
000d7d20_2650,11745.590548970134
000d7d20_2651,11745.599232175926
000d7d20_2652,11745.603218360471
000d7d20_2653,11745.606316182337
000d7d20_2654,11745.61025994232
000d7d20_2655,11745.619318720304
000d7d20_2656,11745.621683315392
000d7d20_2657,11745.625631571836
000d7d20_2658,11745.628761762177
000d7d20_2659,11745.632156649315
000d7d20_2660,11745.640164579245
000d7d20_2661,11745.64359283784
000d7d20_2662,11745.64677391831
000d7d20_2663,11745.648713851737
000d7d20_2664,11745.652123641568
000d7d20_2665,11745.65982811353
000d7d20_2666,11745.663253276776
000d7d20_2667,11745.665654147717
000d7d20_2668,11745.66900492692
000d7d20_2669,11745.672402584418
000d7d20_2670,11745.674561935835
000d7d20_2671,11745.678026397009
000d7d20_2672,11745.681250552328
000d7d20_2673,11745.690606522312
000d7d20_2674,11745.693811955203
000d7d20_2675,11745.696348355705
000d7d20_2676,11745.698302236597
000d7d20_2677,11745.698917702764
000d7d20_2678,11745.699987438751
000d7d20_2679,11745.701041857405
000d7d20_2680,11745.702675037315
000d7d20_2681,11745.704258386542
000d7d20_2682,11745.703938883562
000d7d20_2683,11745.707406593094
000d7d20_2684,11745.709817059014
000d7d20_2685,11745.713085682271
000d7d20_2686,11745.715269134464
000d7d20_2687,11745.71883683284
000d7d20_2688,11745.722200314663
000d7d20_2689,11745.724083662051
000d7d20_2690,11745.727084643302
000d7d20_2691,11745.72863897233
000d7d20_2692,11745.730463785054
000d7d20_2693,11745.732858220936
000d7d20_2694,11745.73640748948
000d7d20_2695,11745.739566420514
000d7d20_2696,11745.742451491247
000d7d20_2697,11745.745881585664
000d7d20_2698,11745.748669682527
000d7d20_2699,11745.752337252528
000d7d20_2700,11745.755370800172
000d7d20_2701,11745.751285871416
000d7d20_2702,11745.75450153519
000d7d20_2703,11745.757283345589
000d7d20_2704,11745.762018360256
000d7d20_2705,11745.7662462789
000d7d20_2706,11745.772326837248
000d7d20_2707,11745.77941497162
000d7d20_2708,11745.786014461262
000d7d20_2709,11745.789093777114
000d7d20_2710,11745.797326081734
000d7d20_2711,11745.806451765871
000d7d20_2712,11745.815246605447
000d7d20_2713,11745.824676336164
000d7d20_2714,11745.82871367944
000d7d20_2715,11745.837501534912
000d7d20_2716,11745.846968129736
000d7d20_2717,11745.855628529296
000d7d20_2718,11745.865091581878
000d7d20_2719,11745.86820075659
000d7d20_2720,11745.878272055375
000d7d20_2721,11745.88865324654
000d7d20_2722,11745.897329240805
000d7d20_2723,11745.90200318637
000d7d20_2724,11745.912324718209
000d7d20_2725,11745.924596726329
000d7d20_2726,11745.93094563612
000d7d20_2727,11745.944337621208
000d7d20_2728,11745.958408566468
000d7d20_2729,11745.963915633492
000d7d20_2730,11745.977071110065
000d7d20_2731,11745.990154463045
000d7d20_2732,11746.000628750811
000d7d20_2733,11746.016094681663
000d7d20_2734,11746.029714941991
000d7d20_2735,11746.037619234934
000d7d20_2736,11746.049529885417
000d7d20_2737,11746.056848501536
000d7d20_2738,11746.067846876498
000d7d20_2739,11746.075735177574
000d7d20_2740,11746.092049700324
000d7d20_2741,11746.104151667663
000d7d20_2742,11746.122971354456
000d7d20_2743,11746.13615220286
000d7d20_2744,11746.152924528113
000d7d20_2745,11746.1628508697
000d7d20_2746,11746.180135495986
000d7d20_2747,11746.191929918588
000d7d20_2748,11746.207658585976
000d7d20_2749,11746.217510192271
000d7d20_2750,11746.224452137025
000d7d20_2751,11746.236161067303
000d7d20_2752,11746.241226778746
000d7d20_2753,11746.2464716713
000d7d20_2754,11746.256291034548
000d7d20_2755,11746.259653229485
000d7d20_2756,11746.263324365204
000d7d20_2757,11746.27027535504
000d7d20_2758,11746.271613205336
000d7d20_2759,11746.27081912644
000d7d20_2760,11746.275558018731
000d7d20_2761,11746.27511262722
000d7d20_2762,11746.273707777136
000d7d20_2763,11746.2726658594
000d7d20_2764,11746.270128441787
000d7d20_2765,11746.27219288487
000d7d20_2766,11746.26868180171
000d7d20_2767,11746.263905201356
000d7d20_2768,11746.26002032567
000d7d20_2769,11746.254778532955
000d7d20_2770,11746.25012445964
000d7d20_2771,11746.2444268283
000d7d20_2772,11746.24491303337
000d7d20_2773,11746.23813508444
000d7d20_2774,11746.231515792068
000d7d20_2775,11746.225355313947
000d7d20_2776,11746.21719609242
000d7d20_2777,11746.208732302644
000d7d20_2778,11746.200235535252
000d7d20_2779,11746.190072354282
000d7d20_2780,11746.180189378678
000d7d20_2781,11746.17074499616
000d7d20_2782,11746.16285495113
000d7d20_2783,11746.155945169554
000d7d20_2784,11746.14974981669
000d7d20_2785,11746.142296844362
000d7d20_2786,11746.134421823666
000d7d20_2787,11746.127631317437
000d7d20_2788,11746.116388725171
000d7d20_2789,11746.1092017386
000d7d20_2790,11746.104223278468
000d7d20_2791,11746.099787559982
000d7d20_2792,11746.096671911806
000d7d20_2793,11746.091822614031
000d7d20_2794,11746.086760224089
000d7d20_2795,11746.076093172704
000d7d20_2796,11746.072612625025
000d7d20_2797,11746.068067368506
000d7d20_2798,11746.06388345398
000d7d20_2799,11746.055356614635
000d7d20_2800,11746.052572766535
000d7d20_2801,11746.049621272
000d7d20_2802,11746.04486151015
000d7d20_2803,11746.035425124755
000d7d20_2804,11746.031807153548
000d7d20_2805,11746.029075600343
000d7d20_2806,11746.019711603338
000d7d20_2807,11746.015553345096
000d7d20_2808,11746.011770784004
000d7d20_2809,11746.004002303443
000d7d20_2810,11746.000102588492
000d7d20_2811,11745.990598144384
000d7d20_2812,11745.987345839716
000d7d20_2813,11745.984596898012
000d7d20_2814,11745.975262568338
000d7d20_2815,11745.971927369015
000d7d20_2816,11745.962570663529
000d7d20_2817,11745.95955455739
000d7d20_2818,11745.949285902829
000d7d20_2819,11745.944438648536
000d7d20_2820,11745.933391009965
000d7d20_2821,11745.928489993454
000d7d20_2822,11745.91703418598
000d7d20_2823,11745.911471553683
000d7d20_2824,11745.900977780972
000d7d20_2825,11745.897081211458
000d7d20_2826,11745.886443789506
000d7d20_2827,11745.881332407136
000d7d20_2828,11745.870883052969
000d7d20_2829,11745.867108423983
000d7d20_2830,11745.856929177751
000d7d20_2831,11745.846804356606
000d7d20_2832,11745.842562624588
000d7d20_2833,11745.83420480894
000d7d20_2834,11745.830015686326
000d7d20_2835,11745.820036471234
000d7d20_2836,11745.815549732311
000d7d20_2837,11745.807006775978
000d7d20_2838,11745.803000971477
000d7d20_2839,11745.79378354354
000d7d20_2840,11745.784814030723
000d7d20_2841,11745.781963249126
000d7d20_2842,11745.772800607816
000d7d20_2843,11745.769137320614
000d7d20_2844,11745.76005662347
000d7d20_2845,11745.757877163744
000d7d20_2846,11745.749109680422
000d7d20_2847,11745.740297487217
000d7d20_2848,11745.736106813669
000d7d20_2849,11745.727934763378
000d7d20_2850,11745.718815955854
000d7d20_2851,11745.715797417475
000d7d20_2852,11745.707187699129
000d7d20_2853,11745.70443014498
000d7d20_2854,11745.697078633482
000d7d20_2855,11745.688322720423
000d7d20_2856,11745.686034458486
000d7d20_2857,11745.678559945887
000d7d20_2858,11745.672325964975
000d7d20_2859,11745.670529365758
000d7d20_2860,11745.662952630402
000d7d20_2861,11745.661335502433
000d7d20_2862,11745.655128632112
000d7d20_2863,11745.647127928449
000d7d20_2864,11745.644543884518
000d7d20_2865,11745.636205937655
000d7d20_2866,11745.628617007458
000d7d20_2867,11745.6251068247
000d7d20_2868,11745.615721821165
000d7d20_2869,11745.604887605725
000d7d20_2870,11745.601194802022
000d7d20_2871,11745.591506771892
000d7d20_2872,11745.581874595831
000d7d20_2873,11745.572011299531
000d7d20_2874,11745.569047113026
000d7d20_2875,11745.559248967184
000d7d20_2876,11745.549476372267
000d7d20_2877,11745.545419190305
000d7d20_2878,11745.537098286111
000d7d20_2879,11745.527636615754
000d7d20_2880,11745.518017316155
000d7d20_2881,11745.513874908236
000d7d20_2882,11745.504947204732
000d7d20_2883,11745.494823746709
000d7d20_2884,11745.490001250608
000d7d20_2885,11745.47979675497
000d7d20_2886,11745.470993870698
000d7d20_2887,11745.460845335914
000d7d20_2888,11745.456033061748
000d7d20_2889,11745.44527276718
000d7d20_2890,11745.435370368736
000d7d20_2891,11745.424146516962
000d7d20_2892,11745.418789789768
000d7d20_2893,11745.408125643988
000d7d20_2894,11745.399149826168
000d7d20_2895,11745.389186190572
000d7d20_2896,11745.379201735286
000d7d20_2897,11745.374985309216
000d7d20_2898,11745.364934615573
000d7d20_2899,11745.355848707572
000d7d20_2900,11745.345699805031
000d7d20_2901,11745.3412157416
000d7d20_2902,11745.331304089736
000d7d20_2903,11745.321993006575
000d7d20_2904,11745.311330964538
000d7d20_2905,11745.300436040754
000d7d20_2906,11745.289239154356
000d7d20_2907,11745.284875096831
000d7d20_2908,11745.274984186264
000d7d20_2909,11745.265390063732
000d7d20_2910,11745.256143462968
000d7d20_2911,11745.248557080433
000d7d20_2912,11745.245298236368
000d7d20_2913,11745.236858291157
000d7d20_2914,11745.228319438967
000d7d20_2915,11745.220552513389
000d7d20_2916,11745.21275942028
000d7d20_2917,11745.210081389225
000d7d20_2918,11745.199628065644
000d7d20_2919,11745.19047746394
000d7d20_2920,11745.18055670766
000d7d20_2921,11745.17622265426
000d7d20_2922,11745.166215001294
000d7d20_2923,11745.157234511613
000d7d20_2924,11745.152884717623
000d7d20_2925,11745.142741727675
000d7d20_2926,11745.132304748924
000d7d20_2927,11745.129394189193
000d7d20_2928,11745.11986839202
000d7d20_2929,11745.117113493112
000d7d20_2930,11745.110008084184
000d7d20_2931,11745.1080069796
000d7d20_2932,11745.101559237602
000d7d20_2933,11745.100070612174
000d7d20_2934,11745.093080716506
000d7d20_2935,11745.091097140585
000d7d20_2936,11745.085784842357
000d7d20_2937,11745.084674763895
000d7d20_2938,11745.077859481253
000d7d20_2939,11745.076351868716
000d7d20_2940,11745.074312630635
000d7d20_2941,11745.06616230178
000d7d20_2942,11745.063729105152
000d7d20_2943,11745.061967491916
000d7d20_2944,11745.055442361976
000d7d20_2945,11745.054047254524
000d7d20_2946,11745.05215154995
000d7d20_2947,11745.04483067978
000d7d20_2948,11745.04395237231
000d7d20_2949,11745.041519095728
000d7d20_2950,11745.039108752671
000d7d20_2951,11745.030658723948
000d7d20_2952,11745.02787365148
000d7d20_2953,11745.02379281651
000d7d20_2954,11745.019181029584
000d7d20_2955,11745.013245868791
000d7d20_2956,11745.00796292538
000d7d20_2957,11745.001569179987
000d7d20_2958,11744.995020744833
000d7d20_2959,11744.983503809912
000d7d20_2960,11744.97850420848
000d7d20_2961,11744.972740509074
000d7d20_2962,11744.966679698044
000d7d20_2963,11744.961032374504
000d7d20_2964,11744.956737394585
000d7d20_2965,11744.951659436054
000d7d20_2966,11744.946725869764
000d7d20_2967,11744.94741235652
000d7d20_2968,11744.943439158496
000d7d20_2969,11744.938461687108
000d7d20_2970,11744.93381453967
000d7d20_2971,11744.929281065502
000d7d20_2972,11744.925603489432
000d7d20_2973,11744.920746032702
000d7d20_2974,11744.921718920134
000d7d20_2975,11744.917346697846
000d7d20_2976,11744.91426683486
000d7d20_2977,11744.909691668085
000d7d20_2978,11744.905118135364
000d7d20_2979,11744.9078586527
000d7d20_2980,11744.907067318236
000d7d20_2981,11744.90558148394
000d7d20_2982,11744.90950092508
000d7d20_2983,11744.907799173356
000d7d20_2984,11744.90746873385
000d7d20_2985,11744.912117408949
000d7d20_2986,11744.911401321711
000d7d20_2987,11744.911020247764
000d7d20_2988,11744.916013688648
000d7d20_2989,11744.916687725728
000d7d20_2990,11744.9211244405
000d7d20_2991,11744.92006190228
000d7d20_2992,11744.924589096814
000d7d20_2993,11744.92481545794
000d7d20_2994,11744.929864554277
000d7d20_2995,11744.929383386934
000d7d20_2996,11744.935305662842
000d7d20_2997,11744.935865137411
000d7d20_2998,11744.940818727431
000d7d20_2999,11744.945642313936
000d7d20_3000,11744.94484499866
000d7d20_3001,11744.950857622478
000d7d20_3002,11744.956385399337
000d7d20_3003,11744.95516227668
000d7d20_3004,11744.959877091194
000d7d20_3005,11744.966039137658
000d7d20_3006,11744.965477881631
000d7d20_3007,11744.970264478705
000d7d20_3008,11744.975167387283
000d7d20_3009,11744.976361542653
000d7d20_3010,11744.98216748657
000d7d20_3011,11744.988381962925
000d7d20_3012,11744.99503467104
000d7d20_3013,11744.997579425157
000d7d20_3014,11745.00484067608
000d7d20_3015,11745.01219299382
000d7d20_3016,11745.014604366948
000d7d20_3017,11745.02354123181
000d7d20_3018,11745.032212857675
000d7d20_3019,11745.035053750598
000d7d20_3020,11745.04342560845
000d7d20_3021,11745.046937608393
000d7d20_3022,11745.054797509769
000d7d20_3023,11745.06216524689
000d7d20_3024,11745.064213557907
000d7d20_3025,11745.07161198873
000d7d20_3026,11745.072929764345
000d7d20_3027,11745.080649268
000d7d20_3028,11745.0890308885
000d7d20_3029,11745.093224594655
000d7d20_3030,11745.102094437236
000d7d20_3031,11745.105674262444
000d7d20_3032,11745.114908031912
000d7d20_3033,11745.119864313923
000d7d20_3034,11745.129462094515
000d7d20_3035,11745.133232262018
000d7d20_3036,11745.142204503649
000d7d20_3037,11745.144899072724
000d7d20_3038,11745.153645182088
000d7d20_3039,11745.155436861309
000d7d20_3040,11745.161532247295
000d7d20_3041,11745.159855044005
000d7d20_3042,11745.165221108764
000d7d20_3043,11745.163381193026
000d7d20_3044,11745.166991120455
000d7d20_3045,11745.16509811056
000d7d20_3046,11745.169747328093
000d7d20_3047,11745.167560499274
000d7d20_3048,11745.164896776185
000d7d20_3049,11745.16723741987
000d7d20_3050,11745.16509622027
000d7d20_3051,11745.16736283395
000d7d20_3052,11745.163956085144
000d7d20_3053,11745.160921020131
000d7d20_3054,11745.164563094226
000d7d20_3055,11745.161752345455
000d7d20_3056,11745.164067289768
000d7d20_3057,11745.15997964372
000d7d20_3058,11745.156321696966
000d7d20_3059,11745.157716910944
000d7d20_3060,11745.153887270557
000d7d20_3061,11745.15053831036
000d7d20_3062,11745.153937071302
000d7d20_3063,11745.14995289129
000d7d20_3064,11745.14775872797
000d7d20_3065,11745.151821259018
000d7d20_3066,11745.152440303436
000d7d20_3067,11745.152475031253
000d7d20_3068,11745.153370981054
000d7d20_3069,11745.16070388491
000d7d20_3070,11745.163997627697
000d7d20_3071,11745.16762469816
000d7d20_3072,11745.17069054083
000d7d20_3073,11745.178974744284
000d7d20_3074,11745.182833283252
000d7d20_3075,11745.1853745027
000d7d20_3076,11745.187756087573
000d7d20_3077,11745.194257756915
000d7d20_3078,11745.196566821902
000d7d20_3079,11745.196787295466
000d7d20_3080,11745.197137695814
000d7d20_3081,11745.198060982571
000d7d20_3082,11745.200850542296
000d7d20_3083,11745.209432079317
000d7d20_3084,11745.213600081252
000d7d20_3085,11745.218921129272
000d7d20_3086,11745.226265229132
000d7d20_3087,11745.233122749494
000d7d20_3088,11745.238735272918
000d7d20_3089,11745.244398134466
000d7d20_3090,11745.257288149132
000d7d20_3091,11745.264504203058
000d7d20_3092,11745.272036300812
000d7d20_3093,11745.279789465969
000d7d20_3094,11745.28663759946
000d7d20_3095,11745.2945284045
000d7d20_3096,11745.30260736662
000d7d20_3097,11745.310959718512
000d7d20_3098,11745.319607992236
000d7d20_3099,11745.329180660709
000d7d20_3100,11745.338217276303
000d7d20_3101,11745.347685008852
000d7d20_3102,11745.35834874156
000d7d20_3103,11745.37052429606
000d7d20_3104,11745.382713224342
000d7d20_3105,11745.396051946787
000d7d20_3106,11745.40961496442
000d7d20_3107,11745.429740008178
000d7d20_3108,11745.443996116932
000d7d20_3109,11745.45860480284
000d7d20_3110,11745.472771410705
000d7d20_3111,11745.48814662126
000d7d20_3112,11745.502944718122
000d7d20_3113,11745.517708127769
000d7d20_3114,11745.532279518422
000d7d20_3115,11745.547845699264
000d7d20_3116,11745.562489998334
000d7d20_3117,11745.577101724017
000d7d20_3118,11745.592433997164
000d7d20_3119,11745.60960228863
000d7d20_3120,11745.625264033168
000d7d20_3121,11745.639634338968
000d7d20_3122,11745.652998474994
000d7d20_3123,11745.672319078203
000d7d20_3124,11745.684630500627
000d7d20_3125,11745.696591539636
000d7d20_3126,11745.707309087218
000d7d20_3127,11745.71948379778
000d7d20_3128,11745.729580341758
000d7d20_3129,11745.738721700254
000d7d20_3130,11745.747021194657
000d7d20_3131,11745.755402334767
000d7d20_3132,11745.761350063716
000d7d20_3133,11745.767124842598
000d7d20_3134,11745.772863213691
000d7d20_3135,11745.78399383368
000d7d20_3136,11745.787526492672
000d7d20_3137,11745.790565507294
000d7d20_3138,11745.79448133799
000d7d20_3139,11745.798918698489
000d7d20_3140,11745.80213555097
000d7d20_3141,11745.80591653119
000d7d20_3142,11745.80960707422
000d7d20_3143,11745.814125520452
000d7d20_3144,11745.815829150428
000d7d20_3145,11745.822608434868
000d7d20_3146,11745.82280254405
000d7d20_3147,11745.82334261958
000d7d20_3148,11745.822110911187
000d7d20_3149,11745.822099950456
000d7d20_3150,11745.821012323086
000d7d20_3151,11745.821141111908
000d7d20_3152,11745.820375799209
000d7d20_3153,11745.824945249373
000d7d20_3154,11745.82478583694
000d7d20_3155,11745.826447344754
000d7d20_3156,11745.827033297588
000d7d20_3157,11745.826741715844
000d7d20_3158,11745.82623366068
000d7d20_3159,11745.82510959914
000d7d20_3160,11745.830679383842
000d7d20_3161,11745.829215190526
000d7d20_3162,11745.827202870563
000d7d20_3163,11745.824413732422
000d7d20_3164,11745.822485686243
000d7d20_3165,11745.819225121895
000d7d20_3166,11745.815254711157
000d7d20_3167,11745.8172157345
000d7d20_3168,11745.81445043912
000d7d20_3169,11745.809960464896
000d7d20_3170,11745.804938670104
000d7d20_3171,11745.799392641344
000d7d20_3172,11745.795219671094
000d7d20_3173,11745.795292596416
000d7d20_3174,11745.787464100951
000d7d20_3175,11745.779851079544
000d7d20_3176,11745.77371436552
000d7d20_3177,11745.766481528492
000d7d20_3178,11745.759010325608
000d7d20_3179,11745.757514997184
000d7d20_3180,11745.751902159063
000d7d20_3181,11745.745082852454
000d7d20_3182,11745.738916947834
000d7d20_3183,11745.73317072724
000d7d20_3184,11745.734383108918
000d7d20_3185,11745.729269980662
000d7d20_3186,11745.72415089672
000d7d20_3187,11745.7196511468
000d7d20_3188,11745.716138986016
000d7d20_3189,11745.712322482172
000d7d20_3190,11745.714270837325
000d7d20_3191,11745.710166971396
000d7d20_3192,11745.707490668505
000d7d20_3193,11745.7036143131
000d7d20_3194,11745.701800592948
000d7d20_3195,11745.703872938702
000d7d20_3196,11745.699880438717
000d7d20_3197,11745.69796364237
000d7d20_3198,11745.695299679952
000d7d20_3199,11745.699023817851
000d7d20_3200,11745.698317905648
000d7d20_3201,11745.694999261656
000d7d20_3202,11745.697967016227
000d7d20_3203,11745.69645422295
000d7d20_3204,11745.694184571425
000d7d20_3205,11745.697823432947
000d7d20_3206,11745.697357092611
000d7d20_3207,11745.69567094639
000d7d20_3208,11745.699228517551
000d7d20_3209,11745.697654655783
000d7d20_3210,11745.694487362322
000d7d20_3211,11745.696648808182
000d7d20_3212,11745.692811322797
000d7d20_3213,11745.696018915549
000d7d20_3214,11745.692841660624
000d7d20_3215,11745.693890054168
000d7d20_3216,11745.690464064846
000d7d20_3217,11745.6910711122
000d7d20_3218,11745.685916267175
000d7d20_3219,11745.687056239
000d7d20_3220,11745.687285310636
000d7d20_3221,11745.681550352583
000d7d20_3222,11745.68229431047
000d7d20_3223,11745.676502409557
000d7d20_3224,11745.675804473309
000d7d20_3225,11745.674102086152
000d7d20_3226,11745.667704028428
000d7d20_3227,11745.665712686508
000d7d20_3228,11745.663331222027
000d7d20_3229,11745.656455203076
000d7d20_3230,11745.653775453133
000d7d20_3231,11745.651197395016
000d7d20_3232,11745.649472153156
000d7d20_3233,11745.64073644414
000d7d20_3234,11745.6371295795
000d7d20_3235,11745.636575975688
000d7d20_3236,11745.635379583342
000d7d20_3237,11745.63361424539
000d7d20_3238,11745.626365422402
000d7d20_3239,11745.62617413304
000d7d20_3240,11745.62519527182
000d7d20_3241,11745.624325492576
000d7d20_3242,11745.624783413436
000d7d20_3243,11745.624442891463
000d7d20_3244,11745.624239677005
000d7d20_3245,11745.625339713675
000d7d20_3246,11745.62542796493
000d7d20_3247,11745.625333665492
000d7d20_3248,11745.626554689752
000d7d20_3249,11745.6262657476
000d7d20_3250,11745.625368222483
000d7d20_3251,11745.6246950289
000d7d20_3252,11745.624943448976
000d7d20_3253,11745.62415590392
000d7d20_3254,11745.62392009992
000d7d20_3255,11745.624538720596
000d7d20_3256,11745.624186016654
000d7d20_3257,11745.623706052234
000d7d20_3258,11745.624575994758
000d7d20_3259,11745.624558510808
000d7d20_3260,11745.629562484148
000d7d20_3261,11745.630223018408
000d7d20_3262,11745.630111617322
000d7d20_3263,11745.629772109738
000d7d20_3264,11745.630237707186
000d7d20_3265,11745.637068303047
000d7d20_3266,11745.637828028624
000d7d20_3267,11745.638330780172
000d7d20_3268,11745.640019299404
000d7d20_3269,11745.64667921992
000d7d20_3270,11745.648073260512
000d7d20_3271,11745.650652640794
000d7d20_3272,11745.658186295672
000d7d20_3273,11745.660207369156
000d7d20_3274,11745.663431337243
000d7d20_3275,11745.67122565757
000d7d20_3276,11745.67450975679
000d7d20_3277,11745.683476959586
000d7d20_3278,11745.688061715133
000d7d20_3279,11745.697818782292
000d7d20_3280,11745.702269127984
000d7d20_3281,11745.707440927872
000d7d20_3282,11745.717146691391
000d7d20_3283,11745.720907772598
000d7d20_3284,11745.730749761808
000d7d20_3285,11745.7403691527
000d7d20_3286,11745.746166966695
000d7d20_3287,11745.75952578703
000d7d20_3288,11745.767176091842
000d7d20_3289,11745.780733313011
000d7d20_3290,11745.788916725867
000d7d20_3291,11745.803593368497
000d7d20_3292,11745.81651872772
000d7d20_3293,11745.82411612492
000d7d20_3294,11745.838493731686
000d7d20_3295,11745.846567093457
000d7d20_3296,11745.860144009868
000d7d20_3297,11745.868500957258
000d7d20_3298,11745.88132499974
000d7d20_3299,11745.888252961477
000d7d20_3300,11745.897230803092
000d7d20_3301,11745.910911716384
000d7d20_3302,11745.919945251982
000d7d20_3303,11745.928998746796
000d7d20_3304,11745.94499534624
000d7d20_3305,11745.953620695382
000d7d20_3306,11745.962026139528
000d7d20_3307,11745.976993825436
000d7d20_3308,11745.9854009422
000d7d20_3309,11745.993670149011
000d7d20_3310,11746.002854170434
000d7d20_3311,11746.016626185374
000d7d20_3312,11746.024661794085
000d7d20_3313,11746.03306545991
000d7d20_3314,11746.040292295434
000d7d20_3315,11746.04738406875
000d7d20_3316,11746.054936666282
000d7d20_3317,11746.063926987024
000d7d20_3318,11746.078095046185
000d7d20_3319,11746.086726278303
000d7d20_3320,11746.097320000075
000d7d20_3321,11746.107537299627
000d7d20_3322,11746.1180382569
000d7d20_3323,11746.13035395258
000d7d20_3324,11746.141989755057
000d7d20_3325,11746.153164070502
000d7d20_3326,11746.160157953123
000d7d20_3327,11746.1713627247
000d7d20_3328,11746.182523486594
000d7d20_3329,11746.193996828106
000d7d20_3330,11746.206757441709
000d7d20_3331,11746.218525680466
000d7d20_3332,11746.22983814414
000d7d20_3333,11746.235867597308
000d7d20_3334,11746.24629690827
000d7d20_3335,11746.255942650529
000d7d20_3336,11746.266436632508
000d7d20_3337,11746.270108969728
000d7d20_3338,11746.278542237264
000d7d20_3339,11746.288823908044
000d7d20_3340,11746.291461505189
000d7d20_3341,11746.299888767116
000d7d20_3342,11746.308918232022
000d7d20_3343,11746.312281512246
000d7d20_3344,11746.31995092146
000d7d20_3345,11746.322381515763
000d7d20_3346,11746.330896745389
000d7d20_3347,11746.336599260989
000d7d20_3348,11746.33740616043
000d7d20_3349,11746.343450048647
000d7d20_3350,11746.342369024813
000d7d20_3351,11746.346359863534
000d7d20_3352,11746.345806034004
000d7d20_3353,11746.344392615989
000d7d20_3354,11746.34822955071
000d7d20_3355,11746.346274216314
000d7d20_3356,11746.351031536322
000d7d20_3357,11746.348467992751
000d7d20_3358,11746.345714518804
000d7d20_3359,11746.349234250503
000d7d20_3360,11746.34595946109
000d7d20_3361,11746.343045250722
000d7d20_3362,11746.340841157456
000d7d20_3363,11746.34288200846
000d7d20_3364,11746.33920120549
000d7d20_3365,11746.336021801111
000d7d20_3366,11746.332334411924
000d7d20_3367,11746.328131616376
000d7d20_3368,11746.32944333438
000d7d20_3369,11746.325838790232
000d7d20_3370,11746.320864095358
000d7d20_3371,11746.31475711522
000d7d20_3372,11746.310374387407
000d7d20_3373,11746.304327258931
000d7d20_3374,11746.298732397088
000d7d20_3375,11746.294309172556
000d7d20_3376,11746.28896541788
000d7d20_3377,11746.283675562408
000d7d20_3378,11746.279097527417
000d7d20_3379,11746.276462550422
000d7d20_3380,11746.272979945232
000d7d20_3381,11746.268761939424
000d7d20_3382,11746.26536127433
000d7d20_3383,11746.255027911711
000d7d20_3384,11746.248299652536
000d7d20_3385,11746.242363409709
000d7d20_3386,11746.235189706
000d7d20_3387,11746.227256552114
000d7d20_3388,11746.220761692248
000d7d20_3389,11746.213777600777
000d7d20_3390,11746.20605807741
000d7d20_3391,11746.19386650047
000d7d20_3392,11746.186941750171
000d7d20_3393,11746.180237368522
000d7d20_3394,11746.171744641557
000d7d20_3395,11746.16525071008
000d7d20_3396,11746.159288398829
000d7d20_3397,11746.152506405731
000d7d20_3398,11746.146600407756
000d7d20_3399,11746.136260342657
000d7d20_3400,11746.129389757489
000d7d20_3401,11746.126750458305
000d7d20_3402,11746.12242504872
000d7d20_3403,11746.116583089974
000d7d20_3404,11746.111868641665
000d7d20_3405,11746.107869676547
000d7d20_3406,11746.103741479492
000d7d20_3407,11746.100015623037
000d7d20_3408,11746.097985843491
000d7d20_3409,11746.090289973265
000d7d20_3410,11746.088027772788
000d7d20_3411,11746.086479922316
000d7d20_3412,11746.086184698504
000d7d20_3413,11746.08640407298
000d7d20_3414,11746.086870055402
000d7d20_3415,11746.089039642284
000d7d20_3416,11746.091270044371
000d7d20_3417,11746.09362309815
000d7d20_3418,11746.097981621771
000d7d20_3419,11746.10305604332
000d7d20_3420,11746.107180688465
000d7d20_3421,11746.106156227652
000d7d20_3422,11746.110600913562
000d7d20_3423,11746.115591098654
000d7d20_3424,11746.119780078436
000d7d20_3425,11746.123816803214
000d7d20_3426,11746.128327894896
000d7d20_3427,11746.13295932651
000d7d20_3428,11746.137661712906
000d7d20_3429,11746.142058511145
000d7d20_3430,11746.146062930118
000d7d20_3431,11746.14962681252
000d7d20_3432,11746.153217461992
000d7d20_3433,11746.156420323638
000d7d20_3434,11746.160411714864
000d7d20_3435,11746.164229435944
000d7d20_3436,11746.16771906208
000d7d20_3437,11746.172104989952
000d7d20_3438,11746.170404931328
000d7d20_3439,11746.17361567464
000d7d20_3440,11746.176274554751
000d7d20_3441,11746.178264719008
000d7d20_3442,11746.179825764
000d7d20_3443,11746.180685841353
000d7d20_3444,11746.180444982456
000d7d20_3445,11746.180930858784
000d7d20_3446,11746.18110692248
000d7d20_3447,11746.180182823484
000d7d20_3448,11746.178590761863
000d7d20_3449,11746.176571605554
000d7d20_3450,11746.173182415954
000d7d20_3451,11746.169905650217
000d7d20_3452,11746.165743201414
000d7d20_3453,11746.161475631903
000d7d20_3454,11746.158037657082
000d7d20_3455,11746.153991605264
000d7d20_3456,11746.148886221978
000d7d20_3457,11746.143721386004
000d7d20_3458,11746.139425958154
000d7d20_3459,11746.134065068396
000d7d20_3460,11746.12904834935
000d7d20_3461,11746.125444282245
000d7d20_3462,11746.122161708136
000d7d20_3463,11746.11902822146
000d7d20_3464,11746.11683873287
000d7d20_3465,11746.1141530353
000d7d20_3466,11746.110969327834
000d7d20_3467,11746.10840411309
000d7d20_3468,11746.105683635644
000d7d20_3469,11746.102903247333
000d7d20_3470,11746.099589330686
000d7d20_3471,11746.096712554856
000d7d20_3472,11746.09481899254
000d7d20_3473,11746.09145288443
000d7d20_3474,11746.087442107715
000d7d20_3475,11746.083258627365
000d7d20_3476,11746.07931005583
000d7d20_3477,11746.076881580066
000d7d20_3478,11746.074074449356
000d7d20_3479,11746.070089737335
000d7d20_3480,11746.067463411857
000d7d20_3481,11746.064232671371
000d7d20_3482,11746.061163088843
000d7d20_3483,11746.058814930631
000d7d20_3484,11746.05466409613
000d7d20_3485,11746.051565909383
000d7d20_3486,11746.046973950884
000d7d20_3487,11746.041892021049
000d7d20_3488,11746.037067244824
000d7d20_3489,11746.031933795908
000d7d20_3490,11746.026756982148
000d7d20_3491,11746.02123776982
000d7d20_3492,11746.014741156232
000d7d20_3493,11746.009209219224
000d7d20_3494,11745.997749648934
000d7d20_3495,11745.992277509742
000d7d20_3496,11745.986771430218
000d7d20_3497,11745.98147832499
000d7d20_3498,11745.97789781895
000d7d20_3499,11745.974123929474
000d7d20_3500,11745.964601274016
000d7d20_3501,11745.959727795853
000d7d20_3502,11745.955510841924
000d7d20_3503,11745.95107404176
000d7d20_3504,11745.941077660524
000d7d20_3505,11745.936410094482
000d7d20_3506,11745.9313981853
000d7d20_3507,11745.926260160792
000d7d20_3508,11745.91555640021
000d7d20_3509,11745.910549227874
000d7d20_3510,11745.90559348194
000d7d20_3511,11745.895796203422
000d7d20_3512,11745.891555741317
000d7d20_3513,11745.88767211486
000d7d20_3514,11745.877672215556
000d7d20_3515,11745.873485932148
000d7d20_3516,11745.869597873703
000d7d20_3517,11745.860356986132
000d7d20_3518,11745.85666571213
000d7d20_3519,11745.848063609224
000d7d20_3520,11745.845451590283
000d7d20_3521,11745.836777218055
000d7d20_3522,11745.8332130169
000d7d20_3523,11745.829667683924
000d7d20_3524,11745.821292317363
000d7d20_3525,11745.819978350906
000d7d20_3526,11745.81245785789
000d7d20_3527,11745.810876714311
000d7d20_3528,11745.804012754
000d7d20_3529,11745.80262055945
000d7d20_3530,11745.795865961722
000d7d20_3531,11745.789221467743
000d7d20_3532,11745.78847143836
000d7d20_3533,11745.782795058098
000d7d20_3534,11745.78199483305
000d7d20_3535,11745.777428459243
000d7d20_3536,11745.77912898156
000d7d20_3537,11745.774993385872
000d7d20_3538,11745.77054645191
000d7d20_3539,11745.77258024106
000d7d20_3540,11745.768660095951
000d7d20_3541,11745.763642191225
000d7d20_3542,11745.765053829393
000d7d20_3543,11745.76183057993
000d7d20_3544,11745.756989538806
000d7d20_3545,11745.758319062405
000d7d20_3546,11745.753710938325
000d7d20_3547,11745.749515064494
000d7d20_3548,11745.74484933676
000d7d20_3549,11745.745061006704
000d7d20_3550,11745.739489964744
000d7d20_3551,11745.735487646103
000d7d20_3552,11745.73076768476
000d7d20_3553,11745.733006390306
000d7d20_3554,11745.72908434432
000d7d20_3555,11745.725848100126
000d7d20_3556,11745.721864600167
000d7d20_3557,11745.7182634463
000d7d20_3558,11745.7151888701
000d7d20_3559,11745.716423926877
000d7d20_3560,11745.711903332678
000d7d20_3561,11745.70857340141
000d7d20_3562,11745.70357473813
000d7d20_3563,11745.69711649727
000d7d20_3564,11745.691220198143
000d7d20_3565,11745.684746069464
000d7d20_3566,11745.677914613832
000d7d20_3567,11745.670385418183
000d7d20_3568,11745.663359112234
000d7d20_3569,11745.655370674303
000d7d20_3570,11745.646573864342
000d7d20_3571,11745.63703762971
000d7d20_3572,11745.627444080475
000d7d20_3573,11745.61872359222
000d7d20_3574,11745.608748731434
000d7d20_3575,11745.598412550677
000d7d20_3576,11745.587631846687
000d7d20_3577,11745.576733267704
000d7d20_3578,11745.564118395616
000d7d20_3579,11745.552625996148
000d7d20_3580,11745.539393963623
000d7d20_3581,11745.52564364684
000d7d20_3582,11745.511686644595
000d7d20_3583,11745.497566426153
000d7d20_3584,11745.477285035882
000d7d20_3585,11745.462656301675
000d7d20_3586,11745.44760826569
000d7d20_3587,11745.432745227146
000d7d20_3588,11745.41623098322
000d7d20_3589,11745.40039925626
000d7d20_3590,11745.38432809912
000d7d20_3591,11745.362328865822
000d7d20_3592,11745.346121259588
000d7d20_3593,11745.32926062973
000d7d20_3594,11745.312828725424
000d7d20_3595,11745.295141258102
000d7d20_3596,11745.272620416516
000d7d20_3597,11745.25408067208
000d7d20_3598,11745.2364571287
000d7d20_3599,11745.216624101398
000d7d20_3600,11745.190735079135
000d7d20_3601,11745.170759103032
000d7d20_3602,11745.151076169588
000d7d20_3603,11745.125275126047
000d7d20_3604,11745.10463601406
000d7d20_3605,11745.084436640229
000d7d20_3606,11745.056970294609
000d7d20_3607,11745.034683786856
000d7d20_3608,11745.01315096914
000d7d20_3609,11744.986149631375
000d7d20_3610,11744.964945140033
000d7d20_3611,11744.9439554688
000d7d20_3612,11744.918666216843
000d7d20_3613,11744.897642753556
000d7d20_3614,11744.87521240558
000d7d20_3615,11744.847899323784
000d7d20_3616,11744.828049693388
000d7d20_3617,11744.802845767024
000d7d20_3618,11744.783661630052
000d7d20_3619,11744.758191753675
000d7d20_3620,11744.73879541198
000d7d20_3621,11744.714639938536
000d7d20_3622,11744.695309024492
000d7d20_3623,11744.676941590427
000d7d20_3624,11744.654000353068
000d7d20_3625,11744.636826793792
000d7d20_3626,11744.615323770273
000d7d20_3627,11744.59810855267
000d7d20_3628,11744.577417462197
000d7d20_3629,11744.557470115233
000d7d20_3630,11744.543533037517
000d7d20_3631,11744.525473827296
000d7d20_3632,11744.513016169582
000d7d20_3633,11744.496495916925
000d7d20_3634,11744.486379361691
000d7d20_3635,11744.470786427377
000d7d20_3636,11744.453891378487
000d7d20_3637,11744.443958570871
000d7d20_3638,11744.429174211822
000d7d20_3639,11744.421528165134
000d7d20_3640,11744.408529563523
000d7d20_3641,11744.396264095472
000d7d20_3642,11744.389979744716
000d7d20_3643,11744.37825959798
000d7d20_3644,11744.366046342147
000d7d20_3645,11744.359619753175
000d7d20_3646,11744.345740180988
000d7d20_3647,11744.332062005604
000d7d20_3648,11744.31688512006
000d7d20_3649,11744.307853237133
000d7d20_3650,11744.29229714262
000d7d20_3651,11744.275020115309
000d7d20_3652,11744.263715316978
000d7d20_3653,11744.24815820358
000d7d20_3654,11744.232034146946
000d7d20_3655,11744.214413827309
000d7d20_3656,11744.197564437336
000d7d20_3657,11744.185017161546
000d7d20_3658,11744.1674435733
000d7d20_3659,11744.150197250949
000d7d20_3660,11744.133090537003
000d7d20_3661,11744.11541504633
000d7d20_3662,11744.102182547913
000d7d20_3663,11744.082992431657
000d7d20_3664,11744.063218283904
000d7d20_3665,11744.04276343101
000d7d20_3666,11744.021588109925
000d7d20_3667,11744.001053058371
000d7d20_3668,11743.97996898897
000d7d20_3669,11743.957862500927
000d7d20_3670,11743.936112580834
000d7d20_3671,11743.919697240177
000d7d20_3672,11743.897766416976
000d7d20_3673,11743.876366807925
000d7d20_3674,11743.855785046826
000d7d20_3675,11743.83805566797
000d7d20_3676,11743.82118588104
000d7d20_3677,11743.804325114346
000d7d20_3678,11743.787335407424
000d7d20_3679,11743.771509221282
000d7d20_3680,11743.756515129458
000d7d20_3681,11743.747846622617
000d7d20_3682,11743.73398180272
000d7d20_3683,11743.719719162891
000d7d20_3684,11743.706055598424
000d7d20_3685,11743.693275902391
000d7d20_3686,11743.679342198138
000d7d20_3687,11743.665647466682
000d7d20_3688,11743.653465650685
000d7d20_3689,11743.641986529705
000d7d20_3690,11743.626997838275
000d7d20_3691,11743.612717928056
000d7d20_3692,11743.598186699764
000d7d20_3693,11743.5830784665
000d7d20_3694,11743.573535414642
000d7d20_3695,11743.55951664578
000d7d20_3696,11743.546039011091
000d7d20_3697,11743.533931304257
000d7d20_3698,11743.523064509693
000d7d20_3699,11743.513438751255
000d7d20_3700,11743.50514714768
000d7d20_3701,11743.49810660622
000d7d20_3702,11743.491124083346
000d7d20_3703,11743.48490955275
000d7d20_3704,11743.479625154832
000d7d20_3705,11743.475542465148
000d7d20_3706,11743.472406287045
000d7d20_3707,11743.471100176346
000d7d20_3708,11743.47080115649
000d7d20_3709,11743.471464807546
000d7d20_3710,11743.47254295657
000d7d20_3711,11743.473250252917
000d7d20_3712,11743.473795065967
000d7d20_3713,11743.47299166277
000d7d20_3714,11743.473111799707
000d7d20_3715,11743.474231623888
000d7d20_3716,11743.475555610315
000d7d20_3717,11743.477111547254
000d7d20_3718,11743.485149588414
000d7d20_3719,11743.486041283242
000d7d20_3720,11743.48675940054
000d7d20_3721,11743.48770108786
000d7d20_3722,11743.488366008083
000d7d20_3723,11743.489102773752
000d7d20_3724,11743.488629844927
000d7d20_3725,11743.492678931774
000d7d20_3726,11743.494530807591
000d7d20_3727,11743.49175688748
000d7d20_3728,11743.48563640609
000d7d20_3729,11743.475840700348
000d7d20_3730,11743.46416829574
000d7d20_3731,11743.451003761847
000d7d20_3732,11743.433905634867
000d7d20_3733,11743.4133427889
000d7d20_3734,11743.38877839937
000d7d20_3735,11743.35992437182
000d7d20_3736,11743.329490622897
000d7d20_3737,11743.297543388042
000d7d20_3738,11743.257923270628
000d7d20_3739,11743.221788478184
000d7d20_3740,11743.18471944268
000d7d20_3741,11743.146429681768
000d7d20_3742,11743.103764996236
000d7d20_3743,11743.055913685514
000d7d20_3744,11743.00871718417
000d7d20_3745,11742.954526611338
000d7d20_3746,11742.895413819177
000d7d20_3747,11742.833480274918
000d7d20_3748,11742.76805980043
000d7d20_3749,11742.699689204132
000d7d20_3750,11742.628072377847
000d7d20_3751,11742.556996036656
000d7d20_3752,11742.48506494142
000d7d20_3753,11742.41344176719
000d7d20_3754,11742.344088192149
000d7d20_3755,11742.276574839896
000d7d20_3756,11742.213276277109
000d7d20_3757,11742.152185877085
000d7d20_3758,11742.0942872261
000d7d20_3759,11742.036988012747
000d7d20_3760,11741.98218433682
000d7d20_3761,11741.926792369002
000d7d20_3762,11741.874367392018
000d7d20_3763,11741.817884601029
000d7d20_3764,11741.766151570586
000d7d20_3765,11741.71569307624
000d7d20_3766,11741.66807920966
000d7d20_3767,11741.621133912666
000d7d20_3768,11741.575621289743
000d7d20_3769,11741.527133706151
000d7d20_3770,11741.47930338974
000d7d20_3771,11741.430788960191
000d7d20_3772,11741.385416378216
000d7d20_3773,11741.34007268745
000d7d20_3774,11741.29846246928
000d7d20_3775,11741.258208554167
000d7d20_3776,11741.219396349014
000d7d20_3777,11741.182270088051
000d7d20_3778,11741.148431177717
000d7d20_3779,11741.115807137445
000d7d20_3780,11741.082840144009
000d7d20_3781,11741.051691310371
000d7d20_3782,11741.02183813126
000d7d20_3783,11740.99344743865
000d7d20_3784,11740.967167113433
000d7d20_3785,11740.942138652244
000d7d20_3786,11740.913590437876
000d7d20_3787,11740.884685845273
000d7d20_3788,11740.855238913193
000d7d20_3789,11740.82641162518
000d7d20_3790,11740.797134769216
000d7d20_3791,11740.76650538342
000d7d20_3792,11740.7359913204
000d7d20_3793,11740.707486970172
000d7d20_3794,11740.67907524886
000d7d20_3795,11740.652967101574
000d7d20_3796,11740.626653713884
000d7d20_3797,11740.600173447274
000d7d20_3798,11740.57346945245
000d7d20_3799,11740.547117838378
000d7d20_3800,11740.52121278831
000d7d20_3801,11740.493371020497
000d7d20_3802,11740.466807445197
000d7d20_3803,11740.441435153369
000d7d20_3804,11740.416745399529
000d7d20_3805,11740.391987566149
000d7d20_3806,11740.367016780314
000d7d20_3807,11740.341924845969
000d7d20_3808,11740.316227465368
000d7d20_3809,11740.288243677996
000d7d20_3810,11740.261179246572
000d7d20_3811,11740.235186307193
000d7d20_3812,11740.208873707332
000d7d20_3813,11740.185019606568
000d7d20_3814,11740.164922940708
000d7d20_3815,11740.14609049
000d7d20_3816,11740.128172959145
000d7d20_3817,11740.10886549418
000d7d20_3818,11740.089986157936
000d7d20_3819,11740.07232462888
000d7d20_3820,11740.054862387124
000d7d20_3821,11740.037281035522
000d7d20_3822,11740.017965129658
000d7d20_3823,11740.004436726773
000d7d20_3824,11739.98676219298
000d7d20_3825,11739.96858177631
000d7d20_3826,11739.95013338112
000d7d20_3827,11739.928682049758
000d7d20_3828,11739.906906180548
000d7d20_3829,11739.886459394656
000d7d20_3830,11739.868390865518
000d7d20_3831,11739.849246043395
000d7d20_3832,11739.83393203197
000d7d20_3833,11739.815671708158
000d7d20_3834,11739.79939530243
000d7d20_3835,11739.781060798316
000d7d20_3836,11739.763571943418
000d7d20_3837,11739.751119446948
000d7d20_3838,11739.734012365092
000d7d20_3839,11739.714106441266
000d7d20_3840,11739.693171512396
000d7d20_3841,11739.672281664592
000d7d20_3842,11739.650235606308
000d7d20_3843,11739.626512677642
000d7d20_3844,11739.602248064946
000d7d20_3845,11739.57648533524
000d7d20_3846,11739.550081263556
000d7d20_3847,11739.523308762682
000d7d20_3848,11739.501186313082
000d7d20_3849,11739.473319781377
000d7d20_3850,11739.444286217236
000d7d20_3851,11739.41599795891
000d7d20_3852,11739.390236139492
000d7d20_3853,11739.364239323444
000d7d20_3854,11739.338460456143
000d7d20_3855,11739.31271208093
000d7d20_3856,11739.284835283714
000d7d20_3857,11739.261062999069
000d7d20_3858,11739.2318096012
000d7d20_3859,11739.204134481564
000d7d20_3860,11739.17670557998
000d7d20_3861,11739.149813988117
000d7d20_3862,11739.122251232762
000d7d20_3863,11739.101084780148
000d7d20_3864,11739.072252404569
000d7d20_3865,11739.04127664394
000d7d20_3866,11739.012149529048
000d7d20_3867,11738.98717153116
000d7d20_3868,11738.956331546258
000d7d20_3869,11738.926079833143
000d7d20_3870,11738.902540603878
000d7d20_3871,11738.873068811015
000d7d20_3872,11738.843502158572
000d7d20_3873,11738.819479822114
000d7d20_3874,11738.790011879068
000d7d20_3875,11738.765565452384
000d7d20_3876,11738.730710819093
000d7d20_3877,11738.695259207958
000d7d20_3878,11738.669309773131
000d7d20_3879,11738.63983004988
000d7d20_3880,11738.616621871968
000d7d20_3881,11738.588723009794
000d7d20_3882,11738.5647193898
000d7d20_3883,11738.534750147155
000d7d20_3884,11738.50761547327
000d7d20_3885,11738.474777863375
000d7d20_3886,11738.448309939273
000d7d20_3887,11738.420443065776
000d7d20_3888,11738.387606499942
000d7d20_3889,11738.360897307955
000d7d20_3890,11738.329237937349
000d7d20_3891,11738.301242017918
000d7d20_3892,11738.27300620438
000d7d20_3893,11738.237760211605
000d7d20_3894,11738.212036521829
000d7d20_3895,11738.183442655532
000d7d20_3896,11738.150016260755
000d7d20_3897,11738.121600678069
000d7d20_3898,11738.092745154889
000d7d20_3899,11738.06429641516
000d7d20_3900,11738.031798925387
000d7d20_3901,11738.00788166528
000d7d20_3902,11737.984432830628
000d7d20_3903,11737.963336205552
000d7d20_3904,11737.94236400225
000d7d20_3905,11737.923446845874
000d7d20_3906,11737.899756940136
000d7d20_3907,11737.88021172756
000d7d20_3908,11737.862111764643
000d7d20_3909,11737.845114009626
000d7d20_3910,11737.827206622016
000d7d20_3911,11737.810044913844
000d7d20_3912,11737.79193878821
000d7d20_3913,11737.772760086482
000d7d20_3914,11737.75348458175
000d7d20_3915,11737.73415780299
000d7d20_3916,11737.717534734453
000d7d20_3917,11737.702032623749
000d7d20_3918,11737.686941301065
000d7d20_3919,11737.673334895837
000d7d20_3920,11737.657437903768
000d7d20_3921,11737.641160735067
000d7d20_3922,11737.622729713406
000d7d20_3923,11737.6046182757
000d7d20_3924,11737.588870441155
000d7d20_3925,11737.567316481463
000d7d20_3926,11737.54432889857
000d7d20_3927,11737.518508638994
000d7d20_3928,11737.493060638946
000d7d20_3929,11737.4674202879
000d7d20_3930,11737.4481072635
000d7d20_3931,11737.422283900927
000d7d20_3932,11737.396152064586
000d7d20_3933,11737.369220276583
000d7d20_3934,11737.347041409734
000d7d20_3935,11737.319924710584
000d7d20_3936,11737.29176101296
000d7d20_3937,11737.274159604054
000d7d20_3938,11737.253476217298
000d7d20_3939,11737.231155420484
000d7d20_3940,11737.214195687384
000d7d20_3941,11737.190251164182
000d7d20_3942,11737.16541529862
000d7d20_3943,11737.147133387063
000d7d20_3944,11737.12536580408
000d7d20_3945,11737.108557463864
000d7d20_3946,11737.086868602497
000d7d20_3947,11737.071036535091
000d7d20_3948,11737.05061023656
000d7d20_3949,11737.036073007506
000d7d20_3950,11737.01356762565
000d7d20_3951,11736.996175029117
000d7d20_3952,11736.97379033747
000d7d20_3953,11736.957284329384
000d7d20_3954,11736.936698198846
000d7d20_3955,11736.91930331649
000d7d20_3956,11736.897554453548
000d7d20_3957,11736.88253102864
000d7d20_3958,11736.866899627215
000d7d20_3959,11736.849151647551
000d7d20_3960,11736.836003733491
000d7d20_3961,11736.817938452692
000d7d20_3962,11736.805106647957
000d7d20_3963,11736.792695548138
000d7d20_3964,11736.77385361771
000d7d20_3965,11736.760539854316
000d7d20_3966,11736.747150077736
000d7d20_3967,11736.727538390767
000d7d20_3968,11736.715978037471
000d7d20_3969,11736.703925265065
000d7d20_3970,11736.686838266518
000d7d20_3971,11736.675314781576
000d7d20_3972,11736.663546588206
000d7d20_3973,11736.652942677723
000d7d20_3974,11736.636176243512
000d7d20_3975,11736.626801092876
000d7d20_3976,11736.619596312092
000d7d20_3977,11736.614219188445
000d7d20_3978,11736.605080811089
000d7d20_3979,11736.601874523045
000d7d20_3980,11736.598861386035
000d7d20_3981,11736.59521612469
000d7d20_3982,11736.591940862669
000d7d20_3983,11736.585051786884
000d7d20_3984,11736.581350972752
000d7d20_3985,11736.577717855922
000d7d20_3986,11736.575049401708
000d7d20_3987,11736.575463352554
000d7d20_3988,11736.5747821952
000d7d20_3989,11736.569114466682
000d7d20_3990,11736.571011298643
000d7d20_3991,11736.575770358271
000d7d20_3992,11736.582098181258
000d7d20_3993,11736.588729023642
000d7d20_3994,11736.596456997182
000d7d20_3995,11736.60519922768
000d7d20_3996,11736.612848134197
000d7d20_3997,11736.620349858384
000d7d20_3998,11736.625763916025
000d7d20_3999,11736.630422863684
000d7d20_4000,11736.63395507376
000d7d20_4001,11736.636253452638
000d7d20_4002,11736.639963732365
000d7d20_4003,11736.642377706325
000d7d20_4004,11736.64465856378
000d7d20_4005,11736.646275673796
000d7d20_4006,11736.647600400676
000d7d20_4007,11736.650258181766
000d7d20_4008,11736.65132404193
000d7d20_4009,11736.652282255678
000d7d20_4010,11736.65233381985
000d7d20_4011,11736.654344022312
000d7d20_4012,11736.654388167
000d7d20_4013,11736.65399321133
000d7d20_4014,11736.652824283805
000d7d20_4015,11736.650685506103
000d7d20_4016,11736.65526961464
000d7d20_4017,11736.65306162158
000d7d20_4018,11736.650155413909
000d7d20_4019,11736.64719314455
000d7d20_4020,11736.642507846722
000d7d20_4021,11736.63849702321
000d7d20_4022,11736.638477157834
000d7d20_4023,11736.633180311932
000d7d20_4024,11736.628420408508
000d7d20_4025,11736.623514489596
000d7d20_4026,11736.619030475726
000d7d20_4027,11736.619202960268
000d7d20_4028,11736.613571439666
000d7d20_4029,11736.607564344817
000d7d20_4030,11736.601870564
000d7d20_4031,11736.602875042465
000d7d20_4032,11736.596612115813
000d7d20_4033,11736.589937232264
000d7d20_4034,11736.582182652111
000d7d20_4035,11736.58260428518
000d7d20_4036,11736.576326362108
000d7d20_4037,11736.569797419335
000d7d20_4038,11736.56857142346
000d7d20_4039,11736.562384350707
000d7d20_4040,11736.5572712912
000d7d20_4041,11736.556615755726
000d7d20_4042,11736.550515333332
000d7d20_4043,11736.55103989392
000d7d20_4044,11736.547194652056
000d7d20_4045,11736.545171178128
000d7d20_4046,11736.5479829157
000d7d20_4047,11736.544637381176
000d7d20_4048,11736.540502054762
000d7d20_4049,11736.542516450609
000d7d20_4050,11736.540550763912
000d7d20_4051,11736.537708011205
000d7d20_4052,11736.54029888014
000d7d20_4053,11736.538511569808
000d7d20_4054,11736.53652640052
000d7d20_4055,11736.541078091412
000d7d20_4056,11736.53971247119
000d7d20_4057,11736.53961102424
000d7d20_4058,11736.53976148018
000d7d20_4059,11736.546126747246
000d7d20_4060,11736.545648335832
000d7d20_4061,11736.546032703623
000d7d20_4062,11736.547034737412
000d7d20_4063,11736.553810819169
000d7d20_4064,11736.55561095791
000d7d20_4065,11736.556024034464
000d7d20_4066,11736.556287658666
000d7d20_4067,11736.56366312857
000d7d20_4068,11736.565411275287
000d7d20_4069,11736.567870259874
000d7d20_4070,11736.570546663535
000d7d20_4071,11736.574397817065
000d7d20_4072,11736.577112916726
000d7d20_4073,11736.58661935212
000d7d20_4074,11736.591767479984
000d7d20_4075,11736.594874838594
000d7d20_4076,11736.598668537394
000d7d20_4077,11736.604157482288
000d7d20_4078,11736.609883590736
000d7d20_4079,11736.61371460276
000d7d20_4080,11736.623212347293
000d7d20_4081,11736.62658776756
000d7d20_4082,11736.62946318823
000d7d20_4083,11736.632496200797
000d7d20_4084,11736.633864917476
000d7d20_4085,11736.6347947608
000d7d20_4086,11736.636570585
000d7d20_4087,11736.637730561124
000d7d20_4088,11736.639468316773
000d7d20_4089,11736.640397777344
000d7d20_4090,11736.640233619077
000d7d20_4091,11736.639986085982
000d7d20_4092,11736.639342284929
000d7d20_4093,11736.6395233903
000d7d20_4094,11736.63931111818
000d7d20_4095,11736.64019424421
000d7d20_4096,11736.639806161622
000d7d20_4097,11736.639464267028
000d7d20_4098,11736.639534591455
000d7d20_4099,11736.63772459082
000d7d20_4100,11736.635726816858
000d7d20_4101,11736.6343089833
000d7d20_4102,11736.634087020142
000d7d20_4103,11736.634992226023
000d7d20_4104,11736.634417172696
000d7d20_4105,11736.632645528374
000d7d20_4106,11736.629456936593
000d7d20_4107,11736.627322268978
000d7d20_4108,11736.619810250875
000d7d20_4109,11736.61818757419
000d7d20_4110,11736.61576303765
000d7d20_4111,11736.613501419564
000d7d20_4112,11736.612633212266
000d7d20_4113,11736.610036957183
000d7d20_4114,11736.607229419693
000d7d20_4115,11736.603604643124
000d7d20_4116,11736.595625329825
000d7d20_4117,11736.593302957088
000d7d20_4118,11736.589360259071
000d7d20_4119,11736.58563227873
000d7d20_4120,11736.581450947084
000d7d20_4121,11736.572463957713
000d7d20_4122,11736.56681832426
000d7d20_4123,11736.56255917623
000d7d20_4124,11736.55485704439
000d7d20_4125,11736.546918243575
000d7d20_4126,11736.535466344843
000d7d20_4127,11736.530193209152
000d7d20_4128,11736.524351253553
000d7d20_4129,11736.51923018811
000d7d20_4130,11736.509306863332
000d7d20_4131,11736.5064040677
000d7d20_4132,11736.502296949096
000d7d20_4133,11736.499586547274
000d7d20_4134,11736.491407533424
000d7d20_4135,11736.489152411878
000d7d20_4136,11736.490459729474
000d7d20_4137,11736.48618129734
000d7d20_4138,11736.48753000635
000d7d20_4139,11736.488796766238
000d7d20_4140,11736.484956070131
000d7d20_4141,11736.48827548058
000d7d20_4142,11736.491274282327
000d7d20_4143,11736.4945762624
000d7d20_4144,11736.493390974229
000d7d20_4145,11736.498654848085
000d7d20_4146,11736.505480247875
000d7d20_4147,11736.511564271546
000d7d20_4148,11736.51220484629
000d7d20_4149,11736.51827115244
000d7d20_4150,11736.525690928456
000d7d20_4151,11736.531386345388
000d7d20_4152,11736.536543646958
000d7d20_4153,11736.540962004565
000d7d20_4154,11736.54078580196
000d7d20_4155,11736.546093960436
000d7d20_4156,11736.548009507078
000d7d20_4157,11736.547472823591
000d7d20_4158,11736.546109641138
000d7d20_4159,11736.54389054568
000d7d20_4160,11736.54104731486
000d7d20_4161,11736.529742919329
000d7d20_4162,11736.520504115966
000d7d20_4163,11736.508623332516
000d7d20_4164,11736.492386065906
000d7d20_4165,11736.474854938382
000d7d20_4166,11736.4546976984
000d7d20_4167,11736.430522358918
000d7d20_4168,11736.402356174744
000d7d20_4169,11736.373642357692
000d7d20_4170,11736.34005064645
000d7d20_4171,11736.301605855184
000d7d20_4172,11736.258721954173
000d7d20_4173,11736.211773188808
000d7d20_4174,11736.16250403285
000d7d20_4175,11736.11276198216
000d7d20_4176,11736.061235218524
000d7d20_4177,11736.008958207289
000d7d20_4178,11735.956183304312
000d7d20_4179,11735.903550621904
000d7d20_4180,11735.852878512618
000d7d20_4181,11735.80343933148
000d7d20_4182,11735.761795309869
000d7d20_4183,11735.714289097748
000d7d20_4184,11735.66801053637
000d7d20_4185,11735.628680592052
000d7d20_4186,11735.586055258937
000d7d20_4187,11735.54311423544
000d7d20_4188,11735.500970418536
000d7d20_4189,11735.459850092266
000d7d20_4190,11735.42671916931
000d7d20_4191,11735.387011248751
000d7d20_4192,11735.349505698678
000d7d20_4193,11735.314714445469
000d7d20_4194,11735.280696267291
000d7d20_4195,11735.255204916824
000d7d20_4196,11735.226039492558
000d7d20_4197,11735.19784587688
000d7d20_4198,11735.173467239532
000d7d20_4199,11735.155439932154
000d7d20_4200,11735.133576150423
000d7d20_4201,11735.11461130064
000d7d20_4202,11735.09818504521
000d7d20_4203,11735.08707820701
000d7d20_4204,11735.072963138187
000d7d20_4205,11735.059683588424
000d7d20_4206,11735.051642204437
000d7d20_4207,11735.039205087667
000d7d20_4208,11735.026523910768
000d7d20_4209,11735.021147867406
000d7d20_4210,11735.01267414644
000d7d20_4211,11735.003754493117
000d7d20_4212,11735.002680102523
000d7d20_4213,11734.99798023972
000d7d20_4214,11734.993732613726
000d7d20_4215,11734.994235376336
000d7d20_4216,11734.98829946024
000d7d20_4217,11734.987837189206
000d7d20_4218,11734.981902893274
000d7d20_4219,11734.979362552802
000d7d20_4220,11734.97188489577
000d7d20_4221,11734.969066508793
000d7d20_4222,11734.960395550512
000d7d20_4223,11734.953336789684
000d7d20_4224,11734.951755244114
000d7d20_4225,11734.943912092527
000d7d20_4226,11734.941430195318
000d7d20_4227,11734.93319316366
000d7d20_4228,11734.931989282242
000d7d20_4229,11734.931227043837
000d7d20_4230,11734.924384156797
000d7d20_4231,11734.924649893916
000d7d20_4232,11734.919787655255
000d7d20_4233,11734.919622842734
000d7d20_4234,11734.915823924222
000d7d20_4235,11734.917136108124
000d7d20_4236,11734.91967717819
000d7d20_4237,11734.916500756475
000d7d20_4238,11734.91804485252
000d7d20_4239,11734.921371258684
000d7d20_4240,11734.918797598206
000d7d20_4241,11734.921426205026
000d7d20_4242,11734.924619805091
000d7d20_4243,11734.927520482555
000d7d20_4244,11734.93155387209
000d7d20_4245,11734.93026647772
000d7d20_4246,11734.934280835463
000d7d20_4247,11734.938518605588
000d7d20_4248,11734.943556636808
000d7d20_4249,11734.947795482896
000d7d20_4250,11734.953376765285
000d7d20_4251,11734.957563285505
000d7d20_4252,11734.962868581111
000d7d20_4253,11734.96841529066
000d7d20_4254,11734.972395077117
000d7d20_4255,11734.977565832713
000d7d20_4256,11734.981921791335
000d7d20_4257,11734.98547671487
000d7d20_4258,11734.989812535356
000d7d20_4259,11734.993729557846
000d7d20_4260,11734.99891667709
000d7d20_4261,11735.003972205785
000d7d20_4262,11735.013146825251
000d7d20_4263,11735.016502957702
000d7d20_4264,11735.02000607426
000d7d20_4265,11735.02233176768
000d7d20_4266,11735.025738979157
000d7d20_4267,11735.033567580504
000d7d20_4268,11735.037356615256
000d7d20_4269,11735.040005659655
000d7d20_4270,11735.048566384705
000d7d20_4271,11735.05195118262
000d7d20_4272,11735.054954126948
000d7d20_4273,11735.06221880918
000d7d20_4274,11735.06519486085
000d7d20_4275,11735.072449485044
000d7d20_4276,11735.074186685426
000d7d20_4277,11735.081634809185
000d7d20_4278,11735.081941757551
000d7d20_4279,11735.090234020425
000d7d20_4280,11735.091915561545
000d7d20_4281,11735.097364141531
000d7d20_4282,11735.099291093033
000d7d20_4283,11735.105432722272
000d7d20_4284,11735.107036044446
000d7d20_4285,11735.113310520755
000d7d20_4286,11735.120702427606
000d7d20_4287,11735.124592088889
000d7d20_4288,11735.133483424435
000d7d20_4289,11735.141889581775
000d7d20_4290,11735.151085284851
000d7d20_4291,11735.153990639765
000d7d20_4292,11735.162932620377
000d7d20_4293,11735.172236315406
000d7d20_4294,11735.180322749078
000d7d20_4295,11735.18835446965
000d7d20_4296,11735.190934574788
000d7d20_4297,11735.197968708257
000d7d20_4298,11735.206349644664
000d7d20_4299,11735.213959928358
000d7d20_4300,11735.219581643769
000d7d20_4301,11735.226546903405
000d7d20_4302,11735.232784046922
000d7d20_4303,11735.240025836549
000d7d20_4304,11735.246672367322
000d7d20_4305,11735.252030230586
000d7d20_4306,11735.258652121864
000d7d20_4307,11735.264761887624
000d7d20_4308,11735.270702625792
000d7d20_4309,11735.27717660963
000d7d20_4310,11735.28785535598
000d7d20_4311,11735.293902371006
000d7d20_4312,11735.299897201496
000d7d20_4313,11735.304521192098
000d7d20_4314,11735.30992097759
000d7d20_4315,11735.3210818886
000d7d20_4316,11735.32482685109
000d7d20_4317,11735.329640159516
000d7d20_4318,11735.333635076397
000d7d20_4319,11735.344604693031
000d7d20_4320,11735.34948953932
000d7d20_4321,11735.35842514813
000d7d20_4322,11735.363148471395
000d7d20_4323,11735.368189322202
000d7d20_4324,11735.37890510938
000d7d20_4325,11735.385575711982
000d7d20_4326,11735.396038890922
000d7d20_4327,11735.402465976187
000d7d20_4328,11735.41480977596
000d7d20_4329,11735.421184896331
000d7d20_4330,11735.429560612396
000d7d20_4331,11735.443434733852
000d7d20_4332,11735.451039949823
000d7d20_4333,11735.465152167311
000d7d20_4334,11735.474077060177
000d7d20_4335,11735.481271646406
000d7d20_4336,11735.495207924338
000d7d20_4337,11735.502018672803
000d7d20_4338,11735.51506808059
000d7d20_4339,11735.522082886891
000d7d20_4340,11735.528236131438
000d7d20_4341,11735.540547917552
000d7d20_4342,11735.54691674877
000d7d20_4343,11735.55332664408
000d7d20_4344,11735.560387228605
000d7d20_4345,11735.571311692656
000d7d20_4346,11735.578305771138
000d7d20_4347,11735.585189325471
000d7d20_4348,11735.59172357236
000d7d20_4349,11735.604787626757
000d7d20_4350,11735.611763560522
000d7d20_4351,11735.618086045277
000d7d20_4352,11735.62571962209
000d7d20_4353,11735.632190568096
000d7d20_4354,11735.645807553858
000d7d20_4355,11735.65482877284
000d7d20_4356,11735.663321423905
000d7d20_4357,11735.672439445236
000d7d20_4358,11735.681307816963
000d7d20_4359,11735.689811523243
000d7d20_4360,11735.699126438954
000d7d20_4361,11735.709002819764
000d7d20_4362,11735.723278431482
000d7d20_4363,11735.73315637739
000d7d20_4364,11735.74191959672
000d7d20_4365,11735.75219735845
000d7d20_4366,11735.762812575336
000d7d20_4367,11735.77213903502
000d7d20_4368,11735.782441835609
000d7d20_4369,11735.792147236374
000d7d20_4370,11735.801291122463
000d7d20_4371,11735.811929203855
000d7d20_4372,11735.82139870444
000d7d20_4373,11735.832112101336
000d7d20_4374,11735.843140234569
000d7d20_4375,11735.8534589688
000d7d20_4376,11735.866241464886
000d7d20_4377,11735.873854900894
000d7d20_4378,11735.88785840608
000d7d20_4379,11735.90260207505
000d7d20_4380,11735.91658063716
000d7d20_4381,11735.929947759369
000d7d20_4382,11735.941834482506
000d7d20_4383,11735.951461728066
000d7d20_4384,11735.96156166225
000d7d20_4385,11735.965971308631
000d7d20_4386,11735.974812891152
000d7d20_4387,11735.984195513833
000d7d20_4388,11735.99222768885
000d7d20_4389,11735.996655851615
000d7d20_4390,11735.995336474862
000d7d20_4391,11735.997129952711
000d7d20_4392,11736.000763927474
000d7d20_4393,11736.00281286398
000d7d20_4394,11735.998127096824
000d7d20_4395,11735.999265029071
000d7d20_4396,11736.000144614098
000d7d20_4397,11735.994223865073
000d7d20_4398,11735.99315985863
000d7d20_4399,11735.990661905122
000d7d20_4400,11735.983696818195
000d7d20_4401,11735.982526762707
000d7d20_4402,11735.979727835596
000d7d20_4403,11735.97277723118
000d7d20_4404,11735.970787701057
000d7d20_4405,11735.96250504295
000d7d20_4406,11735.95805532797
000d7d20_4407,11735.95411444591
000d7d20_4408,11735.944682106205
000d7d20_4409,11735.942940193072
000d7d20_4410,11735.93529070121
000d7d20_4411,11735.936017600936
000d7d20_4412,11735.932077110814
000d7d20_4413,11735.932219385146
000d7d20_4414,11735.928529070658
000d7d20_4415,11735.93362348952
000d7d20_4416,11735.933362585558
000d7d20_4417,11735.940232557168
000d7d20_4418,11735.940877628023
000d7d20_4419,11735.948926125731
000d7d20_4420,11735.950893727208
000d7d20_4421,11735.958233947564
000d7d20_4422,11735.961315886198
000d7d20_4423,11735.965403389058
000d7d20_4424,11735.97484011894
000d7d20_4425,11735.98021476552
000d7d20_4426,11735.989941834709
000d7d20_4427,11735.994394964073
000d7d20_4428,11736.005716559876
000d7d20_4429,11736.01249479106
000d7d20_4430,11736.027814512032
000d7d20_4431,11736.039632670689
000d7d20_4432,11736.051237040308
000d7d20_4433,11736.070800962309
000d7d20_4434,11736.085817892132
000d7d20_4435,11736.105738355702
000d7d20_4436,11736.118131994655
000d7d20_4437,11736.134371931814
000d7d20_4438,11736.146801374216
000d7d20_4439,11736.163443166846
000d7d20_4440,11736.17326713768
000d7d20_4441,11736.189292220197
000d7d20_4442,11736.199236247796
000d7d20_4443,11736.214699916363
000d7d20_4444,11736.22491387431
000d7d20_4445,11736.23508276825
000d7d20_4446,11736.251186953006
000d7d20_4447,11736.261096670794
000d7d20_4448,11736.274516843794
000d7d20_4449,11736.28402670986
000d7d20_4450,11736.299974207646
000d7d20_4451,11736.308842691764
000d7d20_4452,11736.324594211816
000d7d20_4453,11736.332682519322
000d7d20_4454,11736.346846465303
000d7d20_4455,11736.354697899787
000d7d20_4456,11736.36686337768
000d7d20_4457,11736.373952604432
000d7d20_4458,11736.38521384183
000d7d20_4459,11736.389821945892
000d7d20_4460,11736.400769182756
000d7d20_4461,11736.40671299768
000d7d20_4462,11736.416292969534
000d7d20_4463,11736.420547444644
000d7d20_4464,11736.429640451172
000d7d20_4465,11736.433477146007
000d7d20_4466,11736.44239055428
000d7d20_4467,11736.448359492722
000d7d20_4468,11736.46109084102
000d7d20_4469,11736.46822308944
000d7d20_4470,11736.479713167864
000d7d20_4471,11736.485957792707
000d7d20_4472,11736.496250344946
000d7d20_4473,11736.506985032309
000d7d20_4474,11736.51188836659
000d7d20_4475,11736.521800754945
000d7d20_4476,11736.52472813076
000d7d20_4477,11736.531520119086
000d7d20_4478,11736.5315685554
000d7d20_4479,11736.537764890096
000d7d20_4480,11736.53671201833
000d7d20_4481,11736.541377619576
000d7d20_4482,11736.539838527762
000d7d20_4483,11736.542087651032
000d7d20_4484,11736.538983885954
000d7d20_4485,11736.541189174888
000d7d20_4486,11736.54249725576
000d7d20_4487,11736.535977222586
000d7d20_4488,11736.534276682429
000d7d20_4489,11736.527499495354
000d7d20_4490,11736.52618377711
000d7d20_4491,11736.517976585345
000d7d20_4492,11736.515921801243
000d7d20_4493,11736.508486846238
000d7d20_4494,11736.506300091238
000d7d20_4495,11736.504732550427
000d7d20_4496,11736.49730883292
000d7d20_4497,11736.49786931483
000d7d20_4498,11736.49497537076
000d7d20_4499,11736.497414273052
000d7d20_4500,11736.496008212724
000d7d20_4501,11736.500532801936
000d7d20_4502,11736.504901686343
000d7d20_4503,11736.5050584805
000d7d20_4504,11736.510720180184
000d7d20_4505,11736.510108899
000d7d20_4506,11736.51748733063
000d7d20_4507,11736.524905793887
000d7d20_4508,11736.528636163535
000d7d20_4509,11736.53790682328
000d7d20_4510,11736.540481038017
000d7d20_4511,11736.550440645491
000d7d20_4512,11736.5610018098
000d7d20_4513,11736.565290850947
000d7d20_4514,11736.5773837398
000d7d20_4515,11736.582665555368
000d7d20_4516,11736.59546512062
000d7d20_4517,11736.60852203336
000d7d20_4518,11736.614331220868
000d7d20_4519,11736.626250589426
000d7d20_4520,11736.633872362978
000d7d20_4521,11736.64575682292
000d7d20_4522,11736.652728326935
000d7d20_4523,11736.66426139032
000d7d20_4524,11736.676647022086
000d7d20_4525,11736.682425186224
000d7d20_4526,11736.693854535995
000d7d20_4527,11736.70112630436
000d7d20_4528,11736.713973066066
000d7d20_4529,11736.725127651389
000d7d20_4530,11736.732120241037
000d7d20_4531,11736.743885808355
000d7d20_4532,11736.750692694592
000d7d20_4533,11736.76124082841
000d7d20_4534,11736.764978278126
000d7d20_4535,11736.775041442224
000d7d20_4536,11736.784463618513
000d7d20_4537,11736.786462516053
000d7d20_4538,11736.794342657193
000d7d20_4539,11736.795171470349
000d7d20_4540,11736.80144680105
000d7d20_4541,11736.801496937034
000d7d20_4542,11736.805607683697
000d7d20_4543,11736.80504492837
000d7d20_4544,11736.809473793315
000d7d20_4545,11736.812245065505
000d7d20_4546,11736.809658223396
000d7d20_4547,11736.811942032213
000d7d20_4548,11736.812028106104
000d7d20_4549,11736.81865596663
000d7d20_4550,11736.818517461588
000d7d20_4551,11736.824670303631
000d7d20_4552,11736.825327103654
000d7d20_4553,11736.830662041224
000d7d20_4554,11736.832218437594
000d7d20_4555,11736.839075525935
000d7d20_4556,11736.83987154242
000d7d20_4557,11736.8478830258
000d7d20_4558,11736.849446691727
000d7d20_4559,11736.857756289575
000d7d20_4560,11736.86628667283
000d7d20_4561,11736.867016953533
000d7d20_4562,11736.875580937198
000d7d20_4563,11736.878848518874
000d7d20_4564,11736.88700874553
000d7d20_4565,11736.891083024288
000d7d20_4566,11736.900084188754
000d7d20_4567,11736.904507186206
000d7d20_4568,11736.913572890237
000d7d20_4569,11736.916574424256
000d7d20_4570,11736.925845780068
000d7d20_4571,11736.929729930587
000d7d20_4572,11736.937340933391
000d7d20_4573,11736.940117926126
000d7d20_4574,11736.946889645307
000d7d20_4575,11736.948412999278
000d7d20_4576,11736.955774687114
000d7d20_4577,11736.955314986324
000d7d20_4578,11736.962477211706
000d7d20_4579,11736.965716316725
000d7d20_4580,11736.97443054957
000d7d20_4581,11736.9772947653
000d7d20_4582,11736.97970636148
000d7d20_4583,11736.98674713293
000d7d20_4584,11736.989123973624
000d7d20_4585,11736.995826296685
000d7d20_4586,11736.99819366345
000d7d20_4587,11737.006347169488
000d7d20_4588,11737.007918504596
000d7d20_4589,11737.016198979927
000d7d20_4590,11737.019095106014
000d7d20_4591,11737.025630308462
000d7d20_4592,11737.028421847885
000d7d20_4593,11737.03557368562
000d7d20_4594,11737.03832784767
000d7d20_4595,11737.046777517791
000d7d20_4596,11737.048232209534
000d7d20_4597,11737.050352499107
000d7d20_4598,11737.058274180754
000d7d20_4599,11737.060003396346
000d7d20_4600,11737.067889701884
000d7d20_4601,11737.07048468944
000d7d20_4602,11737.077773583404
000d7d20_4603,11737.08073893302
000d7d20_4604,11737.08895494308
000d7d20_4605,11737.091517401015
000d7d20_4606,11737.094432187794
000d7d20_4607,11737.103552223893
000d7d20_4608,11737.10563839913
000d7d20_4609,11737.11386066279
000d7d20_4610,11737.11642463425
000d7d20_4611,11737.119460152247
000d7d20_4612,11737.1293906787
000d7d20_4613,11737.1322934323
000d7d20_4614,11737.134976884772
000d7d20_4615,11737.143924501352
000d7d20_4616,11737.14710197717
000d7d20_4617,11737.150923938265
000d7d20_4618,11737.1603841921
000d7d20_4619,11737.162384415577
000d7d20_4620,11737.16456744368
000d7d20_4621,11737.16594185032
000d7d20_4622,11737.167354127676
000d7d20_4623,11737.174541363844
000d7d20_4624,11737.174673144027
000d7d20_4625,11737.17697171069
000d7d20_4626,11737.178193213276
000d7d20_4627,11737.179475913454
000d7d20_4628,11737.181357973404
000d7d20_4629,11737.1826175941
000d7d20_4630,11737.18337426766
000d7d20_4631,11737.184659166627
000d7d20_4632,11737.186835221297
000d7d20_4633,11737.189167632134
000d7d20_4634,11737.191290840232
000d7d20_4635,11737.194854257466
000d7d20_4636,11737.19710637688
000d7d20_4637,11737.199093406034
000d7d20_4638,11737.202747881382
000d7d20_4639,11737.204296769856
000d7d20_4640,11737.199442188275
000d7d20_4641,11737.199715173
000d7d20_4642,11737.201575570612
000d7d20_4643,11737.201277746964
000d7d20_4644,11737.200995476882
000d7d20_4645,11737.196838502634
000d7d20_4646,11737.197517048398
000d7d20_4647,11737.196512540955
000d7d20_4648,11737.196099286515
000d7d20_4649,11737.18942450947
000d7d20_4650,11737.18824227898
000d7d20_4651,11737.18700066641
000d7d20_4652,11737.181816961269
000d7d20_4653,11737.180216664634
000d7d20_4654,11737.172335622035
000d7d20_4655,11737.170581097507
000d7d20_4656,11737.161755611463
000d7d20_4657,11737.157968450192
000d7d20_4658,11737.153503995734
000d7d20_4659,11737.144170414742
000d7d20_4660,11737.133708216676
000d7d20_4661,11737.128464696516
000d7d20_4662,11737.11798196908
000d7d20_4663,11737.111561723552
000d7d20_4664,11737.099349465989
000d7d20_4665,11737.094149011002
000d7d20_4666,11737.082102471752
000d7d20_4667,11737.06981513048
000d7d20_4668,11737.062726715963
000d7d20_4669,11737.051571343403
000d7d20_4670,11737.038907687253
000d7d20_4671,11737.02668289817
000d7d20_4672,11737.021121047252
000d7d20_4673,11737.007893477205
000d7d20_4674,11736.995584217935
000d7d20_4675,11736.985747533525
000d7d20_4676,11736.980748729393
000d7d20_4677,11736.969144215002
000d7d20_4678,11736.957754805777
000d7d20_4679,11736.947775520715
000d7d20_4680,11736.93664708345
000d7d20_4681,11736.925462110796
000d7d20_4682,11736.915607686447
000d7d20_4683,11736.905648759794
000d7d20_4684,11736.895059746766
000d7d20_4685,11736.887567299906
000d7d20_4686,11736.878361272273
000d7d20_4687,11736.869357987867
000d7d20_4688,11736.860281157826
000d7d20_4689,11736.852514228904
000d7d20_4690,11736.844802722828
000d7d20_4691,11736.837870573943
000d7d20_4692,11736.83203525333
000d7d20_4693,11736.82550220688
000d7d20_4694,11736.818546736022
000d7d20_4695,11736.806808173871
000d7d20_4696,11736.799576076412
000d7d20_4697,11736.793175467948
000d7d20_4698,11736.786530455094
000d7d20_4699,11736.775301368229
000d7d20_4700,11736.770202493222
000d7d20_4701,11736.764645093395
000d7d20_4702,11736.76059529833
000d7d20_4703,11736.750015102114
000d7d20_4704,11736.7468672437
000d7d20_4705,11736.74434529461
000d7d20_4706,11736.73560761606
000d7d20_4707,11736.732355675053
000d7d20_4708,11736.730348184694
000d7d20_4709,11736.729579093211
000d7d20_4710,11736.727191341335
000d7d20_4711,11736.719939822036
000d7d20_4712,11736.71982189268
000d7d20_4713,11736.718755148908
000d7d20_4714,11736.71793453386
000d7d20_4715,11736.7174452894
000d7d20_4716,11736.71985847415
000d7d20_4717,11736.720822369189
000d7d20_4718,11736.72290809726
000d7d20_4719,11736.725813886584
000d7d20_4720,11736.726932317944
000d7d20_4721,11736.727976793723
000d7d20_4722,11736.731254125254
000d7d20_4723,11736.732926859942
000d7d20_4724,11736.73421896695
000d7d20_4725,11736.735895895768
000d7d20_4726,11736.737830045544
000d7d20_4727,11736.737949709504
000d7d20_4728,11736.743477407845
000d7d20_4729,11736.74389094383
000d7d20_4730,11736.744350079269
000d7d20_4731,11736.745882434288
000d7d20_4732,11736.747247655778
000d7d20_4733,11736.751918049486
000d7d20_4734,11736.75096290804
000d7d20_4735,11736.748604277063
000d7d20_4736,11736.750808922056
000d7d20_4737,11736.745099640204
000d7d20_4738,11736.740413586043
000d7d20_4739,11736.739036125822
000d7d20_4740,11736.730654454506
000d7d20_4741,11736.721516643902
000d7d20_4742,11736.71673470752
000d7d20_4743,11736.705299665604
000d7d20_4744,11736.699958790494
000d7d20_4745,11736.687518494658
000d7d20_4746,11736.681608160348
000d7d20_4747,11736.668099078688
000d7d20_4748,11736.658567008824
000d7d20_4749,11736.64300954522
000d7d20_4750,11736.631730962088
000d7d20_4751,11736.614184889091
000d7d20_4752,11736.603134981264
000d7d20_4753,11736.59078931694
000d7d20_4754,11736.5723934662
000d7d20_4755,11736.557773069366
000d7d20_4756,11736.543897253636
000d7d20_4757,11736.521485655392
000d7d20_4758,11736.50352304483
000d7d20_4759,11736.48818014078
000d7d20_4760,11736.466560495786
000d7d20_4761,11736.448959701542
000d7d20_4762,11736.43381338312
000d7d20_4763,11736.417584351928
000d7d20_4764,11736.400764248623
000d7d20_4765,11736.3778189229
000d7d20_4766,11736.36329108437
000d7d20_4767,11736.34875933282
000d7d20_4768,11736.335427698734
000d7d20_4769,11736.32268432846
000d7d20_4770,11736.30847405877
000d7d20_4771,11736.295088930468
000d7d20_4772,11736.282962479929
000d7d20_4773,11736.27119694045
000d7d20_4774,11736.260744203058
000d7d20_4775,11736.252022871826
000d7d20_4776,11736.245319141484
000d7d20_4777,11736.2360711098
000d7d20_4778,11736.227902747754
000d7d20_4779,11736.22043504596
000d7d20_4780,11736.212535850118
000d7d20_4781,11736.211616640205
000d7d20_4782,11736.206767253378
000d7d20_4783,11736.201866176278
000d7d20_4784,11736.196572960684
000d7d20_4785,11736.1911206489
000d7d20_4786,11736.187120313258
000d7d20_4787,11736.188705987364
000d7d20_4788,11736.186250776464
000d7d20_4789,11736.185980154858
000d7d20_4790,11736.191151200026
000d7d20_4791,11736.18914679964
000d7d20_4792,11736.186494526832
000d7d20_4793,11736.19046364826
000d7d20_4794,11736.188979057571
000d7d20_4795,11736.187772430858
000d7d20_4796,11736.192997187014
000d7d20_4797,11736.19295257576
000d7d20_4798,11736.199749792846
000d7d20_4799,11736.202049786069
000d7d20_4800,11736.21048248816
000d7d20_4801,11736.21415396293
000d7d20_4802,11736.218588614276
000d7d20_4803,11736.230416023554
000d7d20_4804,11736.235914260791
000d7d20_4805,11736.241060107131
000d7d20_4806,11736.252149977869
000d7d20_4807,11736.25468702564
000d7d20_4808,11736.258034538878
000d7d20_4809,11736.267350614962
000d7d20_4810,11736.269715361985
000d7d20_4811,11736.27231143861
000d7d20_4812,11736.280645458824
000d7d20_4813,11736.285221175458
000d7d20_4814,11736.288999553046
000d7d20_4815,11736.29840642336
000d7d20_4816,11736.303622839469
000d7d20_4817,11736.307389884612
000d7d20_4818,11736.316944375883
000d7d20_4819,11736.321828382885
000d7d20_4820,11736.325770874044
000d7d20_4821,11736.329495638607
000d7d20_4822,11736.33912314112
000d7d20_4823,11736.342628909202
000d7d20_4824,11736.34656566648
000d7d20_4825,11736.350084832133
000d7d20_4826,11736.354503115655
000d7d20_4827,11736.362752550123
000d7d20_4828,11736.365844305226
000d7d20_4829,11736.369027018292
000d7d20_4830,11736.3720267454
000d7d20_4831,11736.37473419666
000d7d20_4832,11736.382457837422
000d7d20_4833,11736.385932020858
000d7d20_4834,11736.387574470034
000d7d20_4835,11736.38914574539
000d7d20_4836,11736.390581295733
000d7d20_4837,11736.390969067135
000d7d20_4838,11736.391566743112
000d7d20_4839,11736.396171049357
000d7d20_4840,11736.392948605338
000d7d20_4841,11736.390544962462
000d7d20_4842,11736.386807372524
000d7d20_4843,11736.38339679764
000d7d20_4844,11736.380451692165
000d7d20_4845,11736.375645338783
000d7d20_4846,11736.372271046286
000d7d20_4847,11736.36682340906
000d7d20_4848,11736.361059903462
000d7d20_4849,11736.355973640992
000d7d20_4850,11736.349748202918
000d7d20_4851,11736.344061004806
000d7d20_4852,11736.338504814652
000d7d20_4853,11736.330447534678
000d7d20_4854,11736.322822383798
000d7d20_4855,11736.312646528258
000d7d20_4856,11736.302878384256
000d7d20_4857,11736.292312924035
000d7d20_4858,11736.282913265568
000d7d20_4859,11736.27452415832
000d7d20_4860,11736.26482047938
000d7d20_4861,11736.255104593434
000d7d20_4862,11736.24529721569
000d7d20_4863,11736.233444681187
000d7d20_4864,11736.22312144212
000d7d20_4865,11736.21251997313
000d7d20_4866,11736.200366876516
000d7d20_4867,11736.1899695406
000d7d20_4868,11736.17890445757
000d7d20_4869,11736.16798081056
000d7d20_4870,11736.151960947993
000d7d20_4871,11736.141519817396
000d7d20_4872,11736.131838647188
000d7d20_4873,11736.12176163347
000d7d20_4874,11736.11288905047
000d7d20_4875,11736.103584652785
000d7d20_4876,11736.092696608808
000d7d20_4877,11736.080988803087
000d7d20_4878,11736.063766116084
000d7d20_4879,11736.052307255572
000d7d20_4880,11736.042811540628
000d7d20_4881,11736.032230804729
000d7d20_4882,11736.022611946555
000d7d20_4883,11736.007547973752
000d7d20_4884,11735.996863982324
000d7d20_4885,11735.987459843993
000d7d20_4886,11735.9773454103
000d7d20_4887,11735.963246072566
000d7d20_4888,11735.95580297604
000d7d20_4889,11735.947151145872
000d7d20_4890,11735.94015362436
000d7d20_4891,11735.928335442828
000d7d20_4892,11735.922381305692
000d7d20_4893,11735.9163294739
000d7d20_4894,11735.909473058253
000d7d20_4895,11735.904674083597
000d7d20_4896,11735.8949050354
000d7d20_4897,11735.889005362524
000d7d20_4898,11735.883918583831
000d7d20_4899,11735.878336196523
000d7d20_4900,11735.872100131835
000d7d20_4901,11735.86734527428
000d7d20_4902,11735.861300964374
000d7d20_4903,11735.856446973892
000d7d20_4904,11735.851932930702
000d7d20_4905,11735.84594786364
000d7d20_4906,11735.841703069958
000d7d20_4907,11735.836477604964
000d7d20_4908,11735.832706816696
000d7d20_4909,11735.830343635302
000d7d20_4910,11735.827473372912
000d7d20_4911,11735.825867889474
000d7d20_4912,11735.824846621765
000d7d20_4913,11735.828876623613
000d7d20_4914,11735.829158837423
000d7d20_4915,11735.826853945382
000d7d20_4916,11735.825583532303
000d7d20_4917,11735.823652833717
000d7d20_4918,11735.82692316271
000d7d20_4919,11735.823380977788
000d7d20_4920,11735.818111664195
000d7d20_4921,11735.818092741554
000d7d20_4922,11735.812479450336
000d7d20_4923,11735.805046401769
000d7d20_4924,11735.804450566951
000d7d20_4925,11735.797430741211
000d7d20_4926,11735.795912712174
000d7d20_4927,11735.79092806738
000d7d20_4928,11735.790837881512
000d7d20_4929,11735.78635401778
000d7d20_4930,11735.7875647124
000d7d20_4931,11735.782090880431
000d7d20_4932,11735.783514339875
000d7d20_4933,11735.778135968983
000d7d20_4934,11735.779110830428
000d7d20_4935,11735.77477160584
000d7d20_4936,11735.7750444812
000d7d20_4937,11735.776009014382
000d7d20_4938,11735.771745992748
000d7d20_4939,11735.771873446223
000d7d20_4940,11735.77265873644
000d7d20_4941,11735.77216270448
000d7d20_4942,11735.766787679466
000d7d20_4943,11735.766523328137
000d7d20_4944,11735.766282767469
000d7d20_4945,11735.767692188096
000d7d20_4946,11735.768110964616
000d7d20_4947,11735.765222602826
000d7d20_4948,11735.768042031716
000d7d20_4949,11735.770913780249
000d7d20_4950,11735.773457456356
000d7d20_4951,11735.776061514249
000d7d20_4952,11735.77832654474
000d7d20_4953,11735.781149190818
000d7d20_4954,11735.783454664575
000d7d20_4955,11735.78656541289
000d7d20_4956,11735.790408937672
000d7d20_4957,11735.793369386687
000d7d20_4958,11735.797676516186
000d7d20_4959,11735.801856948528
000d7d20_4960,11735.813063328304
000d7d20_4961,11735.818664633523
000d7d20_4962,11735.823999520348
000d7d20_4963,11735.829858827452
000d7d20_4964,11735.836427515163
000d7d20_4965,11735.841072866977
000d7d20_4966,11735.85131077952
000d7d20_4967,11735.855971338064
000d7d20_4968,11735.86259035395
000d7d20_4969,11735.874154299603
000d7d20_4970,11735.878133777958
000d7d20_4971,11735.88393261906
000d7d20_4972,11735.8951525919
000d7d20_4973,11735.899508587285
000d7d20_4974,11735.91211717848
000d7d20_4975,11735.918274674494
000d7d20_4976,11735.924004321922
000d7d20_4977,11735.935361102778
000d7d20_4978,11735.940892188511
000d7d20_4979,11735.954005044618
000d7d20_4980,11735.961777084054
000d7d20_4981,11735.976732415324
000d7d20_4982,11735.993132075051
000d7d20_4983,11736.00362229917
000d7d20_4984,11736.020701763866
000d7d20_4985,11736.03247150472
000d7d20_4986,11736.049036158583
000d7d20_4987,11736.067695628752
000d7d20_4988,11736.080027688266
000d7d20_4989,11736.10006567039
000d7d20_4990,11736.114779661111
000d7d20_4991,11736.13539100987
000d7d20_4992,11736.155898903158
000d7d20_4993,11736.169260236537
000d7d20_4994,11736.18916362282
000d7d20_4995,11736.203389516468
000d7d20_4996,11736.222170810055
000d7d20_4997,11736.2350926725
000d7d20_4998,11736.247094243894
000d7d20_4999,11736.263389865127
000d7d20_5000,11736.274527907097
000d7d20_5001,11736.290829587251
000d7d20_5002,11736.302870709012
000d7d20_5003,11736.315477119617
000d7d20_5004,11736.332442578978
000d7d20_5005,11736.34360415792
000d7d20_5006,11736.352471339991
000d7d20_5007,11736.36804668565
000d7d20_5008,11736.376427851006
000d7d20_5009,11736.383359219531
000d7d20_5010,11736.390397180545
000d7d20_5011,11736.403486253246
000d7d20_5012,11736.40891352664
000d7d20_5013,11736.413844542352
000d7d20_5014,11736.418069181382
000d7d20_5015,11736.42202721705
000d7d20_5016,11736.43091533767
000d7d20_5017,11736.43404649866
000d7d20_5018,11736.437129606751
000d7d20_5019,11736.439020375445
000d7d20_5020,11736.440497642445
000d7d20_5021,11736.4425981296
000d7d20_5022,11736.446131616884
000d7d20_5023,11736.44833208472
000d7d20_5024,11736.450695256988
000d7d20_5025,11736.452990123616
000d7d20_5026,11736.45582084822
000d7d20_5027,11736.458915435494
000d7d20_5028,11736.460372420486
000d7d20_5029,11736.461842755882
000d7d20_5030,11736.464564665912
000d7d20_5031,11736.46945173714
000d7d20_5032,11736.474231116868
000d7d20_5033,11736.475053290673
000d7d20_5034,11736.481588054708
000d7d20_5035,11736.487630142268
000d7d20_5036,11736.493955711474
000d7d20_5037,11736.501869796535
000d7d20_5038,11736.505327313374
000d7d20_5039,11736.51603038876
000d7d20_5040,11736.528216451576
000d7d20_5041,11736.53974974087
000d7d20_5042,11736.546136053956
000d7d20_5043,11736.558505975883
000d7d20_5044,11736.57140537432
000d7d20_5045,11736.579121590548
000d7d20_5046,11736.593894030471
000d7d20_5047,11736.608673949766
000d7d20_5048,11736.618200981187
000d7d20_5049,11736.632965590576
000d7d20_5050,11736.641697904352
000d7d20_5051,11736.65623688134
000d7d20_5052,11736.66938513131
000d7d20_5053,11736.678368994224
000d7d20_5054,11736.69164044519
000d7d20_5055,11736.698989054756
000d7d20_5056,11736.711309196222
000d7d20_5057,11736.717896257203
000d7d20_5058,11736.724472163452
000d7d20_5059,11736.736569259345
000d7d20_5060,11736.741307584996
000d7d20_5061,11736.751311918311
000d7d20_5062,11736.75530935601
000d7d20_5063,11736.758994796084
000d7d20_5064,11736.767036995843
000d7d20_5065,11736.77057243211
000d7d20_5066,11736.77483751972
000d7d20_5067,11736.78227897779
000d7d20_5068,11736.78373796786
000d7d20_5069,11736.78552834808
000d7d20_5070,11736.78607027837
000d7d20_5071,11736.791036015948
000d7d20_5072,11736.792157904583
000d7d20_5073,11736.791397708928
000d7d20_5074,11736.791290502097
000d7d20_5075,11736.79061468938
000d7d20_5076,11736.788842286
000d7d20_5077,11736.790974763706
000d7d20_5078,11736.787389863985
000d7d20_5079,11736.7834072562
000d7d20_5080,11736.778659844553
000d7d20_5081,11736.773063464754
000d7d20_5082,11736.765506719585
000d7d20_5083,11736.756706381417
000d7d20_5084,11736.747834923772
000d7d20_5085,11736.739420961543
000d7d20_5086,11736.729065296382
000d7d20_5087,11736.719080905965
000d7d20_5088,11736.715131951772
000d7d20_5089,11736.70471308652
000d7d20_5090,11736.693593651544
000d7d20_5091,11736.68134108809
000d7d20_5092,11736.669436610528
000d7d20_5093,11736.655902116892
000d7d20_5094,11736.641660159
000d7d20_5095,11736.62690446776
000d7d20_5096,11736.612220390814
000d7d20_5097,11736.602233689957
000d7d20_5098,11736.587506830509
000d7d20_5099,11736.571232383048
000d7d20_5100,11736.554336076586
000d7d20_5101,11736.537206146768
000d7d20_5102,11736.519391911308
000d7d20_5103,11736.501240707246
000d7d20_5104,11736.48288592519
000d7d20_5105,11736.463718525198
000d7d20_5106,11736.45017989546
000d7d20_5107,11736.431735634374
000d7d20_5108,11736.413415136194
000d7d20_5109,11736.395906135062
000d7d20_5110,11736.3786024218
000d7d20_5111,11736.363858696495
000d7d20_5112,11736.34911083231
000d7d20_5113,11736.340374612102
000d7d20_5114,11736.325879169586
000d7d20_5115,11736.310711490843
000d7d20_5116,11736.297260338955
000d7d20_5117,11736.285947464316
000d7d20_5118,11736.274347983865
000d7d20_5119,11736.26301225516
000d7d20_5120,11736.260032725888
000d7d20_5121,11736.251201638568
000d7d20_5122,11736.243505634206
000d7d20_5123,11736.237231316194
000d7d20_5124,11736.231336591243
000d7d20_5125,11736.226253062849
000d7d20_5126,11736.225829364084
000d7d20_5127,11736.22140218004
000d7d20_5128,11736.218937286136
000d7d20_5129,11736.218824626554
000d7d20_5130,11736.22107893839
000d7d20_5131,11736.223001999851
000d7d20_5132,11736.232200280829
000d7d20_5133,11736.23638085611
000d7d20_5134,11736.242371867414
000d7d20_5135,11736.24836821347
000d7d20_5136,11736.256452625476
000d7d20_5137,11736.269393872111
000d7d20_5138,11736.2773047941
000d7d20_5139,11736.285919357257
000d7d20_5140,11736.292166204576
000d7d20_5141,11736.29827759216
000d7d20_5142,11736.311223015462
000d7d20_5143,11736.321464103552
000d7d20_5144,11736.331159006197
000d7d20_5145,11736.34145010772
000d7d20_5146,11736.351705124907
000d7d20_5147,11736.368708530168
000d7d20_5148,11736.379081489971
000d7d20_5149,11736.391669530887
000d7d20_5150,11736.403747161468
000d7d20_5151,11736.414626486076
000d7d20_5152,11736.43187000252
000d7d20_5153,11736.444201647384
000d7d20_5154,11736.45764912881
000d7d20_5155,11736.4731069947
000d7d20_5156,11736.487406844508
000d7d20_5157,11736.506316775138
000d7d20_5158,11736.51976521725
000d7d20_5159,11736.534820861172
000d7d20_5160,11736.54928725565
000d7d20_5161,11736.567840364363
000d7d20_5162,11736.582654902008
000d7d20_5163,11736.597279040128
000d7d20_5164,11736.610824794889
000d7d20_5165,11736.630458542568
000d7d20_5166,11736.644192853017
000d7d20_5167,11736.65840334805
000d7d20_5168,11736.673485255187
000d7d20_5169,11736.686813340291
000d7d20_5170,11736.70498147974
000d7d20_5171,11736.717648267777
000d7d20_5172,11736.728094358194
000d7d20_5173,11736.743019422283
000d7d20_5174,11736.752524687548
000d7d20_5175,11736.760889120353
000d7d20_5176,11736.770080053671
000d7d20_5177,11736.783880438046
000d7d20_5178,11736.790713243712
000d7d20_5179,11736.796796747038
000d7d20_5180,11736.802616252731
000d7d20_5181,11736.80843568041
000d7d20_5182,11736.819533963182
000d7d20_5183,11736.826294864466
000d7d20_5184,11736.832818308008
000d7d20_5185,11736.839003552732
000d7d20_5186,11736.850602320272
000d7d20_5187,11736.857193631044
000d7d20_5188,11736.861961136745
000d7d20_5189,11736.866540696146
000d7d20_5190,11736.875754906552
000d7d20_5191,11736.87785306816
000d7d20_5192,11736.88014648258
000d7d20_5193,11736.882054959762
000d7d20_5194,11736.885209562955
000d7d20_5195,11736.891450534871
000d7d20_5196,11736.891167410686
000d7d20_5197,11736.889567515596
000d7d20_5198,11736.886360141576
000d7d20_5199,11736.882604150554
000d7d20_5200,11736.88442928241
000d7d20_5201,11736.882303622368
000d7d20_5202,11736.88079446548
000d7d20_5203,11736.87870818999
000d7d20_5204,11736.87731886034
000d7d20_5205,11736.881245051967
000d7d20_5206,11736.880174588088
000d7d20_5207,11736.879190888194
000d7d20_5208,11736.878344350964
000d7d20_5209,11736.877384923038
000d7d20_5210,11736.88210539028
000d7d20_5211,11736.880790388805
000d7d20_5212,11736.880882247297
000d7d20_5213,11736.883085937454
000d7d20_5214,11736.88443003609
000d7d20_5215,11736.884833494492
000d7d20_5216,11736.89059531736
000d7d20_5217,11736.89145525082
000d7d20_5218,11736.893122821366
000d7d20_5219,11736.895967725755
000d7d20_5220,11736.896697468925
000d7d20_5221,11736.897969072495
000d7d20_5222,11736.906169831112
000d7d20_5223,11736.9079896313
000d7d20_5224,11736.908197392384
000d7d20_5225,11736.91070274383
000d7d20_5226,11736.913290577828
000d7d20_5227,11736.914650592378
000d7d20_5228,11736.915352109509
000d7d20_5229,11736.921068150115
000d7d20_5230,11736.920971452812
000d7d20_5231,11736.920301593856
000d7d20_5232,11736.920154346422
000d7d20_5233,11736.919236714855
000d7d20_5234,11736.917838397094
000d7d20_5235,11736.916363577591
000d7d20_5236,11736.919816092948
000d7d20_5237,11736.917176382727
000d7d20_5238,11736.914913994524
000d7d20_5239,11736.912100898357
000d7d20_5240,11736.908788534827
000d7d20_5241,11736.904907577711
000d7d20_5242,11736.902176308453
000d7d20_5243,11736.89913266595
000d7d20_5244,11736.899253181564
000d7d20_5245,11736.896601496484
000d7d20_5246,11736.892213986956
000d7d20_5247,11736.88718378226
000d7d20_5248,11736.881782746848
000d7d20_5249,11736.875753831608
000d7d20_5250,11736.869444858125
000d7d20_5251,11736.864079210924
000d7d20_5252,11736.857595333888
000d7d20_5253,11736.85112866536
000d7d20_5254,11736.850400132676
000d7d20_5255,11736.843940081171
000d7d20_5256,11736.837658625444
000d7d20_5257,11736.831572427627
000d7d20_5258,11736.826460756783
000d7d20_5259,11736.820363558538
000d7d20_5260,11736.814298253154
000d7d20_5261,11736.808851417927
000d7d20_5262,11736.803789776077
000d7d20_5263,11736.798994230618
000d7d20_5264,11736.795430257076
000d7d20_5265,11736.790793116204
000d7d20_5266,11736.79182951902
000d7d20_5267,11736.78762977034
000d7d20_5268,11736.783736244128
000d7d20_5269,11736.780382895991
000d7d20_5270,11736.778446656035
000d7d20_5271,11736.775954929006
000d7d20_5272,11736.774010416822
000d7d20_5273,11736.772665821409
000d7d20_5274,11736.771973844685
000d7d20_5275,11736.771987188564
000d7d20_5276,11736.772758554976
000d7d20_5277,11736.775390645838
00bbac68_1545,12219.45900919232
00bbac68_1546,12219.48934590503
00bbac68_1547,12219.513629014376
00bbac68_1548,12219.542975891549
00bbac68_1549,12219.571853907735
00bbac68_1550,12219.600280434144
00bbac68_1551,12219.628272841965
00bbac68_1552,12219.655848502392
00bbac68_1553,12219.683024786616
00bbac68_1554,12219.709798152811
00bbac68_1555,12219.736223157905
00bbac68_1556,12219.762317404904
00bbac68_1557,12219.788039746903
00bbac68_1558,12219.81344458805
00bbac68_1559,12219.83860905344
00bbac68_1560,12219.869106007314
00bbac68_1561,12219.893819133673
00bbac68_1562,12219.918282922135
00bbac68_1563,12219.942519521976
00bbac68_1564,12219.966590575204
00bbac68_1565,12219.996069519431
00bbac68_1566,12220.019914160926
00bbac68_1567,12220.043670600737
00bbac68_1568,12220.072959142775
00bbac68_1569,12220.09661409502
00bbac68_1570,12220.120152735806
00bbac68_1571,12220.149251118362
00bbac68_1572,12220.17275033324
00bbac68_1573,12220.20174365693
00bbac68_1574,12220.225258359038
00bbac68_1575,12220.248851598495
00bbac68_1576,12220.278211334597
00bbac68_1577,12220.30806069568
00bbac68_1578,12220.332218778836
00bbac68_1579,12220.362559129291
00bbac68_1580,12220.387829632264
00bbac68_1581,12220.418735165757
00bbac68_1582,12220.444079001309
00bbac68_1583,12220.474720526528
00bbac68_1584,12220.506296106929
00bbac68_1585,12220.53255994328
00bbac68_1586,12220.564943120293
00bbac68_1587,12220.597809443134
00bbac68_1588,12220.630662993302
00bbac68_1589,12220.659404126696
00bbac68_1590,12220.693354551033
00bbac68_1591,12220.727359800268
00bbac68_1592,12220.761573810272
00bbac68_1593,12220.796171652955
00bbac68_1594,12220.830793764835
00bbac68_1595,12220.865391143052
00bbac68_1596,12220.894503514177
00bbac68_1597,12220.929524656138
00bbac68_1598,12220.964277941968
00bbac68_1599,12220.999192982685
00bbac68_1600,12221.034522286276
00bbac68_1601,12221.070621288274
00bbac68_1602,12221.10627188432
00bbac68_1603,12221.14764213628
00bbac68_1604,12221.184069291168
00bbac68_1605,12221.22125880945
00bbac68_1606,12221.258711223843
00bbac68_1607,12221.295396416992
00bbac68_1608,12221.331851811505
00bbac68_1609,12221.368562236035
00bbac68_1610,12221.405055711628
00bbac68_1611,12221.441705495145
00bbac68_1612,12221.478330142356
00bbac68_1613,12221.515612998624
00bbac68_1614,12221.553254226696
00bbac68_1615,12221.590769545788
00bbac68_1616,12221.62693373907
00bbac68_1617,12221.662870074644
00bbac68_1618,12221.69906977893
00bbac68_1619,12221.735075067263
00bbac68_1620,12221.771264946785
00bbac68_1621,12221.806876918245
00bbac68_1622,12221.841452950255
00bbac68_1623,12221.876227513214
00bbac68_1624,12221.91126599126
00bbac68_1625,12221.94672862656
00bbac68_1626,12221.982867071732
00bbac68_1627,12222.019619712231
00bbac68_1628,12222.055443572952
00bbac68_1629,12222.090307114251
00bbac68_1630,12222.124766637511
00bbac68_1631,12222.1532578266
00bbac68_1632,12222.186315568251
00bbac68_1633,12222.21854647662
00bbac68_1634,12222.250543353231
00bbac68_1635,12222.282192473926
00bbac68_1636,12222.313803632544
00bbac68_1637,12222.3457176855
00bbac68_1638,12222.376688500104
00bbac68_1639,12222.40753724875
00bbac68_1640,12222.43839003041
00bbac68_1641,12222.468959635473
00bbac68_1642,12222.494234756456
00bbac68_1643,12222.525508193025
00bbac68_1644,12222.55747904464
00bbac68_1645,12222.58759527551
00bbac68_1646,12222.617242196353
00bbac68_1647,12222.64707257142
00bbac68_1648,12222.67635590356
00bbac68_1649,12222.699606509916
00bbac68_1650,12222.728185772554
00bbac68_1651,12222.756533296788
00bbac68_1652,12222.784091574376
00bbac68_1653,12222.81161138518
00bbac68_1654,12222.837879724422
00bbac68_1655,12222.858107344447
00bbac68_1656,12222.884035055544
00bbac68_1657,12222.910462032183
00bbac68_1658,12222.937206223654
00bbac68_1659,12222.964293052932
00bbac68_1660,12222.9860003611
00bbac68_1661,12223.011993224069
00bbac68_1662,12223.038221357325
00bbac68_1663,12223.065297808073
00bbac68_1664,12223.09295965159
00bbac68_1665,12223.113147660311
00bbac68_1666,12223.139030869675
00bbac68_1667,12223.165573283315
00bbac68_1668,12223.19203457277
00bbac68_1669,12223.21289974331
00bbac68_1670,12223.23810412004
00bbac68_1671,12223.264554453588
00bbac68_1672,12223.292331540846
00bbac68_1673,12223.315632057038
00bbac68_1674,12223.343837949817
00bbac68_1675,12223.37076641296
00bbac68_1676,12223.391441749049
00bbac68_1677,12223.41844313375
00bbac68_1678,12223.445560733166
00bbac68_1679,12223.472843601994
00bbac68_1680,12223.495012522611
00bbac68_1681,12223.523196630378
00bbac68_1682,12223.552622592471
00bbac68_1683,12223.577748926677
00bbac68_1684,12223.60807429882
00bbac68_1685,12223.639316058336
00bbac68_1686,12223.665720656469
00bbac68_1687,12223.698032915328
00bbac68_1688,12223.730206738508
00bbac68_1689,12223.758781513916
00bbac68_1690,12223.791786810616
00bbac68_1691,12223.82576823886
00bbac68_1692,12223.854471247723
00bbac68_1693,12223.889418642477
00bbac68_1694,12223.92051007096
00bbac68_1695,12223.957662142397
00bbac68_1696,12223.99530502084
00bbac68_1697,12224.027134573453
00bbac68_1698,12224.065103085726
00bbac68_1699,12224.09784045948
00bbac68_1700,12224.137105377997
00bbac68_1701,12224.171550352376
00bbac68_1702,12224.213142764202
00bbac68_1703,12224.249859604986
00bbac68_1704,12224.292958395215
00bbac68_1705,12224.330063064694
00bbac68_1706,12224.367352532034
00bbac68_1707,12224.41078517406
00bbac68_1708,12224.448714062524
00bbac68_1709,12224.4870405894
00bbac68_1710,12224.523396547422
00bbac68_1711,12224.56521346158
00bbac68_1712,12224.601958060048
00bbac68_1713,12224.638139307495
00bbac68_1714,12224.673332512357
00bbac68_1715,12224.706378410066
00bbac68_1716,12224.73894847602
00bbac68_1717,12224.771104627487
00bbac68_1718,12224.802027970498
00bbac68_1719,12224.831467456144
00bbac68_1720,12224.860347332313
00bbac68_1721,12224.886920992603
00bbac68_1722,12224.912329169603
00bbac68_1723,12224.936096048184
00bbac68_1724,12224.957771737154
00bbac68_1725,12224.973335572831
00bbac68_1726,12224.994437370951
00bbac68_1727,12225.015219080298
00bbac68_1728,12225.03528557784
00bbac68_1729,12225.050943258491
00bbac68_1730,12225.073316118578
00bbac68_1731,12225.090014912834
00bbac68_1732,12225.111582229509
00bbac68_1733,12225.133923110525
00bbac68_1734,12225.149801406213
00bbac68_1735,12225.169402505331
00bbac68_1736,12225.181754612116
00bbac68_1737,12225.19875773265
00bbac68_1738,12225.208755451264
00bbac68_1739,12225.2192776514
00bbac68_1740,12225.23432679797
00bbac68_1741,12225.243270461782
00bbac68_1742,12225.251329461344
00bbac68_1743,12225.265954326736
00bbac68_1744,12225.276453425722
00bbac68_1745,12225.289608731986
00bbac68_1746,12225.303300063548
00bbac68_1747,12225.317438039132
00bbac68_1748,12225.335194152034
00bbac68_1749,12225.362505889729
00bbac68_1750,12225.382354565336
00bbac68_1751,12225.40328509246
00bbac68_1752,12225.425426497455
00bbac68_1753,12225.448247387818
00bbac68_1754,12225.471817406264
00bbac68_1755,12225.494618330318
00bbac68_1756,12225.51112265062
00bbac68_1757,12225.531869483371
00bbac68_1758,12225.553108017322
00bbac68_1759,12225.573812322926
00bbac68_1760,12225.592763068717
00bbac68_1761,12225.604322473708
00bbac68_1762,12225.620174658245
00bbac68_1763,12225.636066484336
00bbac68_1764,12225.648648421153
00bbac68_1765,12225.666267849432
00bbac68_1766,12225.6854581127
00bbac68_1767,12225.700151708565
00bbac68_1768,12225.721896434869
00bbac68_1769,12225.738067207583
00bbac68_1770,12225.75960986436
00bbac68_1771,12225.777373260677
00bbac68_1772,12225.79910870099
00bbac68_1773,12225.813291303391
00bbac68_1774,12225.826657463856
00bbac68_1775,12225.844637162012
00bbac68_1776,12225.854839627642
00bbac68_1777,12225.866201363824
00bbac68_1778,12225.882864533976
00bbac68_1779,12225.892763180009
00bbac68_1780,12225.902324211029
00bbac68_1781,12225.911635787545
00bbac68_1782,12225.92082118893
00bbac68_1783,12225.92967686845
00bbac68_1784,12225.94287134876
00bbac68_1785,12225.951987728087
00bbac68_1786,12225.960707211869
00bbac68_1787,12225.968695652824
00bbac68_1788,12225.97644523487
00bbac68_1789,12225.972992607538
00bbac68_1790,12225.975663156463
00bbac68_1791,12225.979037872328
00bbac68_1792,12225.982591480126
00bbac68_1793,12225.989579602065
00bbac68_1794,12225.997937585684
00bbac68_1795,12226.006751475958
00bbac68_1796,12226.015509921635
00bbac68_1797,12226.019125959048
00bbac68_1798,12226.027897994025
00bbac68_1799,12226.036743543753
00bbac68_1800,12226.044599891142
00bbac68_1801,12226.051340955702
00bbac68_1802,12226.057431545769
00bbac68_1803,12226.066277835682
00bbac68_1804,12226.073995628758
00bbac68_1805,12226.076739558805
00bbac68_1806,12226.085209277284
00bbac68_1807,12226.093523148742
00bbac68_1808,12226.10191405773
00bbac68_1809,12226.109511402829
00bbac68_1810,12226.118902019309
00bbac68_1811,12226.128570254812
00bbac68_1812,12226.140214973686
00bbac68_1813,12226.15303025692
00bbac68_1814,12226.161452774712
00bbac68_1815,12226.175844241454
00bbac68_1816,12226.19132832087
00bbac68_1817,12226.20614799322
00bbac68_1818,12226.223318463011
00bbac68_1819,12226.24025096016
00bbac68_1820,12226.255800260871
00bbac68_1821,12226.272061129304
00bbac68_1822,12226.288252406284
00bbac68_1823,12226.303106853897
00bbac68_1824,12226.310342158926
00bbac68_1825,12226.322171043486
00bbac68_1826,12226.33528158996
00bbac68_1827,12226.349510819797
00bbac68_1828,12226.36509531537
00bbac68_1829,12226.379925151035
00bbac68_1830,12226.393468804275
00bbac68_1831,12226.408010378498
00bbac68_1832,12226.422364090831
00bbac68_1833,12226.436031010237
00bbac68_1834,12226.44883976248
00bbac68_1835,12226.461607027875
00bbac68_1836,12226.471795322825
00bbac68_1837,12226.476048199947
00bbac68_1838,12226.486273774342
00bbac68_1839,12226.496341881168
00bbac68_1840,12226.506086991909
00bbac68_1841,12226.51460317273
00bbac68_1842,12226.52047100602
00bbac68_1843,12226.526570829928
00bbac68_1844,12226.53222476766
00bbac68_1845,12226.538296752766
00bbac68_1846,12226.544637097302
00bbac68_1847,12226.549575168958
00bbac68_1848,12226.553991546
00bbac68_1849,12226.55695561296
00bbac68_1850,12226.564895069469
00bbac68_1851,12226.57360668242
00bbac68_1852,12226.582661317509
00bbac68_1853,12226.592127465883
00bbac68_1854,12226.599662328372
00bbac68_1855,12226.607152889535
00bbac68_1856,12226.61561344418
00bbac68_1857,12226.61861316108
00bbac68_1858,12226.626323513496
00bbac68_1859,12226.635199598812
00bbac68_1860,12226.644322908662
00bbac68_1861,12226.654612251676
00bbac68_1862,12226.664890172857
00bbac68_1863,12226.676723304656
00bbac68_1864,12226.686621956393
00bbac68_1865,12226.6971543107
00bbac68_1866,12226.708638015802
00bbac68_1867,12226.719192453253
00bbac68_1868,12226.731749195438
00bbac68_1869,12226.744639979694
00bbac68_1870,12226.757170668096
00bbac68_1871,12226.769893828334
00bbac68_1872,12226.782424672085
00bbac68_1873,12226.79404494178
00bbac68_1874,12226.805158072411
00bbac68_1875,12226.814342553913
00bbac68_1876,12226.823471370084
00bbac68_1877,12226.832622280484
00bbac68_1878,12226.84199113468
00bbac68_1879,12226.851471310736
00bbac68_1880,12226.861445709785
00bbac68_1881,12226.873992448316
00bbac68_1882,12226.885756101654
00bbac68_1883,12226.896581897276
00bbac68_1884,12226.90988979518
00bbac68_1885,12226.923271320533
00bbac68_1886,12226.93618647474
00bbac68_1887,12226.947376016476
00bbac68_1888,12226.956467618937
00bbac68_1889,12226.964885500547
00bbac68_1890,12226.971916229342
00bbac68_1891,12226.978864516808
00bbac68_1892,12226.98331128088
00bbac68_1893,12226.988063029414
00bbac68_1894,12226.99731534162
00bbac68_1895,12226.999313146747
00bbac68_1896,12227.0017433459
00bbac68_1897,12227.004537063936
00bbac68_1898,12227.007975847928
00bbac68_1899,12227.010226104125
00bbac68_1900,12227.010643684309
00bbac68_1901,12227.01086140073
00bbac68_1902,12227.015136769682
00bbac68_1903,12227.01666702531
00bbac68_1904,12227.018346630784
00bbac68_1905,12227.01773387134
00bbac68_1906,12227.014959852217
00bbac68_1907,12227.011739266414
00bbac68_1908,12227.01329881233
00bbac68_1909,12227.010347577554
00bbac68_1910,12227.007612824196
00bbac68_1911,12227.00523124879
00bbac68_1912,12227.007697895262
00bbac68_1913,12227.004786411622
00bbac68_1914,12227.001862968378
00bbac68_1915,12227.00078563318
00bbac68_1916,12227.0055626578
00bbac68_1917,12227.006312557978
00bbac68_1918,12227.008426738328
00bbac68_1919,12227.017773106494
00bbac68_1920,12227.02075953928
00bbac68_1921,12227.023798801532
00bbac68_1922,12227.032500305266
00bbac68_1923,12227.036630354249
00bbac68_1924,12227.040739227612
00bbac68_1925,12227.049747198187
00bbac68_1926,12227.0549561127
00bbac68_1927,12227.06488467892
00bbac68_1928,12227.070660480666
00bbac68_1929,12227.07686027647
00bbac68_1930,12227.088557757552
00bbac68_1931,12227.09558024847
00bbac68_1932,12227.10883677573
00bbac68_1933,12227.11639489666
00bbac68_1934,12227.130614693231
00bbac68_1935,12227.139796931911
00bbac68_1936,12227.155638967555
00bbac68_1937,12227.166628302157
00bbac68_1938,12227.184793944369
00bbac68_1939,12227.19814588454
00bbac68_1940,12227.216758467728
00bbac68_1941,12227.229579202403
00bbac68_1942,12227.248119823042
00bbac68_1943,12227.260596590058
00bbac68_1944,12227.27905362791
00bbac68_1945,12227.29069716884
00bbac68_1946,12227.3080550827
00bbac68_1947,12227.322983041424
00bbac68_1948,12227.33293917231
00bbac68_1949,12227.349575920633
00bbac68_1950,12227.36003479278
00bbac68_1951,12227.37795895695
00bbac68_1952,12227.397569575534
00bbac68_1953,12227.411784318045
00bbac68_1954,12227.432133706958
00bbac68_1955,12227.452711382988
00bbac68_1956,12227.468654893835
00bbac68_1957,12227.487793348952
00bbac68_1958,12227.505879558372
00bbac68_1959,12227.518480576944
00bbac68_1960,12227.536900583937
00bbac68_1961,12227.554473362205
00bbac68_1962,12227.56964352221
00bbac68_1963,12227.58098649342
00bbac68_1964,12227.597164821842
00bbac68_1965,12227.61416591606
00bbac68_1966,12227.631351846558
00bbac68_1967,12227.643528972443
00bbac68_1968,12227.659848232504
00bbac68_1969,12227.67637951466
00bbac68_1970,12227.692494439256
00bbac68_1971,12227.71002864606
00bbac68_1972,12227.720916747508
00bbac68_1973,12227.73773915092
00bbac68_1974,12227.755281178375
00bbac68_1975,12227.771777821574
00bbac68_1976,12227.789579060604
00bbac68_1977,12227.805597593982
00bbac68_1978,12227.822141474797
00bbac68_1979,12227.84007436746
00bbac68_1980,12227.850965580596
00bbac68_1981,12227.867372060608
00bbac68_1982,12227.883319659357
00bbac68_1983,12227.898209139748
00bbac68_1984,12227.913740458938
00bbac68_1985,12227.930228738604
00bbac68_1986,12227.946343752556
00bbac68_1987,12227.96224346066
00bbac68_1988,12227.97873577584
00bbac68_1989,12227.994584699883
00bbac68_1990,12228.010597138687
00bbac68_1991,12228.026909735689
00bbac68_1992,12228.044411534109
00bbac68_1993,12228.056931756542
00bbac68_1994,12228.075169300835
00bbac68_1995,12228.09123484353
00bbac68_1996,12228.10578080736
00bbac68_1997,12228.119575361854
00bbac68_1998,12228.13352806104
00bbac68_1999,12228.145933076754
00bbac68_2000,12228.157093284171
00bbac68_2001,12228.171160341097
00bbac68_2002,12228.18541797821
00bbac68_2003,12228.19834412925
00bbac68_2004,12228.210683766272
00bbac68_2005,12228.222033734752
00bbac68_2006,12228.227740394404
00bbac68_2007,12228.238937205922
00bbac68_2008,12228.24895608078
00bbac68_2009,12228.259110061545
00bbac68_2010,12228.268865671154
00bbac68_2011,12228.278610657571
00bbac68_2012,12228.2889123407
00bbac68_2013,12228.299658749944
00bbac68_2014,12228.310813836848
00bbac68_2015,12228.321145759248
00bbac68_2016,12228.329976355097
00bbac68_2017,12228.338958995835
00bbac68_2018,12228.349550270575
00bbac68_2019,12228.355360337346
00bbac68_2020,12228.3667075531
00bbac68_2021,12228.377301857592
00bbac68_2022,12228.387348487937
00bbac68_2023,12228.39792630915
00bbac68_2024,12228.406949540473
00bbac68_2025,12228.414631944786
00bbac68_2026,12228.423576185698
00bbac68_2027,12228.43314077277
00bbac68_2028,12228.443328849213
00bbac68_2029,12228.45449501874
00bbac68_2030,12228.46618288433
00bbac68_2031,12228.47738815043
00bbac68_2032,12228.48042401222
00bbac68_2033,12228.487321863824
00bbac68_2034,12228.496834909542
00bbac68_2035,12228.506900096312
00bbac68_2036,12228.51724410482
00bbac68_2037,12228.527131365518
00bbac68_2038,12228.538318036304
00bbac68_2039,12228.549954343256
00bbac68_2040,12228.56060006909
00bbac68_2041,12228.57145746631
00bbac68_2042,12228.58339443782
00bbac68_2043,12228.596722392984
00bbac68_2044,12228.60964429214
00bbac68_2045,12228.617197943306
00bbac68_2046,12228.629424189783
00bbac68_2047,12228.642945212165
00bbac68_2048,12228.65592268834
00bbac68_2049,12228.66738040979
00bbac68_2050,12228.679720512422
00bbac68_2051,12228.692182820943
00bbac68_2052,12228.70196350738
00bbac68_2053,12228.711820931572
00bbac68_2054,12228.72042064938
00bbac68_2055,12228.727195466849
00bbac68_2056,12228.735020479162
00bbac68_2057,12228.74323253985
00bbac68_2058,12228.745008811442
00bbac68_2059,12228.753507548858
00bbac68_2060,12228.762667254632
00bbac68_2061,12228.772043951434
00bbac68_2062,12228.780962245391
00bbac68_2063,12228.788244991534
00bbac68_2064,12228.79529749175
00bbac68_2065,12228.8017916587
00bbac68_2066,12228.80712902518
00bbac68_2067,12228.81452179242
00bbac68_2068,12228.821663645702
00bbac68_2069,12228.828657368304
00bbac68_2070,12228.83664735243
00bbac68_2071,12228.838534218086
00bbac68_2072,12228.846230139792
00bbac68_2073,12228.853462343222
00bbac68_2074,12228.858353223291
00bbac68_2075,12228.863867381297
00bbac68_2076,12228.869857498254
00bbac68_2077,12228.876371503173
00bbac68_2078,12228.88336559049
00bbac68_2079,12228.88984187756
00bbac68_2080,12228.896106814194
00bbac68_2081,12228.902681987718
00bbac68_2082,12228.90404174762
00bbac68_2083,12228.90999543106
00bbac68_2084,12228.917368124215
00bbac68_2085,12228.924036498473
00bbac68_2086,12228.93235802132
00bbac68_2087,12228.941853481156
00bbac68_2088,12228.951214725968
00bbac68_2089,12228.961485796275
00bbac68_2090,12228.966882534756
00bbac68_2091,12228.9763061855
00bbac68_2092,12228.987552565774
00bbac68_2093,12228.999651674292
00bbac68_2094,12229.01225022252
00bbac68_2095,12229.018894113578
00bbac68_2096,12229.030151708012
00bbac68_2097,12229.040818182337
00bbac68_2098,12229.051546003571
00bbac68_2099,12229.06014126926
00bbac68_2100,12229.063349744569
00bbac68_2101,12229.071535850668
00bbac68_2102,12229.081160709817
00bbac68_2103,12229.092412889664
00bbac68_2104,12229.09775620481
00bbac68_2105,12229.109046708943
00bbac68_2106,12229.11939570271
00bbac68_2107,12229.12992467586
00bbac68_2108,12229.133448032948
00bbac68_2109,12229.14428153053
00bbac68_2110,12229.15339760476
00bbac68_2111,12229.158345005382
00bbac68_2112,12229.16848018146
00bbac68_2113,12229.18030314224
00bbac68_2114,12229.185262497118
00bbac68_2115,12229.196011431404
00bbac68_2116,12229.20514282107
00bbac68_2117,12229.209232890233
00bbac68_2118,12229.21890308512
00bbac68_2119,12229.228739529564
00bbac68_2120,12229.233475146291
00bbac68_2121,12229.243005724333
00bbac68_2122,12229.25139914929
00bbac68_2123,12229.254434112596
00bbac68_2124,12229.262412061262
00bbac68_2125,12229.266620894015
00bbac68_2126,12229.276738658573
00bbac68_2127,12229.286948378423
00bbac68_2128,12229.29081804806
00bbac68_2129,12229.300573635495
00bbac68_2130,12229.304663702638
00bbac68_2131,12229.314219641954
00bbac68_2132,12229.319634095937
00bbac68_2133,12229.329702409996
00bbac68_2134,12229.340415142256
00bbac68_2135,12229.343904691705
00bbac68_2136,12229.353467211906
00bbac68_2137,12229.35837197187
00bbac68_2138,12229.369831813005
00bbac68_2139,12229.375923470438
00bbac68_2140,12229.38844139356
00bbac68_2141,12229.396021482382
00bbac68_2142,12229.410267229214
00bbac68_2143,12229.418074086096
00bbac68_2144,12229.432810273778
00bbac68_2145,12229.442171194194
00bbac68_2146,12229.45690259486
00bbac68_2147,12229.466984277078
00bbac68_2148,12229.48231377192
00bbac68_2149,12229.491025558724
00bbac68_2150,12229.500725778797
00bbac68_2151,12229.51577124258
00bbac68_2152,12229.52545978169
00bbac68_2153,12229.540113134646
00bbac68_2154,12229.548907279815
00bbac68_2155,12229.557324083573
00bbac68_2156,12229.572049904193
00bbac68_2157,12229.581140240702
00bbac68_2158,12229.595045277942
00bbac68_2159,12229.60412242923
00bbac68_2160,12229.613476461178
00bbac68_2161,12229.628649892602
00bbac68_2162,12229.63908858771
00bbac68_2163,12229.654869362812
00bbac68_2164,12229.664196593609
00bbac68_2165,12229.671444998336
00bbac68_2166,12229.68167835534
00bbac68_2167,12229.68543487247
00bbac68_2168,12229.688965088706
00bbac68_2169,12229.697392247592
00bbac68_2170,12229.69920778626
00bbac68_2171,12229.704779104926
00bbac68_2172,12229.709099771337
00bbac68_2173,12229.71979109236
00bbac68_2174,12229.722514133378
00bbac68_2175,12229.726820449703
00bbac68_2176,12229.735953946998
00bbac68_2177,12229.741143218474
00bbac68_2178,12229.746513749502
00bbac68_2179,12229.7514775525
00bbac68_2180,12229.761666809927
00bbac68_2181,12229.7645606982
00bbac68_2182,12229.766528928769
00bbac68_2183,12229.776989822984
00bbac68_2184,12229.78183168302
00bbac68_2185,12229.78552398609
00bbac68_2186,12229.78867699414
00bbac68_2187,12229.79774267299
00bbac68_2188,12229.801646714772
00bbac68_2189,12229.80555760362
00bbac68_2190,12229.81000076414
00bbac68_2191,12229.818918037128
00bbac68_2192,12229.82432292437
00bbac68_2193,12229.827949441116
00bbac68_2194,12229.83116524172
00bbac68_2195,12229.839921386138
00bbac68_2196,12229.845202030105
00bbac68_2197,12229.850313148943
00bbac68_2198,12229.855084689
00bbac68_2199,12229.859248922625
00bbac68_2200,12229.868171803157
00bbac68_2201,12229.86959459324
00bbac68_2202,12229.86926754318
00bbac68_2203,12229.86842401752
00bbac68_2204,12229.873086281714
00bbac68_2205,12229.872199239378
00bbac68_2206,12229.871070117924
00bbac68_2207,12229.871289027236
00bbac68_2208,12229.872485066537
00bbac68_2209,12229.878130700512
00bbac68_2210,12229.8798232443
00bbac68_2211,12229.879563738312
00bbac68_2212,12229.878662335828
00bbac68_2213,12229.876568444275
00bbac68_2214,12229.87456244051
00bbac68_2215,12229.878058619031
00bbac68_2216,12229.874360673555
00bbac68_2217,12229.871247471076
00bbac68_2218,12229.869926726184
00bbac68_2219,12229.86990542156
00bbac68_2220,12229.87079838882
00bbac68_2221,12229.87890294722
00bbac68_2222,12229.882390992274
00bbac68_2223,12229.886055016848
00bbac68_2224,12229.88859596627
00bbac68_2225,12229.893996606144
00bbac68_2226,12229.90305168146
00bbac68_2227,12229.910246660476
00bbac68_2228,12229.92397671658
00bbac68_2229,12229.931369220918
00bbac68_2230,12229.9385543778
00bbac68_2231,12229.946128227504
00bbac68_2232,12229.94969014727
00bbac68_2233,12229.955568435624
00bbac68_2234,12229.961690262578
00bbac68_2235,12229.967914339715
00bbac68_2236,12229.978979220006
00bbac68_2237,12229.986824637916
00bbac68_2238,12229.994845485526
00bbac68_2239,12230.002502462748
00bbac68_2240,12230.011357553323
00bbac68_2241,12230.020976553533
00bbac68_2242,12230.03090130066
00bbac68_2243,12230.04120412944
00bbac68_2244,12230.051807658643
00bbac68_2245,12230.065343003109
00bbac68_2246,12230.084764695684
00bbac68_2247,12230.106590907892
00bbac68_2248,12230.132066935765
00bbac68_2249,12230.150696917772
00bbac68_2250,12230.170457136195
00bbac68_2251,12230.189954716703
00bbac68_2252,12230.210404050573
00bbac68_2253,12230.231464900124
00bbac68_2254,12230.252519251097
00bbac68_2255,12230.27414892232
00bbac68_2256,12230.298028896375
00bbac68_2257,12230.321475870442
00bbac68_2258,12230.34749049668
00bbac68_2259,12230.375845460208
00bbac68_2260,12230.40777092869
00bbac68_2261,12230.440650064264
00bbac68_2262,12230.474635286157
00bbac68_2263,12230.510089281344
00bbac68_2264,12230.546090088048
00bbac68_2265,12230.581494684517
00bbac68_2266,12230.61788179136
00bbac68_2267,12230.65319562136
00bbac68_2268,12230.68450096405
00bbac68_2269,12230.713768614984
00bbac68_2270,12230.7421632331
00bbac68_2271,12230.769373367992
00bbac68_2272,12230.795155550828
00bbac68_2273,12230.821540756257
00bbac68_2274,12230.84837507796
00bbac68_2275,12230.875875802432
00bbac68_2276,12230.902975336923
00bbac68_2277,12230.930102449594
00bbac68_2278,12230.957969772173
00bbac68_2279,12230.98770468125
00bbac68_2280,12231.0110101322
00bbac68_2281,12231.039065689469
00bbac68_2282,12231.064591560227
00bbac68_2283,12231.085478411287
00bbac68_2284,12231.104424495752
00bbac68_2285,12231.123244495957
00bbac68_2286,12231.133438803485
00bbac68_2287,12231.147843916558
00bbac68_2288,12231.161173643372
00bbac68_2289,12231.176266060247
00bbac68_2290,12231.191059506253
00bbac68_2291,12231.204188012694
00bbac68_2292,12231.226852570624
00bbac68_2293,12231.25187199389
00bbac68_2294,12231.276273211295
00bbac68_2295,12231.294118499896
00bbac68_2296,12231.318423639048
00bbac68_2297,12231.342547330622
00bbac68_2298,12231.359704669205
00bbac68_2299,12231.377144461056
00bbac68_2300,12231.38858272374
00bbac68_2301,12231.388898093992
00bbac68_2302,12231.397301373592
00bbac68_2303,12231.411349027088
00bbac68_2304,12231.42142190282
00bbac68_2305,12231.44136040886
00bbac68_2306,12231.460851732229
00bbac68_2307,12231.470397755244
00bbac68_2308,12231.482414088254
00bbac68_2309,12231.49080710854
00bbac68_2310,12231.503607298197
00bbac68_2311,12231.516035337654
00bbac68_2312,12231.520788623844
00bbac68_2313,12231.530232387671
00bbac68_2314,12231.53136326767
00bbac68_2315,12231.535696320216
00bbac68_2316,12231.531615868093
00bbac68_2317,12231.530968672769
00bbac68_2318,12231.521746114617
00bbac68_2319,12231.51392146086
00bbac68_2320,12231.497307908749
00bbac68_2321,12231.484540030338
00bbac68_2322,12231.46342007086
00bbac68_2323,12231.445819824348
00bbac68_2324,12231.422941638282
00bbac68_2325,12231.40173578914
00bbac68_2326,12231.386354480386
00bbac68_2327,12231.36774848028
00bbac68_2328,12231.35342099449
00bbac68_2329,12231.33325484292
00bbac68_2330,12231.313128315842
00bbac68_2331,12231.29583171097
00bbac68_2332,12231.272714570812
00bbac68_2333,12231.255480203074
00bbac68_2334,12231.23212212643
00bbac68_2335,12231.208124100416
00bbac68_2336,12231.188126236111
00bbac68_2337,12231.162649295751
00bbac68_2338,12231.134371005606
00bbac68_2339,12231.105742343763
00bbac68_2340,12231.083284981269
00bbac68_2341,12231.055410056058
00bbac68_2342,12231.02548788385
00bbac68_2343,12231.005181476052
00bbac68_2344,12230.98033067381
00bbac68_2345,12230.955812808766
00bbac68_2346,12230.933383519292
00bbac68_2347,12230.915746728211
00bbac68_2348,12230.90321989246
00bbac68_2349,12230.887546960896
00bbac68_2350,12230.873745444576
00bbac68_2351,12230.85880028283
00bbac68_2352,12230.841381174014
00bbac68_2353,12230.82698859006
00bbac68_2354,12230.80472521983
00bbac68_2355,12230.781512356456
00bbac68_2356,12230.758635714335
00bbac68_2357,12230.733996865869
00bbac68_2358,12230.707882136336
00bbac68_2359,12230.68065499163
00bbac68_2360,12230.655827228053
00bbac68_2361,12230.638480695505
00bbac68_2362,12230.633988510246
00bbac68_2363,12230.622994972906
00bbac68_2364,12230.609168968014
00bbac68_2365,12230.597521888754
00bbac68_2366,12230.583967929026
00bbac68_2367,12230.567932782167
00bbac68_2368,12230.551587318892
00bbac68_2369,12230.536782337034
00bbac68_2370,12230.521101243685
00bbac68_2371,12230.506412443829
00bbac68_2372,12230.498835287586
00bbac68_2373,12230.485409719262
00bbac68_2374,12230.472012300772
00bbac68_2375,12230.460360373196
00bbac68_2376,12230.44791361115
00bbac68_2377,12230.436399668066
00bbac68_2378,12230.42500361964
00bbac68_2379,12230.412454513622
00bbac68_2380,12230.405754951807
00bbac68_2381,12230.395054267348
00bbac68_2382,12230.386418194394
00bbac68_2383,12230.377205134428
00bbac68_2384,12230.367566969731
00bbac68_2385,12230.3581948161
00bbac68_2386,12230.34904070068
00bbac68_2387,12230.3411584569
00bbac68_2388,12230.340329208871
00bbac68_2389,12230.333156465784
00bbac68_2390,12230.32837899727
00bbac68_2391,12230.324395370231
00bbac68_2392,12230.320686478346
00bbac68_2393,12230.317709041094
00bbac68_2394,12230.319391867428
00bbac68_2395,12230.31497879772
00bbac68_2396,12230.3067565513
00bbac68_2397,12230.297784077127
00bbac68_2398,12230.288639037875
00bbac68_2399,12230.279168734403
00bbac68_2400,12230.270387072613
00bbac68_2401,12230.268532979058
00bbac68_2402,12230.259991473991
00bbac68_2403,12230.253222242602
00bbac68_2404,12230.245425872752
00bbac68_2405,12230.238787680286
00bbac68_2406,12230.232602256532
00bbac68_2407,12230.232173155026
00bbac68_2408,12230.22539523558
00bbac68_2409,12230.219778432567
00bbac68_2410,12230.214915332188
00bbac68_2411,12230.21010052365
00bbac68_2412,12230.20736517655
00bbac68_2413,12230.2111212267
00bbac68_2414,12230.20864170114
00bbac68_2415,12230.20669122564
00bbac68_2416,12230.204691218334
00bbac68_2417,12230.20278183688
00bbac68_2418,12230.206447439488
00bbac68_2419,12230.206475703057
00bbac68_2420,12230.207811870172
00bbac68_2421,12230.208889616722
00bbac68_2422,12230.20874532266
00bbac68_2423,12230.214017051723
00bbac68_2424,12230.214798473631
00bbac68_2425,12230.214678416694
00bbac68_2426,12230.213220308437
00bbac68_2427,12230.21233351084
00bbac68_2428,12230.21731189771
00bbac68_2429,12230.216360019287
00bbac68_2430,12230.215708103457
00bbac68_2431,12230.21692755399
00bbac68_2432,12230.217827407543
00bbac68_2433,12230.224954100053
00bbac68_2434,12230.2259428158
00bbac68_2435,12230.22654427653
00bbac68_2436,12230.227372385893
00bbac68_2437,12230.226874761473
00bbac68_2438,12230.229375482992
00bbac68_2439,12230.224688502312
00bbac68_2440,12230.22124603968
00bbac68_2441,12230.216606639464
00bbac68_2442,12230.216113597511
00bbac68_2443,12230.212088849672
00bbac68_2444,12230.206930581826
00bbac68_2445,12230.20237932532
00bbac68_2446,12230.205407067966
00bbac68_2447,12230.203556105858
00bbac68_2448,12230.202454781236
00bbac68_2449,12230.203010730573
00bbac68_2450,12230.209980234762
00bbac68_2451,12230.211235301354
00bbac68_2452,12230.212703733952
00bbac68_2453,12230.216144050815
00bbac68_2454,12230.218838055058
00bbac68_2455,12230.227985554964
00bbac68_2456,12230.233594405348
00bbac68_2457,12230.23964655427
00bbac68_2458,12230.246903673642
00bbac68_2459,12230.263487172448
00bbac68_2460,12230.274416238237
00bbac68_2461,12230.285137244882
00bbac68_2462,12230.297639499571
00bbac68_2463,12230.312088547347
00bbac68_2464,12230.33546768572
00bbac68_2465,12230.359038890712
00bbac68_2466,12230.382203234558
00bbac68_2467,12230.406839749065
00bbac68_2468,12230.431990167825
00bbac68_2469,12230.462197961166
00bbac68_2470,12230.485909995874
00bbac68_2471,12230.509155167503
00bbac68_2472,12230.533857952229
00bbac68_2473,12230.557333115134
00bbac68_2474,12230.580260568197
00bbac68_2475,12230.608375370995
00bbac68_2476,12230.630190026812
00bbac68_2477,12230.651209132662
00bbac68_2478,12230.67250574312
00bbac68_2479,12230.690897345514
00bbac68_2480,12230.708233648224
00bbac68_2481,12230.724631493344
00bbac68_2482,12230.740093218285
00bbac68_2483,12230.75090664964
00bbac68_2484,12230.763355974748
00bbac68_2485,12230.772027891027
00bbac68_2486,12230.77979558292
00bbac68_2487,12230.784184612352
00bbac68_2488,12230.78784666349
00bbac68_2489,12230.790483779443
00bbac68_2490,12230.791343482771
00bbac68_2491,12230.792929883177
00bbac68_2492,12230.793207298471
00bbac68_2493,12230.790325239885
00bbac68_2494,12230.78424523104
00bbac68_2495,12230.776338020749
00bbac68_2496,12230.768080977808
00bbac68_2497,12230.75923102193
00bbac68_2498,12230.749522724464
00bbac68_2499,12230.739435862772
00bbac68_2500,12230.730358746488
00bbac68_2501,12230.722409533337
00bbac68_2502,12230.716497912776
00bbac68_2503,12230.708289470553
00bbac68_2504,12230.699110785104
00bbac68_2505,12230.689321773383
00bbac68_2506,12230.67730928372
00bbac68_2507,12230.66822850052
00bbac68_2508,12230.656931941092
00bbac68_2509,12230.647160026752
00bbac68_2510,12230.635970529667
00bbac68_2511,12230.624674726394
00bbac68_2512,12230.615278026517
00bbac68_2513,12230.604270058377
00bbac68_2514,12230.593849112804
00bbac68_2515,12230.58233994326
00bbac68_2516,12230.57063342766
00bbac68_2517,12230.559422412742
00bbac68_2518,12230.545649893098
00bbac68_2519,12230.532479245843
00bbac68_2520,12230.521319121362
00bbac68_2521,12230.508979687553
00bbac68_2522,12230.497393618827
00bbac68_2523,12230.482552617015
00bbac68_2524,12230.4724631489
00bbac68_2525,12230.463437169325
00bbac68_2526,12230.451313103298
00bbac68_2527,12230.43960523473
00bbac68_2528,12230.426993167952
00bbac68_2529,12230.41452027021
00bbac68_2530,12230.400186421615
00bbac68_2531,12230.389460491691
00bbac68_2532,12230.37266127923
00bbac68_2533,12230.359853780392
00bbac68_2534,12230.348197599027
00bbac68_2535,12230.336343897652
00bbac68_2536,12230.323951465598
00bbac68_2537,12230.310868069271
00bbac68_2538,12230.291598445834
00bbac68_2539,12230.279099208976
00bbac68_2540,12230.267927311155
00bbac68_2541,12230.256710605592
00bbac68_2542,12230.243627543136
00bbac68_2543,12230.229615419312
00bbac68_2544,12230.20909649705
00bbac68_2545,12230.197090633092
00bbac68_2546,12230.185206356578
00bbac68_2547,12230.172789707083
00bbac68_2548,12230.156536144334
00bbac68_2549,12230.143978069464
00bbac68_2550,12230.134920249642
00bbac68_2551,12230.131350117568
00bbac68_2552,12230.12773850487
00bbac68_2553,12230.117966504424
00bbac68_2554,12230.11442096615
00bbac68_2555,12230.112902099145
00bbac68_2556,12230.115059639847
00bbac68_2557,12230.111459790682
00bbac68_2558,12230.110898206907
00bbac68_2559,12230.109619531251
00bbac68_2560,12230.107559035545
00bbac68_2561,12230.097771164576
00bbac68_2562,12230.094480503994
00bbac68_2563,12230.08844491714
00bbac68_2564,12230.078167220849
00bbac68_2565,12230.063547454676
00bbac68_2566,12230.057479808482
00bbac68_2567,12230.052668499888
00bbac68_2568,12230.0473562409
00bbac68_2569,12230.037074481896
00bbac68_2570,12230.032359151915
00bbac68_2571,12230.026872048413
00bbac68_2572,12230.021510162573
00bbac68_2573,12230.008081955748
00bbac68_2574,12230.001348560383
00bbac68_2575,12229.993110049469
00bbac68_2576,12229.98293611324
00bbac68_2577,12229.9691616128
00bbac68_2578,12229.961623571153
00bbac68_2579,12229.954969811057
00bbac68_2580,12229.948263927474
00bbac68_2581,12229.932410661751
00bbac68_2582,12229.923144309349
00bbac68_2583,12229.910179234685
00bbac68_2584,12229.891441975886
00bbac68_2585,12229.87884306051
00bbac68_2586,12229.865914651771
00bbac68_2587,12229.857275199864
00bbac68_2588,12229.844891455768
00bbac68_2589,12229.836587921469
00bbac68_2590,12229.8305072721
00bbac68_2591,12229.821871083514
00bbac68_2592,12229.818832174886
00bbac68_2593,12229.81942260744
00bbac68_2594,12229.815761085958
00bbac68_2595,12229.8144183709
00bbac68_2596,12229.809957480567
00bbac68_2597,12229.807145908178
00bbac68_2598,12229.798934335206
00bbac68_2599,12229.797710194362
00bbac68_2600,12229.795539877436
00bbac68_2601,12229.785931802964
00bbac68_2602,12229.783207404802
00bbac68_2603,12229.784454962486
00bbac68_2604,12229.78227808662
00bbac68_2605,12229.788930645209
00bbac68_2606,12229.794589621994
00bbac68_2607,12229.79401496851
00bbac68_2608,12229.800387263887
00bbac68_2609,12229.808116182076
00bbac68_2610,12229.811058578092
00bbac68_2611,12229.81897243554
00bbac68_2612,12229.82532520817
00bbac68_2613,12229.82681009005
00bbac68_2614,12229.833487351973
00bbac68_2615,12229.842293201407
00bbac68_2616,12229.847264581778
00bbac68_2617,12229.851917142129
00bbac68_2618,12229.854838184718
00bbac68_2619,12229.85229875564
00bbac68_2620,12229.8559704521
00bbac68_2621,12229.86184674502
00bbac68_2622,12229.862637189792
00bbac68_2623,12229.86523485824
00bbac68_2624,12229.8690526621
00bbac68_2625,12229.87103655804
00bbac68_2626,12229.875077057448
00bbac68_2627,12229.878450412994
00bbac68_2628,12229.878323145258
00bbac68_2629,12229.882573382409
00bbac68_2630,12229.88362319281
00bbac68_2631,12229.880096066505
00bbac68_2632,12229.88015381566
00bbac68_2633,12229.879240193592
00bbac68_2634,12229.87179400191
00bbac68_2635,12229.869042416312
00bbac68_2636,12229.860649814662
00bbac68_2637,12229.856771177776
00bbac68_2638,12229.85110797246
00bbac68_2639,12229.838707436393
00bbac68_2640,12229.830132550418
00bbac68_2641,12229.820427009216
00bbac68_2642,12229.808205912464
00bbac68_2643,12229.800215441614
00bbac68_2644,12229.787570109564
00bbac68_2645,12229.7792977606
00bbac68_2646,12229.771922586508
00bbac68_2647,12229.758597514863
00bbac68_2648,12229.750547743908
00bbac68_2649,12229.733438118788
00bbac68_2650,12229.724941725051
00bbac68_2651,12229.710685281896
00bbac68_2652,12229.70115125832
00bbac68_2653,12229.687026265805
00bbac68_2654,12229.674185489985
00bbac68_2655,12229.655530875096
00bbac68_2656,12229.64619175642
00bbac68_2657,12229.630307431633
00bbac68_2658,12229.61582789818
00bbac68_2659,12229.60723762231
00bbac68_2660,12229.589848569396
00bbac68_2661,12229.577180084128
00bbac68_2662,12229.56253948652
00bbac68_2663,12229.54797677101
00bbac68_2664,12229.537137611096
00bbac68_2665,12229.520937423826
00bbac68_2666,12229.504235514452
00bbac68_2667,12229.495639950075
00bbac68_2668,12229.480572411523
00bbac68_2669,12229.467030435171
00bbac68_2670,12229.458966817345
00bbac68_2671,12229.445179014385
00bbac68_2672,12229.4328687229
00bbac68_2673,12229.421831227406
00bbac68_2674,12229.409615309813
00bbac68_2675,12229.402749681762
00bbac68_2676,12229.391385217725
00bbac68_2677,12229.379226975656
00bbac68_2678,12229.367952466964
00bbac68_2679,12229.359459533289
00bbac68_2680,12229.351491550244
00bbac68_2681,12229.346529071594
00bbac68_2682,12229.335134429262
00bbac68_2683,12229.324347856733
00bbac68_2684,12229.314862305167
00bbac68_2685,12229.305542289196
00bbac68_2686,12229.295769990293
00bbac68_2687,12229.287496398683
00bbac68_2688,12229.278964662468
00bbac68_2689,12229.268936006338
00bbac68_2690,12229.2587487917
00bbac68_2691,12229.24937824734
00bbac68_2692,12229.238761907513
00bbac68_2693,12229.229628880046
00bbac68_2694,12229.219137535085
00bbac68_2695,12229.20596798951
00bbac68_2696,12229.194205665322
00bbac68_2697,12229.181373982658
00bbac68_2698,12229.169512575276
00bbac68_2699,12229.159225936251
00bbac68_2700,12229.147236228591
00bbac68_2701,12229.13012110991
00bbac68_2702,12229.12141960003
00bbac68_2703,12229.11184891294
00bbac68_2704,12229.103424806888
00bbac68_2705,12229.093592252751
00bbac68_2706,12229.08573139059
00bbac68_2707,12229.07312402274
00bbac68_2708,12229.064467420583
00bbac68_2709,12229.055627315678
00bbac68_2710,12229.04845130593
00bbac68_2711,12229.034155170795
00bbac68_2712,12229.02465270412
00bbac68_2713,12229.015812252666
00bbac68_2714,12229.006792046725
00bbac68_2715,12228.99095645418
00bbac68_2716,12228.982318744404
00bbac68_2717,12228.971584987368
00bbac68_2718,12228.955975335204
00bbac68_2719,12228.947411546284
00bbac68_2720,12228.934679042104
00bbac68_2721,12228.92978049497
00bbac68_2722,12228.924211362211
00bbac68_2723,12228.914995931642
00bbac68_2724,12228.909687722447
00bbac68_2725,12228.896916647544
00bbac68_2726,12228.890300599933
00bbac68_2727,12228.884560601377
00bbac68_2728,12228.871004553286
00bbac68_2729,12228.861810859633
00bbac68_2730,12228.848698021502
00bbac68_2731,12228.83775643107
00bbac68_2732,12228.8201336461
00bbac68_2733,12228.80330368066
00bbac68_2734,12228.79120736928
00bbac68_2735,12228.771393185763
00bbac68_2736,12228.75891267911
00bbac68_2737,12228.738265237009
00bbac68_2738,12228.722083425768
00bbac68_2739,12228.700634236537
00bbac68_2740,12228.678494014484
00bbac68_2741,12228.661668051149
00bbac68_2742,12228.640071843987
00bbac68_2743,12228.623522242528
00bbac68_2744,12228.601023228905
00bbac68_2745,12228.574573148708
00bbac68_2746,12228.551525190822
00bbac68_2747,12228.527076807315
00bbac68_2748,12228.50811885975
00bbac68_2749,12228.482761407227
00bbac68_2750,12228.458380314729
00bbac68_2751,12228.43811498539
00bbac68_2752,12228.408132468794
00bbac68_2753,12228.381906494376
00bbac68_2754,12228.346165822222
00bbac68_2755,12228.313854316082
00bbac68_2756,12228.289180753392
00bbac68_2757,12228.255874264178
00bbac68_2758,12228.225097755572
00bbac68_2759,12228.188514176549
00bbac68_2760,12228.150018504746
00bbac68_2761,12228.120421135656
00bbac68_2762,12228.086771919268
00bbac68_2763,12228.059873727783
00bbac68_2764,12228.027393368437
00bbac68_2765,12227.992983748842
00bbac68_2766,12227.966703046972
00bbac68_2767,12227.935671308234
00bbac68_2768,12227.908797721262
00bbac68_2769,12227.877417023728
00bbac68_2770,12227.847263542872
00bbac68_2771,12227.824160459204
00bbac68_2772,12227.794028217457
00bbac68_2773,12227.77082959578
00bbac68_2774,12227.742608149902
00bbac68_2775,12227.715146686389
00bbac68_2776,12227.697207253788
00bbac68_2777,12227.673252287856
00bbac68_2778,12227.656062107108
00bbac68_2779,12227.634090782492
00bbac68_2780,12227.61088725691
00bbac68_2781,12227.592673299
00bbac68_2782,12227.568604577278
00bbac68_2783,12227.551583803946
00bbac68_2784,12227.528943198313
00bbac68_2785,12227.505582575795
00bbac68_2786,12227.48819884412
00bbac68_2787,12227.466348773658
00bbac68_2788,12227.447919215583
00bbac68_2789,12227.423150032402
00bbac68_2790,12227.401041825791
00bbac68_2791,12227.38183994342
00bbac68_2792,12227.35881585912
00bbac68_2793,12227.342137084874
00bbac68_2794,12227.318127653549
00bbac68_2795,12227.294304843424
00bbac68_2796,12227.27530384594
00bbac68_2797,12227.250093568658
00bbac68_2798,12227.230416030012
00bbac68_2799,12227.205706965007
00bbac68_2800,12227.180897212997
00bbac68_2801,12227.159929176993
00bbac68_2802,12227.13181310384
00bbac68_2803,12227.109992647716
00bbac68_2804,12227.084038261706
00bbac68_2805,12227.055326083091
00bbac68_2806,12227.031374165632
00bbac68_2807,12227.003707961268
00bbac68_2808,12226.981101967544
00bbac68_2809,12226.953132141023
00bbac68_2810,12226.925176813043
00bbac68_2811,12226.902355534685
00bbac68_2812,12226.874659306366
00bbac68_2813,12226.853046130464
00bbac68_2814,12226.82668395928
00bbac68_2815,12226.80028534029
00bbac68_2816,12226.77809807919
00bbac68_2817,12226.749939165267
00bbac68_2818,12226.726810428643
00bbac68_2819,12226.698878744492
00bbac68_2820,12226.670602618453
00bbac68_2821,12226.645069029895
00bbac68_2822,12226.611662246332
00bbac68_2823,12226.58712896936
00bbac68_2824,12226.557002750626
00bbac68_2825,12226.528485204732
00bbac68_2826,12226.506010196375
00bbac68_2827,12226.476757871766
00bbac68_2828,12226.455087017035
00bbac68_2829,12226.426438551587
00bbac68_2830,12226.396727845597
00bbac68_2831,12226.37374008705
00bbac68_2832,12226.347052555837
00bbac68_2833,12226.3265843944
00bbac68_2834,12226.30184935986
00bbac68_2835,12226.281678438483
00bbac68_2836,12226.257746026076
00bbac68_2837,12226.237703660265
00bbac68_2838,12226.220004216995
00bbac68_2839,12226.196684539313
00bbac68_2840,12226.179831833586
00bbac68_2841,12226.165213707509
00bbac68_2842,12226.149828219706
00bbac68_2843,12226.132821673207
00bbac68_2844,12226.116124092016
00bbac68_2845,12226.101589830676
00bbac68_2846,12226.09047621414
00bbac68_2847,12226.079413220405
00bbac68_2848,12226.0687677828
00bbac68_2849,12226.059579381945
00bbac68_2850,12226.052127058234
00bbac68_2851,12226.0476572939
00bbac68_2852,12226.036015432515
00bbac68_2853,12226.023500263658
00bbac68_2854,12226.016545543584
00bbac68_2855,12226.006540336915
00bbac68_2856,12225.995925665877
00bbac68_2857,12225.98831770335
00bbac68_2858,12225.980922346098
00bbac68_2859,12225.966782532329
00bbac68_2860,12225.958673085548
00bbac68_2861,12225.95194446834
00bbac68_2862,12225.939989434217
00bbac68_2863,12225.933240121456
00bbac68_2864,12225.926573960502
00bbac68_2865,12225.91865448862
00bbac68_2866,12225.91025783081
00bbac68_2867,12225.9027532976
00bbac68_2868,12225.894795010105
00bbac68_2869,12225.887040662084
00bbac68_2870,12225.880653804315
00bbac68_2871,12225.876232307864
00bbac68_2872,12225.871371484522
00bbac68_2873,12225.86592157324
00bbac68_2874,12225.866661427615
00bbac68_2875,12225.86091214832
00bbac68_2876,12225.857506886485
00bbac68_2877,12225.860330230524
00bbac68_2878,12225.856809024466
00bbac68_2879,12225.858336136327
00bbac68_2880,12225.854771325598
00bbac68_2881,12225.856638735844
00bbac68_2882,12225.856137812923
00bbac68_2883,12225.863048983849
00bbac68_2884,12225.87036288014
00bbac68_2885,12225.872488142624
00bbac68_2886,12225.879951450992
00bbac68_2887,12225.887353194388
00bbac68_2888,12225.89522488552
00bbac68_2889,12225.904035785808
00bbac68_2890,12225.913479215422
00bbac68_2891,12225.923659791126
00bbac68_2892,12225.93460675247
00bbac68_2893,12225.945331681289
00bbac68_2894,12225.954890392384
00bbac68_2895,12225.962458638394
00bbac68_2896,12225.970566990569
00bbac68_2897,12225.983773310498
00bbac68_2898,12225.993726401455
00bbac68_2899,12226.004239980342
00bbac68_2900,12226.020930464749
00bbac68_2901,12226.031924307215
00bbac68_2902,12226.046728290195
00bbac68_2903,12226.056652284584
00bbac68_2904,12226.071889994728
00bbac68_2905,12226.087482495786
00bbac68_2906,12226.097165762383
00bbac68_2907,12226.11314465811
00bbac68_2908,12226.12812493508
00bbac68_2909,12226.143682501985
00bbac68_2910,12226.151737976472
00bbac68_2911,12226.162420896708
00bbac68_2912,12226.173438888609
00bbac68_2913,12226.185327525303
00bbac68_2914,12226.19601152986
00bbac68_2915,12226.20625751773
00bbac68_2916,12226.215149243402
00bbac68_2917,12226.227342890195
00bbac68_2918,12226.235928455324
00bbac68_2919,12226.24529727103
00bbac68_2920,12226.255880759823
00bbac68_2921,12226.273241597692
00bbac68_2922,12226.284906117377
00bbac68_2923,12226.296049613831
00bbac68_2924,12226.311952630447
00bbac68_2925,12226.323486590114
00bbac68_2926,12226.3392392339
00bbac68_2927,12226.348456494412
00bbac68_2928,12226.363715834792
00bbac68_2929,12226.379235501192
00bbac68_2930,12226.388567000238
00bbac68_2931,12226.403555338513
00bbac68_2932,12226.412477685946
00bbac68_2933,12226.426892444812
00bbac68_2934,12226.436419644797
00bbac68_2935,12226.452111513843
00bbac68_2936,12226.468732761656
00bbac68_2937,12226.477682383924
00bbac68_2938,12226.49154414514
00bbac68_2939,12226.499068061254
00bbac68_2940,12226.51281392935
00bbac68_2941,12226.526504659116
00bbac68_2942,12226.534524314133
00bbac68_2943,12226.54843707983
00bbac68_2944,12226.555140026318
00bbac68_2945,12226.568492445082
00bbac68_2946,12226.583355432962
00bbac68_2947,12226.592711649431
00bbac68_2948,12226.60791422661
00bbac68_2949,12226.623198233532
00bbac68_2950,12226.632102652824
00bbac68_2951,12226.645887348835
00bbac68_2952,12226.65908296434
00bbac68_2953,12226.668270843542
00bbac68_2954,12226.683464123918
00bbac68_2955,12226.698987675696
00bbac68_2956,12226.710225831195
00bbac68_2957,12226.727748832054
00bbac68_2958,12226.743876255849
00bbac68_2959,12226.75486420658
00bbac68_2960,12226.771301817224
00bbac68_2961,12226.788110169284
00bbac68_2962,12226.80405953263
00bbac68_2963,12226.816429898585
00bbac68_2964,12226.83395040812
00bbac68_2965,12226.8522865889
00bbac68_2966,12226.866302744736
00bbac68_2967,12226.885693569271
00bbac68_2968,12226.903851956533
00bbac68_2969,12226.922325792966
00bbac68_2970,12226.933260304011
00bbac68_2971,12226.951435468753
00bbac68_2972,12226.969975784048
00bbac68_2973,12226.98809976134
00bbac68_2974,12227.004473618756
00bbac68_2975,12227.015703871082
00bbac68_2976,12227.031366352629
00bbac68_2977,12227.046718214857
00bbac68_2978,12227.060468634703
00bbac68_2979,12227.070171475953
00bbac68_2980,12227.084539966272
00bbac68_2981,12227.097533349475
00bbac68_2982,12227.110816210512
00bbac68_2983,12227.124241138954
00bbac68_2984,12227.1375353635
00bbac68_2985,12227.145441000324
00bbac68_2986,12227.157649435712
00bbac68_2987,12227.170709486873
00bbac68_2988,12227.185633134246
00bbac68_2989,12227.19886392414
00bbac68_2990,12227.211167850572
00bbac68_2991,12227.219161567891
00bbac68_2992,12227.232740263164
00bbac68_2993,12227.246784630492
00bbac68_2994,12227.2610307261
00bbac68_2995,12227.275425120144
00bbac68_2996,12227.287089399706
00bbac68_2997,12227.300237624837
00bbac68_2998,12227.314726491932
00bbac68_2999,12227.328570120302
00bbac68_3000,12227.338383185235
00bbac68_3001,12227.353127434675
00bbac68_3002,12227.36863062386
00bbac68_3003,12227.383907780031
00bbac68_3004,12227.399103028274
00bbac68_3005,12227.415851015145
00bbac68_3006,12227.433129751174
00bbac68_3007,12227.450009246244
00bbac68_3008,12227.46737713526
00bbac68_3009,12227.485999614735
00bbac68_3010,12227.504338883677
00bbac68_3011,12227.522305648388
00bbac68_3012,12227.53959959733
00bbac68_3013,12227.558508397971
00bbac68_3014,12227.576642695174
00bbac68_3015,12227.594262524564
00bbac68_3016,12227.61282229286
00bbac68_3017,12227.631536281871
00bbac68_3018,12227.651724087367
00bbac68_3019,12227.669495295931
00bbac68_3020,12227.688267800271
00bbac68_3021,12227.707045789812
00bbac68_3022,12227.725533625722
00bbac68_3023,12227.742856838053
00bbac68_3024,12227.76219824059
00bbac68_3025,12227.783169548204
00bbac68_3026,12227.803813581231
00bbac68_3027,12227.82308407526
00bbac68_3028,12227.84282796228
00bbac68_3029,12227.863352885845
00bbac68_3030,12227.882370434902
00bbac68_3031,12227.901897752858
00bbac68_3032,12227.922095679864
00bbac68_3033,12227.941299910362
00bbac68_3034,12227.96053316986
00bbac68_3035,12227.979843654706
00bbac68_3036,12227.999065669406
00bbac68_3037,12228.02017983956
00bbac68_3038,12228.041255434571
00bbac68_3039,12228.0622931283
00bbac68_3040,12228.083673581084
00bbac68_3041,12228.105214914116
00bbac68_3042,12228.128347329886
00bbac68_3043,12228.150131567829
00bbac68_3044,12228.177315047764
00bbac68_3045,12228.200634153493
00bbac68_3046,12228.223402200118
00bbac68_3047,12228.246090034983
00bbac68_3048,12228.26903176696
00bbac68_3049,12228.289748290434
00bbac68_3050,12228.311128147065
00bbac68_3051,12228.33289169352
00bbac68_3052,12228.353263504006
00bbac68_3053,12228.373735386354
00bbac68_3054,12228.400631753591
00bbac68_3055,12228.421605376128
00bbac68_3056,12228.442927099237
00bbac68_3057,12228.463112092855
00bbac68_3058,12228.48407867626
00bbac68_3059,12228.503636318104
00bbac68_3060,12228.525401723644
00bbac68_3061,12228.547730064864
00bbac68_3062,12228.577337989274
00bbac68_3063,12228.600917080736
00bbac68_3064,12228.623602206944
00bbac68_3065,12228.64479356587
00bbac68_3066,12228.664359047878
00bbac68_3067,12228.684931763248
00bbac68_3068,12228.703788113826
00bbac68_3069,12228.72823422988
00bbac68_3070,12228.746155684974
00bbac68_3071,12228.7620372721
00bbac68_3072,12228.776223275094
00bbac68_3073,12228.789866128196
00bbac68_3074,12228.80187832566
00bbac68_3075,12228.817775467493
00bbac68_3076,12228.825736705105
00bbac68_3077,12228.835849751198
00bbac68_3078,12228.845748456368
00bbac68_3079,12228.85503607968
00bbac68_3080,12228.872273229732
00bbac68_3081,12228.883483356203
00bbac68_3082,12228.895670017297
00bbac68_3083,12228.909192617924
00bbac68_3084,12228.920014004309
00bbac68_3085,12228.9356967084
00bbac68_3086,12228.94469929386
00bbac68_3087,12228.95272037675
00bbac68_3088,12228.9605292119
00bbac68_3089,12228.967678242245
00bbac68_3090,12228.98023475797
00bbac68_3091,12228.988076596726
00bbac68_3092,12228.993805525126
00bbac68_3093,12229.000849664006
00bbac68_3094,12229.014812058762
00bbac68_3095,12229.021652094638
00bbac68_3096,12229.029917363165
00bbac68_3097,12229.038566805
00bbac68_3098,12229.051137363533
00bbac68_3099,12229.060200425336
00bbac68_3100,12229.07020501684
00bbac68_3101,12229.081454929985
00bbac68_3102,12229.099865501496
00bbac68_3103,12229.1130972674
00bbac68_3104,12229.13180039046
00bbac68_3105,12229.15292693172
00bbac68_3106,12229.181103955518
00bbac68_3107,12229.206504595884
00bbac68_3108,12229.234465443904
00bbac68_3109,12229.264289564926
00bbac68_3110,12229.301841010078
00bbac68_3111,12229.333955852771
00bbac68_3112,12229.368890360303
00bbac68_3113,12229.412579684287
00bbac68_3114,12229.452369225985
00bbac68_3115,12229.494430205032
00bbac68_3116,12229.546024869423
00bbac68_3117,12229.595685040884
00bbac68_3118,12229.649946369556
00bbac68_3119,12229.712219641478
00bbac68_3120,12229.770653821844
00bbac68_3121,12229.83121087027
00bbac68_3122,12229.898217600668
00bbac68_3123,12229.95955431225
00bbac68_3124,12230.022889671916
00bbac68_3125,12230.092743379108
00bbac68_3126,12230.15705426454
00bbac68_3127,12230.21936686855
00bbac68_3128,12230.285653465366
00bbac68_3129,12230.344393254562
00bbac68_3130,12230.401615644598
00bbac68_3131,12230.462995027969
00bbac68_3132,12230.518919079304
00bbac68_3133,12230.578245914388
00bbac68_3134,12230.630127395736
00bbac68_3135,12230.67957250774
00bbac68_3136,12230.731395760497
00bbac68_3137,12230.778921355277
00bbac68_3138,12230.82939329206
00bbac68_3139,12230.872313652932
00bbac68_3140,12230.919106725809
00bbac68_3141,12230.957089051786
00bbac68_3142,12230.99295653414
00bbac68_3143,12231.032566240085
00bbac68_3144,12231.060490439246
00bbac68_3145,12231.092633316952
00bbac68_3146,12231.117482185511
00bbac68_3147,12231.144174608824
00bbac68_3148,12231.159877536673
00bbac68_3149,12231.177799037192
00bbac68_3150,12231.189921524292
00bbac68_3151,12231.20459883006
00bbac68_3152,12231.212337946525
00bbac68_3153,12231.22454502318
00bbac68_3154,12231.229466165383
00bbac68_3155,12231.2402693224
00bbac68_3156,12231.24879716683
00bbac68_3157,12231.264496459666
00bbac68_3158,12231.27893481612
00bbac68_3159,12231.300256605364
00bbac68_3160,12231.314845390529
00bbac68_3161,12231.336174165655
00bbac68_3162,12231.353852982922
00bbac68_3163,12231.37405566247
00bbac68_3164,12231.3914957546
00bbac68_3165,12231.416063777724
00bbac68_3166,12231.436875035895
00bbac68_3167,12231.464470369532
00bbac68_3168,12231.496024662623
00bbac68_3169,12231.52451578818
00bbac68_3170,12231.559862275792
00bbac68_3171,12231.591531115786
00bbac68_3172,12231.631733501396
00bbac68_3173,12231.666977982277
00bbac68_3174,12231.710246099668
00bbac68_3175,12231.752557105425
00bbac68_3176,12231.788634304994
00bbac68_3177,12231.83455298324
00bbac68_3178,12231.88418994246
00bbac68_3179,12231.931275500796
00bbac68_3180,12231.986519081704
00bbac68_3181,12232.036991398649
00bbac68_3182,12232.093911948758
00bbac68_3183,12232.152169297273
00bbac68_3184,12232.2071782835
00bbac68_3185,12232.261504032653
00bbac68_3186,12232.31629094573
00bbac68_3187,12232.366122302406
00bbac68_3188,12232.422204336612
00bbac68_3189,12232.478748688982
00bbac68_3190,12232.529173718234
00bbac68_3191,12232.581888966271
00bbac68_3192,12232.636605964755
00bbac68_3193,12232.68578232033
00bbac68_3194,12232.738156300757
00bbac68_3195,12232.78970017558
00bbac68_3196,12232.839383602835
00bbac68_3197,12232.881368434231
00bbac68_3198,12232.926580880385
00bbac68_3199,12232.968469203044
00bbac68_3200,12233.002411106256
00bbac68_3201,12233.036287674908
00bbac68_3202,12233.072388168715
00bbac68_3203,12233.107243584083
00bbac68_3204,12233.13594486795
00bbac68_3205,12233.17093925063
00bbac68_3206,12233.20535597232
00bbac68_3207,12233.237280118174
00bbac68_3208,12233.259954093246
00bbac68_3209,12233.287777757125
00bbac68_3210,12233.316599603
00bbac68_3211,12233.344235607994
00bbac68_3212,12233.371633126102
00bbac68_3213,12233.3911000094
00bbac68_3214,12233.418777814568
00bbac68_3215,12233.446903547254
00bbac68_3216,12233.475119425995
00bbac68_3217,12233.497141550371
00bbac68_3218,12233.52292863071
00bbac68_3219,12233.546765337993
00bbac68_3220,12233.57015381675
00bbac68_3221,12233.586947973674
00bbac68_3222,12233.609295457103
00bbac68_3223,12233.628930487816
00bbac68_3224,12233.647276896683
00bbac68_3225,12233.670041485326
00bbac68_3226,12233.693260244336
00bbac68_3227,12233.717458116513
00bbac68_3228,12233.735528617606
00bbac68_3229,12233.758355658774
00bbac68_3230,12233.781571436746
00bbac68_3231,12233.7997576566
00bbac68_3232,12233.823852971462
00bbac68_3233,12233.848622823734
00bbac68_3234,12233.868865282238
00bbac68_3235,12233.895309411106
00bbac68_3236,12233.921607389257
00bbac68_3237,12233.949577939567
00bbac68_3238,12233.971108579157
00bbac68_3239,12233.999169590428
00bbac68_3240,12234.02783665371
00bbac68_3241,12234.048818790145
00bbac68_3242,12234.075119937112
00bbac68_3243,12234.10155283675
00bbac68_3244,12234.123173040056
00bbac68_3245,12234.151259278882
00bbac68_3246,12234.172433389667
00bbac68_3247,12234.2007104169
00bbac68_3248,12234.22963509435
00bbac68_3249,12234.25200386782
00bbac68_3250,12234.278809885713
00bbac68_3251,12234.305273222071
00bbac68_3252,12234.327659588362
00bbac68_3253,12234.354532845427
00bbac68_3254,12234.383218734967
00bbac68_3255,12234.40609359918
00bbac68_3256,12234.433652146792
00bbac68_3257,12234.454874197909
00bbac68_3258,12234.480369473897
00bbac68_3259,12234.50757966938
00bbac68_3260,12234.528034302086
00bbac68_3261,12234.554523278875
00bbac68_3262,12234.574701610596
00bbac68_3263,12234.600657567786
00bbac68_3264,12234.625294717258
00bbac68_3265,12234.6428155975
00bbac68_3266,12234.666911163764
00bbac68_3267,12234.683860671286
00bbac68_3268,12234.70738331209
00bbac68_3269,12234.727563130053
00bbac68_3270,12234.75360430553
00bbac68_3271,12234.777251816162
00bbac68_3272,12234.794616276236
00bbac68_3273,12234.817558840505
00bbac68_3274,12234.83425031073
00bbac68_3275,12234.856617017327
00bbac68_3276,12234.87317096328
00bbac68_3277,12234.894194932547
00bbac68_3278,12234.90907086847
00bbac68_3279,12234.928747725064
00bbac68_3280,12234.950487297325
00bbac68_3281,12234.967134620632
00bbac68_3282,12234.989421286216
00bbac68_3283,12235.006463584785
00bbac68_3284,12235.03127118136
00bbac68_3285,12235.051809923318
00bbac68_3286,12235.077249479897
00bbac68_3287,12235.097275059768
00bbac68_3288,12235.125057242343
00bbac68_3289,12235.147664051718
00bbac68_3290,12235.176218066965
00bbac68_3291,12235.198378243307
00bbac68_3292,12235.22803132516
00bbac68_3293,12235.251105755837
00bbac68_3294,12235.280671025932
00bbac68_3295,12235.303223439412
00bbac68_3296,12235.332252809778
00bbac68_3297,12235.35783655612
00bbac68_3298,12235.390897401989
00bbac68_3299,12235.419206339582
00bbac68_3300,12235.4526443437
00bbac68_3301,12235.48049678849
00bbac68_3302,12235.51365750021
00bbac68_3303,12235.542278982444
00bbac68_3304,12235.570703246363
00bbac68_3305,12235.603557033386
00bbac68_3306,12235.629499119314
00bbac68_3307,12235.660855273813
00bbac68_3308,12235.686621507472
00bbac68_3309,12235.716529541724
00bbac68_3310,12235.74008498681
00bbac68_3311,12235.76300551794
00bbac68_3312,12235.791695772408
00bbac68_3313,12235.815849003608
00bbac68_3314,12235.844595691946
00bbac68_3315,12235.867065772676
00bbac68_3316,12235.88816695898
00bbac68_3317,12235.915565718926
00bbac68_3318,12235.937770413422
00bbac68_3319,12235.965276076176
00bbac68_3320,12235.98695349108
00bbac68_3321,12236.008204417709
00bbac68_3322,12236.035073259578
00bbac68_3323,12236.05641812506
00bbac68_3324,12236.0766298361
00bbac68_3325,12236.10179297706
00bbac68_3326,12236.121195211792
00bbac68_3327,12236.140154028457
00bbac68_3328,12236.160112406693
00bbac68_3329,12236.184432518636
00bbac68_3330,12236.204183580798
00bbac68_3331,12236.223762178044
00bbac68_3332,12236.248668653134
00bbac68_3333,12236.268803258798
00bbac68_3334,12236.288582791216
00bbac68_3335,12236.308710578262
00bbac68_3336,12236.333744803958
00bbac68_3337,12236.354815962792
00bbac68_3338,12236.37550818417
00bbac68_3339,12236.397613077086
00bbac68_3340,12236.425965104736
00bbac68_3341,12236.448444284262
00bbac68_3342,12236.471004346546
00bbac68_3343,12236.494529889991
00bbac68_3344,12236.516922586075
00bbac68_3345,12236.543548372829
00bbac68_3346,12236.567853637862
00bbac68_3347,12236.591201290476
00bbac68_3348,12236.61388814902
00bbac68_3349,12236.634745963343
00bbac68_3350,12236.654979122995
00bbac68_3351,12236.68126094638
00bbac68_3352,12236.70366951573
00bbac68_3353,12236.726432846874
00bbac68_3354,12236.745324964168
00bbac68_3355,12236.76424689338
00bbac68_3356,12236.786213429508
00bbac68_3357,12236.809491996242
00bbac68_3358,12236.832270231018
00bbac68_3359,12236.859059721512
00bbac68_3360,12236.881216860003
00bbac68_3361,12236.903185318355
00bbac68_3362,12236.923200799352
00bbac68_3363,12236.94289861104
00bbac68_3364,12236.960653927275
00bbac68_3365,12236.97897309566
00bbac68_3366,12236.996534981983
00bbac68_3367,12237.01855622691
00bbac68_3368,12237.040252572986
00bbac68_3369,12237.062477700092
00bbac68_3370,12237.084241491786
00bbac68_3371,12237.10996785551
00bbac68_3372,12237.13567736432
00bbac68_3373,12237.163054682658
00bbac68_3374,12237.186982846257
00bbac68_3375,12237.21387438954
00bbac68_3376,12237.239506452494
00bbac68_3377,12237.263450803915
00bbac68_3378,12237.286274725162
00bbac68_3379,12237.308925826692
00bbac68_3380,12237.331803572682
00bbac68_3381,12237.356254532217
00bbac68_3382,12237.379303795722
00bbac68_3383,12237.40347004747
00bbac68_3384,12237.42599330718
00bbac68_3385,12237.448912400636
00bbac68_3386,12237.474068929936
00bbac68_3387,12237.49839864906
00bbac68_3388,12237.525161274329
00bbac68_3389,12237.544055643595
00bbac68_3390,12237.569361497255
00bbac68_3391,12237.593722874024
00bbac68_3392,12237.6178016348
00bbac68_3393,12237.641997453266
00bbac68_3394,12237.667207337505
00bbac68_3395,12237.690447000665
00bbac68_3396,12237.713429542984
00bbac68_3397,12237.729134631694
00bbac68_3398,12237.750655042904
00bbac68_3399,12237.770153697003
00bbac68_3400,12237.788851887748
00bbac68_3401,12237.80451105892
00bbac68_3402,12237.821432647534
00bbac68_3403,12237.830473630296
00bbac68_3404,12237.84465902887
00bbac68_3405,12237.858387340404
00bbac68_3406,12237.873831583976
00bbac68_3407,12237.878014410133
00bbac68_3408,12237.888012242714
00bbac68_3409,12237.896132556794
00bbac68_3410,12237.89983828544
00bbac68_3411,12237.90758583695
00bbac68_3412,12237.917414200849
00bbac68_3413,12237.925971752777
00bbac68_3414,12237.929197170635
00bbac68_3415,12237.937336847448
00bbac68_3416,12237.941272413684
00bbac68_3417,12237.94878067805
00bbac68_3418,12237.957424143558
00bbac68_3419,12237.958035889536
00bbac68_3420,12237.96465797166
00bbac68_3421,12237.96544661763
00bbac68_3422,12237.971369853294
00bbac68_3423,12237.976515216513
00bbac68_3424,12237.977972912458
00bbac68_3425,12237.98344446984
00bbac68_3426,12237.984080340484
00bbac68_3427,12237.990015741689
00bbac68_3428,12237.991475635248
00bbac68_3429,12237.997340661674
00bbac68_3430,12237.99943789846
00bbac68_3431,12238.005494023637
00bbac68_3432,12238.005849501438
00bbac68_3433,12238.012471226564
00bbac68_3434,12238.014568003146
00bbac68_3435,12238.015458785325
00bbac68_3436,12238.021915556808
00bbac68_3437,12238.022945526283
00bbac68_3438,12238.032431198651
00bbac68_3439,12238.03736461744
00bbac68_3440,12238.041847282926
00bbac68_3441,12238.05176337481
00bbac68_3442,12238.05070357592
00bbac68_3443,12238.052883352651
00bbac68_3444,12238.059580384564
00bbac68_3445,12238.06142871463
00bbac68_3446,12238.061908875596
00bbac68_3447,12238.0622872637
00bbac68_3448,12238.06755323517
00bbac68_3449,12238.067947350544
00bbac68_3450,12238.068663968246
00bbac68_3451,12238.070679702383
00bbac68_3452,12238.078758965949
00bbac68_3453,12238.082520789536
00bbac68_3454,12238.084269283914
00bbac68_3455,12238.08791733758
00bbac68_3456,12238.09113102868
00bbac68_3457,12238.10124605404
00bbac68_3458,12238.106884669513
00bbac68_3459,12238.111990249528
00bbac68_3460,12238.116610077996
00bbac68_3461,12238.1243773796
00bbac68_3462,12238.134029489343
00bbac68_3463,12238.14565607298
00bbac68_3464,12238.157147982569
00bbac68_3465,12238.17217300877
00bbac68_3466,12238.194130357668
00bbac68_3467,12238.212795307496
00bbac68_3468,12238.231508603343
00bbac68_3469,12238.251782999974
00bbac68_3470,12238.27288773172
00bbac68_3471,12238.29632845588
00bbac68_3472,12238.319661621435
00bbac68_3473,12238.343195794772
00bbac68_3474,12238.36574388888
00bbac68_3475,12238.387371343082
00bbac68_3476,12238.410268316058
00bbac68_3477,12238.42951412408
00bbac68_3478,12238.45324538872
00bbac68_3479,12238.4755377709
00bbac68_3480,12238.49647528908
00bbac68_3481,12238.521285278774
00bbac68_3482,12238.544640702965
00bbac68_3483,12238.569425430822
00bbac68_3484,12238.590202101575
00bbac68_3485,12238.60984374768
00bbac68_3486,12238.625021037184
00bbac68_3487,12238.64608085197
00bbac68_3488,12238.667095044526
00bbac68_3489,12238.687383280028
00bbac68_3490,12238.706473273302
00bbac68_3491,12238.71916781583
00bbac68_3492,12238.735986657748
00bbac68_3493,12238.753831624108
00bbac68_3494,12238.773084214776
00bbac68_3495,12238.78323935912
00bbac68_3496,12238.798504657369
00bbac68_3497,12238.809928426932
00bbac68_3498,12238.815878409345
00bbac68_3499,12238.824652633702
00bbac68_3500,12238.833673634892
00bbac68_3501,12238.8347394863
00bbac68_3502,12238.842784065511
00bbac68_3503,12238.850805530265
00bbac68_3504,12238.86212455168
00bbac68_3505,12238.870599403004
00bbac68_3506,12238.872143439636
00bbac68_3507,12238.878107239669
00bbac68_3508,12238.87940943918
00bbac68_3509,12238.8875463463
00bbac68_3510,12238.891076669035
00bbac68_3511,12238.89930496538
00bbac68_3512,12238.90071716583
00bbac68_3513,12238.904125530104
00bbac68_3514,12238.903654626403
00bbac68_3515,12238.90881429708
00bbac68_3516,12238.911215907672
00bbac68_3517,12238.911414606
00bbac68_3518,12238.92148171376
00bbac68_3519,12238.925902817344
00bbac68_3520,12238.93051571406
00bbac68_3521,12238.945039359987
00bbac68_3522,12238.957866014189
00bbac68_3523,12238.970875441984
00bbac68_3524,12238.989087577202
00bbac68_3525,12239.001578825388
00bbac68_3526,12239.01334997518
00bbac68_3527,12239.023697167757
00bbac68_3528,12239.040300649604
00bbac68_3529,12239.053769030385
00bbac68_3530,12239.066221559213
00bbac68_3531,12239.079121355591
00bbac68_3532,12239.09685956594
00bbac68_3533,12239.106211314276
00bbac68_3534,12239.111126456975
00bbac68_3535,12239.113454655562
00bbac68_3536,12239.120360246585
00bbac68_3537,12239.125786857674
00bbac68_3538,12239.127509990998
00bbac68_3539,12239.125474284938
00bbac68_3540,12239.12292699131
00bbac68_3541,12239.118493516153
00bbac68_3542,12239.116477421969
00bbac68_3543,12239.106589487856
00bbac68_3544,12239.093324015836
00bbac68_3545,12239.07697292055
00bbac68_3546,12239.053390218382
00bbac68_3547,12239.03363000849
00bbac68_3548,12239.009931294331
00bbac68_3549,12238.98315657806
00bbac68_3550,12238.955051301473
00bbac68_3551,12238.925237583026
00bbac68_3552,12238.89301353431
00bbac68_3553,12238.858697744883
00bbac68_3554,12238.823014479258
00bbac68_3555,12238.78480986059
00bbac68_3556,12238.741484213842
00bbac68_3557,12238.699484150067
00bbac68_3558,12238.658126037037
00bbac68_3559,12238.613733957904
00bbac68_3560,12238.56683491081
00bbac68_3561,12238.510644231068
00bbac68_3562,12238.457581603016
00bbac68_3563,12238.402269473689
00bbac68_3564,12238.343256349812
00bbac68_3565,12238.276618249289
00bbac68_3566,12238.214979584389
00bbac68_3567,12238.150734210423
00bbac68_3568,12238.0794572525
00bbac68_3569,12238.011270271903
00bbac68_3570,12237.940235492506
00bbac68_3571,12237.861863096028
00bbac68_3572,12237.787025785025
00bbac68_3573,12237.707393942248
00bbac68_3574,12237.636616390686
00bbac68_3575,12237.56001198086
00bbac68_3576,12237.489621045566
00bbac68_3577,12237.419414123706
00bbac68_3578,12237.349184746832
00bbac68_3579,12237.286865701084
00bbac68_3580,12237.221500417134
00bbac68_3581,12237.159099403
00bbac68_3582,12237.102553668235
00bbac68_3583,12237.039702547025
00bbac68_3584,12236.984807702956
00bbac68_3585,12236.927396440467
00bbac68_3586,12236.878217684362
00bbac68_3587,12236.826527317127
00bbac68_3588,12236.777492064512
00bbac68_3589,12236.73574009998
00bbac68_3590,12236.688904186914
00bbac68_3591,12236.649887351274
00bbac68_3592,12236.607419046091
00bbac68_3593,12236.56627191594
00bbac68_3594,12236.531796935897
00bbac68_3595,12236.496659411723
00bbac68_3596,12236.465487569494
00bbac68_3597,12236.440337452485
00bbac68_3598,12236.411496910476
00bbac68_3599,12236.38895603934
00bbac68_3600,12236.364009688936
00bbac68_3601,12236.341609510337
00bbac68_3602,12236.329507061087
00bbac68_3603,12236.313468259794
00bbac68_3604,12236.299804333466
00bbac68_3605,12236.294332791182
00bbac68_3606,12236.284201904537
00bbac68_3607,12236.273928337918
00bbac68_3608,12236.269068257525
00bbac68_3609,12236.260307419278
00bbac68_3610,12236.256695093924
00bbac68_3611,12236.248484525351
00bbac68_3612,12236.241930635786
00bbac68_3613,12236.240413872172
00bbac68_3614,12236.234762487393
00bbac68_3615,12236.227937242804
00bbac68_3616,12236.228833963309
00bbac68_3617,12236.222364152502
00bbac68_3618,12236.216472336248
00bbac68_3619,12236.215882276229
00bbac68_3620,12236.20837069588
00bbac68_3621,12236.200959265569
00bbac68_3622,12236.19878931754
00bbac68_3623,12236.191929596718
00bbac68_3624,12236.183681521356
00bbac68_3625,12236.179876055285
00bbac68_3626,12236.171481892205
00bbac68_3627,12236.16192908756
00bbac68_3628,12236.157836689785
00bbac68_3629,12236.14785721432
00bbac68_3630,12236.138465184416
00bbac68_3631,12236.132905771254
00bbac68_3632,12236.121412610915
00bbac68_3633,12236.11100702405
00bbac68_3634,12236.104294538009
00bbac68_3635,12236.091871449136
00bbac68_3636,12236.079087938058
00bbac68_3637,12236.067130720545
00bbac68_3638,12236.06178557854
00bbac68_3639,12236.050562547418
00bbac68_3640,12236.04020271962
00bbac68_3641,12236.03453797854
00bbac68_3642,12236.023955097648
00bbac68_3643,12236.014890819217
00bbac68_3644,12236.009947613518
00bbac68_3645,12235.999658862564
00bbac68_3646,12235.989713718149
00bbac68_3647,12235.985759271372
00bbac68_3648,12235.975833360631
00bbac68_3649,12235.96642634265
00bbac68_3650,12235.95763652929
00bbac68_3651,12235.953754123855
00bbac68_3652,12235.94500269305
00bbac68_3653,12235.935937202985
00bbac68_3654,12235.933727696698
00bbac68_3655,12235.925048374216
00bbac68_3656,12235.916612150357
00bbac68_3657,12235.90995024347
00bbac68_3658,12235.908126449707
00bbac68_3659,12235.901154319194
00bbac68_3660,12235.894822835791
00bbac68_3661,12235.895850620504
00bbac68_3662,12235.889727202031
00bbac68_3663,12235.883265571008
00bbac68_3664,12235.877930524886
00bbac68_3665,12235.87703785356
00bbac68_3666,12235.87077465584
00bbac68_3667,12235.863429050649
00bbac68_3668,12235.85729320839
00bbac68_3669,12235.856445717624
00bbac68_3670,12235.849430872371
00bbac68_3671,12235.844071199232
00bbac68_3672,12235.83796029889
00bbac68_3673,12235.837072965624
00bbac68_3674,12235.830952006692
00bbac68_3675,12235.82618237978
00bbac68_3676,12235.826268509743
00bbac68_3677,12235.819452987877
00bbac68_3678,12235.814506797493
00bbac68_3679,12235.80786231027
00bbac68_3680,12235.807928561717
00bbac68_3681,12235.80314982337
00bbac68_3682,12235.798832368915
00bbac68_3683,12235.793348639396
00bbac68_3684,12235.787619221785
00bbac68_3685,12235.789219353414
00bbac68_3686,12235.784250806984
00bbac68_3687,12235.779584977234
00bbac68_3688,12235.774491352578
00bbac68_3689,12235.770765076968
00bbac68_3690,12235.765836608536
00bbac68_3691,12235.7605704956
00bbac68_3692,12235.760186224476
00bbac68_3693,12235.754014180931
00bbac68_3694,12235.7473614804
00bbac68_3695,12235.739556952924
00bbac68_3696,12235.734375444754
00bbac68_3697,12235.727945183206
00bbac68_3698,12235.720842689643
00bbac68_3699,12235.71469769275
00bbac68_3700,12235.707166729131
00bbac68_3701,12235.700720467954
00bbac68_3702,12235.693436976677
00bbac68_3703,12235.685645107478
00bbac68_3704,12235.67650430242
00bbac68_3705,12235.665733772095
00bbac68_3706,12235.655800437107
00bbac68_3707,12235.638964463991
00bbac68_3708,12235.62814780612
00bbac68_3709,12235.616606227566
00bbac68_3710,12235.606759381337
00bbac68_3711,12235.596283513374
00bbac68_3712,12235.586760761364
00bbac68_3713,12235.576075007735
00bbac68_3714,12235.559020552337
00bbac68_3715,12235.54885177554
00bbac68_3716,12235.53837038744
00bbac68_3717,12235.528353099286
00bbac68_3718,12235.510719169426
00bbac68_3719,12235.498115443394
00bbac68_3720,12235.48619188194
00bbac68_3721,12235.472943291825
00bbac68_3722,12235.452881095429
00bbac68_3723,12235.441804952025
00bbac68_3724,12235.428919799924
00bbac68_3725,12235.408584161383
00bbac68_3726,12235.39489494275
00bbac68_3727,12235.382552480049
00bbac68_3728,12235.363734046035
00bbac68_3729,12235.35039180855
00bbac68_3730,12235.331767009022
00bbac68_3731,12235.319508218254
00bbac68_3732,12235.306524828222
00bbac68_3733,12235.285964772667
00bbac68_3734,12235.272751213664
00bbac68_3735,12235.250206903322
00bbac68_3736,12235.232353216816
00bbac68_3737,12235.209606232427
00bbac68_3738,12235.19206505596
00bbac68_3739,12235.169132014868
00bbac68_3740,12235.149550595472
00bbac68_3741,12235.122232908952
00bbac68_3742,12235.098892620668
00bbac68_3743,12235.061965187528
00bbac68_3744,12235.027446354785
00bbac68_3745,12235.003912319018
00bbac68_3746,12234.974041734971
00bbac68_3747,12234.95143895134
00bbac68_3748,12234.928529235664
00bbac68_3749,12234.906038826635
00bbac68_3750,12234.889167221709
00bbac68_3751,12234.867907654683
00bbac68_3752,12234.85085759418
00bbac68_3753,12234.841484187027
00bbac68_3754,12234.826492793713
00bbac68_3755,12234.813605990032
00bbac68_3756,12234.80114349714
00bbac68_3757,12234.795690233514
00bbac68_3758,12234.785656665268
00bbac68_3759,12234.777516892733
00bbac68_3760,12234.76916701408
00bbac68_3761,12234.763252406214
00bbac68_3762,12234.764092590334
00bbac68_3763,12234.7598101203
00bbac68_3764,12234.754618856468
00bbac68_3765,12234.753142824047
00bbac68_3766,12234.760470297511
00bbac68_3767,12234.76832977961
00bbac68_3768,12234.7772072712
00bbac68_3769,12234.789309633445
00bbac68_3770,12234.80839616602
00bbac68_3771,12234.819008790306
00bbac68_3772,12234.829857447125
00bbac68_3773,12234.841026626262
00bbac68_3774,12234.849823718716
00bbac68_3775,12234.856186008748
00bbac68_3776,12234.8602160614
00bbac68_3777,12234.85948773788
00bbac68_3778,12234.858563911184
00bbac68_3779,12234.854905124595
00bbac68_3780,12234.848928203202
00bbac68_3781,12234.847574330688
00bbac68_3782,12234.848858141402
00bbac68_3783,12234.850707856403
00bbac68_3784,12234.848611280006
00bbac68_3785,12234.847880096586
00bbac68_3786,12234.851749718098
00bbac68_3787,12234.85295549686
00bbac68_3788,12234.851664324904
00bbac68_3789,12234.852875876768
00bbac68_3790,12234.854041979375
00bbac68_3791,12234.854848881563
00bbac68_3792,12234.858990168856
00bbac68_3793,12234.854145734867
00bbac68_3794,12234.849981726402
00bbac68_3795,12234.845543588644
00bbac68_3796,12234.844788113964
00bbac68_3797,12234.837498621186
00bbac68_3798,12234.82915229227
00bbac68_3799,12234.819750135825
00bbac68_3800,12234.814829100264
00bbac68_3801,12234.800998378778
00bbac68_3802,12234.789086008848
00bbac68_3803,12234.78402846057
00bbac68_3804,12234.78194964707
00bbac68_3805,12234.779564742392
00bbac68_3806,12234.782339044905
00bbac68_3807,12234.779201441072
00bbac68_3808,12234.78059298609
00bbac68_3809,12234.773532324984
00bbac68_3810,12234.768993611158
00bbac68_3811,12234.769948477731
00bbac68_3812,12234.76319135821
00bbac68_3813,12234.760847690806
00bbac68_3814,12234.752974488443
00bbac68_3815,12234.753209338223
00bbac68_3816,12234.746561165475
00bbac68_3817,12234.743727824793
00bbac68_3818,12234.736366023497
00bbac68_3819,12234.731291650583
00bbac68_3820,12234.722609106317
00bbac68_3821,12234.718725599205
00bbac68_3822,12234.708266137595
00bbac68_3823,12234.70334004721
00bbac68_3824,12234.689599223411
00bbac68_3825,12234.6807446471
00bbac68_3826,12234.66944891158
00bbac68_3827,12234.648268491012
00bbac68_3828,12234.631302877047
00bbac68_3829,12234.610394585256
00bbac68_3830,12234.591355392982
00bbac68_3831,12234.571529649513
00bbac68_3832,12234.546953733843
00bbac68_3833,12234.527086309798
00bbac68_3834,12234.5062563366
00bbac68_3835,12234.48069362634
00bbac68_3836,12234.463050654467
00bbac68_3837,12234.44626195766
00bbac68_3838,12234.432987062832
00bbac68_3839,12234.410377378332
00bbac68_3840,12234.39401346616
00bbac68_3841,12234.376782743242
00bbac68_3842,12234.359850864332
00bbac68_3843,12234.33705433876
00bbac68_3844,12234.31853357348
00bbac68_3845,12234.30091699904
00bbac68_3846,12234.282067679696
00bbac68_3847,12234.263285618164
00bbac68_3848,12234.24697402609
00bbac68_3849,12234.225080031658
00bbac68_3850,12234.210795412537
00bbac68_3851,12234.19754839173
00bbac68_3852,12234.18452811017
00bbac68_3853,12234.171652202407
00bbac68_3854,12234.159605983088
00bbac68_3855,12234.148680143251
00bbac68_3856,12234.138787248445
00bbac68_3857,12234.130717253856
00bbac68_3858,12234.123557839455
00bbac68_3859,12234.116323258992
00bbac68_3860,12234.110312103903
00bbac68_3861,12234.10493888982
00bbac68_3862,12234.099209591872
00bbac68_3863,12234.093511287849
00bbac68_3864,12234.089751449705
00bbac68_3865,12234.08366225756
00bbac68_3866,12234.076633076524
00bbac68_3867,12234.06983251786
00bbac68_3868,12234.06418588652
00bbac68_3869,12234.058736591369
00bbac68_3870,12234.053656096792
00bbac68_3871,12234.046265798315
00bbac68_3872,12234.039791811329
00bbac68_3873,12234.035382443855
00bbac68_3874,12234.032698631894
00bbac68_3875,12234.029455806998
00bbac68_3876,12234.0258405026
00bbac68_3877,12234.020708604095
00bbac68_3878,12234.020308688105
00bbac68_3879,12234.0122980057
00bbac68_3880,12234.006724536262
00bbac68_3881,12233.997143062294
00bbac68_3882,12233.986718472192
00bbac68_3883,12233.976762938924
00bbac68_3884,12233.965128303582
00bbac68_3885,12233.955010636688
00bbac68_3886,12233.942590687642
00bbac68_3887,12233.931221179322
00bbac68_3888,12233.917922589271
00bbac68_3889,12233.900030596971
00bbac68_3890,12233.885063253172
00bbac68_3891,12233.87104916625
00bbac68_3892,12233.856517267976
00bbac68_3893,12233.83982226963
00bbac68_3894,12233.823666465183
00bbac68_3895,12233.808315132035
00bbac68_3896,12233.79386992486
00bbac68_3897,12233.776939119813
00bbac68_3898,12233.76278975496
00bbac68_3899,12233.74636022852
00bbac68_3900,12233.72914666587
00bbac68_3901,12233.71033355463
00bbac68_3902,12233.688294737103
00bbac68_3903,12233.670245544432
00bbac68_3904,12233.654150751769
00bbac68_3905,12233.63867613038
00bbac68_3906,12233.623731395664
00bbac68_3907,12233.610291504916
00bbac68_3908,12233.598431133118
00bbac68_3909,12233.580418658825
00bbac68_3910,12233.572054872386
00bbac68_3911,12233.562746901323
00bbac68_3912,12233.55175504558
00bbac68_3913,12233.53568629999
00bbac68_3914,12233.518386545227
00bbac68_3915,12233.50969325684
00bbac68_3916,12233.50552347197
00bbac68_3917,12233.501218869504
00bbac68_3918,12233.498870305704
00bbac68_3919,12233.487620919796
00bbac68_3920,12233.484534384828
00bbac68_3921,12233.47878178602
00bbac68_3922,12233.473716323097
00bbac68_3923,12233.46354590349
00bbac68_3924,12233.45921307054
00bbac68_3925,12233.452787715658
00bbac68_3926,12233.448775343408
00bbac68_3927,12233.440588313202
00bbac68_3928,12233.438676340644
00bbac68_3929,12233.43720835876
00bbac68_3930,12233.4299327809
00bbac68_3931,12233.42857719893
00bbac68_3932,12233.43084122442
00bbac68_3933,12233.427285853935
00bbac68_3934,12233.4226006059
00bbac68_3935,12233.41711880341
00bbac68_3936,12233.40879101164
00bbac68_3937,12233.403858554577
00bbac68_3938,12233.398100265991
00bbac68_3939,12233.3859416223
00bbac68_3940,12233.379470017737
00bbac68_3941,12233.372088936503
00bbac68_3942,12233.36023242814
00bbac68_3943,12233.351740468726
00bbac68_3944,12233.336474282016
00bbac68_3945,12233.32677713221
00bbac68_3946,12233.31401641828
00bbac68_3947,12233.294298338284
00bbac68_3948,12233.278124912997
00bbac68_3949,12233.256590153567
00bbac68_3950,12233.238064263058
00bbac68_3951,12233.221080931278
00bbac68_3952,12233.207939115648
00bbac68_3953,12233.191306761264
00bbac68_3954,12233.16744204264
00bbac68_3955,12233.149259031825
00bbac68_3956,12233.125507505469
00bbac68_3957,12233.10749234229
00bbac68_3958,12233.083993770462
00bbac68_3959,12233.06592157765
00bbac68_3960,12233.042267493704
00bbac68_3961,12233.025603010366
00bbac68_3962,12233.002017752664
00bbac68_3963,12232.986749815109
00bbac68_3964,12232.965072352905
00bbac68_3965,12232.95076001975
00bbac68_3966,12232.93060204678
00bbac68_3967,12232.91840076503
00bbac68_3968,12232.899139192275
00bbac68_3969,12232.8864252377
00bbac68_3970,12232.86696438391
00bbac68_3971,12232.850211442725
00bbac68_3972,12232.828350715288
00bbac68_3973,12232.81653464736
00bbac68_3974,12232.803942140295
00bbac68_3975,12232.799400821605
00bbac68_3976,12232.785566779869
00bbac68_3977,12232.778636627436
00bbac68_3978,12232.765365754847
00bbac68_3979,12232.757539362588
00bbac68_3980,12232.744918288485
00bbac68_3981,12232.738627292589
00bbac68_3982,12232.727104668313
00bbac68_3983,12232.72104903272
00bbac68_3984,12232.713682996651
00bbac68_3985,12232.702176170322
00bbac68_3986,12232.692676241808
00bbac68_3987,12232.680754723497
00bbac68_3988,12232.672275295809
00bbac68_3989,12232.66024244637
00bbac68_3990,12232.64814789978
00bbac68_3991,12232.631182308722
00bbac68_3992,12232.621067127322
00bbac68_3993,12232.60892667279
00bbac68_3994,12232.5934010681
00bbac68_3995,12232.582624658724
00bbac68_3996,12232.5680397471
00bbac68_3997,12232.559179865517
00bbac68_3998,12232.54537448601
00bbac68_3999,12232.538273374072
00bbac68_4000,12232.531052830418
00bbac68_4001,12232.518425312088
00bbac68_4002,12232.50987112155
00bbac68_4003,12232.496811357423
00bbac68_4004,12232.486278447746
00bbac68_4005,12232.476643791617
00bbac68_4006,12232.455199076474
00bbac68_4007,12232.444372449185
00bbac68_4008,12232.43322306872
00bbac68_4009,12232.418291969856
00bbac68_4010,12232.41315462373
00bbac68_4011,12232.399160648318
00bbac68_4012,12232.387974308289
00bbac68_4013,12232.37529499912
00bbac68_4014,12232.361340492353
00bbac68_4015,12232.352265799092
00bbac68_4016,12232.34608125254
00bbac68_4017,12232.333074492935
00bbac68_4018,12232.328290879072
00bbac68_4019,12232.32161452646
00bbac68_4020,12232.31128905038
00bbac68_4021,12232.303156208744
00bbac68_4022,12232.295817601653
00bbac68_4023,12232.285718445542
00bbac68_4024,12232.28073856779
00bbac68_4025,12232.279445378055
00bbac68_4026,12232.271873287473
00bbac68_4027,12232.269680182915
00bbac68_4028,12232.26444692256
00bbac68_4029,12232.25592069798
00bbac68_4030,12232.24993064546
00bbac68_4031,12232.24339505631
00bbac68_4032,12232.23354771497
00bbac68_4033,12232.228834290045
00bbac68_4034,12232.225125245608
00bbac68_4035,12232.219102511184
00bbac68_4036,12232.207763002702
00bbac68_4037,12232.201257683188
00bbac68_4038,12232.195904465656
00bbac68_4039,12232.1830635159
00bbac68_4040,12232.178572976729
00bbac68_4041,12232.1728852427
00bbac68_4042,12232.168286552662
00bbac68_4043,12232.154816138336
00bbac68_4044,12232.149018107988
00bbac68_4045,12232.145106553467
00bbac68_4046,12232.139880663264
00bbac68_4047,12232.13069736322
00bbac68_4048,12232.127873769306
00bbac68_4049,12232.124629430547
00bbac68_4050,12232.118483012608
00bbac68_4051,12232.107960397436
00bbac68_4052,12232.104161338764
00bbac68_4053,12232.100826616705
00bbac68_4054,12232.097548562666
00bbac68_4055,12232.08978769998
00bbac68_4056,12232.087683939746
00bbac68_4057,12232.085325502136
00bbac68_4058,12232.084096770555
00bbac68_4059,12232.074729199689
00bbac68_4060,12232.073526777713
00bbac68_4061,12232.069408249608
00bbac68_4062,12232.067558721152
00bbac68_4063,12232.06460780344
00bbac68_4064,12232.062073191322
00bbac68_4065,12232.058677358746
00bbac68_4066,12232.055442349449
00bbac68_4067,12232.056347293052
00bbac68_4068,12232.056319013163
00bbac68_4069,12232.050140879428
00bbac68_4070,12232.049243468577
00bbac68_4071,12232.04443462653
00bbac68_4072,12232.043604093586
00bbac68_4073,12232.040026365064
00bbac68_4074,12232.035304768788
00bbac68_4075,12232.030026919309
00bbac68_4076,12232.024147671556
00bbac68_4077,12232.018950565409
00bbac68_4078,12232.014383545064
00bbac68_4079,12232.008031632233
00bbac68_4080,12232.002667952778
00bbac68_4081,12232.002089713427
00bbac68_4082,12231.99822686792
00bbac68_4083,12231.99301399905
00bbac68_4084,12231.987724211953
00bbac68_4085,12231.98753645638
00bbac68_4086,12231.98309461197
00bbac68_4087,12231.976245436346
00bbac68_4088,12231.97621755263
00bbac68_4089,12231.968662797794
00bbac68_4090,12231.962633553212
00bbac68_4091,12231.959234254842
00bbac68_4092,12231.950733554902
00bbac68_4093,12231.943447053822
00bbac68_4094,12231.941505439314
00bbac68_4095,12231.934095223309
00bbac68_4096,12231.93309625552
00bbac68_4097,12231.926403205698
00bbac68_4098,12231.92464755664
00bbac68_4099,12231.914696065109
00bbac68_4100,12231.910105569072
00bbac68_4101,12231.899324562355
00bbac68_4102,12231.89550977834
00bbac68_4103,12231.885814318017
00bbac68_4104,12231.882014539004
00bbac68_4105,12231.87775296461
00bbac68_4106,12231.868133753393
00bbac68_4107,12231.863832818552
00bbac68_4108,12231.859858870928
00bbac68_4109,12231.85047953776
00bbac68_4110,12231.843752875477
00bbac68_4111,12231.837735412557
00bbac68_4112,12231.826262352106
00bbac68_4113,12231.820333395486
00bbac68_4114,12231.814034017338
00bbac68_4115,12231.808207736856
00bbac68_4116,12231.80237356872
00bbac68_4117,12231.790910193213
00bbac68_4118,12231.785341227922
00bbac68_4119,12231.778893396622
00bbac68_4120,12231.772348620492
00bbac68_4121,12231.764955589932
00bbac68_4122,12231.758327026935
00bbac68_4123,12231.751932945925
00bbac68_4124,12231.745167714971
00bbac68_4125,12231.73922832948
00bbac68_4126,12231.73344060386
00bbac68_4127,12231.729876641804
00bbac68_4128,12231.724910313393
00bbac68_4129,12231.718386526964
00bbac68_4130,12231.713155989391
00bbac68_4131,12231.706665911965
00bbac68_4132,12231.701658682296
00bbac68_4133,12231.694579445564
00bbac68_4134,12231.686671247136
00bbac68_4135,12231.68444675533
00bbac68_4136,12231.676730296887
00bbac68_4137,12231.667921152752
00bbac68_4138,12231.65934419494
00bbac68_4139,12231.650983462549
00bbac68_4140,12231.648809737617
00bbac68_4141,12231.641716832675
00bbac68_4142,12231.63535955096
00bbac68_4143,12231.630096815934
00bbac68_4144,12231.630211154152
00bbac68_4145,12231.626741854245
00bbac68_4146,12231.623487045254
00bbac68_4147,12231.6263862265
00bbac68_4148,12231.624332062634
00bbac68_4149,12231.627773900647
00bbac68_4150,12231.62535041398
00bbac68_4151,12231.628273942431
00bbac68_4152,12231.626732027791
00bbac68_4153,12231.625180879986
00bbac68_4154,12231.628448373296
00bbac68_4155,12231.62671581117
00bbac68_4156,12231.630182975305
00bbac68_4157,12231.62766321615
00bbac68_4158,12231.630475940854
00bbac68_4159,12231.633513520426
00bbac68_4160,12231.632938101524
00bbac68_4161,12231.640005881734
00bbac68_4162,12231.641354845557
00bbac68_4163,12231.64608057756
00bbac68_4164,12231.645756879923
00bbac68_4165,12231.650639997446
00bbac68_4166,12231.65537570425
00bbac68_4167,12231.654357466748
00bbac68_4168,12231.660059047346
00bbac68_4169,12231.659421397344
00bbac68_4170,12231.662757180971
00bbac68_4171,12231.66853430784
00bbac68_4172,12231.669804844212
00bbac68_4173,12231.677144647998
00bbac68_4174,12231.68399263388
00bbac68_4175,12231.686635587344
00bbac68_4176,12231.696127649033
00bbac68_4177,12231.70443108352
00bbac68_4178,12231.71284468687
00bbac68_4179,12231.714289924736
00bbac68_4180,12231.722681283323
00bbac68_4181,12231.73094155218
00bbac68_4182,12231.733593387056
00bbac68_4183,12231.741528881432
00bbac68_4184,12231.751306375278
00bbac68_4185,12231.76436681097
00bbac68_4186,12231.776931158882
00bbac68_4187,12231.78157788102
00bbac68_4188,12231.789958311076
00bbac68_4189,12231.796555780242
00bbac68_4190,12231.804532975895
00bbac68_4191,12231.808722369356
00bbac68_4192,12231.816884609663
00bbac68_4193,12231.822122898344
00bbac68_4194,12231.822434710955
00bbac68_4195,12231.828596285446
00bbac68_4196,12231.833739844911
00bbac68_4197,12231.838601337826
00bbac68_4198,12231.845257755796
00bbac68_4199,12231.849452653854
00bbac68_4200,12231.853261173605
00bbac68_4201,12231.856741497637
00bbac68_4202,12231.861165749013
00bbac68_4203,12231.8647854971
00bbac68_4204,12231.868853491424
00bbac68_4205,12231.87366378602
00bbac68_4206,12231.877814911864
00bbac68_4207,12231.882070049727
00bbac68_4208,12231.888140760851
00bbac68_4209,12231.893002420617
00bbac68_4210,12231.899402107409
00bbac68_4211,12231.905614402976
00bbac68_4212,12231.91396309467
00bbac68_4213,12231.922213177026
00bbac68_4214,12231.930602527387
00bbac68_4215,12231.938412638638
00bbac68_4216,12231.945554869726
00bbac68_4217,12231.95191491524
00bbac68_4218,12231.959040827487
00bbac68_4219,12231.969938652128
00bbac68_4220,12231.97562226209
00bbac68_4221,12231.980583712088
00bbac68_4222,12231.98406570965
00bbac68_4223,12231.989654104156
00bbac68_4224,12231.99659172104
00bbac68_4225,12232.003112168806
00bbac68_4226,12232.016889440994
00bbac68_4227,12232.024026034156
00bbac68_4228,12232.03096466303
00bbac68_4229,12232.03697180924
00bbac68_4230,12232.049588845144
00bbac68_4231,12232.055143003894
00bbac68_4232,12232.06133654451
00bbac68_4233,12232.068915634734
00bbac68_4234,12232.081613702068
00bbac68_4235,12232.089218494097
00bbac68_4236,12232.097421864808
00bbac68_4237,12232.104810916138
00bbac68_4238,12232.118588882204
00bbac68_4239,12232.126481788986
00bbac68_4240,12232.135919253717
00bbac68_4241,12232.150491372817
00bbac68_4242,12232.159921578346
00bbac68_4243,12232.169610735036
00bbac68_4244,12232.185876902542
00bbac68_4245,12232.196293621262
00bbac68_4246,12232.208287390857
00bbac68_4247,12232.212379319702
00bbac68_4248,12232.21566001241
00bbac68_4249,12232.225968442595
00bbac68_4250,12232.229799682342
00bbac68_4251,12232.232951443231
00bbac68_4252,12232.240404570952
00bbac68_4253,12232.240913360843
00bbac68_4254,12232.239630719198
00bbac68_4255,12232.237991125025
00bbac68_4256,12232.236734798313
00bbac68_4257,12232.241711060917
00bbac68_4258,12232.23967782251
00bbac68_4259,12232.234908102391
00bbac68_4260,12232.230286318956
00bbac68_4261,12232.225962405528
00bbac68_4262,12232.219775292962
00bbac68_4263,12232.213896265836
00bbac68_4264,12232.20824171912
00bbac68_4265,12232.203739462471
00bbac68_4266,12232.199579844466
00bbac68_4267,12232.19493406509
00bbac68_4268,12232.191752534913
00bbac68_4269,12232.18860344416
00bbac68_4270,12232.185429832502
00bbac68_4271,12232.184663672862
00bbac68_4272,12232.181916843025
00bbac68_4273,12232.17550384832
00bbac68_4274,12232.173776658115
00bbac68_4275,12232.171223841106
00bbac68_4276,12232.16527078523
00bbac68_4277,12232.161317033308
00bbac68_4278,12232.152744535715
00bbac68_4279,12232.152199542172
00bbac68_4280,12232.152220796565
00bbac68_4281,12232.148203223893
00bbac68_4282,12232.150440360732
00bbac68_4283,12232.15402672638
00bbac68_4284,12232.151020048908
00bbac68_4285,12232.151645950584
00bbac68_4286,12232.145611603775
00bbac68_4287,12232.14594211276
00bbac68_4288,12232.140336173596
00bbac68_4289,12232.140739861225
00bbac68_4290,12232.135559520622
00bbac68_4291,12232.136264669798
00bbac68_4292,12232.129898758154
00bbac68_4293,12232.125219326768
00bbac68_4294,12232.125740122256
00bbac68_4295,12232.121255571035
00bbac68_4296,12232.122654854476
00bbac68_4297,12232.117309075527
00bbac68_4298,12232.111055163336
00bbac68_4299,12232.105040077327
00bbac68_4300,12232.103036514149
00bbac68_4301,12232.095750740133
00bbac68_4302,12232.08911089955
00bbac68_4303,12232.083690593508
00bbac68_4304,12232.079084986435
00bbac68_4305,12232.080596237058
00bbac68_4306,12232.07603864634
00bbac68_4307,12232.070992306082
00bbac68_4308,12232.065863413463
00bbac68_4309,12232.061041473356
00bbac68_4310,12232.05656866811
00bbac68_4311,12232.052457234451
00bbac68_4312,12232.048982062965
00bbac68_4313,12232.044765228202
00bbac68_4314,12232.041324785409
00bbac68_4315,12232.039637808257
00bbac68_4316,12232.038492600532
00bbac68_4317,12232.037447664963
00bbac68_4318,12232.03727871838
00bbac68_4319,12232.0329611922
00bbac68_4320,12232.034020837786
00bbac68_4321,12232.035307474453
00bbac68_4322,12232.036351778346
00bbac68_4323,12232.039974089192
00bbac68_4324,12232.038905193807
00bbac68_4325,12232.04329330058
00bbac68_4326,12232.047597601477
00bbac68_4327,12232.046589565549
00bbac68_4328,12232.051687678946
00bbac68_4329,12232.056378344249
00bbac68_4330,12232.0546054338
00bbac68_4331,12232.059232659907
00bbac68_4332,12232.05720737745
00bbac68_4333,12232.0606637716
00bbac68_4334,12232.06442810125
00bbac68_4335,12232.0625053098
00bbac68_4336,12232.06570501521
00bbac68_4337,12232.068437841372
00bbac68_4338,12232.070454696735
00bbac68_4339,12232.07746756067
00bbac68_4340,12232.077467942136
00bbac68_4341,12232.082957460778
00bbac68_4342,12232.08177574147
00bbac68_4343,12232.07920862416
00bbac68_4344,12232.08058124401
00bbac68_4345,12232.075021139986
00bbac68_4346,12232.075615257218
00bbac68_4347,12232.07159490812
00bbac68_4348,12232.071324898772
00bbac68_4349,12232.067591078918
00bbac68_4350,12232.068185381524
00bbac68_4351,12232.067668164069
00bbac68_4352,12232.0591453658
00bbac68_4353,12232.056896156588
00bbac68_4354,12232.04913752915
00bbac68_4355,12232.046651585337
00bbac68_4356,12232.04339498398
00bbac68_4357,12232.033596828776
00bbac68_4358,12232.031146955696
00bbac68_4359,12232.026906535017
00bbac68_4360,12232.024566171203
00bbac68_4361,12232.017759432758
00bbac68_4362,12232.016327271836
00bbac68_4363,12232.015361297856
00bbac68_4364,12232.013382025933
00bbac68_4365,12232.012842220303
00bbac68_4366,12232.005481477816
00bbac68_4367,12232.001735306045
00bbac68_4368,12231.997367514768
00bbac68_4369,12231.992455814589
00bbac68_4370,12231.987085247216
00bbac68_4371,12231.982213682544
00bbac68_4372,12231.975236502109
00bbac68_4373,12231.967805612216
00bbac68_4374,12231.959622619082
00bbac68_4375,12231.95201073697
00bbac68_4376,12231.946244662391
00bbac68_4377,12231.94277021366
00bbac68_4378,12231.936391832647
00bbac68_4379,12231.930096100736
00bbac68_4380,12231.924025450287
00bbac68_4381,12231.91815435182
00bbac68_4382,12231.911267289132
00bbac68_4383,12231.908473778012
00bbac68_4384,12231.899301690995
00bbac68_4385,12231.889432960725
00bbac68_4386,12231.879418052367
00bbac68_4387,12231.869245580005
00bbac68_4388,12231.864611631325
00bbac68_4389,12231.853946364934
00bbac68_4390,12231.843837850902
00bbac68_4391,12231.833761017951
00bbac68_4392,12231.8304227351
00bbac68_4393,12231.821162476532
00bbac68_4394,12231.812068351534
00bbac68_4395,12231.809572544573
00bbac68_4396,12231.801980749064
00bbac68_4397,12231.800294769662
00bbac68_4398,12231.792825801298
00bbac68_4399,12231.786562505747
00bbac68_4400,12231.784526272822
00bbac68_4401,12231.777325403582
00bbac68_4402,12231.77438699086
00bbac68_4403,12231.766748022306
00bbac68_4404,12231.765477918998
00bbac68_4405,12231.758895217848
00bbac68_4406,12231.758405817807
00bbac68_4407,12231.76023907164
00bbac68_4408,12231.756007207436
00bbac68_4409,12231.757985833789
00bbac68_4410,12231.754623380732
00bbac68_4411,12231.75746708564
00bbac68_4412,12231.760896883969
00bbac68_4413,12231.765467028192
00bbac68_4414,12231.766000136282
00bbac68_4415,12231.770718882452
00bbac68_4416,12231.77638988394
00bbac68_4417,12231.776705790364
00bbac68_4418,12231.782864080396
00bbac68_4419,12231.78787793207
00bbac68_4420,12231.793736131232
00bbac68_4421,12231.799267431665
00bbac68_4422,12231.80464489029
00bbac68_4423,12231.804488013207
00bbac68_4424,12231.808336487677
00bbac68_4425,12231.814491083704
00bbac68_4426,12231.82208075584
00bbac68_4427,12231.829201231434
00bbac68_4428,12231.83621960712
00bbac68_4429,12231.844918549976
00bbac68_4430,12231.8512539904
00bbac68_4431,12231.85767871833
00bbac68_4432,12231.86356023314
00bbac68_4433,12231.86959595433
00bbac68_4434,12231.874902975782
00bbac68_4435,12231.880406744222
00bbac68_4436,12231.885180197509
00bbac68_4437,12231.88952150008
00bbac68_4438,12231.890894878772
00bbac68_4439,12231.89377423005
00bbac68_4440,12231.895774616154
00bbac68_4441,12231.89827282818
00bbac68_4442,12231.899426190905
00bbac68_4443,12231.901957582446
00bbac68_4444,12231.906322973387
00bbac68_4445,12231.91002391384
00bbac68_4446,12231.906336782533
00bbac68_4447,12231.90820109076
00bbac68_4448,12231.910158622752
00bbac68_4449,12231.909819398104
00bbac68_4450,12231.903792201412
00bbac68_4451,12231.903756113974
00bbac68_4452,12231.898867103024
00bbac68_4453,12231.898897305284
00bbac68_4454,12231.898603600854
00bbac68_4455,12231.892793596702
00bbac68_4456,12231.891142021865
00bbac68_4457,12231.883615543877
00bbac68_4458,12231.88155363814
00bbac68_4459,12231.87579271432
00bbac68_4460,12231.874297795865
00bbac68_4461,12231.868144563265
00bbac68_4462,12231.86170791455
00bbac68_4463,12231.862559055911
00bbac68_4464,12231.860084672922
00bbac68_4465,12231.85823299202
00bbac68_4466,12231.862793269622
00bbac68_4467,12231.864697958752
00bbac68_4468,12231.864968421578
00bbac68_4469,12231.865621034707
00bbac68_4470,12231.867159639376
00bbac68_4471,12231.868410629388
00bbac68_4472,12231.874085956308
00bbac68_4473,12231.874906770594
00bbac68_4474,12231.876779179216
00bbac68_4475,12231.877417381256
00bbac68_4476,12231.877658422756
00bbac68_4477,12231.87833250523
00bbac68_4478,12231.878526072243
00bbac68_4479,12231.879405784832
00bbac68_4480,12231.875568446612
00bbac68_4481,12231.876553209187
00bbac68_4482,12231.878321071445
00bbac68_4483,12231.878989226914
00bbac68_4484,12231.87837622678
00bbac68_4485,12231.877496517309
00bbac68_4486,12231.870908781691
00bbac68_4487,12231.868912104565
00bbac68_4488,12231.866238587456
00bbac68_4489,12231.86142034239
00bbac68_4490,12231.859973768896
00bbac68_4491,12231.85901452599
00bbac68_4492,12231.850719545517
00bbac68_4493,12231.848119213331
00bbac68_4494,12231.838849368354
00bbac68_4495,12231.835770634323
00bbac68_4496,12231.82625762299
00bbac68_4497,12231.820913280144
00bbac68_4498,12231.808574832825
00bbac68_4499,12231.800620219015
00bbac68_4500,12231.787405811116
00bbac68_4501,12231.775024135526
00bbac68_4502,12231.76896735314
00bbac68_4503,12231.75727685335
00bbac68_4504,12231.745450436125
00bbac68_4505,12231.737790159254
00bbac68_4506,12231.723976489146
00bbac68_4507,12231.71056004732
00bbac68_4508,12231.697036197553
00bbac68_4509,12231.684810620827
00bbac68_4510,12231.67305036161
00bbac68_4511,12231.667529618488
00bbac68_4512,12231.657047786506
00bbac68_4513,12231.64477285084
00bbac68_4514,12231.632459052136
00bbac68_4515,12231.61961754322
00bbac68_4516,12231.604699500433
00bbac68_4517,12231.5894396221
00bbac68_4518,12231.572653084737
00bbac68_4519,12231.550087558631
00bbac68_4520,12231.533135006364
00bbac68_4521,12231.515171982564
00bbac68_4522,12231.49580151262
00bbac68_4523,12231.47544756117
00bbac68_4524,12231.45462484735
00bbac68_4525,12231.438473898124
00bbac68_4526,12231.42341639449
00bbac68_4527,12231.409742119273
00bbac68_4528,12231.386964430516
00bbac68_4529,12231.369017970934
00bbac68_4530,12231.349778131414
00bbac68_4531,12231.323358696069
00bbac68_4532,12231.3033682766
00bbac68_4533,12231.278917117288
00bbac68_4534,12231.257809936076
00bbac68_4535,12231.236721672029
00bbac68_4536,12231.20802811379
00bbac68_4537,12231.184395335244
00bbac68_4538,12231.160150101345
00bbac68_4539,12231.130246721448
00bbac68_4540,12231.106263019044
00bbac68_4541,12231.08053623722
00bbac68_4542,12231.05070705041
00bbac68_4543,12231.026339476626
00bbac68_4544,12231.000339679364
00bbac68_4545,12230.970426338396
00bbac68_4546,12230.945824643528
00bbac68_4547,12230.920648477171
00bbac68_4548,12230.8965142482
00bbac68_4549,12230.867543043958
00bbac68_4550,12230.843809993576
00bbac68_4551,12230.81972269187
00bbac68_4552,12230.787260543811
00bbac68_4553,12230.76064308974
00bbac68_4554,12230.734936990168
00bbac68_4555,12230.708073840497
00bbac68_4556,12229.702685731216
00bbac68_4557,12229.674579739409
00bbac68_4558,12229.64873439468
00bbac68_4559,12229.622908107169
00bbac68_4560,12229.59787916088
00bbac68_4561,12229.56897470824
00bbac68_4562,12229.546775690636
00bbac68_4563,12229.52174655698
00bbac68_4564,12229.49649537343
00bbac68_4565,12229.47008820001
00bbac68_4566,12229.447004708914
00bbac68_4567,12229.426230976413
00bbac68_4568,12229.404594112168
00bbac68_4569,12229.382664716311
00bbac68_4570,12229.361206013098
00bbac68_4571,12229.333245326496
00bbac68_4572,12229.3105804125
00bbac68_4573,12229.28800985294
00bbac68_4574,12229.26660751797
00bbac68_4575,12229.244445388093
00bbac68_4576,12229.221243592245
00bbac68_4577,12229.192886059362
00bbac68_4578,12229.169695957844
00bbac68_4579,12229.149748411792
00bbac68_4580,12229.128907870492
00bbac68_4581,12229.107410260942
00bbac68_4582,12229.085763620746
00bbac68_4583,12229.065706072546
00bbac68_4584,12229.04633720378
00bbac68_4585,12229.023726868383
00bbac68_4586,12228.996213197312
00bbac68_4587,12228.97497788793
00bbac68_4588,12228.951475600665
00bbac68_4589,12228.927082946391
00bbac68_4590,12228.900474493264
00bbac68_4591,12228.871026496325
00bbac68_4592,12228.838304675131
00bbac68_4593,12228.803252179448
00bbac68_4594,12228.76610716235
00bbac68_4595,12228.7291197637
00bbac68_4596,12228.692700840726
00bbac68_4597,12228.654876894234
00bbac68_4598,12228.616407599113
00bbac68_4599,12228.579466891631
00bbac68_4600,12228.544261786185
00bbac68_4601,12228.51085177165
00bbac68_4602,12228.480925362304
00bbac68_4603,12228.455112441445
00bbac68_4604,12228.426909088754
00bbac68_4605,12228.399512215796
00bbac68_4606,12228.370696209306
00bbac68_4607,12228.34194998382
00bbac68_4608,12228.31383789775
00bbac68_4609,12228.284847685054
00bbac68_4610,12228.256118438438
00bbac68_4611,12228.228406857386
00bbac68_4612,12228.20029603512
00bbac68_4613,12228.1753333488
00bbac68_4614,12228.149970053517
00bbac68_4615,12228.125351732582
00bbac68_4616,12228.101331502226
00bbac68_4617,12228.079887320917
00bbac68_4618,12228.058802689928
00bbac68_4619,12228.038360811974
00bbac68_4620,12228.017659374327
00bbac68_4621,12227.998385578025
00bbac68_4622,12227.979155658202
00bbac68_4623,12227.960620956312
00bbac68_4624,12227.945410518632
00bbac68_4625,12227.938921605844
00bbac68_4626,12227.924416354655
00bbac68_4627,12227.91178753517
00bbac68_4628,12227.896884873457
00bbac68_4629,12227.880283215329
00bbac68_4630,12227.865459539858
00bbac68_4631,12227.849208956612
00bbac68_4632,12227.83228752714
00bbac68_4633,12227.821898865584
00bbac68_4634,12227.805919169125
00bbac68_4635,12227.789919817766
00bbac68_4636,12227.773764022828
00bbac68_4637,12227.759296568263
00bbac68_4638,12227.7438425926
00bbac68_4639,12227.734663133117
00bbac68_4640,12227.719329968377
00bbac68_4641,12227.704325087874
00bbac68_4642,12227.690285167348
00bbac68_4643,12227.677149560346
00bbac68_4644,12227.667044575555
00bbac68_4645,12227.651736140058
00bbac68_4646,12227.636473696428
00bbac68_4647,12227.619211506537
00bbac68_4648,12227.608265167735
00bbac68_4649,12227.591915495885
00bbac68_4650,12227.576550248814
00bbac68_4651,12227.559898678695
00bbac68_4652,12227.548239106794
00bbac68_4653,12227.531580167128
00bbac68_4654,12227.51372356268
00bbac68_4655,12227.502113042006
00bbac68_4656,12227.484651645056
00bbac68_4657,12227.466887629762
00bbac68_4658,12227.455279412005
00bbac68_4659,12227.43848837174
00bbac68_4660,12227.42141006608
00bbac68_4661,12227.411305744808
00bbac68_4662,12227.395851665256
00bbac68_4663,12227.381049939257
00bbac68_4664,12227.369868610744
00bbac68_4665,12227.352935418285
00bbac68_4666,12227.336248476902
00bbac68_4667,12227.324423239425
00bbac68_4668,12227.307702338312
00bbac68_4669,12227.290787846903
00bbac68_4670,12227.28008517031
00bbac68_4671,12227.26444805252
00bbac68_4672,12227.254678925914
00bbac68_4673,12227.240206973653
00bbac68_4674,12227.226840362093
00bbac68_4675,12227.219217173117
00bbac68_4676,12227.206082997547
00bbac68_4677,12227.199054671011
00bbac68_4678,12227.184279837427
00bbac68_4679,12227.17523916642
00bbac68_4680,12227.161457196496
00bbac68_4681,12227.152659333098
00bbac68_4682,12227.139092158475
00bbac68_4683,12227.131377561424
00bbac68_4684,12227.118126580772
00bbac68_4685,12227.109196824167
00bbac68_4686,12227.09284532266
00bbac68_4687,12227.082072062223
00bbac68_4688,12227.06676680038
00bbac68_4689,12227.056957762186
00bbac68_4690,12227.043474787795
00bbac68_4691,12227.035275650169
00bbac68_4692,12227.022547404118
00bbac68_4693,12227.016742668022
00bbac68_4694,12227.004979108377
00bbac68_4695,12226.998436533717
00bbac68_4696,12226.987642991524
00bbac68_4697,12226.98317696432
00bbac68_4698,12226.973117543315
00bbac68_4699,12226.970119531212
00bbac68_4700,12226.96633742431
00bbac68_4701,12226.958652915606
00bbac68_4702,12226.95651209756
00bbac68_4703,12226.947377734848
00bbac68_4704,12226.939120434385
00bbac68_4705,12226.93211014921
00bbac68_4706,12226.92451636735
00bbac68_4707,12226.922278628535
00bbac68_4708,12226.920948406358
00bbac68_4709,12226.913708592068
00bbac68_4710,12226.913507972617
00bbac68_4711,12226.912701229769
00bbac68_4712,12226.906095192564
00bbac68_4713,12226.906129787014
00bbac68_4714,12226.903093147
00bbac68_4715,12226.89424290352
00bbac68_4716,12226.88892947346
00bbac68_4717,12226.883229066894
00bbac68_4718,12226.871572371236
00bbac68_4719,12226.864376991252
00bbac68_4720,12226.857671922551
00bbac68_4721,12226.850675217933
00bbac68_4722,12226.836069941091
00bbac68_4723,12226.827322243797
00bbac68_4724,12226.820447353666
00bbac68_4725,12226.81344750151
00bbac68_4726,12226.801040030336
00bbac68_4727,12226.79326096679
00bbac68_4728,12226.788257252498
00bbac68_4729,12226.783602365656
00bbac68_4730,12226.778297169549
00bbac68_4731,12226.767059415926
00bbac68_4732,12226.76263352983
00bbac68_4733,12226.758301901158
00bbac68_4734,12226.75373148583
00bbac68_4735,12226.746508390668
00bbac68_4736,12226.737699539146
00bbac68_4737,12226.728301988343
00bbac68_4738,12226.718691079432
00bbac68_4739,12226.702680218774
00bbac68_4740,12226.692488701448
00bbac68_4741,12226.680664586764
00bbac68_4742,12226.66771239819
00bbac68_4743,12226.655254041332
00bbac68_4744,12226.64538935394
00bbac68_4745,12226.633475881834
00bbac68_4746,12226.623523298094
00bbac68_4747,12226.613750890174
00bbac68_4748,12226.604148785496
00bbac68_4749,12226.593219809056
00bbac68_4750,12226.582239572992
00bbac68_4751,12226.569449450431
00bbac68_4752,12226.558054261175
00bbac68_4753,12226.546769493314
00bbac68_4754,12226.534567659945
00bbac68_4755,12226.524354524172
00bbac68_4756,12226.51446595863
00bbac68_4757,12226.509063594018
00bbac68_4758,12226.49904298787
00bbac68_4759,12226.48880877462
00bbac68_4760,12226.47967673522
00bbac68_4761,12226.46959205568
00bbac68_4762,12226.46036072301
00bbac68_4763,12226.448895958776
00bbac68_4764,12226.43677070494
00bbac68_4765,12226.4352623144
00bbac68_4766,12226.428897619524
00bbac68_4767,12226.418445068512
00bbac68_4768,12226.41136506644
00bbac68_4769,12226.403091016591
00bbac68_4770,12226.40299585382
00bbac68_4771,12226.395032449464
00bbac68_4772,12226.384215731798
00bbac68_4773,12226.373453752636
00bbac68_4774,12226.363917343571
00bbac68_4775,12226.361387882069
00bbac68_4776,12226.355452775528
00bbac68_4777,12226.3482887475
00bbac68_4778,12226.350209126287
00bbac68_4779,12226.348453982806
00bbac68_4780,12226.34655489714
00bbac68_4781,12226.351169570971
00bbac68_4782,12226.35221571834
00bbac68_4783,12226.352773644972
00bbac68_4784,12226.359273891048
00bbac68_4785,12226.361372174111
00bbac68_4786,12226.3615481443
00bbac68_4787,12226.367687143893
00bbac68_4788,12226.369240097189
00bbac68_4789,12226.3696517504
00bbac68_4790,12226.377168978452
00bbac68_4791,12226.380220834251
00bbac68_4792,12226.387051511188
00bbac68_4793,12226.386912099651
00bbac68_4794,12226.386911811103
00bbac68_4795,12226.383416482728
00bbac68_4796,12226.38380165386
00bbac68_4797,12226.393051564402
00bbac68_4798,12226.39865950584
00bbac68_4799,12226.414488343007
00bbac68_4800,12226.42466889284
00bbac68_4801,12226.436480615504
00bbac68_4802,12226.439437343006
00bbac68_4803,12226.445776203438
00bbac68_4804,12226.447548503398
00bbac68_4805,12226.440028288158
00bbac68_4806,12226.436683935452
00bbac68_4807,12226.423413730983
00bbac68_4808,12226.411558693171
00bbac68_4809,12226.391704087982
00bbac68_4810,12226.373465045775
00bbac68_4811,12226.36337537272
00bbac68_4812,12226.351203451944
00bbac68_4813,12226.346739869785
00bbac68_4814,12226.34707671746
00bbac68_4815,12226.342519460726
00bbac68_4816,12226.33878000182
00bbac68_4817,12226.33034974305
00bbac68_4818,12226.32457150945
00bbac68_4819,12226.317031101593
00bbac68_4820,12226.30447208375
00bbac68_4821,12226.297160249818
00bbac68_4822,12226.288364735265
00bbac68_4823,12226.274324086928
00bbac68_4824,12226.263482527227
00bbac68_4825,12226.25186582808
00bbac68_4826,12226.241154916812
00bbac68_4827,12226.226250578937
00bbac68_4828,12226.218009126102
00bbac68_4829,12226.208657075873
00bbac68_4830,12226.191021112669
00bbac68_4831,12226.178109998704
00bbac68_4832,12226.168380276247
00bbac68_4833,12226.153900661588
00bbac68_4834,12226.146769091476
00bbac68_4835,12226.141708085048
00bbac68_4836,12226.136827347893
00bbac68_4837,12226.12574470708
00bbac68_4838,12226.122776020118
00bbac68_4839,12226.11849147147
00bbac68_4840,12226.115617887755
00bbac68_4841,12226.109293149326
00bbac68_4842,12226.10629031959
00bbac68_4843,12226.105241139052
00bbac68_4844,12226.107385634132
00bbac68_4845,12226.10851512404
00bbac68_4846,12226.105909428528
00bbac68_4847,12226.110115754218
00bbac68_4848,12226.113890834284
00bbac68_4849,12226.119544908435
00bbac68_4850,12226.124851637214
00bbac68_4851,12226.122628209889
00bbac68_4852,12226.125515820542
00bbac68_4853,12226.127848332855
00bbac68_4854,12226.130773056451
00bbac68_4855,12226.134754311908
00bbac68_4856,12226.131813927414
00bbac68_4857,12226.134810435302
00bbac68_4858,12226.137782798003
00bbac68_4859,12226.139423247068
00bbac68_4860,12226.141368720895
00bbac68_4861,12226.142019794384
00bbac68_4862,12226.142883823395
00bbac68_4863,12226.137994903604
00bbac68_4864,12226.138156347672
00bbac68_4865,12226.138369984155
00bbac68_4866,12226.138305361914
00bbac68_4867,12226.138457445104
00bbac68_4868,12226.136202929978
00bbac68_4869,12226.134750722427
00bbac68_4870,12226.132503012112
00bbac68_4871,12226.127155563412
00bbac68_4872,12226.11889283318
00bbac68_4873,12226.105664838242
00bbac68_4874,12226.09755888673
00bbac68_4875,12226.090722607902
00bbac68_4876,12226.085262902678
00bbac68_4877,12226.07762200098
00bbac68_4878,12226.069041706793
00bbac68_4879,12226.062656119566
00bbac68_4880,12226.05506450294
00bbac68_4881,12226.048845361196
00bbac68_4882,12226.039309258857
00bbac68_4883,12226.030172999404
00bbac68_4884,12226.02313373161
00bbac68_4885,12226.016654860672
00bbac68_4886,12226.014249219794
00bbac68_4887,12226.014020471735
00bbac68_4888,12226.011478318384
00bbac68_4889,12226.00720131166
00bbac68_4890,12226.00368853959
00bbac68_4891,12226.000127966576
00bbac68_4892,12225.996492203583
00bbac68_4893,12225.99471613317
00bbac68_4894,12225.992109139666
00bbac68_4895,12225.988916977396
00bbac68_4896,12225.985400049412
00bbac68_4897,12225.98182347657
00bbac68_4898,12225.980208590494
00bbac68_4899,12225.980965826731
00bbac68_4900,12225.983221257133
00bbac68_4901,12225.984448279549
00bbac68_4902,12225.988447073654
00bbac68_4903,12225.99426031738
00bbac68_4904,12225.999920000027
00bbac68_4905,12226.007823244112
00bbac68_4906,12226.01428808998
00bbac68_4907,12226.026897835189
00bbac68_4908,12226.034664767642
00bbac68_4909,12226.040904981855
00bbac68_4910,12226.047575153663
00bbac68_4911,12226.056218311656
00bbac68_4912,12226.064303036124
00bbac68_4913,12226.07312525915
00bbac68_4914,12226.083730451785
00bbac68_4915,12226.099130471215
00bbac68_4916,12226.110479716695
00bbac68_4917,12226.120384763137
00bbac68_4918,12226.131147249846
00bbac68_4919,12226.142601976537
00bbac68_4920,12226.151269867714
00bbac68_4921,12226.166241434765
00bbac68_4922,12226.177756137164
00bbac68_4923,12226.188082710392
00bbac68_4924,12226.19798032692
00bbac68_4925,12226.208803885824
00bbac68_4926,12226.22356689354
00bbac68_4927,12226.232882827138
00bbac68_4928,12226.242004473592
00bbac68_4929,12226.25086546765
00bbac68_4930,12226.265507430193
00bbac68_4931,12226.275802705844
00bbac68_4932,12226.28618910769
00bbac68_4933,12226.303474691098
00bbac68_4934,12226.31465258832
00bbac68_4935,12226.323898845683
00bbac68_4936,12226.334906488746
00bbac68_4937,12226.341621273848
00bbac68_4938,12226.34672105829
00bbac68_4939,12226.358430864157
00bbac68_4940,12226.364250109938
00bbac68_4941,12226.367734980597
00bbac68_4942,12226.378294545017
00bbac68_4943,12226.386643644972
00bbac68_4944,12226.394720890376
00bbac68_4945,12226.409800758338
00bbac68_4946,12226.422130570336
00bbac68_4947,12226.436153075198
00bbac68_4948,12226.44579748574
00bbac68_4949,12226.453417221284
00bbac68_4950,12226.4674389087
00bbac68_4951,12226.477135690058
00bbac68_4952,12226.492086388997
00bbac68_4953,12226.500738948867
00bbac68_4954,12226.516197169556
00bbac68_4955,12226.525286958688
00bbac68_4956,12226.539933090657
00bbac68_4957,12226.550903646968
00bbac68_4958,12226.564727851888
00bbac68_4959,12226.57509170948
00bbac68_4960,12226.592509538536
00bbac68_4961,12226.604485599
00bbac68_4962,12226.622695440185
00bbac68_4963,12226.638074353146
00bbac68_4964,12226.659537296911
00bbac68_4965,12226.676161519896
00bbac68_4966,12226.699463046874
00bbac68_4967,12226.719936544165
00bbac68_4968,12226.733883100544
00bbac68_4969,12226.755121651771
00bbac68_4970,12226.771759062083
00bbac68_4971,12226.795626530027
00bbac68_4972,12226.822111760666
00bbac68_4973,12226.842709986817
00bbac68_4974,12226.87085121013
00bbac68_4975,12226.895972733995
00bbac68_4976,12226.925457767104
00bbac68_4977,12226.957402372838
00bbac68_4978,12226.986269577535
00bbac68_4979,12227.018364697862
00bbac68_4980,12227.049514563623
00bbac68_4981,12227.07541564593
00bbac68_4982,12227.103974704203
00bbac68_4983,12227.130402435483
00bbac68_4984,12227.153086753906
00bbac68_4985,12227.171162702118
00bbac68_4986,12227.195127290735
00bbac68_4987,12227.217210874502
00bbac68_4988,12227.237867698976
00bbac68_4989,12227.25376504302
00bbac68_4990,12227.27424330998
00bbac68_4991,12227.29405464074
00bbac68_4992,12227.315434081162
00bbac68_4993,12227.329717950364
00bbac68_4994,12227.348896346592
00bbac68_4995,12227.367711971128
00bbac68_4996,12227.38271475196
00bbac68_4997,12227.398100605067
00bbac68_4998,12227.406289393171
00bbac68_4999,12227.418359346018
00bbac68_5000,12227.429410672195
00bbac68_5001,12227.440379144507
00bbac68_5002,12227.449621679
00bbac68_5003,12227.460683482304
00bbac68_5004,12227.466235856466
00bbac68_5005,12227.475438954963
00bbac68_5006,12227.483357574616
00bbac68_5007,12227.491433772411
00bbac68_5008,12227.497818463098
00bbac68_5009,12227.502850117196
00bbac68_5010,12227.509081641305
00bbac68_5011,12227.50772362848
00bbac68_5012,12227.511683066765
00bbac68_5013,12227.513575927893
00bbac68_5014,12227.515249717017
00bbac68_5015,12227.515693850675
00bbac68_5016,12227.50817272728
00bbac68_5017,12227.506168355449
00bbac68_5018,12227.507417098215
00bbac68_5019,12227.511784652716
00bbac68_5020,12227.514922703507
00bbac68_5021,12227.520329795723
00bbac68_5022,12227.519338443954
00bbac68_5023,12227.525913126454
00bbac68_5024,12227.534203348145
00bbac68_5025,12227.54248956858
00bbac68_5026,12227.55108194894
00bbac68_5027,12227.55504851885
00bbac68_5028,12227.564998370588
00bbac68_5029,12227.574088325337
00bbac68_5030,12227.58416677834
00bbac68_5031,12227.593489175018
00bbac68_5032,12227.597103286773
00bbac68_5033,12227.607249105047
00bbac68_5034,12227.616241224234
00bbac68_5035,12227.625326244546
00bbac68_5036,12227.635637407631
00bbac68_5037,12227.639113709583
00bbac68_5038,12227.646913659628
00bbac68_5039,12227.657901158227
00bbac68_5040,12227.669154988278
00bbac68_5041,12227.67787055541
00bbac68_5042,12227.687715966436
00bbac68_5043,12227.698405944151
00bbac68_5044,12227.70813588418
00bbac68_5045,12227.71922729105
00bbac68_5046,12227.7240753774
00bbac68_5047,12227.733966117588
00bbac68_5048,12227.744695997844
00bbac68_5049,12227.754805743076
00bbac68_5050,12227.76078055163
00bbac68_5051,12227.769914756864
00bbac68_5052,12227.780350968833
00bbac68_5053,12227.790822379522
00bbac68_5054,12227.793792892207
00bbac68_5055,12227.802303173548
00bbac68_5056,12227.811319636492
00bbac68_5057,12227.819782848375
00bbac68_5058,12227.827463582858
00bbac68_5059,12227.829423556828
00bbac68_5060,12227.836555496238
00bbac68_5061,12227.843055439353
00bbac68_5062,12227.848809443383
00bbac68_5063,12227.848384967016
00bbac68_5064,12227.854872130922
00bbac68_5065,12227.86045127231
00bbac68_5066,12227.85931684651
00bbac68_5067,12227.864531025054
00bbac68_5068,12227.869743459294
00bbac68_5069,12227.87588644768
00bbac68_5070,12227.874899077222
00bbac68_5071,12227.87962607322
00bbac68_5072,12227.884282374103
00bbac68_5073,12227.88855812592
00bbac68_5074,12227.88784546418
00bbac68_5075,12227.892351502029
00bbac68_5076,12227.899108150428
00bbac68_5077,12227.908836030989
00bbac68_5078,12227.915531666218
00bbac68_5079,12227.925914671074
00bbac68_5080,12227.933974428355
00bbac68_5081,12227.932519941478
00bbac68_5082,12227.935277104902
00bbac68_5083,12227.938171365808
00bbac68_5084,12227.940189100267
00bbac68_5085,12227.93725293636
00bbac68_5086,12227.938442664235
00bbac68_5087,12227.93982864535
00bbac68_5088,12227.935034454324
00bbac68_5089,12227.935381212616
00bbac68_5090,12227.93713838185
00bbac68_5091,12227.934031111196
00bbac68_5092,12227.93559022221
00bbac68_5093,12227.936448587636
00bbac68_5094,12227.937544652128
00bbac68_5095,12227.93302738415
00bbac68_5096,12227.934635906176
00bbac68_5097,12227.935618936252
00bbac68_5098,12227.932194647055
00bbac68_5099,12227.936215607171
00bbac68_5100,12227.940472734264
00bbac68_5101,12227.939880708687
00bbac68_5102,12227.94721831744
00bbac68_5103,12227.954644918978
00bbac68_5104,12227.95733746404
00bbac68_5105,12227.965312529024
00bbac68_5106,12227.9735265499
00bbac68_5107,12227.98428949097
00bbac68_5108,12227.987960499888
00bbac68_5109,12227.996932671376
00bbac68_5110,12228.007162887254
00bbac68_5111,12228.011493860882
00bbac68_5112,12228.022377733612
00bbac68_5113,12228.032236641924
00bbac68_5114,12228.036401915686
00bbac68_5115,12228.045674522076
00bbac68_5116,12228.055266376816
00bbac68_5117,12228.060250097751
00bbac68_5118,12228.071588856435
00bbac68_5119,12228.083965106132
00bbac68_5120,12228.090921499204
00bbac68_5121,12228.103237075036
00bbac68_5122,12228.115387728973
00bbac68_5123,12228.129100436076
00bbac68_5124,12228.136402580112
00bbac68_5125,12228.147593683832
00bbac68_5126,12228.157690500891
00bbac68_5127,12228.160488794005
00bbac68_5128,12228.171394419447
00bbac68_5129,12228.18053661457
00bbac68_5130,12228.18696097974
00bbac68_5131,12228.204564472082
00bbac68_5132,12228.221958885031
00bbac68_5133,12228.233163836425
00bbac68_5134,12228.248432902052
00bbac68_5135,12228.259597616923
00bbac68_5136,12228.270938544818
00bbac68_5137,12228.272744593383
00bbac68_5138,12228.27688985374
00bbac68_5139,12228.277814202846
00bbac68_5140,12228.271689270989
00bbac68_5141,12228.27230290868
00bbac68_5142,12228.275098829785
00bbac68_5143,12228.272301549074
00bbac68_5144,12228.274530818191
00bbac68_5145,12228.2778402801
00bbac68_5146,12228.273750203833
00bbac68_5147,12228.274929635516
00bbac68_5148,12228.27601724305
00bbac68_5149,12228.277920344275
00bbac68_5150,12228.274986035518
00bbac68_5151,12228.275946996531
00bbac68_5152,12228.276383976288
00bbac68_5153,12228.272354443783
00bbac68_5154,12228.276985933464
00bbac68_5155,12228.28106901229
00bbac68_5156,12228.280007865433
00bbac68_5157,12228.292193306292
00bbac68_5158,12228.304846467769
00bbac68_5159,12228.312071153978
00bbac68_5160,12228.321205153334
00bbac68_5161,12228.329444292449
00bbac68_5162,12228.334324486505
00bbac68_5163,12228.333434063728
00bbac68_5164,12228.336670816829
00bbac68_5165,12228.338619969927
00bbac68_5166,12228.334361128542
00bbac68_5167,12228.333309391212
00bbac68_5168,12228.330993810356
00bbac68_5169,12228.323863328207
00bbac68_5170,12228.32086391427
00bbac68_5171,12228.31368258089
00bbac68_5172,12228.301164720597
00bbac68_5173,12228.293242954454
00bbac68_5174,12228.28417811666
00bbac68_5175,12228.269449497013
00bbac68_5176,12228.262216091727
00bbac68_5177,12228.260961393133
00bbac68_5178,12228.261030586682
00bbac68_5179,12228.254846882455
00bbac68_5180,12228.255572461723
00bbac68_5181,12228.25589209418
00bbac68_5182,12228.250764309249
00bbac68_5183,12228.251031143152
00bbac68_5184,12228.252622983517
00bbac68_5185,12228.246915030391
00bbac68_5186,12228.245648469789
00bbac68_5187,12228.244604655649
00bbac68_5188,12228.240893821589
00bbac68_5189,12228.239891781985
00bbac68_5190,12228.239671040432
00bbac68_5191,12228.235480563202
00bbac68_5192,12228.217608141262
00bbac68_5193,12228.203440344772
00bbac68_5194,12228.180079621863
00bbac68_5195,12228.159772125136
00bbac68_5196,12228.146428086997
00bbac68_5197,12228.126717800214
00bbac68_5198,12228.116088863117
00bbac68_5199,12228.100855213066
00bbac68_5200,12228.093244778422
00bbac68_5201,12228.079810876785
00bbac68_5202,12228.07579431176
00bbac68_5203,12228.06969164779
00bbac68_5204,12228.072751456188
00bbac68_5205,12228.070380638785
00bbac68_5206,12228.069727702588
00bbac68_5207,12228.077221171226
00bbac68_5208,12228.081312764738
00bbac68_5209,12228.087474298867
00bbac68_5210,12228.099136378249
00bbac68_5211,12228.106620897775
00bbac68_5212,12228.115487541918
00bbac68_5213,12228.132361964008
00bbac68_5214,12228.144240982108
00bbac68_5215,12228.157421341795
00bbac68_5216,12228.17250723382
00bbac68_5217,12228.19370420091
00bbac68_5218,12228.203143983454
00bbac68_5219,12228.208740297405
00bbac68_5220,12228.21249193054
00bbac68_5221,12228.21619709487
00bbac68_5222,12228.22164156758
00bbac68_5223,12228.23018289325
00bbac68_5224,12228.237527669076
00bbac68_5225,12228.24583454508
00bbac68_5226,12228.259286325054
00bbac68_5227,12228.269164891342
00bbac68_5228,12228.280495575487
00bbac68_5229,12228.29139743464
00bbac68_5230,12228.302560811502
00bbac68_5231,12228.311003150831
00bbac68_5232,12228.326456365476
00bbac68_5233,12228.34240823092
00bbac68_5234,12228.359124212486
00bbac68_5235,12228.377636895406
00bbac68_5236,12228.398934984203
00bbac68_5237,12228.420155361908
00bbac68_5238,12228.436411564611
00bbac68_5239,12228.44285644898
00bbac68_5240,12228.454123975584
00bbac68_5241,12228.4711324339
00bbac68_5242,12228.485126358304
00bbac68_5243,12228.492054550205
00bbac68_5244,12228.500234284234
00bbac68_5245,12228.503477844875
00bbac68_5246,12228.504380507797
00bbac68_5247,12228.499419634249
00bbac68_5248,12228.496497434991
00bbac68_5249,12228.49030655565
00bbac68_5250,12228.475611510046
00bbac68_5251,12228.464916493514
00bbac68_5252,12228.450117697092
00bbac68_5253,12228.442605617023
00bbac68_5254,12228.42713623893
00bbac68_5255,12228.415046844462
00bbac68_5256,12228.398395422262
00bbac68_5257,12228.385505106677
00bbac68_5258,12228.36765242555
00bbac68_5259,12228.352157452871
00bbac68_5260,12228.325467840414
00bbac68_5261,12228.305029255462
00bbac68_5262,12228.279380271835
00bbac68_5263,12228.261154780314
00bbac68_5264,12228.236125568335
00bbac68_5265,12228.21254997811
00bbac68_5266,12228.191856149651
00bbac68_5267,12228.16475774167
00bbac68_5268,12228.138014493352
00bbac68_5269,12228.11271764376
00bbac68_5270,12228.093610227816
00bbac68_5271,12228.0693988341
00bbac68_5272,12228.046030045614
00bbac68_5273,12228.023316379093
00bbac68_5274,12228.006505540194
00bbac68_5275,12227.983321549364
00bbac68_5276,12227.960104548783
00bbac68_5277,12227.93809208642
00bbac68_5278,12227.916071089205
00bbac68_5279,12227.896369937967
00bbac68_5280,12227.876752783855
00bbac68_5281,12227.861939928807
00bbac68_5282,12227.848480631075
00bbac68_5283,12227.837017427992
00bbac68_5284,12227.825925465004
00bbac68_5285,12227.81754633141
00bbac68_5286,12227.809018728072
00bbac68_5287,12227.801631391616
00bbac68_5288,12227.801647686738
00bbac68_5289,12227.79640104816
00bbac68_5290,12227.793880203402
00bbac68_5291,12227.791698290595
00bbac68_5292,12227.790707454
00bbac68_5293,12227.790310822244
00bbac68_5294,12227.790440699382
00bbac68_5295,12227.792872843576
00bbac68_5296,12227.796673128085
00bbac68_5297,12227.800705095917
00bbac68_5298,12227.80560909249
00bbac68_5299,12227.810282502587
00bbac68_5300,12227.8166281003
00bbac68_5301,12227.821838272555
00bbac68_5302,12227.8245083995
00bbac68_5303,12227.820945538142
00bbac68_5304,12227.816875381746
00bbac68_5305,12227.813042687618
00bbac68_5306,12227.81105913618
00bbac68_5307,12227.80853862094
00bbac68_5308,12227.805467318638
00bbac68_5309,12227.802000772304
00bbac68_5310,12227.80595290864
00bbac68_5311,12227.806681232169
00bbac68_5312,12227.809224197732
00bbac68_5313,12227.810835231669
00bbac68_5314,12227.807197220318
00bbac68_5315,12227.803292291315
00bbac68_5316,12227.80383434122
00bbac68_5317,12227.798183369525
00bbac68_5318,12227.789938619017
00bbac68_5319,12227.781222278429
00bbac68_5320,12227.774307844546
00bbac68_5321,12227.770572188125
00bbac68_5322,12227.7711903091
00bbac68_5323,12227.767703827089
00bbac68_5324,12227.759909647004
00bbac68_5325,12227.749941349692
00bbac68_5326,12227.744090927954
00bbac68_5327,12227.735866708152
00bbac68_5328,12227.729682985011
00bbac68_5329,12227.722455395684
00bbac68_5330,12227.717003609136
00bbac68_5331,12227.71712557218
00bbac68_5332,12227.712446484038
00bbac68_5333,12227.70949994966
00bbac68_5334,12227.705890903066
00bbac68_5335,12227.708190768
00bbac68_5336,12227.704589600062
00bbac68_5337,12227.70214381973
00bbac68_5338,12227.704870148922
00bbac68_5339,12227.702739359189
00bbac68_5340,12227.699702160053
00bbac68_5341,12227.69777584205
00bbac68_5342,12227.700533570818
00bbac68_5343,12227.697408111711
00bbac68_5344,12227.694275927992
00bbac68_5345,12227.69788083129
00bbac68_5346,12227.694929055258
00bbac68_5347,12227.693566224454
00bbac68_5348,12227.698435733597
00bbac68_5349,12227.697620807125
00bbac68_5350,12227.69624093863
00bbac68_5351,12227.700309130229
00bbac68_5352,12227.69788843886
00bbac68_5353,12227.69671981698
00bbac68_5354,12227.701882526078
00bbac68_5355,12227.704461019932
00bbac68_5356,12227.705000745176
00bbac68_5357,12227.710510829587
00bbac68_5358,12227.710308084665
00bbac68_5359,12227.71491080384
00bbac68_5360,12227.71650558354
00bbac68_5361,12227.717302645176
00bbac68_5362,12227.722819151722
00bbac68_5363,12227.722389864528
00bbac68_5364,12227.727683110672
00bbac68_5365,12227.72775629772
00bbac68_5366,12227.727842973338
00bbac68_5367,12227.73203741178
00bbac68_5368,12227.730586525437
00bbac68_5369,12227.734705464354
00bbac68_5370,12227.7330261358
00bbac68_5371,12227.73140847282
00bbac68_5372,12227.734193288186
00bbac68_5373,12227.731130099068
00bbac68_5374,12227.732675026857
00bbac68_5375,12227.72937412422
00bbac68_5376,12227.730984719296
00bbac68_5377,12227.725750728565
00bbac68_5378,12227.725337147634
00bbac68_5379,12227.718958204878
00bbac68_5380,12227.71133256555
00bbac68_5381,12227.708822280763
00bbac68_5382,12227.700817332448
00bbac68_5383,12227.69126018776
00bbac68_5384,12227.685490672447
00bbac68_5385,12227.675658342714
00bbac68_5386,12227.665528926464
00bbac68_5387,12227.655789866949
00bbac68_5388,12227.644317754975
00bbac68_5389,12227.632908946878
00bbac68_5390,12227.621845035035
00bbac68_5391,12227.609945221338
00bbac68_5392,12227.597390775332
00bbac68_5393,12227.58466536386
00bbac68_5394,12227.570881699892
00bbac68_5395,12227.55642327033
00bbac68_5396,12227.542032672229
00bbac68_5397,12227.527764324645
00bbac68_5398,12227.507428882114
00bbac68_5399,12227.491724164984
00bbac68_5400,12227.477216118132
00bbac68_5401,12227.464458904593
00bbac68_5402,12227.445633341787
00bbac68_5403,12227.432982249877
00bbac68_5404,12227.410535714072
00bbac68_5405,12227.39304529463
00bbac68_5406,12227.369967327177
00bbac68_5407,12227.352918768403
00bbac68_5408,12227.328953435364
00bbac68_5409,12227.310754523713
00bbac68_5410,12227.28635476418
00bbac68_5411,12227.260345466486
00bbac68_5412,12227.236997137896
00bbac68_5413,12227.206081004646
00bbac68_5414,12227.17529352926
00bbac68_5415,12227.142379372086
00bbac68_5416,12227.1123939941
00bbac68_5417,12227.09083655562
00bbac68_5418,12227.063033894505
00bbac68_5419,12227.03366935656
00bbac68_5420,12227.005108122908
00bbac68_5421,12226.97715002404
00bbac68_5422,12226.948565821567
00bbac68_5423,12226.91417741164
00bbac68_5424,12226.885946598495
00bbac68_5425,12226.85898189804
00bbac68_5426,12226.828912994764
00bbac68_5427,12226.799687697783
00bbac68_5428,12226.76351641292
00bbac68_5429,12226.730037891524
00bbac68_5430,12226.6973303353
00bbac68_5431,12226.658358130338
00bbac68_5432,12226.628360388657
00bbac68_5433,12226.598452857052
00bbac68_5434,12226.565414065642
00bbac68_5435,12226.53942483807
00bbac68_5436,12226.509914043509
00bbac68_5437,12226.48572197706
00bbac68_5438,12226.455753027782
00bbac68_5439,12226.427424454208
00bbac68_5440,12226.40635018111
00bbac68_5441,12226.381399020504
00bbac68_5442,12226.356455519825
00bbac68_5443,12226.331926876395
00bbac68_5444,12226.312293229606
00bbac68_5445,12226.289958072966
00bbac68_5446,12226.269226122487
00bbac68_5447,12226.24930285001
00bbac68_5448,12226.230357236658
00bbac68_5449,12226.212212686778
00bbac68_5450,12226.194315173496
00bbac68_5451,12226.177209420332
00bbac68_5452,12226.160744760637
00bbac68_5453,12226.142869790336
00bbac68_5454,12226.126310873233
00bbac68_5455,12226.107046319945
00bbac68_5456,12226.098441879103
00bbac68_5457,12226.088184919972
00bbac68_5458,12226.07642242226
00bbac68_5459,12226.05808019586
00bbac68_5460,12226.04350562383
00bbac68_5461,12226.026545830202
00bbac68_5462,12225.9986277896
00bbac68_5463,12225.974673959012
00bbac68_5464,12225.942635317568
00bbac68_5465,12225.916426291822
00bbac68_5466,12225.883728214169
00bbac68_5467,12225.845647303877
00bbac68_5468,12225.80858449627
00bbac68_5469,12225.764011917716
00bbac68_5470,12225.717551868678
00bbac68_5471,12225.6756240967
00bbac68_5472,12225.62547305592
00bbac68_5473,12225.574701692089
00bbac68_5474,12225.525896600271
00bbac68_5475,12225.481309609884
00bbac68_5476,12225.431194043846
00bbac68_5477,12225.377187809549
00bbac68_5478,12225.320157545926
00bbac68_5479,12225.267422732531
00bbac68_5480,12225.210150121537
00bbac68_5481,12225.153400668602
00bbac68_5482,12225.093595893375
00bbac68_5483,12225.033003536855
00bbac68_5484,12224.97629617324
00bbac68_5485,12224.915584737788
00bbac68_5486,12224.85418960798
00bbac68_5487,12224.793224845203
00bbac68_5488,12224.737731558593
00bbac68_5489,12224.677731597316
00bbac68_5490,12224.621732033853
00bbac68_5491,12224.568322806728
00bbac68_5492,12224.51657426835
00bbac68_5493,12224.471804955385
00bbac68_5494,12224.423941888075
00bbac68_5495,12224.378283043206
00bbac68_5496,12224.330514033856
00bbac68_5497,12224.28375820764
00bbac68_5498,12224.245415033864
00bbac68_5499,12224.20441365823
00bbac68_5500,12224.166131165484
00bbac68_5501,12224.129161089044
00bbac68_5502,12224.092877934458
00bbac68_5503,12224.062359612486
00bbac68_5504,12224.028590112895
00bbac68_5505,12223.998098343422
00bbac68_5506,12223.966167466002
00bbac68_5507,12223.933753415924
00bbac68_5508,12223.90668389602
00bbac68_5509,12223.875160306614
00bbac68_5510,12223.843124348425
00bbac68_5511,12223.810169678722
00bbac68_5512,12223.776969945944
00bbac68_5513,12223.740403997885
00bbac68_5514,12223.710258853947
00bbac68_5515,12223.677582125243
00bbac68_5516,12223.640528906122
00bbac68_5517,12223.598958746574
00bbac68_5518,12223.554446489528
00bbac68_5519,12223.50972446745
00bbac68_5520,12223.472019581986
00bbac68_5521,12223.426532282478
00bbac68_5522,12223.38192503533
00bbac68_5523,12223.335781758004
00bbac68_5524,12223.288602881925
00bbac68_5525,12223.242021358526
00bbac68_5526,12223.199495104622
00bbac68_5527,12223.150963016513
00bbac68_5528,12223.102024624848
00bbac68_5529,12223.052507044837
00bbac68_5530,12223.002940573004
00bbac68_5531,12222.951455247068
00bbac68_5532,12222.899079242494
00bbac68_5533,12222.851371365648
00bbac68_5534,12222.800055153417
00bbac68_5535,12222.751407634532
00bbac68_5536,12222.70218034024
00bbac68_5537,12222.654372837256
00bbac68_5538,12222.607390298708
00bbac68_5539,12222.559914576175
00bbac68_5540,12222.520363202832
00bbac68_5541,12222.47560674739
00bbac68_5542,12222.43158091952
00bbac68_5543,12222.389710962148
00bbac68_5544,12222.347979859169
00bbac68_5545,12222.308905308266
00bbac68_5546,12222.270895326026
00bbac68_5547,12222.232013994246
00bbac68_5548,12222.200352135593
00bbac68_5549,12222.163516859418
00bbac68_5550,12222.12897039224
00bbac68_5551,12222.095020133836
00bbac68_5552,12222.059551642764
00bbac68_5553,12222.02474849814
00bbac68_5554,12221.991181207068
00bbac68_5555,12221.95912635572
00bbac68_5556,12221.926849569085
00bbac68_5557,12221.902739406669
00bbac68_5558,12221.872745681332
00bbac68_5559,12221.840950961392
00bbac68_5560,12221.809040812102
00bbac68_5561,12221.776184904396
00bbac68_5562,12221.742812039289
00bbac68_5563,12221.707633034628
00bbac68_5564,12221.673701320624
00bbac68_5565,12221.640014076487
00bbac68_5566,12221.602718876584
00bbac68_5567,12221.566753071053
00bbac68_5568,12221.530974058016
00bbac68_5569,12221.500539997996
00bbac68_5570,12221.464327245378
00bbac68_5571,12221.427197694902
00bbac68_5572,12221.389302918724
00bbac68_5573,12221.351535055574
00bbac68_5574,12221.31570866914
00bbac68_5575,12221.280633823368
00bbac68_5576,12221.243914405171
00bbac68_5577,12221.207742816949
00bbac68_5578,12221.165166573564
00bbac68_5579,12221.132356815842
00bbac68_5580,12221.099354037317
00bbac68_5581,12221.0647054421
00bbac68_5582,12221.0303623853
00bbac68_5583,12220.996165803124
00bbac68_5584,12220.963070601534
00bbac68_5585,12220.929277445328
00bbac68_5586,12220.889670180935
00bbac68_5587,12220.854361641275
00bbac68_5588,12220.818520544966
00bbac68_5589,12220.784079442588
00bbac68_5590,12220.748032208696
00bbac68_5591,12220.706621632118
00bbac68_5592,12220.670575910128
00bbac68_5593,12220.633892858532
00bbac68_5594,12220.599630452012
00bbac68_5595,12220.560304604103
00bbac68_5596,12220.527816068496
00bbac68_5597,12220.496120613654
00bbac68_5598,12220.460082258183
00bbac68_5599,12220.431760872309
00bbac68_5600,12220.405298817386
00bbac68_5601,12220.373567877696
00bbac68_5602,12220.34726861271
00bbac68_5603,12220.320408573823
00bbac68_5604,12220.2883947044
00bbac68_5605,12220.26079894244
00bbac68_5606,12220.229580285895
00bbac68_5607,12220.202811857223
00bbac68_5608,12220.174039792755
00bbac68_5609,12220.136629806757
00bbac68_5610,12220.105173139282
00bbac68_5611,12220.066627350752
00bbac68_5612,12220.032675957971
00bbac68_5613,12219.99232614772
00bbac68_5614,12219.95977098111
00bbac68_5615,12219.919758571825
00bbac68_5616,12219.878561006057
00bbac68_5617,12219.840857112897
00bbac68_5618,12219.794955431616
00bbac68_5619,12219.753380732089
00bbac68_5620,12219.704286402255
00bbac68_5621,12219.65434026687
00bbac68_5622,12219.607305637786
00bbac68_5623,12219.55327314576
00bbac68_5624,12219.506440781057
00bbac68_5625,12219.451164680908
00bbac68_5626,12219.39437139509
00bbac68_5627,12219.33860578313
00bbac68_5628,12219.284836861818
00bbac68_5629,12219.227158838534
00bbac68_5630,12219.16860625219
00bbac68_5631,12219.115204908689
00bbac68_5632,12219.059110493212
00bbac68_5633,12219.00639805247
00bbac68_5634,12218.954416175486
00bbac68_5635,12218.901469544378
00bbac68_5636,12218.852269020768
00bbac68_5637,12218.796914081542
00bbac68_5638,12218.740823503613
00bbac68_5639,12218.685760105363
00bbac68_5640,12218.627585974984
00bbac68_5641,12218.566587423184
00bbac68_5642,12218.505513200296
00bbac68_5643,12218.449608233026
00bbac68_5644,12218.386761889938
00bbac68_5645,12218.324308394436
00bbac68_5646,12218.259426917131
00bbac68_5647,12218.194187020035
00bbac68_5648,12218.129628828245
00bbac68_5649,12218.06524341134
00bbac68_5650,12217.998468976868
00bbac68_5651,12217.93189676341
00bbac68_5652,12217.867117846565
00bbac68_5653,12217.80456275029
00bbac68_5654,12217.744952179066
00bbac68_5655,12217.684929055362
00bbac68_5656,12217.625231340704
00bbac68_5657,12217.564756049973
00bbac68_5658,12217.5008603868
00bbac68_5659,12217.441526378285
00bbac68_5660,12217.379150775734
00bbac68_5661,12217.31427874937
00bbac68_5662,12217.24962865434
00bbac68_5663,12217.1827713004
00bbac68_5664,12217.117197098572
00bbac68_5665,12217.042957967236
00bbac68_5666,12216.973501554712
00bbac68_5667,12216.904095950707
00bbac68_5668,12216.832734521184
00bbac68_5669,12216.764470125614
00bbac68_5670,12216.7003286587
00bbac68_5671,12216.629294023896
00bbac68_5672,12216.565958436242
00bbac68_5673,12216.503591659
00bbac68_5674,12216.444470827242
00bbac68_5675,12216.382465954512
00bbac68_5676,12216.31451303752
00bbac68_5677,12216.254497370806
00bbac68_5678,12216.194515088837
00bbac68_5679,12216.136102734104
00bbac68_5680,12216.075294103814
00bbac68_5681,12216.006262461457
00bbac68_5682,12215.9415434619
00bbac68_5683,12215.877140951829
00bbac68_5684,12215.814080709251
00bbac68_5685,12215.748625616005
00bbac68_5686,12215.687594291488
00bbac68_5687,12215.628554270515
00bbac68_5688,12215.570234860472
00bbac68_5689,12215.509880021818
00bbac68_5690,12215.456564299211
00bbac68_5691,12215.40284739709
00bbac68_5692,12215.344759665222
00bbac68_5693,12215.291920767611
00bbac68_5694,12215.238157530614
00bbac68_5695,12215.18473758124
00bbac68_5696,12215.123184504506
00bbac68_5697,12215.065679481508
00bbac68_5698,12215.010665115076
00bbac68_5699,12214.949336194137
00bbac68_5700,12214.89408168495
00bbac68_5701,12214.839516701995
00bbac68_5702,12214.779496569174
00bbac68_5703,12214.725842566071
00bbac68_5704,12214.671294308504
00bbac68_5705,12214.613129386316
00bbac68_5706,12214.557867435438
00bbac68_5707,12214.502861686527
00bbac68_5708,12214.439613234908
00bbac68_5709,12214.381773613452
00bbac68_5710,12214.325209168075
00bbac68_5711,12214.266920736987
00bbac68_5712,12214.21251581552
00bbac68_5713,12214.153055644394
00bbac68_5714,12214.099625715542
00bbac68_5715,12214.044374675912
00bbac68_5716,12213.983543558208
00bbac68_5717,12213.926901320225
00bbac68_5718,12213.868223764404
00bbac68_5719,12213.8122699979
00bbac68_5720,12213.759274902866
00bbac68_5721,12213.700430313384
00bbac68_5722,12213.645751040318
00bbac68_5723,12213.58508324252
00bbac68_5724,12213.53158114653
00bbac68_5725,12213.475312776136
00bbac68_5726,12213.4242642829
00bbac68_5727,12213.378778723822
00bbac68_5728,12213.3228160668
00bbac68_5729,12213.27637886103
00bbac68_5730,12213.222731876944
00bbac68_5731,12213.170740570062
00bbac68_5732,12213.11526339391
00bbac68_5733,12213.065169717653
00bbac68_5734,12213.010574988744
00bbac68_5735,12212.962992802051
00bbac68_5736,12212.910123252315
00bbac68_5737,12212.865334262464
00bbac68_5738,12212.81083283883
00bbac68_5739,12212.760926277051
00bbac68_5740,12212.70614924811
00bbac68_5741,12212.657856211656
00bbac68_5742,12212.60526228092
00bbac68_5743,12212.562063579888
00bbac68_5744,12212.513343500375
00bbac68_5745,12212.46746353946
00bbac68_5746,12212.41542359862
00bbac68_5747,12212.367458675082
00bbac68_5748,12212.320393145115
00bbac68_5749,12212.273110710648
00bbac68_5750,12212.225758281518
00bbac68_5751,12212.1774461833
00bbac68_5752,12212.137571996347
00bbac68_5753,12212.09664999408
00bbac68_5754,12212.055420467896
00bbac68_5755,12212.022115433192
00bbac68_5756,12211.986659946524
00bbac68_5757,12211.956133219905
00bbac68_5758,12211.92349169282
00bbac68_5759,12211.89570392425
00bbac68_5760,12211.864144028525
00bbac68_5761,12211.836507725671
00bbac68_5762,12211.804459209116
00bbac68_5763,12211.771271851256
00bbac68_5764,12211.740098315326
00bbac68_5765,12211.706026556889
00bbac68_5766,12211.67356040086
00bbac68_5767,12211.638539500986
00bbac68_5768,12211.606813194743
00bbac68_5769,12211.573847942438
00bbac68_5770,12211.542708271358
00bbac68_5771,12211.50583483238
00bbac68_5772,12211.470905218172
00bbac68_5773,12211.436953919076
00bbac68_5774,12211.395647545822
00bbac68_5775,12211.360088726127
00bbac68_5776,12211.319861966496
00bbac68_5777,12211.281085668546
00bbac68_5778,12211.240629889771
00bbac68_5779,12211.203290378213
00bbac68_5780,12211.157763597064
00bbac68_5781,12211.116226604496
00bbac68_5782,12211.071253388747
00bbac68_5783,12211.020310203738
00bbac68_5784,12210.975411240915
00bbac68_5785,12210.920380010231
00bbac68_5786,12210.866210584874
00bbac68_5787,12210.812894128929
00bbac68_5788,12210.74991478896
00bbac68_5789,12210.694057377004
00bbac68_5790,12210.635868425374
00bbac68_5791,12210.571145905777
00bbac68_5792,12210.512007598914
00bbac68_5793,12210.452030028642
00bbac68_5794,12210.384347110448
00bbac68_5795,12210.320543966029
00bbac68_5796,12210.253653067595
00bbac68_5797,12210.178882829678
00bbac68_5798,12210.109527348472
00bbac68_5799,12210.03968837497
00bbac68_5800,12209.96765011984
00bbac68_5801,12209.90234025611
00bbac68_5802,12209.837250993172
00bbac68_5803,12209.76754310192
00bbac68_5804,12209.687684185745
00bbac68_5805,12209.611103702297
00bbac68_5806,12209.538523797884
00bbac68_5807,12209.461050366745
00bbac68_5808,12209.38717479362
00bbac68_5809,12209.317064598225
00bbac68_5810,12209.246538067946
00bbac68_5811,12209.177922709818
00bbac68_5812,12209.103546700884
00bbac68_5813,12209.037363809784
00bbac68_5814,12208.967745407866
00bbac68_5815,12208.901953459908
00bbac68_5816,12208.844612161662
00bbac68_5817,12208.782377266034
00bbac68_5818,12208.725699897375
00bbac68_5819,12208.670362418768
00bbac68_5820,12208.61580762436
00bbac68_5821,12208.56812947187
00bbac68_5822,12208.521061340653
00bbac68_5823,12208.465962101984
00bbac68_5824,12208.421377036066
00bbac68_5825,12208.380090002764
00bbac68_5826,12208.337871647447
00bbac68_5827,12208.295717928211
00bbac68_5828,12208.254188565978
00bbac68_5829,12208.20821812165
00bbac68_5830,12208.165126871165
00bbac68_5831,12208.11852336333
00bbac68_5832,12208.079380329676
00bbac68_5833,12208.039146646912
00bbac68_5834,12207.999632553758
00bbac68_5835,12207.963364509804
00bbac68_5836,12207.927325297478
00bbac68_5837,12207.890281253747
00bbac68_5838,12207.855582283331
00bbac68_5839,12207.820595706666
00bbac68_5840,12207.783868295555
00bbac68_5841,12207.747391936256
00bbac68_5842,12207.711220180612
00bbac68_5843,12207.673162635636
00bbac68_5844,12207.635791965386
00bbac68_5845,12207.600489838747
00bbac68_5846,12207.565574160624
00bbac68_5847,12207.53259381442
00bbac68_5848,12207.499938736652
00bbac68_5849,12207.462462272106
00bbac68_5850,12207.42791131426
00bbac68_5851,12207.39453877376
00bbac68_5852,12207.360478181434
00bbac68_5853,12207.32599775538
00bbac68_5854,12207.288418864106
00bbac68_5855,12207.246308819284
00bbac68_5856,12207.204939611309
00bbac68_5857,12207.167630270613
00bbac68_5858,12207.126502329593
00bbac68_5859,12207.085067314249
00bbac68_5860,12207.040766849545
00bbac68_5861,12206.993945735758
00bbac68_5862,12206.948819865862
00bbac68_5863,12206.907236956717
00bbac68_5864,12206.86430798364
00bbac68_5865,12206.82485473844
00bbac68_5866,12206.78387386042
00bbac68_5867,12206.748074757916
00bbac68_5868,12206.711542415034
00bbac68_5869,12206.670469591958
00bbac68_5870,12206.63383668362
00bbac68_5871,12206.597884780129
00bbac68_5872,12206.558446659192
00bbac68_5873,12206.530072602183
00bbac68_5874,12206.495383637928
00bbac68_5875,12206.460525955225
00bbac68_5876,12206.431802997216
00bbac68_5877,12206.399793161623
00bbac68_5878,12206.36946515285
00bbac68_5879,12206.333691321368
00bbac68_5880,12206.30552044026
00bbac68_5881,12206.275078941804
00bbac68_5882,12206.244107240713
00bbac68_5883,12206.213806421736
00bbac68_5884,12206.185735777666
00bbac68_5885,12206.15850811118
00bbac68_5886,12206.131652658802
00bbac68_5887,12206.10179432328
00bbac68_5888,12206.072663911058
00bbac68_5889,12206.043483761432
00bbac68_5890,12206.003279308912
00bbac68_5891,12205.968448288557
00bbac68_5892,12205.931045485995
00bbac68_5893,12205.88315285489
00bbac68_5894,12205.845072554268
00bbac68_5895,12205.80427067084
00bbac68_5896,12205.756184918851
00bbac68_5897,12205.711440274772
00bbac68_5898,12205.662836166555
00bbac68_5899,12205.611515376915
00bbac68_5900,12205.556106844586
00bbac68_5901,12205.505994299425
00bbac68_5902,12205.455924703332
00bbac68_5903,12205.404885297914
00bbac68_5904,12205.352507269532
00bbac68_5905,12205.29609807526
00bbac68_5906,12205.240686770932
00bbac68_5907,12205.183256136164
00bbac68_5908,12205.126684622732
00bbac68_5909,12205.071773915945
00bbac68_5910,12205.0202906169
00bbac68_5911,12204.971007079552
00bbac68_5912,12204.919893957383
00bbac68_5913,12204.865975411378
00bbac68_5914,12204.810173090013
00bbac68_5915,12204.754468560182
00bbac68_5916,12204.702479736845
00bbac68_5917,12204.652326728869
00bbac68_5918,12204.601426108844
00bbac68_5919,12204.552856166458
00bbac68_5920,12204.504511150604
00bbac68_5921,12204.45447054668
00bbac68_5922,12204.406260654863
00bbac68_5923,12204.359486674122
00bbac68_5924,12204.312388604683
00bbac68_5925,12204.266306857618
00bbac68_5926,12204.230918205812
00bbac68_5927,12204.1918062858
00bbac68_5928,12204.15620027392
00bbac68_5929,12204.120246631388
00bbac68_5930,12204.087334828457
00bbac68_5931,12204.06351696137
00bbac68_5932,12204.0295981581
00bbac68_5933,12203.997078598211
00bbac68_5934,12203.960433766992
00bbac68_5935,12203.931662084266
00bbac68_5936,12203.897944933153
00bbac68_5937,12203.865673518623
00bbac68_5938,12203.834372496112
00bbac68_5939,12203.806120497582
00bbac68_5940,12203.780694991525
00bbac68_5941,12203.757485263097
00bbac68_5942,12203.728983748271
00bbac68_5943,12203.704773413006
00bbac68_5944,12203.685573285851
00bbac68_5945,12203.66954822228
00bbac68_5946,12203.652227798852
00bbac68_5947,12203.631876317526
00bbac68_5948,12203.608197369722
00bbac68_5949,12203.590302355396
00bbac68_5950,12203.560167690666
00bbac68_5951,12203.541180161548
00bbac68_5952,12203.523325109209
00bbac68_5953,12203.497248405169
00bbac68_5954,12203.469073719658
00bbac68_5955,12203.441965257063
00bbac68_5956,12203.405427461985
00bbac68_5957,12203.369043329289
00bbac68_5958,12203.338646103812
00bbac68_5959,12203.302796009497
00bbac68_5960,12203.269118431976
00bbac68_5961,12203.24040372268
00bbac68_5962,12203.204479751612
00bbac68_5963,12203.169717713834
00bbac68_5964,12203.137025521915
00bbac68_5965,12203.09437253098
00bbac68_5966,12203.052852678567
00bbac68_5967,12203.02225232127
00bbac68_5968,12202.988582760703
00bbac68_5969,12202.955617921429
00bbac68_5970,12202.916716661566
00bbac68_5971,12202.88584671522
00bbac68_5972,12202.852161033268
00bbac68_5973,12202.81727982687
00bbac68_5974,12202.784876090413
00bbac68_5975,12202.759445793246
00bbac68_5976,12202.729766027487
00bbac68_5977,12202.700686016153
00bbac68_5978,12202.6664848093
00bbac68_5979,12202.636947372248
00bbac68_5980,12202.597104563816
00bbac68_5981,12202.555581666922
00bbac68_5982,12202.51624902538
00bbac68_5983,12202.475709550854
00bbac68_5984,12202.438935455048
00bbac68_5985,12202.392081110527
00bbac68_5986,12202.350191669137
00bbac68_5987,12202.308584631455
00bbac68_5988,12202.270224418817
00bbac68_5989,12202.235952144065
00bbac68_5990,12202.1999134705
00bbac68_5991,12202.165950322273
00bbac68_5992,12202.132652113674
00bbac68_5993,12202.094683200186
00bbac68_5994,12202.058489146708
00bbac68_5995,12202.02931686673
00bbac68_5996,12202.006936801115
00bbac68_5997,12201.981881218251
00bbac68_5998,12201.959725106297
00bbac68_5999,12201.934875654662
00bbac68_6000,12201.908777712915
00bbac68_6001,12201.877852609628
00bbac68_6002,12201.847757720174
00bbac68_6003,12201.818058273926
00bbac68_6004,12201.795138207814
00bbac68_6005,12201.764860866651
00bbac68_6006,12201.7430167479
00bbac68_6007,12201.718174890248
00bbac68_6008,12201.689098117193
00bbac68_6009,12201.660551001429
00bbac68_6010,12201.635883113664
00bbac68_6011,12201.608085071215
00bbac68_6012,12201.57993901147
00bbac68_6013,12201.55432750901
00bbac68_6014,12201.522251293023
00bbac68_6015,12201.494596911563
00bbac68_6016,12201.461674833145
00bbac68_6017,12201.4271096791
00bbac68_6018,12201.400309208995
00bbac68_6019,12201.37279167238
00bbac68_6020,12201.34563768934
00bbac68_6021,12201.318497862256
00bbac68_6022,12201.2897720465
00bbac68_6023,12201.257279709997
00bbac68_6024,12201.227154020053
00bbac68_6025,12201.196172223285
00bbac68_6026,12201.169602713337
00bbac68_6027,12201.139337612418
00bbac68_6028,12201.10853376795
00bbac68_6029,12201.080124804152
00bbac68_6030,12201.049778459972
00bbac68_6031,12201.015764009628
00bbac68_6032,12200.97786060916
00bbac68_6033,12200.940980540843
00bbac68_6034,12200.912238783729
00bbac68_6035,12200.887912629349
00bbac68_6036,12200.863518635751
00bbac68_6037,12200.83490822066
00bbac68_6038,12200.807439999982
00bbac68_6039,12200.781550309328
00bbac68_6040,12200.752888283325
00bbac68_6041,12200.72010036682
00bbac68_6042,12200.682655595763
00bbac68_6043,12200.641677106025
00bbac68_6044,12200.605070014088
00bbac68_6045,12200.57272969735
00bbac68_6046,12200.538464221609
00bbac68_6047,12200.49965574581
00bbac68_6048,12200.46427301459
00bbac68_6049,12200.425947700402
00bbac68_6050,12200.391726444605
00bbac68_6051,12200.356523734528
00bbac68_6052,12200.319393131458
00bbac68_6053,12200.284907564805
00bbac68_6054,12200.257398637155
00bbac68_6055,12200.229953850796
00bbac68_6056,12200.198175152527
00bbac68_6057,12200.157605937358
00bbac68_6058,12200.122121141689
00bbac68_6059,12200.088591454229
00bbac68_6060,12200.061382224743
00bbac68_6061,12200.037420616933
00bbac68_6062,12200.00711203257
00bbac68_6063,12199.984707408386
00bbac68_6064,12199.972912851274
00bbac68_6065,12199.961433966466
00bbac68_6066,12199.944093705852
00bbac68_6067,12199.925451844334
00bbac68_6068,12199.906474228668
00bbac68_6069,12199.889686872906
00bbac68_6070,12199.876358615616
00bbac68_6071,12199.85755953928
00bbac68_6072,12199.835979668573
00bbac68_6073,12199.812702729334
00bbac68_6074,12199.785907774432
00bbac68_6075,12199.761547784885
00bbac68_6076,12199.737564090308
00bbac68_6077,12199.71059312376
00bbac68_6078,12199.679352831405
00bbac68_6079,12199.660453776289
00bbac68_6080,12199.63931775231
00bbac68_6081,12199.613412525878
00bbac68_6082,12199.585062904904
00bbac68_6083,12199.564626520145
00bbac68_6084,12199.541009979428
00bbac68_6085,12199.516755106037
00bbac68_6086,12199.497003887362
00bbac68_6087,12199.47934718176
00bbac68_6088,12199.45931450975
00bbac68_6089,12199.436899543836
00bbac68_6090,12199.414020890152
00bbac68_6091,12199.38594620311
00bbac68_6092,12199.357120432644
00bbac68_6093,12199.32650863961
00bbac68_6094,12199.291308403845
00bbac68_6095,12199.261819842268
00bbac68_6096,12199.230941238297
00bbac68_6097,12199.200366863235
00bbac68_6098,12199.167350182395
00bbac68_6099,12199.128257170622
00bbac68_6100,12199.098356581002
00bbac68_6101,12199.065667224371
00bbac68_6102,12199.04204781482
00bbac68_6103,12199.0173622173
00bbac68_6104,12198.99403152173
00bbac68_6105,12198.970430419437
00bbac68_6106,12198.94143887153
00bbac68_6107,12198.915004851067
00bbac68_6108,12198.884739948418
00bbac68_6109,12198.847847406963
00bbac68_6110,12198.82578812258
00bbac68_6111,12198.808485827383
00bbac68_6112,12198.78696734218
00bbac68_6113,12198.75953427245
00bbac68_6114,12198.733171766122
00bbac68_6115,12198.707022011828
00bbac68_6116,12198.683639919956
00bbac68_6117,12198.656437193693
00bbac68_6118,12198.635381017288
00bbac68_6119,12198.617858227322
00bbac68_6120,12198.599643358952
00bbac68_6121,12198.576784422205
00bbac68_6122,12198.551670932327
00bbac68_6123,12198.522557592576
00bbac68_6124,12198.495013790798
00bbac68_6125,12198.468420484376
00bbac68_6126,12198.451719539633
00bbac68_6127,12198.433627866629
00bbac68_6128,12198.414326110396
00bbac68_6129,12198.391728508175
00bbac68_6130,12198.368032784529
00bbac68_6131,12198.34190065226
00bbac68_6132,12198.30958655107
00bbac68_6133,12198.27918032459
00bbac68_6134,12198.256891985697
00bbac68_6135,12198.23063466784
00bbac68_6136,12198.2020453503
00bbac68_6137,12198.17147490536
00bbac68_6138,12198.141008489154
00bbac68_6139,12198.112694154115
00bbac68_6140,12198.082463313298
00bbac68_6141,12198.059888586406
00bbac68_6142,12198.033832518677
00bbac68_6143,12198.006559616266
00bbac68_6144,12197.97826205168
00bbac68_6145,12197.943346477674
00bbac68_6146,12197.909935876589
00bbac68_6147,12197.87653273774
00bbac68_6148,12197.834347456515
00bbac68_6149,12197.79869639923
00bbac68_6150,12197.767280011836
00bbac68_6151,12197.723946917087
00bbac68_6152,12197.691948246376
00bbac68_6153,12197.65595455399
00bbac68_6154,12197.627715375194
00bbac68_6155,12197.599203360634
00bbac68_6156,12197.572780802078
00bbac68_6157,12197.54662555387
00bbac68_6158,12197.524018085867
00bbac68_6159,12197.496111520237
00bbac68_6160,12197.48323375341
00bbac68_6161,12197.46206797144
00bbac68_6162,12197.443039155183
00bbac68_6163,12197.424795203868
00bbac68_6164,12197.410285386042
00bbac68_6165,12197.38856282832
00bbac68_6166,12197.372773723058
00bbac68_6167,12197.361615535428
00bbac68_6168,12197.341025910226
00bbac68_6169,12197.326634229348
00bbac68_6170,12197.315481580104
00bbac68_6171,12197.302605017474
00bbac68_6172,12197.286496550578
00bbac68_6173,12197.265589820548
00bbac68_6174,12197.256198652443
00bbac68_6175,12197.24466233028
00bbac68_6176,12197.23340022899
00bbac68_6177,12197.22135392216
00bbac68_6178,12197.207156835071
00bbac68_6179,12197.1897027882
00bbac68_6180,12197.17492120991
00bbac68_6181,12197.158294444722
00bbac68_6182,12197.142055464185
00bbac68_6183,12197.127283192262
00bbac68_6184,12197.118395652413
00bbac68_6185,12197.103132883907
00bbac68_6186,12197.0894524534
00bbac68_6187,12197.07333571584
00bbac68_6188,12197.05491780656
00bbac68_6189,12197.035761548745
00bbac68_6190,12197.019816838529
00bbac68_6191,12197.008435605829
00bbac68_6192,12196.986537920711
00bbac68_6193,12196.96397593707
00bbac68_6194,12196.935348051691
00bbac68_6195,12196.910172392703
00bbac68_6196,12196.893339617794
00bbac68_6197,12196.871663563248
00bbac68_6198,12196.852679988251
00bbac68_6199,12196.833931163112
00bbac68_6200,12196.82491577319
00bbac68_6201,12196.80349300101
00bbac68_6202,12196.77848123348
00bbac68_6203,12196.75537790207
00bbac68_6204,12196.731291397142
00bbac68_6205,12196.71080838719
00bbac68_6206,12196.690626224416
00bbac68_6207,12196.66675511302
00bbac68_6208,12196.645356229808
00bbac68_6209,12196.62160837245
00bbac68_6210,12196.608259235258
00bbac68_6211,12196.591547706525
00bbac68_6212,12196.581914154538
00bbac68_6213,12196.57549400557
00bbac68_6214,12196.559756078315
00bbac68_6215,12196.550188683705
00bbac68_6216,12196.534571912844
00bbac68_6217,12196.517919917358
00bbac68_6218,12196.502722676352
00bbac68_6219,12196.48191517733
00bbac68_6220,12196.46905423724
00bbac68_6221,12196.455025345404
00bbac68_6222,12196.435158916318
00bbac68_6223,12196.416532633244
00bbac68_6224,12196.399057456634
00bbac68_6225,12196.38263326906
00bbac68_6226,12196.362071928355
00bbac68_6227,12196.352514253773
00bbac68_6228,12196.336155340916
00bbac68_6229,12196.323559002169
00bbac68_6230,12196.310149722784
00bbac68_6231,12196.297652151276
00bbac68_6232,12196.2843280318
00bbac68_6233,12196.27303489931
00bbac68_6234,12196.26363670345
00bbac68_6235,12196.25247674363
00bbac68_6236,12196.242539339615
00bbac68_6237,12196.234990702418
00bbac68_6238,12196.223890998415
00bbac68_6239,12196.219108495716
00bbac68_6240,12196.21596157303
00bbac68_6241,12196.214918579934
00bbac68_6242,12196.209509330853
00bbac68_6243,12196.205698471877
00bbac68_6244,12196.201205056195
00bbac68_6245,12196.195161284317
00bbac68_6246,12196.18964948544
00bbac68_6247,12196.190241238815
00bbac68_6248,12196.187418662072
00bbac68_6249,12196.188297485129
00bbac68_6250,12196.182676271175
00bbac68_6251,12196.18172110562
00bbac68_6252,12196.175851050384
00bbac68_6253,12196.176107879071
00bbac68_6254,12196.172026912913
00bbac68_6255,12196.173720774092
00bbac68_6256,12196.174546930944
00bbac68_6257,12196.167349416208
00bbac68_6258,12196.16649697256
00bbac68_6259,12196.167107774943
00bbac68_6260,12196.169757291247
00bbac68_6261,12196.164868204549
00bbac68_6262,12196.16596846214
00bbac68_6263,12196.169138810208
00bbac68_6264,12196.171245795931
00bbac68_6265,12196.176435465208
00bbac68_6266,12196.1806770097
00bbac68_6267,12196.183766551385
00bbac68_6268,12196.187630819491
00bbac68_6269,12196.190222442145
00bbac68_6270,12196.192597503084
00bbac68_6271,12196.193959898386
00bbac68_6272,12196.195742732893
00bbac68_6273,12196.195081254416
00bbac68_6274,12196.19580058596
00bbac68_6275,12196.204045911398
00bbac68_6276,12196.204687210966
00bbac68_6277,12196.20258139875
00bbac68_6278,12196.203501236889
00bbac68_6279,12196.206758008302
00bbac68_6280,12196.20292737777
00bbac68_6281,12196.206587281162
00bbac68_6282,12196.202239562335
00bbac68_6283,12196.200998272276
00bbac68_6284,12196.203400212877
00bbac68_6285,12196.198200765592
00bbac68_6286,12196.197778584768
00bbac68_6287,12196.194028239534
00bbac68_6288,12196.195220042218
00bbac68_6289,12196.1942691579
00bbac68_6290,12196.187111766456
00bbac68_6291,12196.1849319503
00bbac68_6292,12196.182086117376
00bbac68_6293,12196.173804095924
00bbac68_6294,12196.170120766888
00bbac68_6295,12196.16504876596
00bbac68_6296,12196.16319629319
00bbac68_6297,12196.162438893076
00bbac68_6298,12196.162705724111
00bbac68_6299,12196.162708041928
00bbac68_6300,12196.164058864082
00bbac68_6301,12196.167419526562
00bbac68_6302,12196.169917910109
00bbac68_6303,12196.173600580783
00bbac68_6304,12196.176452648324
00bbac68_6305,12196.183115383046
00bbac68_6306,12196.18425467591
00bbac68_6307,12196.186288067644
00bbac68_6308,12196.187109506393
00bbac68_6309,12196.18640697028
00bbac68_6310,12196.184256025224
00bbac68_6311,12196.19068243144
00bbac68_6312,12196.18981549675
00bbac68_6313,12196.188938007528
00bbac68_6314,12196.19453818257
00bbac68_6315,12196.194034370928
00bbac68_6316,12196.194750094282
00bbac68_6317,12196.202878366765
00bbac68_6318,12196.203954378238
00bbac68_6319,12196.211703222809
00bbac68_6320,12196.216972009546
00bbac68_6321,12196.228025270246
00bbac68_6322,12196.232984868562
00bbac68_6323,12196.24317675859
00bbac68_6324,12196.246034733636
00bbac68_6325,12196.25437566376
00bbac68_6326,12196.258171048768
00bbac68_6327,12196.268855397437
00bbac68_6328,12196.272836216807
00bbac68_6329,12196.28287374539
00bbac68_6330,12196.285943962324
00bbac68_6331,12196.288049667608
00bbac68_6332,12196.295656569666
00bbac68_6333,12196.296671554885
00bbac68_6334,12196.302659016275
00bbac68_6335,12196.303440459602
00bbac68_6336,12196.301383576209
00bbac68_6337,12196.306688989298
00bbac68_6338,12196.30615620166
00bbac68_6339,12196.30665035496
00bbac68_6340,12196.30895212296
00bbac68_6341,12196.320159410974
00bbac68_6342,12196.32706496252
00bbac68_6343,12196.332117295427
00bbac68_6344,12196.335941576006
00bbac68_6345,12196.344685369972
00bbac68_6346,12196.3535166842
00bbac68_6347,12196.36216240136
00bbac68_6348,12196.373047560426
00bbac68_6349,12196.381888416376
00bbac68_6350,12196.39527727632
00bbac68_6351,12196.40653544872
00bbac68_6352,12196.419159076286
00bbac68_6353,12196.43294438156
00bbac68_6354,12196.447715882308
00bbac68_6355,12196.462432336872
00bbac68_6356,12196.48094310006
00bbac68_6357,12196.498271243225
00bbac68_6358,12196.516541096164
00bbac68_6359,12196.53473711522
00bbac68_6360,12196.54834644736
00bbac68_6361,12196.562741673466
00bbac68_6362,12196.577183428077
00bbac68_6363,12196.59368791879
00bbac68_6364,12196.612865323352
00bbac68_6365,12196.629843079838
00bbac68_6366,12196.64678497018
00bbac68_6367,12196.66144637952
00bbac68_6368,12196.672984254958
00bbac68_6369,12196.680574685852
00bbac68_6370,12196.689782360812
00bbac68_6371,12196.699591293102
00bbac68_6372,12196.710829922882
00bbac68_6373,12196.722434707966
00bbac68_6374,12196.728805517105
00bbac68_6375,12196.739556322516
00bbac68_6376,12196.749968286873
00bbac68_6377,12196.760380872842
00bbac68_6378,12196.772884156786
00bbac68_6379,12196.78082884692
00bbac68_6380,12196.796741929376
00bbac68_6381,12196.813470976496
00bbac68_6382,12196.824306597497
00bbac68_6383,12196.828938559547
00bbac68_6384,12196.841198201146
00bbac68_6385,12196.84826745679
00bbac68_6386,12196.860866424957
00bbac68_6387,12196.862667464044
00bbac68_6388,12196.865518594774
00bbac68_6389,12196.869614635169
00bbac68_6390,12196.86870483223
00bbac68_6391,12196.870804786908
00bbac68_6392,12196.860660938615
00bbac68_6393,12196.855365719814
00bbac68_6394,12196.852762512031
00bbac68_6395,12196.839916567584
00bbac68_6396,12196.83159237084
00bbac68_6397,12196.822754226185
00bbac68_6398,12196.817900472786
00bbac68_6399,12196.810191006847
00bbac68_6400,12196.80789449148
00bbac68_6401,12196.800514351857
00bbac68_6402,12196.798461242235
00bbac68_6403,12196.79042877976
00bbac68_6404,12196.786660851172
00bbac68_6405,12196.781254855878
00bbac68_6406,12196.78290421998
00bbac68_6407,12196.766843349107
00bbac68_6408,12196.749947778737
00bbac68_6409,12196.744605318198
00bbac68_6410,12196.730685385535
00bbac68_6411,12196.718905344136
00bbac68_6412,12196.697696619216
00bbac68_6413,12196.679075908973
00bbac68_6414,12196.659407368705
00bbac68_6415,12196.635274797383
00bbac68_6416,12196.614160388404
00bbac68_6417,12196.599487072912
00bbac68_6418,12196.58023848022
00bbac68_6419,12196.561558407217
00bbac68_6420,12196.542096657033
00bbac68_6421,12196.526051913326
00bbac68_6422,12196.51027753666
00bbac68_6423,12196.505435391013
00bbac68_6424,12196.494678723386
00bbac68_6425,12196.488468706591
00bbac68_6426,12196.486733167409
00bbac68_6427,12196.476933790256
00bbac68_6428,12196.469444734415
00bbac68_6429,12196.475013100142
00bbac68_6430,12196.467032629003
00bbac68_6431,12196.459337796125
00bbac68_6432,12196.45599257469
00bbac68_6433,12196.449659348107
00bbac68_6434,12196.449394678566
00bbac68_6435,12196.443889011674
00bbac68_6436,12196.433989533503
00bbac68_6437,12196.428196298772
00bbac68_6438,12196.418556005128
00bbac68_6439,12196.410927698444
00bbac68_6440,12196.410720094767
00bbac68_6441,12196.409755866927
00bbac68_6442,12196.41471035598
00bbac68_6443,12196.413774024506
00bbac68_6444,12196.409827401903
00bbac68_6445,12196.41162233286
00bbac68_6446,12196.413800466871
00bbac68_6447,12196.418331265526
00bbac68_6448,12196.415475103271
00bbac68_6449,12196.428332274214
00bbac68_6450,12196.427523557762
00bbac68_6451,12196.42847096318
00bbac68_6452,12196.430914110691
00bbac68_6453,12196.425023784628
00bbac68_6454,12196.4266126009
00bbac68_6455,12196.42558512657
00bbac68_6456,12196.431558436345
00bbac68_6457,12196.43569007847
00bbac68_6458,12196.434399271173
00bbac68_6459,12196.43496997212
00bbac68_6460,12196.432521170527
00bbac68_6461,12196.440838085438
00bbac68_6462,12196.438948407736
00bbac68_6463,12196.436634123074
00bbac68_6464,12196.42498178703
00bbac68_6465,12196.422225733364
00bbac68_6466,12196.414735219536
00bbac68_6467,12196.415338712235
00bbac68_6468,12196.406124817844
00bbac68_6469,12196.40311194826
00bbac68_6470,12196.399714744934
00bbac68_6471,12196.39770121257
00bbac68_6472,12196.399605036797
00bbac68_6473,12196.408155123136
00bbac68_6474,12196.407461178782
00bbac68_6475,12196.418503473302
00bbac68_6476,12196.42447927002
00bbac68_6477,12196.437198512844
00bbac68_6478,12196.445168814818
00bbac68_6479,12196.45769607821
00bbac68_6480,12196.464255375246
00bbac68_6481,12196.483395090698
00bbac68_6482,12196.491081138587
00bbac68_6483,12196.501745863618
00bbac68_6484,12196.505637940523
00bbac68_6485,12196.519982223364
00bbac68_6486,12196.52811034636
00bbac68_6487,12196.539049937774
00bbac68_6488,12196.559825254244
00bbac68_6489,12196.571910438166
00bbac68_6490,12196.589081927284
00bbac68_6491,12196.600811490513
00bbac68_6492,12196.619439084445
00bbac68_6493,12196.636659315012
00bbac68_6494,12196.653807624583
00bbac68_6495,12196.664010048087
00bbac68_6496,12196.669029883791
00bbac68_6497,12196.68307825357
00bbac68_6498,12196.6884804314
00bbac68_6499,12196.701574965628
00bbac68_6500,12196.709127337914
00bbac68_6501,12196.721907963827
00bbac68_6502,12196.736615841211
00bbac68_6503,12196.745782040322
00bbac68_6504,12196.762933060409
00bbac68_6505,12196.777229467894
00bbac68_6506,12196.797891750768
00bbac68_6507,12196.810970490056
00bbac68_6508,12196.818538417216
00bbac68_6509,12196.833139564504
00bbac68_6510,12196.842755210217
00bbac68_6511,12196.848745708588
00bbac68_6512,12196.858248174967
00bbac68_6513,12196.861824035626
00bbac68_6514,12196.87125579884
00bbac68_6515,12196.881846895274
00bbac68_6516,12196.88304096736
00bbac68_6517,12196.890989675125
00bbac68_6518,12196.896847704804
00bbac68_6519,12196.89638244827
00bbac68_6520,12196.905350091129
00bbac68_6521,12196.910186895246
00bbac68_6522,12196.907538705103
00bbac68_6523,12196.915794993456
00bbac68_6524,12196.926850840162
00bbac68_6525,12196.940151739149
00bbac68_6526,12196.94683764927
00bbac68_6527,12196.960360372566
00bbac68_6528,12196.970759047912
00bbac68_6529,12196.979665020495
00bbac68_6530,12196.99015713652
00bbac68_6531,12197.000478554106
00bbac68_6532,12197.009626243682
00bbac68_6533,12197.010393080409
00bbac68_6534,12197.019045928757
00bbac68_6535,12197.025715963757
00bbac68_6536,12197.026962168198
00bbac68_6537,12197.031202390135
00bbac68_6538,12197.038041155556
00bbac68_6539,12197.04462568687
00bbac68_6540,12197.052277231933
00bbac68_6541,12197.052340155657
00bbac68_6542,12197.059642897277
00bbac68_6543,12197.066640491634
00bbac68_6544,12197.071559240558
00bbac68_6545,12197.070451527758
00bbac68_6546,12197.068794714622
00bbac68_6547,12197.07137180794
00bbac68_6548,12197.077941207555
00bbac68_6549,12197.083805191727
00bbac68_6550,12197.078114077947
00bbac68_6551,12197.078384220174
00bbac68_6552,12197.080490557755
00bbac68_6553,12197.079176930634
00bbac68_6554,12197.078791454676
00bbac68_6555,12197.080357922554
00bbac68_6556,12197.079435936812
00bbac68_6557,12197.087059699865
00bbac68_6558,12197.094887106558
00bbac68_6559,12197.103748254029
00bbac68_6560,12197.115372049744
00bbac68_6561,12197.123211212524
00bbac68_6562,12197.12938659318
00bbac68_6563,12197.140446360292
00bbac68_6564,12197.149461901196
00bbac68_6565,12197.160026479612
00bbac68_6566,12197.166213913151
00bbac68_6567,12197.169626765106
00bbac68_6568,12197.171897543396
00bbac68_6569,12197.167309872444
00bbac68_6570,12197.164977162784
00bbac68_6571,12197.164216515665
00bbac68_6572,12197.161345595536
00bbac68_6573,12197.16032621004
00bbac68_6574,12197.159073342697
00bbac68_6575,12197.15293457573
00bbac68_6576,12197.1517308622
00bbac68_6577,12197.15229994183
00bbac68_6578,12197.15336415048
00bbac68_6579,12197.160402606649
00bbac68_6580,12197.171868925318
00bbac68_6581,12197.18037949465
00bbac68_6582,12197.186115057812
00bbac68_6583,12197.192111978791
00bbac68_6584,12197.19382552856
00bbac68_6585,12197.180313543202
00bbac68_6586,12197.172047110122
00bbac68_6587,12197.163418325925
00bbac68_6588,12197.160026873393
00bbac68_6589,12197.161111417954
00bbac68_6590,12197.162014850208
00bbac68_6591,12197.164619220286
00bbac68_6592,12197.175266411808
00bbac68_6593,12197.189663008656
00bbac68_6594,12197.20846448335
00bbac68_6595,12197.228452221889
00bbac68_6596,12197.24870973104
00bbac68_6597,12197.266804776596
00bbac68_6598,12197.288608328836
00bbac68_6599,12197.306455271932
00bbac68_6600,12197.32705491942
00bbac68_6601,12197.3460241023
00bbac68_6602,12197.369315261782
00bbac68_6603,12197.393030130652
00bbac68_6604,12197.417113937168
00bbac68_6605,12197.439675299238
00bbac68_6606,12197.46656301714
00bbac68_6607,12197.493684059547
00bbac68_6608,12197.5225107141
00bbac68_6609,12197.551287201892
00bbac68_6610,12197.579686363748
00bbac68_6611,12197.605976864445
00bbac68_6612,12197.638933935816
00bbac68_6613,12197.669284935992
00bbac68_6614,12197.698070633342
00bbac68_6615,12197.72245281934
00bbac68_6616,12197.75440529533
00bbac68_6617,12197.787554857208
00bbac68_6618,12197.817307050904
00bbac68_6619,12197.852490429816
00bbac68_6620,12197.878673835334
00bbac68_6621,12197.907712507304
00bbac68_6622,12197.94102102751
00bbac68_6623,12197.968851102944
00bbac68_6624,12197.9964640034
00bbac68_6625,12198.02305963646
00bbac68_6626,12198.040983235636
00bbac68_6627,12198.05427831491
00bbac68_6628,12198.070209476527
00bbac68_6629,12198.079754306264
00bbac68_6630,12198.085935855714
00bbac68_6631,12198.098451577023
00bbac68_6632,12198.100861137867
00bbac68_6633,12198.10489967867
00bbac68_6634,12198.114050756933
00bbac68_6635,12198.125205479191
00bbac68_6636,12198.131376858171
00bbac68_6637,12198.143585561673
00bbac68_6638,12198.154642161428
00bbac68_6639,12198.171974833112
00bbac68_6640,12198.178962058022
00bbac68_6641,12198.185140577274
00bbac68_6642,12198.188480851028
00bbac68_6643,12198.19203652735
00bbac68_6644,12198.192629578723
00bbac68_6645,12198.190518605708
00bbac68_6646,12198.200179272286
00bbac68_6647,12198.21466461047
00bbac68_6648,12198.227158724709
00bbac68_6649,12198.243377331744
00bbac68_6650,12198.267970478384
00bbac68_6651,12198.283632675882
00bbac68_6652,12198.300021857223
00bbac68_6653,12198.31125080711
00bbac68_6654,12198.327773573665
00bbac68_6655,12198.33421711201
00bbac68_6656,12198.34263344928
00bbac68_6657,12198.353352463766
00bbac68_6658,12198.35929205728
00bbac68_6659,12198.36377766875
00bbac68_6660,12198.377287844543
00bbac68_6661,12198.38688365024
00bbac68_6662,12198.396584017291
00bbac68_6663,12198.41317861258
00bbac68_6664,12198.418012696297
00bbac68_6665,12198.42528331973
00bbac68_6666,12198.43041469776
00bbac68_6667,12198.43102693584
00bbac68_6668,12198.437910461507
00bbac68_6669,12198.442385151404
00bbac68_6670,12198.44610192447
00bbac68_6671,12198.455698360089
00bbac68_6672,12198.461230235642
00bbac68_6673,12198.471369122028
00bbac68_6674,12198.480190723018
00bbac68_6675,12198.494166310373
00bbac68_6676,12198.50382292351
00bbac68_6677,12198.51045748763
00bbac68_6678,12198.521050040066
00bbac68_6679,12198.528856207877
00bbac68_6680,12198.542369920247
00bbac68_6681,12198.550340497672
00bbac68_6682,12198.567674840418
00bbac68_6683,12198.57887622465
00bbac68_6684,12198.594994530657
00bbac68_6685,12198.616464775869
00bbac68_6686,12198.633358658866
00bbac68_6687,12198.655315691572
00bbac68_6688,12198.674228430817
00bbac68_6689,12198.694936812732
00bbac68_6690,12198.71350758399
00bbac68_6691,12198.73704640181
00bbac68_6692,12198.74764694961
00bbac68_6693,12198.76226249609
00bbac68_6694,12198.769384033218
00bbac68_6695,12198.779723484346
00bbac68_6696,12198.788597302157
00bbac68_6697,12198.804728689289
00bbac68_6698,12198.81226704846
00bbac68_6699,12198.828795896345
00bbac68_6700,12198.846173918548
00bbac68_6701,12198.85775294486
00bbac68_6702,12198.877436420466
00bbac68_6703,12198.891692555995
00bbac68_6704,12198.912508799818
00bbac68_6705,12198.929958864584
00bbac68_6706,12198.955036710166
00bbac68_6707,12198.971993251242
00bbac68_6708,12198.994000513056
00bbac68_6709,12199.010758886026
00bbac68_6710,12199.015555820264
00bbac68_6711,12199.0303921745
00bbac68_6712,12199.033290553018
00bbac68_6713,12199.04192302745
00bbac68_6714,12199.059735878143
00bbac68_6715,12199.072973628208
00bbac68_6716,12199.091796115632
00bbac68_6717,12199.103603408776
00bbac68_6718,12199.11440007278
00bbac68_6719,12199.127471458622
00bbac68_6720,12199.137757201072
00bbac68_6721,12199.14680290489
00bbac68_6722,12199.165782052018
00bbac68_6723,12199.178715285434
00bbac68_6724,12199.18336101866
00bbac68_6725,12199.197442497009
00bbac68_6726,12199.210769023794
00bbac68_6727,12199.23080259122
00bbac68_6728,12199.243425037206
00bbac68_6729,12199.265377452635
00bbac68_6730,12199.289904506408
00bbac68_6731,12199.307522133582
00bbac68_6732,12199.33391647345
00bbac68_6733,12199.362945974226
00bbac68_6734,12199.39130528994
00bbac68_6735,12199.412672526756
00bbac68_6736,12199.440199221215
00bbac68_6737,12199.465071628274
00bbac68_6738,12199.49030442496
00bbac68_6739,12199.513357977592
00bbac68_6740,12199.5317604234
00bbac68_6741,12199.555006638708
00bbac68_6742,12199.578664432782
00bbac68_6743,12199.598980152055
00bbac68_6744,12199.61946446718
00bbac68_6745,12199.641523335864
00bbac68_6746,12199.658048014968
00bbac68_6747,12199.677671034584
00bbac68_6748,12199.698442015047
00bbac68_6749,12199.715319295849
00bbac68_6750,12199.73284733625
00bbac68_6751,12199.745931479334
00bbac68_6752,12199.75944681172
00bbac68_6753,12199.769708330668
00bbac68_6754,12199.783602335305
00bbac68_6755,12199.795547667458
00bbac68_6756,12199.811008898494
00bbac68_6757,12199.824059325409
00bbac68_6758,12199.836256061477
00bbac68_6759,12199.851225634264
00bbac68_6760,12199.864415669532
00bbac68_6761,12199.876456998572
00bbac68_6762,12199.887969243317
00bbac68_6763,12199.901955803129
00bbac68_6764,12199.917481402315
00bbac68_6765,12199.931614644687
00bbac68_6766,12199.945418659976
00bbac68_6767,12199.959182314842
00bbac68_6768,12199.971933382823
00bbac68_6769,12199.985484011282
00bbac68_6770,12200.000565058854
00bbac68_6771,12200.015096214804
00bbac68_6772,12200.030188538163
00bbac68_6773,12200.045607013331
00bbac68_6774,12200.063686309457
00bbac68_6775,12200.081233307425
00bbac68_6776,12200.096251053175
00bbac68_6777,12200.112977751403
00bbac68_6778,12200.133521975336
00bbac68_6779,12200.15470990144
00bbac68_6780,12200.182024587866
00bbac68_6781,12200.208490510284
00bbac68_6782,12200.235354525748
00bbac68_6783,12200.263713505708
00bbac68_6784,12200.297102578244
00bbac68_6785,12200.32747200472
00bbac68_6786,12200.358487695366
00bbac68_6787,12200.394427107429
00bbac68_6788,12200.420836860643
00bbac68_6789,12200.445742413558
00bbac68_6790,12200.469316551227
00bbac68_6791,12200.495544882964
00bbac68_6792,12200.51810286641
00bbac68_6793,12200.532451589996
00bbac68_6794,12200.552651228963
00bbac68_6795,12200.579004112931
00bbac68_6796,12200.603660740797
00bbac68_6797,12200.624457299524
00bbac68_6798,12200.649122076808
00bbac68_6799,12200.674107927673
00bbac68_6800,12200.70266734236
00bbac68_6801,12200.722989977296
00bbac68_6802,12200.744540619044
00bbac68_6803,12200.763474061432
00bbac68_6804,12200.781985601188
00bbac68_6805,12200.79888737703
00bbac68_6806,12200.811953858944
00bbac68_6807,12200.834099839212
00bbac68_6808,12200.847726157026
00bbac68_6809,12200.862035937937
00bbac68_6810,12200.882365956444
00bbac68_6811,12200.90217999525
00bbac68_6812,12200.92155484282
00bbac68_6813,12200.949330795323
00bbac68_6814,12200.969018637768
00bbac68_6815,12200.99407472728
00bbac68_6816,12201.021843018349
00bbac68_6817,12201.047078494536
00bbac68_6818,12201.07261454381
00bbac68_6819,12201.099143077929
00bbac68_6820,12201.122920394148
00bbac68_6821,12201.144570020935
00bbac68_6822,12201.1674652404
00bbac68_6823,12201.19525039808
00bbac68_6824,12201.217801838931
00bbac68_6825,12201.24031950896
00bbac68_6826,12201.257995589724
00bbac68_6827,12201.276164981193
00bbac68_6828,12201.293435348549
00bbac68_6829,12201.312102977528
00bbac68_6830,12201.32733553994
00bbac68_6831,12201.348901927438
00bbac68_6832,12201.362886039127
00bbac68_6833,12201.370832215956
00bbac68_6834,12201.385264407165
00bbac68_6835,12201.40082889771
00bbac68_6836,12201.418888371716
00bbac68_6837,12201.439982142874
00bbac68_6838,12201.453531185223
00bbac68_6839,12201.46903932491
00bbac68_6840,12201.484504778338
00bbac68_6841,12201.49734129461
00bbac68_6842,12201.511194566208
00bbac68_6843,12201.52545338105
00bbac68_6844,12201.54163209155
00bbac68_6845,12201.5504702664
00bbac68_6846,12201.569422319282
00bbac68_6847,12201.5872499551
00bbac68_6848,12201.607537450667
00bbac68_6849,12201.630842413024
00bbac68_6850,12201.659344649996
00bbac68_6851,12201.68236172454
00bbac68_6852,12201.703792585407
00bbac68_6853,12201.722242131891
00bbac68_6854,12201.744977045651
00bbac68_6855,12201.76881395873
00bbac68_6856,12201.793701191616
00bbac68_6857,12201.807582839672
00bbac68_6858,12201.822878954634
00bbac68_6859,12201.838064456864
00bbac68_6860,12201.85283594996
00bbac68_6861,12201.870809867589
00bbac68_6862,12201.896946031236
00bbac68_6863,12201.912508401318
00bbac68_6864,12201.933558054952
00bbac68_6865,12201.955623088888
00bbac68_6866,12201.977410317577
00bbac68_6867,12201.99985693866
00bbac68_6868,12202.027897233238
00bbac68_6869,12202.051659860756
00bbac68_6870,12202.072124183807
00bbac68_6871,12202.090079188614
00bbac68_6872,12202.107917746953
00bbac68_6873,12202.12428304902
00bbac68_6874,12202.144230808412
00bbac68_6875,12202.159543080754
00bbac68_6876,12202.172217458194
00bbac68_6877,12202.183064135615
00bbac68_6878,12202.18883916692
00bbac68_6879,12202.196811132244
00bbac68_6880,12202.209446671184
00bbac68_6881,12202.22839761147
00bbac68_6882,12202.246198849154
00bbac68_6883,12202.258259905111
00bbac68_6884,12202.269374822034
00bbac68_6885,12202.283221654972
00bbac68_6886,12202.298638919265
00bbac68_6887,12202.322478873792
00bbac68_6888,12202.341163677573
00bbac68_6889,12202.362027395404
00bbac68_6890,12202.382833463864
00bbac68_6891,12202.404887176262
00bbac68_6892,12202.424844213136
00bbac68_6893,12202.446579310385
00bbac68_6894,12202.47104394316
00bbac68_6895,12202.49158788901
00bbac68_6896,12202.511667393395
00bbac68_6897,12202.528709007396
00bbac68_6898,12202.54579248523
00bbac68_6899,12202.565853137963
00bbac68_6900,12202.58734016356
00bbac68_6901,12202.610807946205
00bbac68_6902,12202.631602818245
00bbac68_6903,12202.64854495411
00bbac68_6904,12202.664907138573
00bbac68_6905,12202.683281565587
00bbac68_6906,12202.700906770642
00bbac68_6907,12202.717855422206
00bbac68_6908,12202.737667850768
00bbac68_6909,12202.752830254136
00bbac68_6910,12202.768700137249
00bbac68_6911,12202.78238849598
00bbac68_6912,12202.796629191696
00bbac68_6913,12202.81412535506
00bbac68_6914,12202.833019238316
00bbac68_6915,12202.852085532872
00bbac68_6916,12202.87298056249
00bbac68_6917,12202.887390209213
00bbac68_6918,12202.898556760198
00bbac68_6919,12202.909479150898
00bbac68_6920,12202.923445878632
00bbac68_6921,12202.937060763792
00bbac68_6922,12202.94995769706
00bbac68_6923,12202.95955603436
00bbac68_6924,12202.965879107163
00bbac68_6925,12202.974296540546
00bbac68_6926,12202.981109166092
00bbac68_6927,12202.99218890849
00bbac68_6928,12203.002921820746
00bbac68_6929,12203.016200288086
00bbac68_6930,12203.028637379088
00bbac68_6931,12203.047182821014
00bbac68_6932,12203.0644371238
00bbac68_6933,12203.081998973465
00bbac68_6934,12203.097661540898
00bbac68_6935,12203.11308173224
00bbac68_6936,12203.13151072842
00bbac68_6937,12203.144358494672
00bbac68_6938,12203.16155869684
00bbac68_6939,12203.180470832884
00bbac68_6940,12203.196462113478
00bbac68_6941,12203.21868211823
00bbac68_6942,12203.233972188036
00bbac68_6943,12203.241942629764
00bbac68_6944,12203.257231442962
00bbac68_6945,12203.275378229704
00bbac68_6946,12203.29634285954
00bbac68_6947,12203.31336418682
00bbac68_6948,12203.33339898261
00bbac68_6949,12203.3559144502
00bbac68_6950,12203.374911151805
00bbac68_6951,12203.399895214749
00bbac68_6952,12203.427127619812
00bbac68_6953,12203.446345959675
00bbac68_6954,12203.472376087782
00bbac68_6955,12203.50226575262
00bbac68_6956,12203.5223583914
00bbac68_6957,12203.54681247025
00bbac68_6958,12203.567331745116
00bbac68_6959,12203.590265614646
00bbac68_6960,12203.613631609389
00bbac68_6961,12203.630159382345
00bbac68_6962,12203.646463112673
00bbac68_6963,12203.658142629183
00bbac68_6964,12203.677219397105
00bbac68_6965,12203.692228822378
00bbac68_6966,12203.71144625156
00bbac68_6967,12203.722609194632
00bbac68_6968,12203.739781178763
00bbac68_6969,12203.74961089982
00bbac68_6970,12203.76617283585
00bbac68_6971,12203.779158397563
00bbac68_6972,12203.79814280009
00bbac68_6973,12203.81035069525
00bbac68_6974,12203.830653818775
00bbac68_6975,12203.842622148037
00bbac68_6976,12203.858087314487
00bbac68_6977,12203.867151687176
00bbac68_6978,12203.885611422374
00bbac68_6979,12203.899002437272
00bbac68_6980,12203.917938205725
00bbac68_6981,12203.92888335557
00bbac68_6982,12203.939867210507
00bbac68_6983,12203.958188386532
00bbac68_6984,12203.978712713102
00bbac68_6985,12204.00589490971
00bbac68_6986,12204.02810760503
00bbac68_6987,12204.054787380866
00bbac68_6988,12204.087406019637
00bbac68_6989,12204.117188027109
00bbac68_6990,12204.145417640912
00bbac68_6991,12204.175592622978
00bbac68_6992,12204.199311800425
00bbac68_6993,12204.22156961463
00bbac68_6994,12204.245800707577
00bbac68_6995,12204.263834829708
00bbac68_6996,12204.277461858945
00bbac68_6997,12204.299000277017
00bbac68_6998,12204.317916455291
00bbac68_6999,12204.333532398046
00bbac68_7000,12204.356345019
00bbac68_7001,12204.37147270644
00bbac68_7002,12204.385399906383
00bbac68_7003,12204.405901234622
00bbac68_7004,12204.4181282648
00bbac68_7005,12204.43245728686
00bbac68_7006,12204.444487402963
00bbac68_7007,12204.458003297032
00bbac68_7008,12204.463424577194
00bbac68_7009,12204.465892305918
00bbac68_7010,12204.474654439417
00bbac68_7011,12204.478961654157
00bbac68_7012,12204.484033881814
00bbac68_7013,12204.486340687548
00bbac68_7014,12204.495444717242
00bbac68_7015,12204.495272860964
00bbac68_7016,12204.493541628346
00bbac68_7017,12204.492751535225
00bbac68_7018,12204.489165191986
00bbac68_7019,12204.49150621124
00bbac68_7020,12204.491017453543
00bbac68_7021,12204.490585181116
00bbac68_7022,12204.49149101627
00bbac68_7023,12204.500715882874
00bbac68_7024,12204.516018204333
00bbac68_7025,12204.528317307851
00bbac68_7026,12204.5384033994
00bbac68_7027,12204.546373876474
00bbac68_7028,12204.557838071194
00bbac68_7029,12204.574345601191
00bbac68_7030,12204.58694448201
00bbac68_7031,12204.59844957332
00bbac68_7032,12204.611197978233
00bbac68_7033,12204.62750584956
00bbac68_7034,12204.64205744077
00bbac68_7035,12204.658872028009
00bbac68_7036,12204.685643503108
00bbac68_7037,12204.711175675136
00bbac68_7038,12204.737644847335
00bbac68_7039,12204.769181688514
00bbac68_7040,12204.80097823156
00bbac68_7041,12204.83333579655
00bbac68_7042,12204.8648805867
00bbac68_7043,12204.896076937704
00bbac68_7044,12204.926247658716
00bbac68_7045,12204.960342032824
00bbac68_7046,12204.986759428191
00bbac68_7047,12205.01417784662
00bbac68_7048,12205.043744506793
00bbac68_7049,12205.070081926358
00bbac68_7050,12205.093994740688
00bbac68_7051,12205.120363067992
00bbac68_7052,12205.144734487118
00bbac68_7053,12205.168569132897
00bbac68_7054,12205.19064027191
00bbac68_7055,12205.211902587496
00bbac68_7056,12205.233675342712
00bbac68_7057,12205.251305271571
00bbac68_7058,12205.267395776922
00bbac68_7059,12205.280985452851
00bbac68_7060,12205.29259655682
00bbac68_7061,12205.301691140548
00bbac68_7062,12205.308105839636
00bbac68_7063,12205.312669665538
00bbac68_7064,12205.316446482657
00bbac68_7065,12205.31953131592
00bbac68_7066,12205.319601858117
00bbac68_7067,12205.317444030898
00bbac68_7068,12205.317423506003
00bbac68_7069,12205.3210656092
00bbac68_7070,12205.33072856952
00bbac68_7071,12205.340503399137
00bbac68_7072,12205.348904146436
00bbac68_7073,12205.353799036102
00bbac68_7074,12205.358072629797
00bbac68_7075,12205.359642895684
00bbac68_7076,12205.36332992859
00bbac68_7077,12205.365888224904
00bbac68_7078,12205.366222501236
00bbac68_7079,12205.371216920586
00bbac68_7080,12205.370889132488
00bbac68_7081,12205.37647027006
00bbac68_7082,12205.384736498125
00bbac68_7083,12205.395611441125
00bbac68_7084,12205.409745494811
00bbac68_7085,12205.42636715202
00bbac68_7086,12205.440589923996
00bbac68_7087,12205.45501468275
00bbac68_7088,12205.468547224633
00bbac68_7089,12205.482860698648
00bbac68_7090,12205.498963850914
00bbac68_7091,12205.514632893655
00bbac68_7092,12205.531018878191
00bbac68_7093,12205.5477520555
00bbac68_7094,12205.562331292134
00bbac68_7095,12205.581110225674
00bbac68_7096,12205.600312497729
00bbac68_7097,12205.615808262668
00bbac68_7098,12205.636199121564
00bbac68_7099,12205.66145240721
00bbac68_7100,12205.68626784458
00bbac68_7101,12205.71064299498
00bbac68_7102,12205.735999967032
00bbac68_7103,12205.759442856845
00bbac68_7104,12205.786518419767
00bbac68_7105,12205.815457409044
00bbac68_7106,12205.842426041052
00bbac68_7107,12205.86755124467
00bbac68_7108,12205.88858585839
00bbac68_7109,12205.90734040502
00bbac68_7110,12205.926658243916
00bbac68_7111,12205.9425631639
00bbac68_7112,12205.957757275037
00bbac68_7113,12205.973537852837
00bbac68_7114,12205.98966502704
00bbac68_7115,12206.010468200751
00bbac68_7116,12206.031414695644
00bbac68_7117,12206.04979214558
00bbac68_7118,12206.06909175242
00bbac68_7119,12206.08522852121
00bbac68_7120,12206.09983954934
00bbac68_7121,12206.123453645994
00bbac68_7122,12206.139434751636
00bbac68_7123,12206.152616300353
00bbac68_7124,12206.164963800986
00bbac68_7125,12206.177553929105
00bbac68_7126,12206.189980971163
00bbac68_7127,12206.201718268414
00bbac68_7128,12206.214972833634
00bbac68_7129,12206.227126841564
00bbac68_7130,12206.24408572228
00bbac68_7131,12206.262946669209
00bbac68_7132,12206.278305123937
00bbac68_7133,12206.299427997186
00bbac68_7134,12206.31336651406
00bbac68_7135,12206.325531080744
00bbac68_7136,12206.339520642568
00bbac68_7137,12206.355118315225
00bbac68_7138,12206.370199776258
00bbac68_7139,12206.381334728478
00bbac68_7140,12206.39077267332
00bbac68_7141,12206.405973696395
00bbac68_7142,12206.412386342414
00bbac68_7143,12206.419248964745
00bbac68_7144,12206.425905917988
00bbac68_7145,12206.429077576116
00bbac68_7146,12206.431524190832
00bbac68_7147,12206.435618899486
00bbac68_7148,12206.446416914048
00bbac68_7149,12206.453336245657
00bbac68_7150,12206.460547442775
00bbac68_7151,12206.470264099498
00bbac68_7152,12206.479785427364
00bbac68_7153,12206.487308913904
00bbac68_7154,12206.498317640984
00bbac68_7155,12206.50449207122
00bbac68_7156,12206.510999549637
00bbac68_7157,12206.515177910112
00bbac68_7158,12206.524528184384
00bbac68_7159,12206.536640395816
00bbac68_7160,12206.537360047529
00bbac68_7161,12206.53901290651
00bbac68_7162,12206.541996042804
00bbac68_7163,12206.546001945644
00bbac68_7164,12206.551724920111
00bbac68_7165,12206.547851451824
00bbac68_7166,12206.54555346361
00bbac68_7167,12206.54045925002
00bbac68_7168,12206.534494521526
00bbac68_7169,12206.53740812647
00bbac68_7170,12206.533574613495
00bbac68_7171,12206.531528702551
00bbac68_7172,12206.531122600682
00bbac68_7173,12206.53715077109
00bbac68_7174,12206.536649953769
00bbac68_7175,12206.53541467051
00bbac68_7176,12206.531880852392
00bbac68_7177,12206.53653834275
00bbac68_7178,12206.536215216562
00bbac68_7179,12206.53487105855
00bbac68_7180,12206.537777256592
00bbac68_7181,12206.536757154616
00bbac68_7182,12206.535617094996
00bbac68_7183,12206.536758639551
00bbac68_7184,12206.546438734244
00bbac68_7185,12206.55084792401
00bbac68_7186,12206.555905810592
00bbac68_7187,12206.568806935422
00bbac68_7188,12206.577593212249
00bbac68_7189,12206.585888004864
00bbac68_7190,12206.59987308918
00bbac68_7191,12206.60695781772
00bbac68_7192,12206.61223882037
00bbac68_7193,12206.624535832
00bbac68_7194,12206.63293967258
00bbac68_7195,12206.636614919007
00bbac68_7196,12206.646264263583
00bbac68_7197,12206.651534483117
00bbac68_7198,12206.656112224027
00bbac68_7199,12206.66680624753
00bbac68_7200,12206.673590088529
00bbac68_7201,12206.679822160531
00bbac68_7202,12206.694155034756
00bbac68_7203,12206.70708974834
00bbac68_7204,12206.721482442234
00bbac68_7205,12206.728578613614
00bbac68_7206,12206.736416712349
00bbac68_7207,12206.746982538143
00bbac68_7208,12206.751526636092
00bbac68_7209,12206.76063423788
00bbac68_7210,12206.763223187229
00bbac68_7211,12206.769832750637
00bbac68_7212,12206.765887007949
00bbac68_7213,12206.759951837052
00bbac68_7214,12206.765716398582
00bbac68_7215,12206.76943323807
00bbac68_7216,12206.784727282946
00bbac68_7217,12206.797650900546
00bbac68_7218,12206.81739141115
00bbac68_7219,12206.833017065914
00bbac68_7220,12206.8556443185
00bbac68_7221,12206.87548233422
00bbac68_7222,12206.903928106556
00bbac68_7223,12206.92792510501
00bbac68_7224,12206.948918051474
00bbac68_7225,12206.980561019447
00bbac68_7226,12207.009939212625
00bbac68_7227,12207.044609599006
00bbac68_7228,12207.07606667991
00bbac68_7229,12207.114714038276
00bbac68_7230,12207.160420196276
00bbac68_7231,12207.20504311289
00bbac68_7232,12207.25432665451
00bbac68_7233,12207.299188376164
00bbac68_7234,12207.352130243838
00bbac68_7235,12207.401984432892
00bbac68_7236,12207.45988000965
00bbac68_7237,12207.517290138843
00bbac68_7238,12207.579723437451
00bbac68_7239,12207.641972427236
00bbac68_7240,12207.71200174421
00bbac68_7241,12207.783666027635
00bbac68_7242,12207.851987032624
00bbac68_7243,12207.926628162211
00bbac68_7244,12207.99345077506
00bbac68_7245,12208.062360252
00bbac68_7246,12208.124890454788
00bbac68_7247,12208.194487336545
00bbac68_7248,12208.2626826575
00bbac68_7249,12208.320278931387
00bbac68_7250,12208.38376871563
00bbac68_7251,12208.441439787572
00bbac68_7252,12208.50069700021
00bbac68_7253,12208.558298378775
00bbac68_7254,12208.605005161498
00bbac68_7255,12208.655139201168
00bbac68_7256,12208.707499724496
00bbac68_7257,12208.751308892288
00bbac68_7258,12208.801729982131
00bbac68_7259,12208.852397359777
00bbac68_7260,12208.895687209642
00bbac68_7261,12208.942294905995
00bbac68_7262,12208.98386689392
00bbac68_7263,12209.017286190396
00bbac68_7264,12209.051266455726
00bbac68_7265,12209.087404951097
00bbac68_7266,12209.110151004004
00bbac68_7267,12209.135667886792
00bbac68_7268,12209.16142597402
00bbac68_7269,12209.182676979575
00bbac68_7270,12209.20597394734
00bbac68_7271,12209.231466906898
00bbac68_7272,12209.25516367612
00bbac68_7273,12209.285057914884
00bbac68_7274,12209.315774465267
00bbac68_7275,12209.341353130603
00bbac68_7276,12209.36114841224
00bbac68_7277,12209.384076498129
00bbac68_7278,12209.407407289322
00bbac68_7279,12209.422704506193
00bbac68_7280,12209.442740157128
00bbac68_7281,12209.46554014418
00bbac68_7282,12209.482638162724
00bbac68_7283,12209.50180470185
00bbac68_7284,12209.518062488858
00bbac68_7285,12209.528049219463
00bbac68_7286,12209.538665711338
00bbac68_7287,12209.55145062169
00bbac68_7288,12209.556411556388
00bbac68_7289,12209.566955216567
00bbac68_7290,12209.578288065226
00bbac68_7291,12209.58770380188
00bbac68_7292,12209.593416247142
00bbac68_7293,12209.608328893632
00bbac68_7294,12209.624223795485
00bbac68_7295,12209.63270579468
00bbac68_7296,12209.646989911183
00bbac68_7297,12209.661047757376
00bbac68_7298,12209.667792147307
00bbac68_7299,12209.6789832364
00bbac68_7300,12209.68984968158
00bbac68_7301,12209.69425014022
00bbac68_7302,12209.704025237214
00bbac68_7303,12209.715689259265
00bbac68_7304,12209.723581491684
00bbac68_7305,12209.73111389507
00bbac68_7306,12209.748188913762
00bbac68_7307,12209.761843296104
00bbac68_7308,12209.765919136138
00bbac68_7309,12209.77404629867
00bbac68_7310,12209.788175883685
00bbac68_7311,12209.798231252606
00bbac68_7312,12209.816379809605
00bbac68_7313,12209.837645369224
00bbac68_7314,12209.856893415792
00bbac68_7315,12209.880189452586
00bbac68_7316,12209.904773889908
00bbac68_7317,12209.92820994727
00bbac68_7318,12209.945225592097
00bbac68_7319,12209.963578948087
00bbac68_7320,12209.978163535276
00bbac68_7321,12209.984412621276
00bbac68_7322,12209.99601482469
00bbac68_7323,12210.01096511192
00bbac68_7324,12210.021055402056
00bbac68_7325,12210.038818256708
00bbac68_7326,12210.05633757338
00bbac68_7327,12210.072100004962
00bbac68_7328,12210.098088053965
00bbac68_7329,12210.125469094435
00bbac68_7330,12210.149462828404
00bbac68_7331,12210.169262759196
00bbac68_7332,12210.190085046272
00bbac68_7333,12210.206559296006
00bbac68_7334,12210.219426312546
00bbac68_7335,12210.239741214771
00bbac68_7336,12210.265314807042
00bbac68_7337,12210.283605658911
00bbac68_7338,12210.30926948794
00bbac68_7339,12210.333799573453
00bbac68_7340,12210.35496049891
00bbac68_7341,12210.3774096596
00bbac68_7342,12210.396200093175
00bbac68_7343,12210.40727180559
00bbac68_7344,12210.422190003696
00bbac68_7345,12210.43920506032
00bbac68_7346,12210.459663542177
00bbac68_7347,12210.480963152186
00bbac68_7348,12210.508095698122
00bbac68_7349,12210.538112622857
00bbac68_7350,12210.56383167729
00bbac68_7351,12210.593652288928
00bbac68_7352,12210.621559184234
00bbac68_7353,12210.64218455582
00bbac68_7354,12210.665214862876
00bbac68_7355,12210.686611223477
00bbac68_7356,12210.705304219187
00bbac68_7357,12210.728798937893
00bbac68_7358,12210.753120888898
00bbac68_7359,12210.776141728682
00bbac68_7360,12210.79488090344
00bbac68_7361,12210.822222352996
00bbac68_7362,12210.85323387403
00bbac68_7363,12210.875883068828
00bbac68_7364,12210.902196590088
00bbac68_7365,12210.928443919323
00bbac68_7366,12210.949264581166
00bbac68_7367,12210.97376551642
00bbac68_7368,12210.998953195478
00bbac68_7369,12211.024631968476
00bbac68_7370,12211.045802404466
00bbac68_7371,12211.070919370584
00bbac68_7372,12211.097987412651
00bbac68_7373,12211.11562808018
00bbac68_7374,12211.134967702172
00bbac68_7375,12211.150183077823
00bbac68_7376,12211.164861508078
00bbac68_7377,12211.172590111266
00bbac68_7378,12211.186691917976
00bbac68_7379,12211.200365924396
00bbac68_7380,12211.216364065263
00bbac68_7381,12211.226731716317
00bbac68_7382,12211.244865418405
00bbac68_7383,12211.265070327932
00bbac68_7384,12211.286972637788
00bbac68_7385,12211.302891029864
00bbac68_7386,12211.320138650924
00bbac68_7387,12211.339408714786
00bbac68_7388,12211.360904004963
00bbac68_7389,12211.3785053395
00bbac68_7390,12211.390282023673
00bbac68_7391,12211.41254300682
00bbac68_7392,12211.437556567598
00bbac68_7393,12211.460626208427
00bbac68_7394,12211.486913371547
00bbac68_7395,12211.508670643429
00bbac68_7396,12211.535706686447
00bbac68_7397,12211.5633088314
00bbac68_7398,12211.594352498005
00bbac68_7399,12211.625332572574
00bbac68_7400,12211.652906504763
00bbac68_7401,12211.685756373765
00bbac68_7402,12211.720728107248
00bbac68_7403,12211.760043660268
00bbac68_7404,12211.797390695188
00bbac68_7405,12211.835729548013
00bbac68_7406,12211.869051351316
00bbac68_7407,12211.90940539645
00bbac68_7408,12211.948963610295
00bbac68_7409,12211.985417409976
00bbac68_7410,12212.019826147804
00bbac68_7411,12212.05439459081
00bbac68_7412,12212.092245997124
00bbac68_7413,12212.125140788852
00bbac68_7414,12212.168467172112
00bbac68_7415,12212.213449279485
00bbac68_7416,12212.256547617244
00bbac68_7417,12212.297460761776
00bbac68_7418,12212.339989664057
00bbac68_7419,12212.384163685345
00bbac68_7420,12212.430180694522
00bbac68_7421,12212.471530719253
00bbac68_7422,12212.514341736549
00bbac68_7423,12212.556085206252
00bbac68_7424,12212.59381839577
00bbac68_7425,12212.6298623418
00bbac68_7426,12212.66296755956
00bbac68_7427,12212.698153883408
00bbac68_7428,12212.733855243549
00bbac68_7429,12212.768581507362
00bbac68_7430,12212.801622996223
00bbac68_7431,12212.820905731767
00bbac68_7432,12212.84302431798
00bbac68_7433,12212.860824930283
00bbac68_7434,12212.877158709394
00bbac68_7435,12212.891723103534
00bbac68_7436,12212.903503041827
00bbac68_7437,12212.91675837186
00bbac68_7438,12212.92728694891
00bbac68_7439,12212.936915032771
00bbac68_7440,12212.943431911111
00bbac68_7441,12212.95060436138
00bbac68_7442,12212.957175044896
00bbac68_7443,12212.960785656316
00bbac68_7444,12212.96075056482
00bbac68_7445,12212.958298460197
00bbac68_7446,12212.955166435262
00bbac68_7447,12212.955764401431
00bbac68_7448,12212.955637381776
00bbac68_7449,12212.95280036957
00bbac68_7450,12212.950635898644
00bbac68_7451,12212.94698944965
00bbac68_7452,12212.94094497332
00bbac68_7453,12212.938019080706
00bbac68_7454,12212.937513549728
00bbac68_7455,12212.939535542251
00bbac68_7456,12212.941450615494
00bbac68_7457,12212.944532085648
00bbac68_7458,12212.9467233875
00bbac68_7459,12212.948171065658
00bbac68_7460,12212.949464017556
00bbac68_7461,12212.947899172535
00bbac68_7462,12212.946995434748
00bbac68_7463,12212.948326370446
00bbac68_7464,12212.948496586174
00bbac68_7465,12212.94890479524
00bbac68_7466,12212.950126553787
00bbac68_7467,12212.957849863107
00bbac68_7468,12212.960437174062
00bbac68_7469,12212.965197590012
00bbac68_7470,12212.9724503071
00bbac68_7471,12212.98341903064
00bbac68_7472,12212.99482202726
00bbac68_7473,12213.014983840258
00bbac68_7474,12213.033453468192
00bbac68_7475,12213.050377791988
00bbac68_7476,12213.06434529782
00bbac68_7477,12213.08161617567
00bbac68_7478,12213.105815897596
00bbac68_7479,12213.123733955068
00bbac68_7480,12213.14613682702
00bbac68_7481,12213.171503451096
00bbac68_7482,12213.19320114347
00bbac68_7483,12213.21499383192
00bbac68_7484,12213.23915207704
00bbac68_7485,12213.258527678989
00bbac68_7486,12213.277626437251
00bbac68_7487,12213.303748517805
00bbac68_7488,12213.32081695136
00bbac68_7489,12213.337437276155
00bbac68_7490,12213.356578144589
00bbac68_7491,12213.368869250688
00bbac68_7492,12213.390352731863
00bbac68_7493,12213.409269183336
00bbac68_7494,12213.42921728854
00bbac68_7495,12213.456113118622
00bbac68_7496,12213.477897616029
00bbac68_7497,12213.5052342671
00bbac68_7498,12213.531671044457
00bbac68_7499,12213.56244244453
00bbac68_7500,12213.588618445548
00bbac68_7501,12213.62020860501
00bbac68_7502,12213.6444520216
00bbac68_7503,12213.670622506426
00bbac68_7504,12213.691603903348
00bbac68_7505,12213.719636401976
00bbac68_7506,12213.742730109936
00bbac68_7507,12213.77356996298
00bbac68_7508,12213.800441770463
00bbac68_7509,12213.820612098516
00bbac68_7510,12213.844050989686
00bbac68_7511,12213.869772462018
00bbac68_7512,12213.89300109526
00bbac68_7513,12213.921904237464
00bbac68_7514,12213.943935040415
00bbac68_7515,12213.967964241034
00bbac68_7516,12213.991700119224
00bbac68_7517,12214.013751662716
00bbac68_7518,12214.029960210397
00bbac68_7519,12214.05010627186
00bbac68_7520,12214.070270364971
00bbac68_7521,12214.081898700231
00bbac68_7522,12214.098089952538
00bbac68_7523,12214.115541870937
00bbac68_7524,12214.128478734492
00bbac68_7525,12214.134498491989
00bbac68_7526,12214.141552325684
00bbac68_7527,12214.148082671863
00bbac68_7528,12214.15776341236
00bbac68_7529,12214.172768905248
00bbac68_7530,12214.185580305548
00bbac68_7531,12214.192242405865
00bbac68_7532,12214.205145431915
00bbac68_7533,12214.218058142937
00bbac68_7534,12214.234213571675
00bbac68_7535,12214.24954189999
00bbac68_7536,12214.264411843113
00bbac68_7537,12214.280014655546
00bbac68_7538,12214.296834991575
00bbac68_7539,12214.314159039135
00bbac68_7540,12214.332591954331
00bbac68_7541,12214.352172750863
00bbac68_7542,12214.371781584634
00bbac68_7543,12214.39233412468
00bbac68_7544,12214.413101045722
00bbac68_7545,12214.435311558433
00bbac68_7546,12214.457387890736
00bbac68_7547,12214.480151202251
00bbac68_7548,12214.505465293849
00bbac68_7549,12214.533425160987
00bbac68_7550,12214.566646052155
00bbac68_7551,12214.599659355972
00bbac68_7552,12214.636845712866
00bbac68_7553,12214.676494156922
00bbac68_7554,12214.720043722207
00bbac68_7555,12214.767883442808
00bbac68_7556,12214.8204023528
00bbac68_7557,12214.879039486255
00bbac68_7558,12214.94208387726
00e12e8b_2083,11603.511282312253
00e12e8b_2084,11603.49495636825
00e12e8b_2085,11603.481999106873
00e12e8b_2086,11603.468840316138
00e12e8b_2087,11603.46435978407
00e12e8b_2088,11603.464987298688
00e12e8b_2089,11603.46295264801
00e12e8b_2090,11603.471335620055
00e12e8b_2091,11603.48236600284
00e12e8b_2092,11603.491436780709
00e12e8b_2093,11603.51061386214
00e12e8b_2094,11603.532078071265
00e12e8b_2095,11603.55227792984
00e12e8b_2096,11603.580040883266
00e12e8b_2097,11603.606202643774
00e12e8b_2098,11603.639615857126
00e12e8b_2099,11603.67565140971
00e12e8b_2100,11603.709644988718
00e12e8b_2101,11603.750419195014
00e12e8b_2102,11603.78896151454
00e12e8b_2103,11603.833955877835
00e12e8b_2104,11603.880916674803
00e12e8b_2105,11603.924964866506
00e12e8b_2106,11603.975221974906
00e12e8b_2107,11604.02144779956
00e12e8b_2108,11604.07596443622
00e12e8b_2109,11604.125183462798
00e12e8b_2110,11604.182216636022
00e12e8b_2111,11604.239430275573
00e12e8b_2112,11604.29191132015
00e12e8b_2113,11604.35166464547
00e12e8b_2114,11604.401263658125
00e12e8b_2115,11604.45694090216
00e12e8b_2116,11604.508362622742
00e12e8b_2117,11604.564400666472
00e12e8b_2118,11604.615957316795
00e12e8b_2119,11604.67416515819
00e12e8b_2120,11604.726026806731
00e12e8b_2121,11604.783378451117
00e12e8b_2122,11604.836129530317
00e12e8b_2123,11604.892988698826
00e12e8b_2124,11604.943679805932
00e12e8b_2125,11605.000325087442
00e12e8b_2126,11605.04974215451
00e12e8b_2127,11605.103660520115
00e12e8b_2128,11605.151674060651
00e12e8b_2129,11605.197566713248
00e12e8b_2130,11605.249101177444
00e12e8b_2131,11605.292083924498
00e12e8b_2132,11605.33908358666
00e12e8b_2133,11605.3796445882
00e12e8b_2134,11605.422818551697
00e12e8b_2135,11605.457712288611
00e12e8b_2136,11605.49287075589
00e12e8b_2137,11605.530811100482
00e12e8b_2138,11605.562019393294
00e12e8b_2139,11605.598661916842
00e12e8b_2140,11605.628639838533
00e12e8b_2141,11605.657953081483
00e12e8b_2142,11605.6945729112
00e12e8b_2143,11605.724480638735
00e12e8b_2144,11605.76032303104
00e12e8b_2145,11605.792084133074
00e12e8b_2146,11605.82326599906
00e12e8b_2147,11605.862198463095
00e12e8b_2148,11605.895535537908
00e12e8b_2149,11605.928118170534
00e12e8b_2150,11605.967349816185
00e12e8b_2151,11606.000565565337
00e12e8b_2152,11606.035009157467
00e12e8b_2153,11606.076781967724
00e12e8b_2154,11606.112530065766
00e12e8b_2155,11606.148740549128
00e12e8b_2156,11606.186948396664
00e12e8b_2157,11606.230405642134
00e12e8b_2158,11606.26898307676
00e12e8b_2159,11606.308671741406
00e12e8b_2160,11606.34827680334
00e12e8b_2161,11606.39419067638
00e12e8b_2162,11606.437020705274
00e12e8b_2163,11606.479872593654
00e12e8b_2164,11606.52389359141
00e12e8b_2165,11606.569246992569
00e12e8b_2166,11606.619516044531
00e12e8b_2167,11606.666526924037
00e12e8b_2168,11606.7134750893
00e12e8b_2169,11606.761361154411
00e12e8b_2170,11606.811197622552
00e12e8b_2171,11606.860983305924
00e12e8b_2172,11606.911216979974
00e12e8b_2173,11606.963208131956
00e12e8b_2174,11607.020329075876
00e12e8b_2175,11607.073099958843
00e12e8b_2176,11607.126550790566
00e12e8b_2177,11607.179087042248
00e12e8b_2178,11607.231394311582
00e12e8b_2179,11607.2838771329
00e12e8b_2180,11607.334091326898
00e12e8b_2181,11607.383315179184
00e12e8b_2182,11607.43225687975
00e12e8b_2183,11607.47908571476
00e12e8b_2184,11607.52589381362
00e12e8b_2185,11607.570361166448
00e12e8b_2186,11607.61351292483
00e12e8b_2187,11607.656520355926
00e12e8b_2188,11607.69755430608
00e12e8b_2189,11607.73688003645
00e12e8b_2190,11607.775019221384
00e12e8b_2191,11607.804286548117
00e12e8b_2192,11607.837426342756
00e12e8b_2193,11607.86958897446
00e12e8b_2194,11607.8980748332
00e12e8b_2195,11607.9254398425
00e12e8b_2196,11607.94944880647
00e12e8b_2197,11607.973682005972
00e12e8b_2198,11607.996748108948
00e12e8b_2199,11608.014735763176
00e12e8b_2200,11608.03662768575
00e12e8b_2201,11608.057934753631
00e12e8b_2202,11608.078156188356
00e12e8b_2203,11608.092873630234
00e12e8b_2204,11608.10210282229
00e12e8b_2205,11608.11755418047
00e12e8b_2206,11608.13379259337
00e12e8b_2207,11608.149664572007
00e12e8b_2208,11608.161969955923
00e12e8b_2209,11608.18070197794
00e12e8b_2210,11608.201449310383
00e12e8b_2211,11608.22249644058
00e12e8b_2212,11608.240107967616
00e12e8b_2213,11608.267495312106
00e12e8b_2214,11608.296027665638
00e12e8b_2215,11608.322705594994
00e12e8b_2216,11608.357722279065
00e12e8b_2217,11608.395441502504
00e12e8b_2218,11608.424512108671
00e12e8b_2219,11608.463357634311
00e12e8b_2220,11608.506022823944
00e12e8b_2221,11608.545423880383
00e12e8b_2222,11608.592236559582
00e12e8b_2223,11608.637263564897
00e12e8b_2224,11608.690181034912
00e12e8b_2225,11608.745387398603
00e12e8b_2226,11608.79824246962
00e12e8b_2227,11608.8595567157
00e12e8b_2228,11608.917750895886
00e12e8b_2229,11608.982376098606
00e12e8b_2230,11609.044483176822
00e12e8b_2231,11609.11361976225
00e12e8b_2232,11609.176851623044
00e12e8b_2233,11609.245480639043
00e12e8b_2234,11609.309445984904
00e12e8b_2235,11609.38116516878
00e12e8b_2236,11609.44626657194
00e12e8b_2237,11609.5181522137
00e12e8b_2238,11609.584760733873
00e12e8b_2239,11609.65171576728
00e12e8b_2240,11609.719296519355
00e12e8b_2241,11609.78395445644
00e12e8b_2242,11609.854826391487
00e12e8b_2243,11609.920897072943
00e12e8b_2244,11609.985890687232
00e12e8b_2245,11610.057176907154
00e12e8b_2246,11610.122380055876
00e12e8b_2247,11610.190200542946
00e12e8b_2248,11610.25089049042
00e12e8b_2249,11610.30908784087
00e12e8b_2250,11610.369510730785
00e12e8b_2251,11610.420626232746
00e12e8b_2252,11610.469344319088
00e12e8b_2253,11610.520391567456
00e12e8b_2254,11610.560870776046
00e12e8b_2255,11610.599454464573
00e12e8b_2256,11610.640208538967
00e12e8b_2257,11610.675159397844
00e12e8b_2258,11610.706584028832
00e12e8b_2259,11610.741423894266
00e12e8b_2260,11610.767996184062
00e12e8b_2261,11610.792309416513
00e12e8b_2262,11610.814674935717
00e12e8b_2263,11610.842294265563
00e12e8b_2264,11610.867078157573
00e12e8b_2265,11610.891338049922
00e12e8b_2266,11610.915413314257
00e12e8b_2267,11610.944406651295
00e12e8b_2268,11610.967326344446
00e12e8b_2269,11610.98829155094
00e12e8b_2270,11611.008634158386
00e12e8b_2271,11611.032970682085
00e12e8b_2272,11611.05049107572
00e12e8b_2273,11611.066021006503
00e12e8b_2274,11611.082280921768
00e12e8b_2275,11611.103558203686
00e12e8b_2276,11611.116365066307
00e12e8b_2277,11611.13021620326
00e12e8b_2278,11611.143801422517
00e12e8b_2279,11611.161323564462
00e12e8b_2280,11611.18297678788
00e12e8b_2281,11611.19843386953
00e12e8b_2282,11611.21258900934
00e12e8b_2283,11611.22472448589
00e12e8b_2284,11611.23439783277
00e12e8b_2285,11611.243716791882
00e12e8b_2286,11611.250495297038
00e12e8b_2287,11611.26006042512
00e12e8b_2288,11611.26400128724
00e12e8b_2289,11611.266896838391
00e12e8b_2290,11611.26789865691
00e12e8b_2291,11611.267049671053
00e12e8b_2292,11611.265513570084
00e12e8b_2293,11611.263289110502
00e12e8b_2294,11611.259661889464
00e12e8b_2295,11611.25980711399
00e12e8b_2296,11611.254674262873
00e12e8b_2297,11611.24809962825
00e12e8b_2298,11611.239841431723
00e12e8b_2299,11611.231180897015
00e12e8b_2300,11611.221394492244
00e12e8b_2301,11611.20951471382
00e12e8b_2302,11611.197184816274
00e12e8b_2303,11611.186359034837
00e12e8b_2304,11611.17628703793
00e12e8b_2305,11611.166940477386
00e12e8b_2306,11611.156615442267
00e12e8b_2307,11611.147345923167
00e12e8b_2308,11611.137993878932
00e12e8b_2309,11611.127044395776
00e12e8b_2310,11611.117827598908
00e12e8b_2311,11611.109560457531
00e12e8b_2312,11611.10081968612
00e12e8b_2313,11611.09051308261
00e12e8b_2314,11611.080546620666
00e12e8b_2315,11611.070286502489
00e12e8b_2316,11611.05904477066
00e12e8b_2317,11611.045001308565
00e12e8b_2318,11611.03437386044
00e12e8b_2319,11611.023986933214
00e12e8b_2320,11611.01379951916
00e12e8b_2321,11611.005782687338
00e12e8b_2322,11610.997853732211
00e12e8b_2323,11610.987096652509
00e12e8b_2324,11610.976653936244
00e12e8b_2325,11610.968421928035
00e12e8b_2326,11610.961392127369
00e12e8b_2327,11610.950071373927
00e12e8b_2328,11610.944262916586
00e12e8b_2329,11610.940479554774
00e12e8b_2330,11610.936099790231
00e12e8b_2331,11610.93296734742
00e12e8b_2332,11610.933009938974
00e12e8b_2333,11610.934073314034
00e12e8b_2334,11610.937272610972
00e12e8b_2335,11610.93366374994
00e12e8b_2336,11610.9384966918
00e12e8b_2337,11610.94443385937
00e12e8b_2338,11610.949306277163
00e12e8b_2339,11610.955605596691
00e12e8b_2340,11610.962257583384
00e12e8b_2341,11610.963100813771
00e12e8b_2342,11610.969303688486
00e12e8b_2343,11610.976935273056
00e12e8b_2344,11610.985237826935
00e12e8b_2345,11610.99133740048
00e12e8b_2346,11610.99363335031
00e12e8b_2347,11611.004637605847
00e12e8b_2348,11611.016352457886
00e12e8b_2349,11611.022689462518
00e12e8b_2350,11611.03676253623
00e12e8b_2351,11611.052206480854
00e12e8b_2352,11611.069633484516
00e12e8b_2353,11611.079922595996
00e12e8b_2354,11611.09675997193
00e12e8b_2355,11611.109578430816
00e12e8b_2356,11611.12752720024
00e12e8b_2357,11611.14275670519
00e12e8b_2358,11611.15300121456
00e12e8b_2359,11611.167856079925
00e12e8b_2360,11611.179933407702
00e12e8b_2361,11611.1859990924
00e12e8b_2362,11611.20006381183
00e12e8b_2363,11611.207855714989
00e12e8b_2364,11611.220612065546
00e12e8b_2365,11611.227763469651
00e12e8b_2366,11611.23974638992
00e12e8b_2367,11611.245808885858
00e12e8b_2368,11611.255698255984
00e12e8b_2369,11611.26074959262
00e12e8b_2370,11611.271464611182
00e12e8b_2371,11611.274773050558
00e12e8b_2372,11611.283284567762
00e12e8b_2373,11611.28606571352
00e12e8b_2374,11611.29471997671
00e12e8b_2375,11611.295668925166
00e12e8b_2376,11611.29636161778
00e12e8b_2377,11611.301300522313
00e12e8b_2378,11611.300074103372
00e12e8b_2379,11611.296036397114
00e12e8b_2380,11611.29711744718
00e12e8b_2381,11611.292193973724
00e12e8b_2382,11611.290443697766
00e12e8b_2383,11611.283410348438
00e12e8b_2384,11611.279983965078
00e12e8b_2385,11611.271785420366
00e12e8b_2386,11611.268759837392
00e12e8b_2387,11611.262291641477
00e12e8b_2388,11611.257483416164
00e12e8b_2389,11611.257639455958
00e12e8b_2390,11611.254715801082
00e12e8b_2391,11611.253266279193
00e12e8b_2392,11611.252993682709
00e12e8b_2393,11611.251331168118
00e12e8b_2394,11611.258371936088
00e12e8b_2395,11611.260386575888
00e12e8b_2396,11611.26361797926
00e12e8b_2397,11611.266657881246
00e12e8b_2398,11611.271890120664
00e12e8b_2399,11611.27733281696
00e12e8b_2400,11611.289168461662
00e12e8b_2401,11611.297196103824
00e12e8b_2402,11611.306671136186
00e12e8b_2403,11611.316915560194
00e12e8b_2404,11611.326358123491
00e12e8b_2405,11611.338766777177
00e12e8b_2406,11611.3521620094
00e12e8b_2407,11611.364074101588
00e12e8b_2408,11611.377502443414
00e12e8b_2409,11611.394442792473
00e12e8b_2410,11611.41286268389
00e12e8b_2411,11611.43084879609
00e12e8b_2412,11611.452205708549
00e12e8b_2413,11611.47273634408
00e12e8b_2414,11611.49505593733
00e12e8b_2415,11611.515978236972
00e12e8b_2416,11611.53623697639
00e12e8b_2417,11611.557347146145
00e12e8b_2418,11611.578683496513
00e12e8b_2419,11611.597920858792
00e12e8b_2420,11611.616390105944
00e12e8b_2421,11611.63369382931
00e12e8b_2422,11611.650587029671
00e12e8b_2423,11611.660173432778
00e12e8b_2424,11611.678292441396
00e12e8b_2425,11611.694613489371
00e12e8b_2426,11611.71080746226
00e12e8b_2427,11611.72041712764
00e12e8b_2428,11611.731744843204
00e12e8b_2429,11611.736426498432
00e12e8b_2430,11611.74975614515
00e12e8b_2431,11611.762363374995
00e12e8b_2432,11611.776730365851
00e12e8b_2433,11611.788928408025
00e12e8b_2434,11611.797525142509
00e12e8b_2435,11611.80966670175
00e12e8b_2436,11611.821816229423
00e12e8b_2437,11611.828475231428
00e12e8b_2438,11611.841221453758
00e12e8b_2439,11611.854466666891
00e12e8b_2440,11611.866369300404
00e12e8b_2441,11611.873173885975
00e12e8b_2442,11611.88658141468
00e12e8b_2443,11611.89299144009
00e12e8b_2444,11611.90399265485
00e12e8b_2445,11611.9156887413
00e12e8b_2446,11611.928161794738
00e12e8b_2447,11611.945549599772
00e12e8b_2448,11611.96207311626
00e12e8b_2449,11611.972407212665
00e12e8b_2450,11611.990420573877
00e12e8b_2451,11612.0033764873
00e12e8b_2452,11612.02519568249
00e12e8b_2453,11612.042325914625
00e12e8b_2454,11612.068141804362
00e12e8b_2455,11612.086653872142
00e12e8b_2456,11612.112831039714
00e12e8b_2457,11612.133257588062
00e12e8b_2458,11612.159677994718
00e12e8b_2459,11612.180324258788
00e12e8b_2460,11612.206572926712
00e12e8b_2461,11612.225708012484
00e12e8b_2462,11612.248421175893
00e12e8b_2463,11612.264951638314
00e12e8b_2464,11612.28569056245
00e12e8b_2465,11612.2999513549
00e12e8b_2466,11612.314614626115
00e12e8b_2467,11612.335099340353
00e12e8b_2468,11612.350501918496
00e12e8b_2469,11612.368563049964
00e12e8b_2470,11612.381739051803
00e12e8b_2471,11612.394329240073
00e12e8b_2472,11612.4136852782
00e12e8b_2473,11612.4233441266
00e12e8b_2474,11612.434187408184
00e12e8b_2475,11612.445661968224
00e12e8b_2476,11612.461582682869
00e12e8b_2477,11612.47101994402
00e12e8b_2478,11612.48052306293
00e12e8b_2479,11612.495412660166
00e12e8b_2480,11612.502666620318
00e12e8b_2481,11612.509585942931
00e12e8b_2482,11612.515480905924
00e12e8b_2483,11612.51869604418
00e12e8b_2484,11612.525349222018
00e12e8b_2485,11612.524162962238
00e12e8b_2486,11612.520072764111
00e12e8b_2487,11612.514471853214
00e12e8b_2488,11612.516525400344
00e12e8b_2489,11612.522900602024
00e12e8b_2490,11612.523811310197
00e12e8b_2491,11612.51606160992
00e12e8b_2492,11612.508326391291
00e12e8b_2493,11612.501744495556
00e12e8b_2494,11612.497885407636
00e12e8b_2495,11612.49141773372
00e12e8b_2496,11612.484261965075
00e12e8b_2497,11612.48103780484
00e12e8b_2498,11612.475260608608
00e12e8b_2499,11612.47157678844
00e12e8b_2500,11612.464138801804
00e12e8b_2501,11612.460278903804
00e12e8b_2502,11612.46079800455
00e12e8b_2503,11612.455063444995
00e12e8b_2504,11612.444595071029
00e12e8b_2505,11612.43787924427
00e12e8b_2506,11612.432656290526
00e12e8b_2507,11612.427515997424
00e12e8b_2508,11612.42300071053
00e12e8b_2509,11612.41800921558
00e12e8b_2510,11612.409662867853
00e12e8b_2511,11612.40559183298
00e12e8b_2512,11612.401974675196
00e12e8b_2513,11612.398498792689
00e12e8b_2514,11612.395308478925
00e12e8b_2515,11612.392698482578
00e12e8b_2516,11612.38455594926
00e12e8b_2517,11612.379384839582
00e12e8b_2518,11612.37818562164
00e12e8b_2519,11612.377815468346
00e12e8b_2520,11612.374628065549
00e12e8b_2521,11612.373355863752
00e12e8b_2522,11612.365562582918
00e12e8b_2523,11612.363827758974
00e12e8b_2524,11612.36129721198
00e12e8b_2525,11612.359666622506
00e12e8b_2526,11612.351650224227
00e12e8b_2527,11612.34293480511
00e12e8b_2528,11612.33912228654
00e12e8b_2529,11612.334622351533
00e12e8b_2530,11612.325521276478
00e12e8b_2531,11612.323709289802
00e12e8b_2532,11612.32112472627
00e12e8b_2533,11612.31310417781
00e12e8b_2534,11612.305107765487
00e12e8b_2535,11612.294609385684
00e12e8b_2536,11612.286266121644
00e12e8b_2537,11612.278366040908
00e12e8b_2538,11612.26973679159
00e12e8b_2539,11612.260915626492
00e12e8b_2540,11612.245733710184
00e12e8b_2541,11612.235205525774
00e12e8b_2542,11612.22343905198
00e12e8b_2543,11612.21188016675
00e12e8b_2544,11612.200727038766
00e12e8b_2545,11612.189388832245
00e12e8b_2546,11612.178523407343
00e12e8b_2547,11612.16411028778
00e12e8b_2548,11612.15111409988
00e12e8b_2549,11612.138272961092
00e12e8b_2550,11612.125373147144
00e12e8b_2551,11612.112352089178
00e12e8b_2552,11612.10428236557
00e12e8b_2553,11612.1007445611
00e12e8b_2554,11612.096067790097
00e12e8b_2555,11612.089043147147
00e12e8b_2556,11612.084430320452
00e12e8b_2557,11612.079263384185
00e12e8b_2558,11612.07902129507
00e12e8b_2559,11612.081804137382
00e12e8b_2560,11612.083854893412
00e12e8b_2561,11612.090375743128
00e12e8b_2562,11612.095372507414
00e12e8b_2563,11612.100290461303
00e12e8b_2564,11612.107209038437
00e12e8b_2565,11612.115651615404
00e12e8b_2566,11612.126103425708
00e12e8b_2567,11612.132045820224
00e12e8b_2568,11612.13862353406
00e12e8b_2569,11612.145621558117
00e12e8b_2570,11612.15334757048
00e12e8b_2571,11612.16509348595
00e12e8b_2572,11612.175415781903
00e12e8b_2573,11612.186299067478
00e12e8b_2574,11612.195842702316
00e12e8b_2575,11612.208233316209
00e12e8b_2576,11612.220376663972
00e12e8b_2577,11612.233400715122
00e12e8b_2578,11612.250331063722
00e12e8b_2579,11612.27061489612
00e12e8b_2580,11612.28560340387
00e12e8b_2581,11612.299954244025
00e12e8b_2582,11612.31480838127
00e12e8b_2583,11612.330407779442
00e12e8b_2584,11612.34535499628
00e12e8b_2585,11612.36198523578
00e12e8b_2586,11612.378750961156
00e12e8b_2587,11612.394029796294
00e12e8b_2588,11612.41269693826
00e12e8b_2589,11612.43439467422
00e12e8b_2590,11612.449976242891
00e12e8b_2591,11612.46449633109
00e12e8b_2592,11612.47650999381
00e12e8b_2593,11612.489799574
00e12e8b_2594,11612.505900645614
00e12e8b_2595,11612.527785865765
00e12e8b_2596,11612.544899913282
00e12e8b_2597,11612.560085642594
00e12e8b_2598,11612.573681730377
00e12e8b_2599,11612.588560670762
00e12e8b_2600,11612.604247523654
00e12e8b_2601,11612.62556957562
00e12e8b_2602,11612.639886164136
00e12e8b_2603,11612.653868319603
00e12e8b_2604,11612.66962694122
00e12e8b_2605,11612.689018080822
00e12e8b_2606,11612.700848376093
00e12e8b_2607,11612.712615055156
00e12e8b_2608,11612.725349000622
00e12e8b_2609,11612.74351334251
00e12e8b_2610,11612.755253292567
00e12e8b_2611,11612.768295903355
00e12e8b_2612,11612.781175243606
00e12e8b_2613,11612.79781124977
00e12e8b_2614,11612.808594456705
00e12e8b_2615,11612.81950311938
00e12e8b_2616,11612.837202346822
00e12e8b_2617,11612.847129262123
00e12e8b_2618,11612.856424714637
00e12e8b_2619,11612.865255895438
00e12e8b_2620,11612.877254965437
00e12e8b_2621,11612.885074963346
00e12e8b_2622,11612.892855900069
00e12e8b_2623,11612.906352579268
00e12e8b_2624,11612.913688425266
00e12e8b_2625,11612.919885473608
00e12e8b_2626,11612.929883557355
00e12e8b_2627,11612.93598683771
00e12e8b_2628,11612.941203760023
00e12e8b_2629,11612.941202200422
00e12e8b_2630,11612.950656558667
00e12e8b_2631,11612.954701323994
00e12e8b_2632,11612.955417018577
00e12e8b_2633,11612.956413851009
00e12e8b_2634,11612.961248066138
00e12e8b_2635,11612.959166719236
00e12e8b_2636,11612.9509048844
00e12e8b_2637,11612.94719544164
00e12e8b_2638,11612.9367522324
00e12e8b_2639,11612.924812067444
00e12e8b_2640,11612.909588553955
00e12e8b_2641,11612.90571755251
00e12e8b_2642,11612.89769624456
00e12e8b_2643,11612.888871096668
00e12e8b_2644,11612.87493021356
00e12e8b_2645,11612.866887414184
00e12e8b_2646,11612.860103215437
00e12e8b_2647,11612.851545518522
00e12e8b_2648,11612.842370399852
00e12e8b_2649,11612.838782712077
00e12e8b_2650,11612.832903150933
00e12e8b_2651,11612.828398590593
00e12e8b_2652,11612.82649473438
00e12e8b_2653,11612.824336249718
00e12e8b_2654,11612.824001805437
00e12e8b_2655,11612.82493357152
00e12e8b_2656,11612.823406877116
00e12e8b_2657,11612.825438803176
00e12e8b_2658,11612.826492401917
00e12e8b_2659,11612.827525551122
00e12e8b_2660,11612.82702235141
00e12e8b_2661,11612.833030539585
00e12e8b_2662,11612.839011623872
00e12e8b_2663,11612.851671080867
00e12e8b_2664,11612.864168343707
00e12e8b_2665,11612.881919723304
00e12e8b_2666,11612.892413727266
00e12e8b_2667,11612.915960975331
00e12e8b_2668,11612.939080738352
00e12e8b_2669,11612.965476730247
00e12e8b_2670,11612.982498260366
00e12e8b_2671,11613.005713012984
00e12e8b_2672,11613.029780617104
00e12e8b_2673,11613.051745447538
00e12e8b_2674,11613.068905628974
00e12e8b_2675,11613.087565609
00e12e8b_2676,11613.105969591788
00e12e8b_2677,11613.1272795228
00e12e8b_2678,11613.13981348892
00e12e8b_2679,11613.15947919479
00e12e8b_2680,11613.172468850891
00e12e8b_2681,11613.191999895938
00e12e8b_2682,11613.207511370432
00e12e8b_2683,11613.21888598976
00e12e8b_2684,11613.236549322664
00e12e8b_2685,11613.25027919242
00e12e8b_2686,11613.25755505271
00e12e8b_2687,11613.272005329494
00e12e8b_2688,11613.279266678888
00e12e8b_2689,11613.293762960207
00e12e8b_2690,11613.302326227617
00e12e8b_2691,11613.312989328952
00e12e8b_2692,11613.315211044684
00e12e8b_2693,11613.319708751076
00e12e8b_2694,11613.319487006062
00e12e8b_2695,11613.321010405012
00e12e8b_2696,11613.314068443444
00e12e8b_2697,11613.316357352154
00e12e8b_2698,11613.306714165352
00e12e8b_2699,11613.311616751504
00e12e8b_2700,11613.308385440823
00e12e8b_2701,11613.312417821731
00e12e8b_2702,11613.316592612562
00e12e8b_2703,11613.318369445637
00e12e8b_2704,11613.318542214362
00e12e8b_2705,11613.32018252831
00e12e8b_2706,11613.31879512948
00e12e8b_2707,11613.32253457002
00e12e8b_2708,11613.320572126671
00e12e8b_2709,11613.323521553892
00e12e8b_2710,11613.321004561854
00e12e8b_2711,11613.331606928485
00e12e8b_2712,11613.332040283804
00e12e8b_2713,11613.330101398671
00e12e8b_2714,11613.337366763652
00e12e8b_2715,11613.337868775194
00e12e8b_2716,11613.33673691348
00e12e8b_2717,11613.338498594
00e12e8b_2718,11613.339405287172
00e12e8b_2719,11613.348365497295
00e12e8b_2720,11613.34829196917
00e12e8b_2721,11613.354334190415
00e12e8b_2722,11613.356864136833
00e12e8b_2723,11613.365156950204
00e12e8b_2724,11613.376826897762
00e12e8b_2725,11613.385607586082
00e12e8b_2726,11613.390422234548
00e12e8b_2727,11613.39948307706
00e12e8b_2728,11613.404123783845
00e12e8b_2729,11613.41201792581
00e12e8b_2730,11613.41815300278
00e12e8b_2731,11613.43315800002
00e12e8b_2732,11613.441259378982
00e12e8b_2733,11613.447366785293
00e12e8b_2734,11613.455580531903
00e12e8b_2735,11613.460490030971
00e12e8b_2736,11613.466749489751
00e12e8b_2737,11613.473318193228
00e12e8b_2738,11613.475996870096
00e12e8b_2739,11613.480334819991
00e12e8b_2740,11613.483968485503
00e12e8b_2741,11613.491808367591
00e12e8b_2742,11613.490964797824
00e12e8b_2743,11613.491309764178
00e12e8b_2744,11613.492004228992
00e12e8b_2745,11613.491234002382
00e12e8b_2746,11613.49389935494
00e12e8b_2747,11613.49597783291
00e12e8b_2748,11613.498426922077
00e12e8b_2749,11613.501873779136
00e12e8b_2750,11613.501262042626
00e12e8b_2751,11613.503246243945
00e12e8b_2752,11613.504628003362
00e12e8b_2753,11613.50753952235
00e12e8b_2754,11613.507988823923
00e12e8b_2755,11613.507623681966
00e12e8b_2756,11613.509879401066
00e12e8b_2757,11613.511197738217
00e12e8b_2758,11613.512239145124
00e12e8b_2759,11613.513687951938
00e12e8b_2760,11613.51418282069
00e12e8b_2761,11613.514519152894
00e12e8b_2762,11613.507708337029
00e12e8b_2763,11613.50658101435
00e12e8b_2764,11613.504981425196
00e12e8b_2765,11613.506042870584
00e12e8b_2766,11613.507609314209
00e12e8b_2767,11613.510172157869
00e12e8b_2768,11613.51547733594
00e12e8b_2769,11613.520735520657
00e12e8b_2770,11613.52635884468
00e12e8b_2771,11613.534607399357
00e12e8b_2772,11613.538614658566
00e12e8b_2773,11613.53960844356
00e12e8b_2774,11613.547886049684
00e12e8b_2775,11613.554604624496
00e12e8b_2776,11613.56048421046
00e12e8b_2777,11613.567552048073
00e12e8b_2778,11613.57544006283
00e12e8b_2779,11613.574827032193
00e12e8b_2780,11613.579234975374
00e12e8b_2781,11613.582935144825
00e12e8b_2782,11613.589846908642
00e12e8b_2783,11613.596971219671
00e12e8b_2784,11613.59652022914
00e12e8b_2785,11613.599771487943
00e12e8b_2786,11613.604213326136
00e12e8b_2787,11613.609599188325
00e12e8b_2788,11613.614567973982
00e12e8b_2789,11613.613723384862
00e12e8b_2790,11613.620206916508
00e12e8b_2791,11613.62534943543
00e12e8b_2792,11613.629293505805
00e12e8b_2793,11613.630719602816
00e12e8b_2794,11613.63427750919
00e12e8b_2795,11613.637115677995
00e12e8b_2796,11613.641113113074
00e12e8b_2797,11613.638720109488
00e12e8b_2798,11613.641950020256
00e12e8b_2799,11613.646249028136
00e12e8b_2800,11613.643198103768
00e12e8b_2801,11613.64510665258
00e12e8b_2802,11613.649358484035
00e12e8b_2803,11613.646174907386
00e12e8b_2804,11613.650742682525
00e12e8b_2805,11613.65552652533
00e12e8b_2806,11613.657085288978
00e12e8b_2807,11613.661981155705
00e12e8b_2808,11613.666532652096
00e12e8b_2809,11613.666925627129
00e12e8b_2810,11613.670624133943
00e12e8b_2811,11613.673058351054
00e12e8b_2812,11613.671582223564
00e12e8b_2813,11613.674608287763
00e12e8b_2814,11613.675928558772
00e12e8b_2815,11613.675247136754
00e12e8b_2816,11613.6774150624
00e12e8b_2817,11613.679627002526
00e12e8b_2818,11613.677656434114
00e12e8b_2819,11613.680551300104
00e12e8b_2820,11613.683720455316
00e12e8b_2821,11613.6878203307
00e12e8b_2822,11613.683823358217
00e12e8b_2823,11613.684596156709
00e12e8b_2824,11613.686050273816
00e12e8b_2825,11613.688102617922
00e12e8b_2826,11613.6824034302
00e12e8b_2827,11613.6848971186
00e12e8b_2828,11613.686943768924
00e12e8b_2829,11613.688325323485
00e12e8b_2830,11613.690792817988
00e12e8b_2831,11613.695551405808
00e12e8b_2832,11613.691705584264
00e12e8b_2833,11613.692736045034
00e12e8b_2834,11613.69649072188
00e12e8b_2835,11613.702411327304
00e12e8b_2836,11613.705947410568
00e12e8b_2837,11613.711502149536
00e12e8b_2838,11613.716229802283
00e12e8b_2839,11613.723259827078
00e12e8b_2840,11613.729940667694
00e12e8b_2841,11613.73642901396
00e12e8b_2842,11613.744613702856
00e12e8b_2843,11613.751637486635
00e12e8b_2844,11613.75763071689
00e12e8b_2845,11613.765966855475
00e12e8b_2846,11613.772796242163
00e12e8b_2847,11613.780460468264
00e12e8b_2848,11613.787630400811
00e12e8b_2849,11613.790063700362
00e12e8b_2850,11613.794100320683
00e12e8b_2851,11613.794769995837
00e12e8b_2852,11613.79785690715
00e12e8b_2853,11613.798450911188
00e12e8b_2854,11613.799675129036
00e12e8b_2855,11613.80531525196
00e12e8b_2856,11613.807042427936
00e12e8b_2857,11613.807054644514
00e12e8b_2858,11613.808397778112
00e12e8b_2859,11613.80657182696
00e12e8b_2860,11613.805743719076
00e12e8b_2861,11613.80980628849
00e12e8b_2862,11613.807672772897
00e12e8b_2863,11613.8030033596
00e12e8b_2864,11613.79950301074
00e12e8b_2865,11613.801556146096
00e12e8b_2866,11613.795252783784
00e12e8b_2867,11613.790676956867
00e12e8b_2868,11613.78338489822
00e12e8b_2869,11613.783037854411
00e12e8b_2870,11613.775520280127
00e12e8b_2871,11613.762904357476
00e12e8b_2872,11613.760368459523
00e12e8b_2873,11613.75176734756
00e12e8b_2874,11613.744283943528
00e12e8b_2875,11613.74018813567
00e12e8b_2876,11613.734799169282
00e12e8b_2877,11613.729844432506
00e12e8b_2878,11613.727249240748
00e12e8b_2879,11613.721683679512
00e12e8b_2880,11613.723049203934
00e12e8b_2881,11613.713358824562
00e12e8b_2882,11613.713469242792
00e12e8b_2883,11613.708240646018
00e12e8b_2884,11613.70528375428
00e12e8b_2885,11613.70041925576
00e12e8b_2886,11613.698015614636
00e12e8b_2887,11613.692145597635
00e12e8b_2888,11613.690953072328
00e12e8b_2889,11613.686486211547
00e12e8b_2890,11613.687850723953
00e12e8b_2891,11613.68625134746
00e12e8b_2892,11613.686702762749
00e12e8b_2893,11613.68394041769
00e12e8b_2894,11613.691912177126
00e12e8b_2895,11613.696389602534
00e12e8b_2896,11613.695562161936
00e12e8b_2897,11613.704012363658
00e12e8b_2898,11613.706728500962
00e12e8b_2899,11613.71584065928
00e12e8b_2900,11613.725381990356
00e12e8b_2901,11613.728315428698
00e12e8b_2902,11613.739150677662
00e12e8b_2903,11613.74621013741
00e12e8b_2904,11613.755444518983
00e12e8b_2905,11613.761879126365
00e12e8b_2906,11613.76903845576
00e12e8b_2907,11613.782481222284
00e12e8b_2908,11613.784937672734
00e12e8b_2909,11613.793204550802
00e12e8b_2910,11613.806184327132
00e12e8b_2911,11613.81216349218
00e12e8b_2912,11613.82721608122
00e12e8b_2913,11613.84100419349
00e12e8b_2914,11613.851394504574
00e12e8b_2915,11613.86717061952
00e12e8b_2916,11613.880323606276
00e12e8b_2917,11613.896995303108
00e12e8b_2918,11613.910955324867
00e12e8b_2919,11613.928719336724
00e12e8b_2920,11613.943732740314
00e12e8b_2921,11613.962686828056
00e12e8b_2922,11613.978939756327
00e12e8b_2923,11613.991878429984
00e12e8b_2924,11614.013282452546
00e12e8b_2925,11614.026833359929
00e12e8b_2926,11614.040212353328
00e12e8b_2927,11614.061889302828
00e12e8b_2928,11614.075867786833
00e12e8b_2929,11614.093129594949
00e12e8b_2930,11614.11218357256
00e12e8b_2931,11614.127707073772
00e12e8b_2932,11614.146556495756
00e12e8b_2933,11614.162531637954
00e12e8b_2934,11614.180318939802
00e12e8b_2935,11614.198222987176
00e12e8b_2936,11614.216339430215
00e12e8b_2937,11614.240520974234
00e12e8b_2938,11614.257969579072
00e12e8b_2939,11614.276912714711
00e12e8b_2940,11614.29468841612
00e12e8b_2941,11614.310745999062
00e12e8b_2942,11614.32932548524
00e12e8b_2943,11614.344675014025
00e12e8b_2944,11614.35393360834
00e12e8b_2945,11614.370047659686
00e12e8b_2946,11614.383572766912
00e12e8b_2947,11614.398484592464
00e12e8b_2948,11614.412291965604
00e12e8b_2949,11614.429032248798
00e12e8b_2950,11614.441229939725
00e12e8b_2951,11614.450542629776
00e12e8b_2952,11614.461580778176
00e12e8b_2953,11614.476568901911
00e12e8b_2954,11614.488241415866
00e12e8b_2955,11614.489366469716
00e12e8b_2956,11614.498256042903
00e12e8b_2957,11614.505669709311
00e12e8b_2958,11614.502136629117
00e12e8b_2959,11614.506453701377
00e12e8b_2960,11614.502775246838
00e12e8b_2961,11614.500637884465
00e12e8b_2962,11614.495871457051
00e12e8b_2963,11614.496140106305
00e12e8b_2964,11614.491113279364
00e12e8b_2965,11614.4924529079
00e12e8b_2966,11614.486454605983
00e12e8b_2967,11614.48727202187
00e12e8b_2968,11614.481917673274
00e12e8b_2969,11614.482542352132
00e12e8b_2970,11614.476333392036
00e12e8b_2971,11614.472442877272
00e12e8b_2972,11614.472768577974
00e12e8b_2973,11614.46806629493
00e12e8b_2974,11614.464146472452
00e12e8b_2975,11614.459400564125
00e12e8b_2976,11614.458100846756
00e12e8b_2977,11614.4503730947
00e12e8b_2978,11614.443992111295
00e12e8b_2979,11614.438414928023
00e12e8b_2980,11614.433597275678
00e12e8b_2981,11614.429123170024
00e12e8b_2982,11614.430829344185
00e12e8b_2983,11614.427020639096
00e12e8b_2984,11614.426557350926
00e12e8b_2985,11614.42433325593
00e12e8b_2986,11614.424196454323
00e12e8b_2987,11614.425238819093
00e12e8b_2988,11614.424979469728
00e12e8b_2989,11614.42420857138
00e12e8b_2990,11614.423705931817
00e12e8b_2991,11614.42027216534
00e12e8b_2992,11614.41076587465
00e12e8b_2993,11614.40752697851
00e12e8b_2994,11614.405448943196
00e12e8b_2995,11614.403628741597
00e12e8b_2996,11614.402753609502
00e12e8b_2997,11614.400830646744
00e12e8b_2998,11614.393586354288
00e12e8b_2999,11614.392999259968
00e12e8b_3000,11614.391739764458
00e12e8b_3001,11614.3844463292
00e12e8b_3002,11614.383438658988
00e12e8b_3003,11614.38432229729
00e12e8b_3004,11614.384087940669
00e12e8b_3005,11614.378105411892
00e12e8b_3006,11614.379425782574
00e12e8b_3007,11614.378792652604
00e12e8b_3008,11614.371559650755
00e12e8b_3009,11614.37004193195
00e12e8b_3010,11614.365705342836
00e12e8b_3011,11614.360297257555
00e12e8b_3012,11614.349630092483
00e12e8b_3013,11614.34081104724
00e12e8b_3014,11614.330710654309
00e12e8b_3015,11614.315525624232
00e12e8b_3016,11614.305599484396
00e12e8b_3017,11614.294153749415
00e12e8b_3018,11614.281960187784
00e12e8b_3019,11614.262528750136
00e12e8b_3020,11614.247878012024
00e12e8b_3021,11614.232973620705
00e12e8b_3022,11614.216705098508
00e12e8b_3023,11614.194900597977
00e12e8b_3024,11614.17640949452
00e12e8b_3025,11614.158267303748
00e12e8b_3026,11614.13815699465
00e12e8b_3027,11614.111683361412
00e12e8b_3028,11614.090652197468
00e12e8b_3029,11614.067841421269
00e12e8b_3030,11614.044322591437
00e12e8b_3031,11614.012802200948
00e12e8b_3032,11613.986227938496
00e12e8b_3033,11613.960571561616
00e12e8b_3034,11613.936677742404
00e12e8b_3035,11613.90565371522
00e12e8b_3036,11613.881002334268
00e12e8b_3037,11613.858296126533
00e12e8b_3038,11613.835874958906
00e12e8b_3039,11613.809234104408
00e12e8b_3040,11613.789428539472
00e12e8b_3041,11613.76935888698
00e12e8b_3042,11613.750694793762
00e12e8b_3043,11613.73397159098
00e12e8b_3044,11613.711343986217
00e12e8b_3045,11613.695756267976
00e12e8b_3046,11613.681039937102
00e12e8b_3047,11613.66865509922
00e12e8b_3048,11613.650567810366
00e12e8b_3049,11613.638959826158
00e12e8b_3050,11613.63123458889
00e12e8b_3051,11613.622687632573
00e12e8b_3052,11613.615202803954
00e12e8b_3053,11613.603298419155
00e12e8b_3054,11613.596774332214
00e12e8b_3055,11613.591557079922
00e12e8b_3056,11613.58951697739
00e12e8b_3057,11613.587220248835
00e12e8b_3058,11613.581203479844
00e12e8b_3059,11613.582620403868
00e12e8b_3060,11613.581061908368
00e12e8b_3061,11613.580699845365
00e12e8b_3062,11613.583752264629
00e12e8b_3063,11613.58139177682
00e12e8b_3064,11613.582579195536
00e12e8b_3065,11613.585562413617
00e12e8b_3066,11613.58663137851
00e12e8b_3067,11613.585752581668
00e12e8b_3068,11613.57986821684
00e12e8b_3069,11613.577446264122
00e12e8b_3070,11613.57668295485
00e12e8b_3071,11613.576876118655
00e12e8b_3072,11613.578279859956
00e12e8b_3073,11613.572366177948
00e12e8b_3074,11613.572274221357
00e12e8b_3075,11613.574316633429
00e12e8b_3076,11613.574090898324
00e12e8b_3077,11613.57333412466
00e12e8b_3078,11613.573158206696
00e12e8b_3079,11613.567258918118
00e12e8b_3080,11613.566452220082
00e12e8b_3081,11613.566170020636
00e12e8b_3082,11613.564009432152
00e12e8b_3083,11613.561915010929
00e12e8b_3084,11613.561152907478
00e12e8b_3085,11613.555492993222
00e12e8b_3086,11613.556343832166
00e12e8b_3087,11613.555252842094
00e12e8b_3088,11613.553499883434
00e12e8b_3089,11613.551839301515
00e12e8b_3090,11613.548903665524
00e12e8b_3091,11613.546870540136
00e12e8b_3092,11613.54043620559
00e12e8b_3093,11613.53978431808
00e12e8b_3094,11613.538896869206
00e12e8b_3095,11613.536018231458
00e12e8b_3096,11613.532569196854
00e12e8b_3097,11613.528855808836
00e12e8b_3098,11613.523601383631
00e12e8b_3099,11613.51383452672
00e12e8b_3100,11613.508852284933
00e12e8b_3101,11613.504663012194
00e12e8b_3102,11613.49888999296
00e12e8b_3103,11613.492280912476
00e12e8b_3104,11613.48097020149
00e12e8b_3105,11613.47416762558
00e12e8b_3106,11613.465242677514
00e12e8b_3107,11613.45585670506
00e12e8b_3108,11613.439997859869
00e12e8b_3109,11613.428228007651
00e12e8b_3110,11613.414993613878
00e12e8b_3111,11613.395072602923
00e12e8b_3112,11613.37888680072
00e12e8b_3113,11613.36276263346
00e12e8b_3114,11613.340961934597
00e12e8b_3115,11613.322801157876
00e12e8b_3116,11613.30183677511
00e12e8b_3117,11613.273423281373
00e12e8b_3118,11613.250329601462
00e12e8b_3119,11613.224676579692
00e12e8b_3120,11613.191382552974
00e12e8b_3121,11613.166965749526
00e12e8b_3122,11613.135350845936
00e12e8b_3123,11613.109538677596
00e12e8b_3124,11613.078636351536
00e12e8b_3125,11613.05341178206
00e12e8b_3126,11613.028567775616
00e12e8b_3127,11612.99770529634
00e12e8b_3128,11612.972423181842
00e12e8b_3129,11612.940218249623
00e12e8b_3130,11612.912107272816
00e12e8b_3131,11612.87745344586
00e12e8b_3132,11612.845171442104
00e12e8b_3133,11612.806415952373
00e12e8b_3134,11612.766544329656
00e12e8b_3135,11612.733035884405
00e12e8b_3136,11612.69088137012
00e12e8b_3137,11612.653405293864
00e12e8b_3138,11612.607022465045
00e12e8b_3139,11612.566079755316
00e12e8b_3140,11612.519648308564
00e12e8b_3141,11612.473906840749
00e12e8b_3142,11612.432236446051
00e12e8b_3143,11612.384032021688
00e12e8b_3144,11612.335517958343
00e12e8b_3145,11612.294165694242
00e12e8b_3146,11612.2453814683
00e12e8b_3147,11612.19510130501
00e12e8b_3148,11612.150700713237
00e12e8b_3149,11612.099311715909
00e12e8b_3150,11612.04670509728
00e12e8b_3151,11612.00005471392
00e12e8b_3152,11611.945510655289
00e12e8b_3153,11611.890922806791
00e12e8b_3154,11611.835900139682
00e12e8b_3155,11611.782288199707
00e12e8b_3156,11611.732794157682
00e12e8b_3157,11611.677634753822
00e12e8b_3158,11611.625037034604
00e12e8b_3159,11611.57371117296
00e12e8b_3160,11611.524947555554
00e12e8b_3161,11611.483384497938
00e12e8b_3162,11611.433779644694
00e12e8b_3163,11611.383477345566
00e12e8b_3164,11611.3322361782
00e12e8b_3165,11611.277964003692
00e12e8b_3166,11611.221518684204
00e12e8b_3167,11611.164651935049
00e12e8b_3168,11611.108374926473
00e12e8b_3169,11611.056381813903
00e12e8b_3170,11610.99775915152
00e12e8b_3171,11610.940243436527
00e12e8b_3172,11610.88279175503
00e12e8b_3173,11610.82454984394
00e12e8b_3174,11610.765705563532
00e12e8b_3175,11610.707048432072
00e12e8b_3176,11610.64680563713
00e12e8b_3177,11610.588114293178
00e12e8b_3178,11610.530685291582
00e12e8b_3179,11610.472531028432
00e12e8b_3180,11610.41560875711
00e12e8b_3181,11610.35907055567
00e12e8b_3182,11610.303712669544
00e12e8b_3183,11610.247687502257
00e12e8b_3184,11610.185406299886
00e12e8b_3185,11610.128414410126
00e12e8b_3186,11610.070914921827
00e12e8b_3187,11610.01210246779
00e12e8b_3188,11609.9533965507
00e12e8b_3189,11609.897995728892
00e12e8b_3190,11609.842264169403
00e12e8b_3191,11609.787247820996
00e12e8b_3192,11609.734788756708
00e12e8b_3193,11609.678359733172
00e12e8b_3194,11609.627995961126
00e12e8b_3195,11609.585272350472
00e12e8b_3196,11609.536276068711
00e12e8b_3197,11609.48769632868
00e12e8b_3198,11609.439949331874
00e12e8b_3199,11609.397825423132
00e12e8b_3200,11609.355143135535
00e12e8b_3201,11609.319223110922
00e12e8b_3202,11609.279701193347
00e12e8b_3203,11609.240546336338
00e12e8b_3204,11609.210249709857
00e12e8b_3205,11609.17515755093
00e12e8b_3206,11609.147434924947
00e12e8b_3207,11609.11462593848
00e12e8b_3208,11609.090504141506
00e12e8b_3209,11609.061465478146
00e12e8b_3210,11609.040901498
00e12e8b_3211,11609.02070403388
00e12e8b_3212,11608.997067271544
00e12e8b_3213,11608.980445983372
00e12e8b_3214,11608.96443161639
00e12e8b_3215,11608.951028553372
00e12e8b_3216,11608.93931020379
00e12e8b_3217,11608.92979224116
00e12e8b_3218,11608.92038639452
00e12e8b_3219,11608.91500232638
00e12e8b_3220,11608.906254876993
00e12e8b_3221,11608.89154386772
00e12e8b_3222,11608.878522659184
00e12e8b_3223,11608.863528787422
00e12e8b_3224,11608.850671462238
00e12e8b_3225,11608.842604057045
00e12e8b_3226,11608.83425834418
00e12e8b_3227,11608.823632349076
00e12e8b_3228,11608.820226163538
00e12e8b_3229,11608.813945776064
00e12e8b_3230,11608.811866304864
00e12e8b_3231,11608.806218507916
00e12e8b_3232,11608.807433967144
00e12e8b_3233,11608.8041032439
00e12e8b_3234,11608.804630974824
00e12e8b_3235,11608.806923110966
00e12e8b_3236,11608.803741951106
00e12e8b_3237,11608.805582246803
00e12e8b_3238,11608.807054985984
00e12e8b_3239,11608.808733959657
00e12e8b_3240,11608.80951749732
00e12e8b_3241,11608.808541127217
00e12e8b_3242,11608.808120078937
00e12e8b_3243,11608.80792532893
00e12e8b_3244,11608.808284188066
00e12e8b_3245,11608.807737347215
00e12e8b_3246,11608.808962893288
00e12e8b_3247,11608.809656423338
00e12e8b_3248,11608.809904524132
00e12e8b_3249,11608.816508861506
00e12e8b_3250,11608.818817807927
00e12e8b_3251,11608.818312611764
00e12e8b_3252,11608.823158198576
00e12e8b_3253,11608.823108027753
00e12e8b_3254,11608.827236532572
00e12e8b_3255,11608.825437883312
00e12e8b_3256,11608.828349410418
00e12e8b_3257,11608.8247976396
00e12e8b_3258,11608.824220567016
00e12e8b_3259,11608.82451419296
00e12e8b_3260,11608.818755748423
00e12e8b_3261,11608.816045674226
00e12e8b_3262,11608.811453857492
00e12e8b_3263,11608.806714957242
00e12e8b_3264,11608.802783414374
00e12e8b_3265,11608.797784979355
00e12e8b_3266,11608.794529218148
00e12e8b_3267,11608.790162507332
00e12e8b_3268,11608.783902124957
00e12e8b_3269,11608.778698537642
00e12e8b_3270,11608.772104570033
00e12e8b_3271,11608.763547938
00e12e8b_3272,11608.75045785097
00e12e8b_3273,11608.73660162086
00e12e8b_3274,11608.726831429576
00e12e8b_3275,11608.708843099708
00e12e8b_3276,11608.690152635343
00e12e8b_3277,11608.674296895368
00e12e8b_3278,11608.64907391043
00e12e8b_3279,11608.63174481042
00e12e8b_3280,11608.6063595763
00e12e8b_3281,11608.588091982896
00e12e8b_3282,11608.570348756595
00e12e8b_3283,11608.547033457491
00e12e8b_3284,11608.532343313596
00e12e8b_3285,11608.514123590405
00e12e8b_3286,11608.492911996684
00e12e8b_3287,11608.476454281348
00e12e8b_3288,11608.463757071771
00e12e8b_3289,11608.448368881114
00e12e8b_3290,11608.434797371134
00e12e8b_3291,11608.418788798424
00e12e8b_3292,11608.406268150826
00e12e8b_3293,11608.395195608557
00e12e8b_3294,11608.380854505756
00e12e8b_3295,11608.361761149608
00e12e8b_3296,11608.350867409965
00e12e8b_3297,11608.34080923712
00e12e8b_3298,11608.332057877296
00e12e8b_3299,11608.31690091842
00e12e8b_3300,11608.30895180245
00e12e8b_3301,11608.302936857854
00e12e8b_3302,11608.296272719108
00e12e8b_3303,11608.28599475987
00e12e8b_3304,11608.2814667071
00e12e8b_3305,11608.275827908106
00e12e8b_3306,11608.265378196484
00e12e8b_3307,11608.259776458612
00e12e8b_3308,11608.252920805528
00e12e8b_3309,11608.243647586449
00e12e8b_3310,11608.2281160633
00e12e8b_3311,11608.219014176382
00e12e8b_3312,11608.20966574053
00e12e8b_3313,11608.195497718343
00e12e8b_3314,11608.18607175462
00e12e8b_3315,11608.176061399012
00e12e8b_3316,11608.163528681996
00e12e8b_3317,11608.146812377723
00e12e8b_3318,11608.13580920454
00e12e8b_3319,11608.123523289543
00e12e8b_3320,11608.106689647691
00e12e8b_3321,11608.095355221269
00e12e8b_3322,11608.082748976323
00e12e8b_3323,11608.065675612535
00e12e8b_3324,11608.054197600964
00e12e8b_3325,11608.043774912192
00e12e8b_3326,11608.03259946576
00e12e8b_3327,11608.017262476054
00e12e8b_3328,11608.007502517794
00e12e8b_3329,11607.9965929251
00e12e8b_3330,11607.980703792971
00e12e8b_3331,11607.97014347399
00e12e8b_3332,11607.959088238706
00e12e8b_3333,11607.943804765884
00e12e8b_3334,11607.935360133792
00e12e8b_3335,11607.92718749778
00e12e8b_3336,11607.912672071168
00e12e8b_3337,11607.905137887285
00e12e8b_3338,11607.897948716896
00e12e8b_3339,11607.884857596531
00e12e8b_3340,11607.878222812473
00e12e8b_3341,11607.866246800751
00e12e8b_3342,11607.860501188392
00e12e8b_3343,11607.855088838764
00e12e8b_3344,11607.846110946752
00e12e8b_3345,11607.84259549516
00e12e8b_3346,11607.839455996049
00e12e8b_3347,11607.83245613351
00e12e8b_3348,11607.831281446195
00e12e8b_3349,11607.829305048834
00e12e8b_3350,11607.8230114837
00e12e8b_3351,11607.821680955549
00e12e8b_3352,11607.814205972974
00e12e8b_3353,11607.811252046376
00e12e8b_3354,11607.808771859683
00e12e8b_3355,11607.800617589624
00e12e8b_3356,11607.796923889366
00e12e8b_3357,11607.79332082784
00e12e8b_3358,11607.784880233205
00e12e8b_3359,11607.781913009076
00e12e8b_3360,11607.772507270203
00e12e8b_3361,11607.77080016827
00e12e8b_3362,11607.767652021575
00e12e8b_3363,11607.760277348989
00e12e8b_3364,11607.760582513303
00e12e8b_3365,11607.756961073066
00e12e8b_3366,11607.759313130677
00e12e8b_3367,11607.76380562356
00e12e8b_3368,11607.763287512063
00e12e8b_3369,11607.7685661637
00e12e8b_3370,11607.768121799823
00e12e8b_3371,11607.774161232155
00e12e8b_3372,11607.780591828328
00e12e8b_3373,11607.779853547903
00e12e8b_3374,11607.785602352766
00e12e8b_3375,11607.785313018714
00e12e8b_3376,11607.789908839111
00e12e8b_3377,11607.791219384875
00e12e8b_3378,11607.797013361504
00e12e8b_3379,11607.804633613268
00e12e8b_3380,11607.80444901998
00e12e8b_3381,11607.81021152082
00e12e8b_3382,11607.81067372121
00e12e8b_3383,11607.817260987744
00e12e8b_3384,11607.819247952302
00e12e8b_3385,11607.82626683416
00e12e8b_3386,11607.827268924628
00e12e8b_3387,11607.833537443646
00e12e8b_3388,11607.833857917543
00e12e8b_3389,11607.839227323597
00e12e8b_3390,11607.83830939786
00e12e8b_3391,11607.843556274
00e12e8b_3392,11607.843907237808
00e12e8b_3393,11607.844164776743
00e12e8b_3394,11607.84980540406
00e12e8b_3395,11607.849690115409
00e12e8b_3396,11607.849081892462
00e12e8b_3397,11607.854354381068
00e12e8b_3398,11607.853966039598
00e12e8b_3399,11607.85903225866
00e12e8b_3400,11607.859384944177
00e12e8b_3401,11607.85904807095
00e12e8b_3402,11607.854347187636
00e12e8b_3403,11607.859215274628
00e12e8b_3404,11607.860154345964
00e12e8b_3405,11607.862212710104
00e12e8b_3406,11607.865467804932
00e12e8b_3407,11607.874597925163
00e12e8b_3408,11607.879448000956
00e12e8b_3409,11607.883924644311
00e12e8b_3410,11607.88563931486
00e12e8b_3411,11607.895284053397
00e12e8b_3412,11607.89897467856
00e12e8b_3413,11607.90188955118
00e12e8b_3414,11607.903336677487
00e12e8b_3415,11607.901152743594
00e12e8b_3416,11607.900808331684
00e12e8b_3417,11607.898044335672
00e12e8b_3418,11607.892334750237
00e12e8b_3419,11607.896327029155
00e12e8b_3420,11607.894281364606
00e12e8b_3421,11607.892402945712
00e12e8b_3422,11607.88833935385
00e12e8b_3423,11607.88606419299
00e12e8b_3424,11607.883453152856
00e12e8b_3425,11607.878876648472
00e12e8b_3426,11607.875947465602
00e12e8b_3427,11607.87040281796
00e12e8b_3428,11607.866802543853
00e12e8b_3429,11607.863072580049
00e12e8b_3430,11607.857487042373
00e12e8b_3431,11607.852897361212
00e12e8b_3432,11607.84166111418
00e12e8b_3433,11607.83720889606
00e12e8b_3434,11607.829974845246
00e12e8b_3435,11607.82423329936
00e12e8b_3436,11607.816043254708
00e12e8b_3437,11607.808609928356
00e12e8b_3438,11607.799486985876
00e12e8b_3439,11607.791904297635
00e12e8b_3440,11607.776483653848
00e12e8b_3441,11607.771149534175
00e12e8b_3442,11607.761894427067
00e12e8b_3443,11607.752670082691
00e12e8b_3444,11607.744684353129
00e12e8b_3445,11607.7301857412
00e12e8b_3446,11607.722506028977
00e12e8b_3447,11607.713245136749
00e12e8b_3448,11607.698627421209
00e12e8b_3449,11607.691569335188
00e12e8b_3450,11607.683293445962
00e12e8b_3451,11607.675568087898
00e12e8b_3452,11607.662771521707
00e12e8b_3453,11607.654348847094
00e12e8b_3454,11607.646316735229
00e12e8b_3455,11607.63420580425
00e12e8b_3456,11607.627026764432
00e12e8b_3457,11607.614573632609
00e12e8b_3458,11607.605722177665
00e12e8b_3459,11607.596705170534
00e12e8b_3460,11607.58224998483
00e12e8b_3461,11607.572742634631
00e12e8b_3462,11607.556249485857
00e12e8b_3463,11607.549943915365
00e12e8b_3464,11607.533179818063
00e12e8b_3465,11607.523936468026
00e12e8b_3466,11607.51015099119
00e12e8b_3467,11607.502032699178
00e12e8b_3468,11607.489911304614
00e12e8b_3469,11607.484416502368
00e12e8b_3470,11607.47423305158
00e12e8b_3471,11607.474496293891
00e12e8b_3472,11607.465290037717
00e12e8b_3473,11607.456683606608
00e12e8b_3474,11607.453901638111
00e12e8b_3475,11607.442945456309
00e12e8b_3476,11607.43755620379
00e12e8b_3477,11607.424374715793
00e12e8b_3478,11607.40938410149
00e12e8b_3479,11607.400637823392
00e12e8b_3480,11607.381854876849
00e12e8b_3481,11607.366301459784
00e12e8b_3482,11607.357927618032
00e12e8b_3483,11607.344276722572
00e12e8b_3484,11607.32926571386
00e12e8b_3485,11607.313644678572
00e12e8b_3486,11607.306673030114
00e12e8b_3487,11607.293955177627
00e12e8b_3488,11607.27533193821
00e12e8b_3489,11607.25547080436
00e12e8b_3490,11607.24114047628
00e12e8b_3491,11607.22269323035
00e12e8b_3492,11607.20321641703
00e12e8b_3493,11607.185753211645
00e12e8b_3494,11607.166587681024
00e12e8b_3495,11607.155790826246
00e12e8b_3496,11607.138028970006
00e12e8b_3497,11607.1214700253
00e12e8b_3498,11607.103250477869
00e12e8b_3499,11607.086037128316
00e12e8b_3500,11607.067356596004
00e12e8b_3501,11607.051084170123
00e12e8b_3502,11607.03388380872
00e12e8b_3503,11607.02123848171
00e12e8b_3504,11607.013538078798
00e12e8b_3505,11606.999589481584
00e12e8b_3506,11606.98898886779
00e12e8b_3507,11606.976491957384
00e12e8b_3508,11606.966203058704
00e12e8b_3509,11606.955306026564
00e12e8b_3510,11606.940585979484
00e12e8b_3511,11606.929334581306
00e12e8b_3512,11606.918548485492
00e12e8b_3513,11606.906646394458
00e12e8b_3514,11606.897783454133
00e12e8b_3515,11606.884103589156
00e12e8b_3516,11606.875955182062
00e12e8b_3517,11606.86792947171
00e12e8b_3518,11606.861154006858
00e12e8b_3519,11606.85511648759
00e12e8b_3520,11606.847920356502
00e12e8b_3521,11606.839014149824
00e12e8b_3522,11606.829920389922
00e12e8b_3523,11606.820321884516
00e12e8b_3524,11606.804194575025
00e12e8b_3525,11606.791908645417
00e12e8b_3526,11606.776343607664
00e12e8b_3527,11606.763838005403
00e12e8b_3528,11606.751841629217
00e12e8b_3529,11606.738420507783
00e12e8b_3530,11606.719863669388
00e12e8b_3531,11606.705106018611
00e12e8b_3532,11606.69020349674
00e12e8b_3533,11606.673900682374
00e12e8b_3534,11606.651452931786
00e12e8b_3535,11606.631770922497
00e12e8b_3536,11606.61496266316
00e12e8b_3537,11606.59121245048
00e12e8b_3538,11606.571940237856
00e12e8b_3539,11606.553745236284
00e12e8b_3540,11606.535356026408
00e12e8b_3541,11606.510326325131
00e12e8b_3542,11606.491023748616
00e12e8b_3543,11606.464210273993
00e12e8b_3544,11606.440304414293
00e12e8b_3545,11606.414731410703
00e12e8b_3546,11606.38433920727
00e12e8b_3547,11606.356830233832
00e12e8b_3548,11606.329561236847
00e12e8b_3549,11606.301672230498
00e12e8b_3550,11606.280838617084
00e12e8b_3551,11606.254057781607
00e12e8b_3552,11606.234708159234
00e12e8b_3553,11606.209844392832
00e12e8b_3554,11606.191773282138
00e12e8b_3555,11606.168574598792
00e12e8b_3556,11606.15011964229
00e12e8b_3557,11606.127409403083
00e12e8b_3558,11606.111409616638
00e12e8b_3559,11606.090376856877
00e12e8b_3560,11606.075575132703
00e12e8b_3561,11606.054879520469
00e12e8b_3562,11606.039979279358
00e12e8b_3563,11606.018511838747
00e12e8b_3564,11605.99907469175
00e12e8b_3565,11605.984931001492
00e12e8b_3566,11605.96709573798
00e12e8b_3567,11605.955343926187
00e12e8b_3568,11605.94074438806
00e12e8b_3569,11605.925732279533
00e12e8b_3570,11605.915622412896
00e12e8b_3571,11605.9015359305
00e12e8b_3572,11605.887290239583
00e12e8b_3573,11605.877329711962
00e12e8b_3574,11605.86032385884
00e12e8b_3575,11605.841571240822
00e12e8b_3576,11605.827342418776
00e12e8b_3577,11605.808297550626
00e12e8b_3578,11605.78761902016
00e12e8b_3579,11605.770455100062
00e12e8b_3580,11605.74535768741
00e12e8b_3581,11605.720241823605
00e12e8b_3582,11605.696901767751
00e12e8b_3583,11605.668759660502
00e12e8b_3584,11605.640052428578
00e12e8b_3585,11605.61324531944
00e12e8b_3586,11605.581673536875
00e12e8b_3587,11605.549491324453
00e12e8b_3588,11605.515773727817
00e12e8b_3589,11605.487668109312
00e12e8b_3590,11605.45081034315
00e12e8b_3591,11605.414244120351
00e12e8b_3592,11605.381479792675
00e12e8b_3593,11605.341959118605
00e12e8b_3594,11605.301718142717
00e12e8b_3595,11605.26232699893
00e12e8b_3596,11605.217734478936
00e12e8b_3597,11605.172060809542
00e12e8b_3598,11605.126433441692
00e12e8b_3599,11605.085831011518
00e12e8b_3600,11605.040777489618
00e12e8b_3601,11604.995467140345
00e12e8b_3602,11604.956991251443
00e12e8b_3603,11604.91177251793
00e12e8b_3604,11604.864309178978
00e12e8b_3605,11604.823188475091
00e12e8b_3606,11604.788560915797
00e12e8b_3607,11604.748994794623
00e12e8b_3608,11604.711193374656
00e12e8b_3609,11604.674618216995
00e12e8b_3610,11604.64642559157
00e12e8b_3611,11604.614605930254
00e12e8b_3612,11604.587447132915
00e12e8b_3613,11604.561416485554
00e12e8b_3614,11604.544935050326
00e12e8b_3615,11604.5244991437
00e12e8b_3616,11604.507428650715
00e12e8b_3617,11604.49125688925
00e12e8b_3618,11604.485866920844
00e12e8b_3619,11604.47638925252
00e12e8b_3620,11604.470404128188
00e12e8b_3621,11604.470162292717
00e12e8b_3622,11604.478921481315
00e12e8b_3623,11604.485962360674
00e12e8b_3624,11604.49607413659
00e12e8b_3625,11604.510057950123
00e12e8b_3626,11604.532243103487
00e12e8b_3627,11604.547104836698
00e12e8b_3628,11604.566807425554
00e12e8b_3629,11604.584880212342
00e12e8b_3630,11604.60318613628
00e12e8b_3631,11604.627070317403
00e12e8b_3632,11604.645476964395
00e12e8b_3633,11604.66399608805
00e12e8b_3634,11604.683596024031
00e12e8b_3635,11604.702471152552
00e12e8b_3636,11604.726130506831
00e12e8b_3637,11604.743737660185
00e12e8b_3638,11604.759770969364
00e12e8b_3639,11604.774192821518
00e12e8b_3640,11604.786019857602
00e12e8b_3641,11604.803256509598
00e12e8b_3642,11604.813510705142
00e12e8b_3643,11604.822502744397
00e12e8b_3644,11604.8314077285
00e12e8b_3645,11604.836485436332
00e12e8b_3646,11604.847666898986
00e12e8b_3647,11604.851709939305
00e12e8b_3648,11604.85125546014
00e12e8b_3649,11604.84914989163
00e12e8b_3650,11604.846402829193
00e12e8b_3651,11604.842547520975
00e12e8b_3652,11604.841668225792
00e12e8b_3653,11604.833410514322
00e12e8b_3654,11604.821354369333
00e12e8b_3655,11604.806831585018
00e12e8b_3656,11604.791845912834
00e12e8b_3657,11604.775527415506
00e12e8b_3658,11604.76341741448
00e12e8b_3659,11604.743139124625
00e12e8b_3660,11604.72132602529
00e12e8b_3661,11604.696752858525
00e12e8b_3662,11604.668885797011
00e12e8b_3663,11604.63919228622
00e12e8b_3664,11604.608747117867
00e12e8b_3665,11604.584476482783
00e12e8b_3666,11604.55352905959
00e12e8b_3667,11604.521819641745
00e12e8b_3668,11604.49158995174
00e12e8b_3669,11604.461337978744
00e12e8b_3670,11604.431464635543
00e12e8b_3671,11604.402117679012
00e12e8b_3672,11604.371981113582
00e12e8b_3673,11604.342182832435
00e12e8b_3674,11604.313547109352
00e12e8b_3675,11604.283860923617
00e12e8b_3676,11604.254634867222
00e12e8b_3677,11604.228781520753
00e12e8b_3678,11604.198833993223
00e12e8b_3679,11604.167292335462
00e12e8b_3680,11604.136819891708
00e12e8b_3681,11604.107385314996
00e12e8b_3682,11604.077354715982
00e12e8b_3683,11604.04774072368
00e12e8b_3684,11604.016943228326
00e12e8b_3685,11603.986613670528
00e12e8b_3686,11603.950744945225
00e12e8b_3687,11603.9244286229
00e12e8b_3688,11603.89695970979
00e12e8b_3689,11603.870189599216
00e12e8b_3690,11603.843249461224
00e12e8b_3691,11603.817509532782
00e12e8b_3692,11603.791920989055
00e12e8b_3693,11603.765232773228
00e12e8b_3694,11603.73810619003
00e12e8b_3695,11603.708637777072
00e12e8b_3696,11603.678303389
00e12e8b_3697,11603.647146675972
00e12e8b_3698,11603.61158083526
00e12e8b_3699,11603.580517951015
00e12e8b_3700,11603.548825641456
00e12e8b_3701,11603.518598104089
00e12e8b_3702,11603.487354788218
00e12e8b_3703,11603.452652213517
00e12e8b_3704,11603.412842993352
00e12e8b_3705,11603.377304213598
00e12e8b_3706,11603.34103833836
00e12e8b_3707,11603.303889493873
00e12e8b_3708,11603.266364686937
00e12e8b_3709,11603.22613577021
00e12e8b_3710,11603.19043936122
00e12e8b_3711,11603.154689251614
00e12e8b_3712,11603.118979617351
00e12e8b_3713,11603.081828611244
00e12e8b_3714,11603.03850359938
00e12e8b_3715,11603.000935042486
00e12e8b_3716,11602.962728613107
00e12e8b_3717,11602.92022605299
00e12e8b_3718,11602.881015164814
00e12e8b_3719,11602.841138464237
00e12e8b_3720,11602.801972451893
00e12e8b_3721,11602.757242377127
00e12e8b_3722,11602.717225512428
00e12e8b_3723,11602.67866679574
00e12e8b_3724,11602.635242493554
00e12e8b_3725,11602.59840538056
00e12e8b_3726,11602.557791886273
00e12e8b_3727,11602.52476783126
00e12e8b_3728,11602.4927715443
00e12e8b_3729,11602.455385957484
00e12e8b_3730,11602.424287446063
00e12e8b_3731,11602.390507693526
00e12e8b_3732,11602.351144393644
00e12e8b_3733,11602.317699327712
00e12e8b_3734,11602.277240730104
00e12e8b_3735,11602.241377884968
00e12e8b_3736,11602.199081273497
00e12e8b_3737,11602.162749018102
00e12e8b_3738,11602.125728149656
00e12e8b_3739,11602.082626121724
00e12e8b_3740,11602.046051628897
00e12e8b_3741,11602.003399817926
00e12e8b_3742,11601.967883214707
00e12e8b_3743,11601.92682967876
00e12e8b_3744,11601.891544785609
00e12e8b_3745,11601.852609128317
00e12e8b_3746,11601.81965170085
00e12e8b_3747,11601.780643684597
00e12e8b_3748,11601.747159855142
00e12e8b_3749,11601.708692081767
00e12e8b_3750,11601.66841549275
00e12e8b_3751,11601.633610382238
00e12e8b_3752,11601.591373972456
00e12e8b_3753,11601.554586445473
00e12e8b_3754,11601.50980068877
00e12e8b_3755,11601.470129479763
00e12e8b_3756,11601.425781777252
00e12e8b_3757,11601.38129505236
00e12e8b_3758,11601.341185385403
00e12e8b_3759,11601.296598488048
00e12e8b_3760,11601.259314507057
00e12e8b_3761,11601.217356523204
00e12e8b_3762,11601.173370684832
00e12e8b_3763,11601.137287288118
00e12e8b_3764,11601.099758785134
00e12e8b_3765,11601.064425398605
00e12e8b_3766,11601.035516487003
00e12e8b_3767,11601.002118579829
00e12e8b_3768,11600.97778085876
00e12e8b_3769,11600.948669698942
00e12e8b_3770,11600.926293961958
00e12e8b_3771,11600.900273737128
00e12e8b_3772,11600.878008413736
00e12e8b_3773,11600.8620070445
00e12e8b_3774,11600.843227216925
00e12e8b_3775,11600.832836575471
00e12e8b_3776,11600.819819776598
00e12e8b_3777,11600.813425261778
00e12e8b_3778,11600.805130941755
00e12e8b_3779,11600.800005339494
00e12e8b_3780,11600.803350618422
00e12e8b_3781,11600.802429965515
00e12e8b_3782,11600.809386872705
00e12e8b_3783,11600.81242733623
00e12e8b_3784,11600.824386314538
00e12e8b_3785,11600.830104131306
00e12e8b_3786,11600.841403635954
00e12e8b_3787,11600.846247523705
00e12e8b_3788,11600.85799464109
00e12e8b_3789,11600.862564630585
00e12e8b_3790,11600.87378089011
00e12e8b_3791,11600.877479360526
00e12e8b_3792,11600.887404154731
00e12e8b_3793,11600.890021702286
00e12e8b_3794,11600.898103284915
00e12e8b_3795,11600.899889169978
00e12e8b_3796,11600.907585679535
00e12e8b_3797,11600.908319442531
00e12e8b_3798,11600.914008176438
00e12e8b_3799,11600.913188918012
00e12e8b_3800,11600.918264790762
00e12e8b_3801,11600.920769715278
00e12e8b_3802,11600.916156061914
00e12e8b_3803,11600.916340880003
00e12e8b_3804,11600.91154753994
00e12e8b_3805,11600.909327763427
00e12e8b_3806,11600.900183978943
00e12e8b_3807,11600.894033314982
00e12e8b_3808,11600.88083276152
00e12e8b_3809,11600.869537295966
00e12e8b_3810,11600.85636330772
00e12e8b_3811,11600.83266198455
00e12e8b_3812,11600.814767669326
00e12e8b_3813,11600.789580024648
00e12e8b_3814,11600.76997436416
00e12e8b_3815,11600.749633843405
00e12e8b_3816,11600.723504491129
00e12e8b_3817,11600.701032659985
00e12e8b_3818,11600.672751164557
00e12e8b_3819,11600.65121835607
00e12e8b_3820,11600.627857772715
00e12e8b_3821,11600.59803707636
00e12e8b_3822,11600.574744894013
00e12e8b_3823,11600.552932163577
00e12e8b_3824,11600.52435284514
00e12e8b_3825,11600.50121389407
00e12e8b_3826,11600.478669438602
00e12e8b_3827,11600.45149213011
00e12e8b_3828,11600.430318106362
00e12e8b_3829,11600.409411209312
00e12e8b_3830,11600.383187012523
00e12e8b_3831,11600.363917892402
00e12e8b_3832,11600.34417828126
00e12e8b_3833,11600.317598106843
00e12e8b_3834,11600.296882270804
00e12e8b_3835,11600.278478010332
00e12e8b_3836,11600.255274948
00e12e8b_3837,11600.23846960354
00e12e8b_3838,11600.22251333901
00e12e8b_3839,11600.201740927278
00e12e8b_3840,11600.185566648912
00e12e8b_3841,11600.17028284189
00e12e8b_3842,11600.154384306665
00e12e8b_3843,11600.134126598705
00e12e8b_3844,11600.118413066117
00e12e8b_3845,11600.101924458251
00e12e8b_3846,11600.079281450076
00e12e8b_3847,11600.062265209015
00e12e8b_3848,11600.043998362284
00e12e8b_3849,11600.02474916644
00e12e8b_3850,11600.000624611355
00e12e8b_3851,11599.983460488238
00e12e8b_3852,11599.96528529836
00e12e8b_3853,11599.946257641115
00e12e8b_3854,11599.924604085749
00e12e8b_3855,11599.899147940285
00e12e8b_3856,11599.877383908815
00e12e8b_3857,11599.856153376551
00e12e8b_3858,11599.834640524714
00e12e8b_3859,11599.810089443608
00e12e8b_3860,11599.790329454194
00e12e8b_3861,11599.769795458273
00e12e8b_3862,11599.749655067935
00e12e8b_3863,11599.724439783917
00e12e8b_3864,11599.702954785178
00e12e8b_3865,11599.681072879022
00e12e8b_3866,11599.659783361083
00e12e8b_3867,11599.630495299138
00e12e8b_3868,11599.60664027205
00e12e8b_3869,11599.583010950844
00e12e8b_3870,11599.560454208777
00e12e8b_3871,11599.531104490332
00e12e8b_3872,11599.509982855696
00e12e8b_3873,11599.488547305922
00e12e8b_3874,11599.467923261447
00e12e8b_3875,11599.440309978443
00e12e8b_3876,11599.416962415027
00e12e8b_3877,11599.394792021118
00e12e8b_3878,11599.369274432702
00e12e8b_3879,11599.349704688666
00e12e8b_3880,11599.331136602756
00e12e8b_3881,11599.314091361972
00e12e8b_3882,11599.292014172166
00e12e8b_3883,11599.277358063144
00e12e8b_3884,11599.26387355654
00e12e8b_3885,11599.243328213432
00e12e8b_3886,11599.22954202429
00e12e8b_3887,11599.213391220994
00e12e8b_3888,11599.192265962549
00e12e8b_3889,11599.17341484605
00e12e8b_3890,11599.15359919713
00e12e8b_3891,11599.131082018768
00e12e8b_3892,11599.10176460939
00e12e8b_3893,11599.07840094115
00e12e8b_3894,11599.05370639712
00e12e8b_3895,11599.02553711877
00e12e8b_3896,11599.001135748218
00e12e8b_3897,11598.97749351824
00e12e8b_3898,11598.946766809398
00e12e8b_3899,11598.922929906184
00e12e8b_3900,11598.897684288622
00e12e8b_3901,11598.868251114694
00e12e8b_3902,11598.842997496728
00e12e8b_3903,11598.819511747952
00e12e8b_3904,11598.787789029546
00e12e8b_3905,11598.760660251415
00e12e8b_3906,11598.734187719954
00e12e8b_3907,11598.699945310344
00e12e8b_3908,11598.672114766809
00e12e8b_3909,11598.63737320345
00e12e8b_3910,11598.608025475514
00e12e8b_3911,11598.577665967348
00e12e8b_3912,11598.54192088296
00e12e8b_3913,11598.51066185347
00e12e8b_3914,11598.480714445472
00e12e8b_3915,11598.446450903435
00e12e8b_3916,11598.419021269408
00e12e8b_3917,11598.392037451958
00e12e8b_3918,11598.359093526786
00e12e8b_3919,11598.328846043214
00e12e8b_3920,11598.291738266586
00e12e8b_3921,11598.262317749122
00e12e8b_3922,11598.232223116887
00e12e8b_3923,11598.197421240344
00e12e8b_3924,11598.168344946422
00e12e8b_3925,11598.135050603203
00e12e8b_3926,11598.107183641318
00e12e8b_3927,11598.08100675248
00e12e8b_3928,11598.04937908797
00e12e8b_3929,11598.024396315905
00e12e8b_3930,11597.995382686244
00e12e8b_3931,11597.970852298104
00e12e8b_3932,11597.947845789704
00e12e8b_3933,11597.918743953076
00e12e8b_3934,11597.896416175454
00e12e8b_3935,11597.86774244372
00e12e8b_3936,11597.846727962438
00e12e8b_3937,11597.824689955993
00e12e8b_3938,11597.798678705782
00e12e8b_3939,11597.777663930276
00e12e8b_3940,11597.751640220971
00e12e8b_3941,11597.731392172842
00e12e8b_3942,11597.706659254043
00e12e8b_3943,11597.690081994286
00e12e8b_3944,11597.666183992926
00e12e8b_3945,11597.6499493909
00e12e8b_3946,11597.633629644908
00e12e8b_3947,11597.61208054542
00e12e8b_3948,11597.596042687648
00e12e8b_3949,11597.575168605985
00e12e8b_3950,11597.55840469752
00e12e8b_3951,11597.537234733349
00e12e8b_3952,11597.520320810288
00e12e8b_3953,11597.497294540884
00e12e8b_3954,11597.480101887304
00e12e8b_3955,11597.45621523968
00e12e8b_3956,11597.43314303715
00e12e8b_3957,11597.401823430624
00e12e8b_3958,11597.379100064403
00e12e8b_3959,11597.350397996435
00e12e8b_3960,11597.328179599986
00e12e8b_3961,11597.299681022098
00e12e8b_3962,11597.278048774177
00e12e8b_3963,11597.250115482171
00e12e8b_3964,11597.221570255291
00e12e8b_3965,11597.200294394084
00e12e8b_3966,11597.17259150154
00e12e8b_3967,11597.145420202669
00e12e8b_3968,11597.122278134051
00e12e8b_3969,11597.093642155143
00e12e8b_3970,11597.06889417928
00e12e8b_3971,11597.0396032585
00e12e8b_3972,11597.008515359865
00e12e8b_3973,11596.979986422244
00e12e8b_3974,11596.956790862369
00e12e8b_3975,11596.92638230528
00e12e8b_3976,11596.897697719032
00e12e8b_3977,11596.872610751305
00e12e8b_3978,11596.839654734044
00e12e8b_3979,11596.807660858509
00e12e8b_3980,11596.77323426141
00e12e8b_3981,11596.7483675373
00e12e8b_3982,11596.719051032827
00e12e8b_3983,11596.689499902506
00e12e8b_3984,11596.661557211788
00e12e8b_3985,11596.6342987857
00e12e8b_3986,11596.611235234364
00e12e8b_3987,11596.582692219996
00e12e8b_3988,11596.553718379844
00e12e8b_3989,11596.522984883535
00e12e8b_3990,11596.492402362706
00e12e8b_3991,11596.458712787988
00e12e8b_3992,11596.42404797622
00e12e8b_3993,11596.393825799025
00e12e8b_3994,11596.35601243948
00e12e8b_3995,11596.31760601305
00e12e8b_3996,11596.279335940795
00e12e8b_3997,11596.239429891672
00e12e8b_3998,11596.199415632133
00e12e8b_3999,11596.158681113397
00e12e8b_4000,11596.114636052464
00e12e8b_4001,11596.070267241364
00e12e8b_4002,11596.025087389717
00e12e8b_4003,11595.97818883887
00e12e8b_4004,11595.930853026002
00e12e8b_4005,11595.883657473703
00e12e8b_4006,11595.834785019377
00e12e8b_4007,11595.786357151565
00e12e8b_4008,11595.737106819746
00e12e8b_4009,11595.68529603558
00e12e8b_4010,11595.63233201318
00e12e8b_4011,11595.577998624163
00e12e8b_4012,11595.52219418278
00e12e8b_4013,11595.465038443348
00e12e8b_4014,11595.401003681023
00e12e8b_4015,11595.34112529583
00e12e8b_4016,11595.2812688889
00e12e8b_4017,11595.222969462657
00e12e8b_4018,11595.164605360163
00e12e8b_4019,11595.10929365837
00e12e8b_4020,11595.053454489938
00e12e8b_4021,11594.993313957762
00e12e8b_4022,11594.937740256815
00e12e8b_4023,11594.88495388474
00e12e8b_4024,11594.833058930632
00e12e8b_4025,11594.778931461402
00e12e8b_4026,11594.721239028027
00e12e8b_4027,11594.671921875835
00e12e8b_4028,11594.62223769561
00e12e8b_4029,11594.573871281013
00e12e8b_4030,11594.523762961006
00e12e8b_4031,11594.479233661516
00e12e8b_4032,11594.436127297651
00e12e8b_4033,11594.39580343564
00e12e8b_4034,11594.348869718586
00e12e8b_4035,11594.309898173316
00e12e8b_4036,11594.272052627886
00e12e8b_4037,11594.227895455042
00e12e8b_4038,11594.19279599726
00e12e8b_4039,11594.159159444233
00e12e8b_4040,11594.119144710216
00e12e8b_4041,11594.086722446127
00e12e8b_4042,11594.052877044527
00e12e8b_4043,11594.027741127216
00e12e8b_4044,11593.999348341393
00e12e8b_4045,11593.96875017546
00e12e8b_4046,11593.943623740266
00e12e8b_4047,11593.91888526182
00e12e8b_4048,11593.888489071436
00e12e8b_4049,11593.867259638002
00e12e8b_4050,11593.84567468926
00e12e8b_4051,11593.826215883146
00e12e8b_4052,11593.801126962137
00e12e8b_4053,11593.781342118094
00e12e8b_4054,11593.7626345291
00e12e8b_4055,11593.742778066477
00e12e8b_4056,11593.721080782308
00e12e8b_4057,11593.701593609132
00e12e8b_4058,11593.677462617226
00e12e8b_4059,11593.648633105116
00e12e8b_4060,11593.618322280754
00e12e8b_4061,11593.591509992668
00e12e8b_4062,11593.562032625568
00e12e8b_4063,11593.53281476407
00e12e8b_4064,11593.505110130376
00e12e8b_4065,11593.481016555088
00e12e8b_4066,11593.460498682802
00e12e8b_4067,11593.43407817675
00e12e8b_4068,11593.407459561447
00e12e8b_4069,11593.381510006837
00e12e8b_4070,11593.359592823956
00e12e8b_4071,11593.333621395348
00e12e8b_4072,11593.305666358048
00e12e8b_4073,11593.286079624118
00e12e8b_4074,11593.258524200388
00e12e8b_4075,11593.237086457128
00e12e8b_4076,11593.211041495826
00e12e8b_4077,11593.190094217647
00e12e8b_4078,11593.161009864438
00e12e8b_4079,11593.139005109178
00e12e8b_4080,11593.113458180223
00e12e8b_4081,11593.081241779812
00e12e8b_4082,11593.055180577372
00e12e8b_4083,11593.030986795618
00e12e8b_4084,11593.00037546039
00e12e8b_4085,11592.97852917592
00e12e8b_4086,11592.958148055965
00e12e8b_4087,11592.93872550555
00e12e8b_4088,11592.913321655064
00e12e8b_4089,11592.89439327106
00e12e8b_4090,11592.874610634226
00e12e8b_4091,11592.856137250754
00e12e8b_4092,11592.837227330305
00e12e8b_4093,11592.81674710326
00e12e8b_4094,11592.796572576251
00e12e8b_4095,11592.774509857052
00e12e8b_4096,11592.751829177603
00e12e8b_4097,11592.728879488495
00e12e8b_4098,11592.709451943869
00e12e8b_4099,11592.69509776728
00e12e8b_4100,11592.676706574068
00e12e8b_4101,11592.6580655607
00e12e8b_4102,11592.639011089708
00e12e8b_4103,11592.624960721902
00e12e8b_4104,11592.606719395491
00e12e8b_4105,11592.588645042304
00e12e8b_4106,11592.57753962548
00e12e8b_4107,11592.559606484429
00e12e8b_4108,11592.541219941151
00e12e8b_4109,11592.5274135947
00e12e8b_4110,11592.508701957067
00e12e8b_4111,11592.49356401703
00e12e8b_4112,11592.473719434618
00e12e8b_4113,11592.457182526769
00e12e8b_4114,11592.436179119515
00e12e8b_4115,11592.41726404268
00e12e8b_4116,11592.398839766784
00e12e8b_4117,11592.374670754278
00e12e8b_4118,11592.354241704816
00e12e8b_4119,11592.335269116666
00e12e8b_4120,11592.317456436747
00e12e8b_4121,11592.296724625525
00e12e8b_4122,11592.280752685483
00e12e8b_4123,11592.26425301272
00e12e8b_4124,11592.247547226358
00e12e8b_4125,11592.228701904016
00e12e8b_4126,11592.209446870373
00e12e8b_4127,11592.18884792764
00e12e8b_4128,11592.169731872347
00e12e8b_4129,11592.1496782052
00e12e8b_4130,11592.124952510823
00e12e8b_4131,11592.102091528444
00e12e8b_4132,11592.078046336132
00e12e8b_4133,11592.055653371626
00e12e8b_4134,11592.031522579302
00e12e8b_4135,11592.0083817163
00e12e8b_4136,11591.99083801595
00e12e8b_4137,11591.966403956709
00e12e8b_4138,11591.943568170953
00e12e8b_4139,11591.926405028473
00e12e8b_4140,11591.90510647124
00e12e8b_4141,11591.883322920865
00e12e8b_4142,11591.869707800535
00e12e8b_4143,11591.850018183944
00e12e8b_4144,11591.836401741286
00e12e8b_4145,11591.818593379416
00e12e8b_4146,11591.80513101603
00e12e8b_4147,11591.793851901924
00e12e8b_4148,11591.783284836072
00e12e8b_4149,11591.775145866226
00e12e8b_4150,11591.762395993175
00e12e8b_4151,11591.752862524743
00e12e8b_4152,11591.74332506348
00e12e8b_4153,11591.73450235476
00e12e8b_4154,11591.734332838496
00e12e8b_4155,11591.729722904456
00e12e8b_4156,11591.728823271078
00e12e8b_4157,11591.730054922273
00e12e8b_4158,11591.735681829416
00e12e8b_4159,11591.738838044565
00e12e8b_4160,11591.739461125291
00e12e8b_4161,11591.74761561751
00e12e8b_4162,11591.756596265406
00e12e8b_4163,11591.759401382158
00e12e8b_4164,11591.769759341549
00e12e8b_4165,11591.772641963007
00e12e8b_4166,11591.770147916148
00e12e8b_4167,11591.771869231994
00e12e8b_4168,11591.774990148142
00e12e8b_4169,11591.781176779134
00e12e8b_4170,11591.786360143828
00e12e8b_4171,11591.794237171673
00e12e8b_4172,11591.801648287905
00e12e8b_4173,11591.809508841172
00e12e8b_4174,11591.8231752784
00e12e8b_4175,11591.832206157462
00e12e8b_4176,11591.8430252853
00e12e8b_4177,11591.85138639864
00e12e8b_4178,11591.86653224947
00e12e8b_4179,11591.872954415256
00e12e8b_4180,11591.885104506862
00e12e8b_4181,11591.897005254245
00e12e8b_4182,11591.902330317624
00e12e8b_4183,11591.91289599878
00e12e8b_4184,11591.922358728709
00e12e8b_4185,11591.930113651775
00e12e8b_4186,11591.932396826202
00e12e8b_4187,11591.937701993713
00e12e8b_4188,11591.942667146332
00e12e8b_4189,11591.949562414462
00e12e8b_4190,11591.957436404926
00e12e8b_4191,11591.973164855077
00e12e8b_4192,11591.98625900063
00e12e8b_4193,11592.000209956786
00e12e8b_4194,11592.013927245438
00e12e8b_4195,11592.033084864212
00e12e8b_4196,11592.04503101494
00e12e8b_4197,11592.063726769778
00e12e8b_4198,11592.075107943205
00e12e8b_4199,11592.091166240263
00e12e8b_4200,11592.099269812848
00e12e8b_4201,11592.111766342174
00e12e8b_4202,11592.12379322258
00e12e8b_4203,11592.13261834153
00e12e8b_4204,11592.144320383071
00e12e8b_4205,11592.15554242882
00e12e8b_4206,11592.162802930545
00e12e8b_4207,11592.181529545496
00e12e8b_4208,11592.194332142204
00e12e8b_4209,11592.204343131478
00e12e8b_4210,11592.215190825573
00e12e8b_4211,11592.22612035194
00e12e8b_4212,11592.238310901375
00e12e8b_4213,11592.25610963067
00e12e8b_4214,11592.268033155036
00e12e8b_4215,11592.287258417287
00e12e8b_4216,11592.300664512555
00e12e8b_4217,11592.318057917186
00e12e8b_4218,11592.330276823715
00e12e8b_4219,11592.347507315337
00e12e8b_4220,11592.36479612843
00e12e8b_4221,11592.382521413332
00e12e8b_4222,11592.398323901216
00e12e8b_4223,11592.40897784493
00e12e8b_4224,11592.42308922617
00e12e8b_4225,11592.437007294937
00e12e8b_4226,11592.460995456684
00e12e8b_4227,11592.48224336169
00e12e8b_4228,11592.501774699213
00e12e8b_4229,11592.521619479125
00e12e8b_4230,11592.54095919522
00e12e8b_4231,11592.56713670254
00e12e8b_4232,11592.584364048966
00e12e8b_4233,11592.60732380426
00e12e8b_4234,11592.625080218422
00e12e8b_4235,11592.648692480396
00e12e8b_4236,11592.664187739329
00e12e8b_4237,11592.68633494483
00e12e8b_4238,11592.704223955165
00e12e8b_4239,11592.727044994772
00e12e8b_4240,11592.74485741018
00e12e8b_4241,11592.768801293869
00e12e8b_4242,11592.78754811432
00e12e8b_4243,11592.812356385672
00e12e8b_4244,11592.83175292302
00e12e8b_4245,11592.856420521815
00e12e8b_4246,11592.87604268752
00e12e8b_4247,11592.90176565898
00e12e8b_4248,11592.92734430403
00e12e8b_4249,11592.948007503055
00e12e8b_4250,11592.974290166509
00e12e8b_4251,11592.996868923634
00e12e8b_4252,11593.025992820858
00e12e8b_4253,11593.049847105323
00e12e8b_4254,11593.079450662608
00e12e8b_4255,11593.103872817012
00e12e8b_4256,11593.134043367892
00e12e8b_4257,11593.1593170484
00e12e8b_4258,11593.189529410569
00e12e8b_4259,11593.214576548597
00e12e8b_4260,11593.24593612183
00e12e8b_4261,11593.271129757286
00e12e8b_4262,11593.306080492212
00e12e8b_4263,11593.336267339337
00e12e8b_4264,11593.371342356497
00e12e8b_4265,11593.401264040363
00e12e8b_4266,11593.436918975123
00e12e8b_4267,11593.46631183176
00e12e8b_4268,11593.4998769292
00e12e8b_4269,11593.52904281662
00e12e8b_4270,11593.563628294953
00e12e8b_4271,11593.591234226267
00e12e8b_4272,11593.61552838627
00e12e8b_4273,11593.643659824673
00e12e8b_4274,11593.666528581793
00e12e8b_4275,11593.69653234715
00e12e8b_4276,11593.720918690551
00e12e8b_4277,11593.751581950248
00e12e8b_4278,11593.778517008708
00e12e8b_4279,11593.81111958832
00e12e8b_4280,11593.83751369852
00e12e8b_4281,11593.870528506648
00e12e8b_4282,11593.896872310366
00e12e8b_4283,11593.93012095442
00e12e8b_4284,11593.958087370103
00e12e8b_4285,11593.991445587788
00e12e8b_4286,11594.019620780362
00e12e8b_4287,11594.049477986431
00e12e8b_4288,11594.083042005244
00e12e8b_4289,11594.111593000109
00e12e8b_4290,11594.147258825791
00e12e8b_4291,11594.175858192051
00e12e8b_4292,11594.20859205204
00e12e8b_4293,11594.235101283037
00e12e8b_4294,11594.265420525484
00e12e8b_4295,11594.291151794085
00e12e8b_4296,11594.316341192243
00e12e8b_4297,11594.351479518906
00e12e8b_4298,11594.380533431156
00e12e8b_4299,11594.417079013538
00e12e8b_4300,11594.448872758088
00e12e8b_4301,11594.48420908955
00e12e8b_4302,11594.5145720997
00e12e8b_4303,11594.545496785157
00e12e8b_4304,11594.580539057642
00e12e8b_4305,11594.609271334706
00e12e8b_4306,11594.64343628038
00e12e8b_4307,11594.671256015165
00e12e8b_4308,11594.704603343464
00e12e8b_4309,11594.731396405488
00e12e8b_4310,11594.757177555592
00e12e8b_4311,11594.788182655437
00e12e8b_4312,11594.814771494606
00e12e8b_4313,11594.84535669826
00e12e8b_4314,11594.87029654544
00e12e8b_4315,11594.899027718468
00e12e8b_4316,11594.920553913937
00e12e8b_4317,11594.943640380709
00e12e8b_4318,11594.971574828409
00e12e8b_4319,11594.99449105291
00e12e8b_4320,11595.022365759492
00e12e8b_4321,11595.043645697306
00e12e8b_4322,11595.067102862362
00e12e8b_4323,11595.09649197588
00e12e8b_4324,11595.11985656336
00e12e8b_4325,11595.143975116089
00e12e8b_4326,11595.17421830674
00e12e8b_4327,11595.199096889162
00e12e8b_4328,11595.229494517367
00e12e8b_4329,11595.254936511072
00e12e8b_4330,11595.2794893933
00e12e8b_4331,11595.310091249234
00e12e8b_4332,11595.334146920495
00e12e8b_4333,11595.369599367456
00e12e8b_4334,11595.4007166269
00e12e8b_4335,11595.432261193571
00e12e8b_4336,11595.469563670224
00e12e8b_4337,11595.500972215325
00e12e8b_4338,11595.539552671473
00e12e8b_4339,11595.573249294555
00e12e8b_4340,11595.606888950597
00e12e8b_4341,11595.659470622037
00e12e8b_4342,11595.704057659908
00e12e8b_4343,11595.756929069245
00e12e8b_4344,11595.804938029309
00e12e8b_4345,11595.852993556064
00e12e8b_4346,11595.9076242607
00e12e8b_4347,11595.955859500256
00e12e8b_4348,11596.009958890458
00e12e8b_4349,11596.057360755272
00e12e8b_4350,11596.106156852362
00e12e8b_4351,11596.160942836725
00e12e8b_4352,11596.209428674516
00e12e8b_4353,11596.264424023611
00e12e8b_4354,11596.312134968271
00e12e8b_4355,11596.347876796026
00e12e8b_4356,11596.38970047596
00e12e8b_4357,11596.42572710746
00e12e8b_4358,11596.466922078776
00e12e8b_4359,11596.503183716351
00e12e8b_4360,11596.53711802411
00e12e8b_4361,11596.5764555331
00e12e8b_4362,11596.608467417163
00e12e8b_4363,11596.64602995033
00e12e8b_4364,11596.676217777473
00e12e8b_4365,11596.710561855602
00e12e8b_4366,11596.739571336291
00e12e8b_4367,11596.765591658796
00e12e8b_4368,11596.79794852174
00e12e8b_4369,11596.821975958015
00e12e8b_4370,11596.84876638913
00e12e8b_4371,11596.868990478171
00e12e8b_4372,11596.891900606815
00e12e8b_4373,11596.909461572495
00e12e8b_4374,11596.924359033192
00e12e8b_4375,11596.9453220191
00e12e8b_4376,11596.961209694256
00e12e8b_4377,11596.981124854134
00e12e8b_4378,11596.991296891272
00e12e8b_4379,11597.006056607504
00e12e8b_4380,11597.014841466163
00e12e8b_4381,11597.025479402377
00e12e8b_4382,11597.040344637791
00e12e8b_4383,11597.050114674566
00e12e8b_4384,11597.063875287688
00e12e8b_4385,11597.073961199578
00e12e8b_4386,11597.091095852587
00e12e8b_4387,11597.101517562802
00e12e8b_4388,11597.118019826732
00e12e8b_4389,11597.129491125575
00e12e8b_4390,11597.148783956858
00e12e8b_4391,11597.163227259089
00e12e8b_4392,11597.179720968115
00e12e8b_4393,11597.202071490068
00e12e8b_4394,11597.218042143571
00e12e8b_4395,11597.24035010895
00e12e8b_4396,11597.257997129927
00e12e8b_4397,11597.283669536224
00e12e8b_4398,11597.305780379123
00e12e8b_4399,11597.33269647508
00e12e8b_4400,11597.352057411845
00e12e8b_4401,11597.378380301792
00e12e8b_4402,11597.400698779107
00e12e8b_4403,11597.427655624328
00e12e8b_4404,11597.4626015812
00e12e8b_4405,11597.49238669595
00e12e8b_4406,11597.528262644602
00e12e8b_4407,11597.560849678375
00e12e8b_4408,11597.599201957764
00e12e8b_4409,11597.633475570396
00e12e8b_4410,11597.67547788718
00e12e8b_4411,11597.711181895384
00e12e8b_4412,11597.752855675782
00e12e8b_4413,11597.78889916692
00e12e8b_4414,11597.829775139538
00e12e8b_4415,11597.864033993765
00e12e8b_4416,11597.90315411604
00e12e8b_4417,11597.937824966635
00e12e8b_4418,11597.97626576244
00e12e8b_4419,11598.011050579596
00e12e8b_4420,11598.049953521657
00e12e8b_4421,11598.082373237912
00e12e8b_4422,11598.121764271606
00e12e8b_4423,11598.155723744783
00e12e8b_4424,11598.187448439712
00e12e8b_4425,11598.223342271764
00e12e8b_4426,11598.25280557141
00e12e8b_4427,11598.287775325834
00e12e8b_4428,11598.31567696512
00e12e8b_4429,11598.348168052653
00e12e8b_4430,11598.373130157035
00e12e8b_4431,11598.402775258835
00e12e8b_4432,11598.42638881412
00e12e8b_4433,11598.45398671788
00e12e8b_4434,11598.474171069174
00e12e8b_4435,11598.50002652471
00e12e8b_4436,11598.517327384354
00e12e8b_4437,11598.534173174032
00e12e8b_4438,11598.554038731032
00e12e8b_4439,11598.572088022223
00e12e8b_4440,11598.5950827774
00e12e8b_4441,11598.61300872323
00e12e8b_4442,11598.626981369853
00e12e8b_4443,11598.646016845272
00e12e8b_4444,11598.660161991727
00e12e8b_4445,11598.679593459345
00e12e8b_4446,11598.692593297055
00e12e8b_4447,11598.705164834002
00e12e8b_4448,11598.72016089596
00e12e8b_4449,11598.729334313071
00e12e8b_4450,11598.739056570405
00e12e8b_4451,11598.753225151891
00e12e8b_4452,11598.76236481331
00e12e8b_4453,11598.772655145338
00e12e8b_4454,11598.787359913576
00e12e8b_4455,11598.797189125717
00e12e8b_4456,11598.807668673116
00e12e8b_4457,11598.82297706814
00e12e8b_4458,11598.832197764914
00e12e8b_4459,11598.841958032725
00e12e8b_4460,11598.85671579649
00e12e8b_4461,11598.86730004048
00e12e8b_4462,11598.876969821542
00e12e8b_4463,11598.8931180994
00e12e8b_4464,11598.902865217136
00e12e8b_4465,11598.914481241049
00e12e8b_4466,11598.926326841918
00e12e8b_4467,11598.944654202583
00e12e8b_4468,11598.95787279946
00e12e8b_4469,11598.97269546072
00e12e8b_4470,11598.988124691568
00e12e8b_4471,11599.010368200845
00e12e8b_4472,11599.027504674885
00e12e8b_4473,11599.045988567788
00e12e8b_4474,11599.064876256252
00e12e8b_4475,11599.08983824035
00e12e8b_4476,11599.111415279094
00e12e8b_4477,11599.13233679975
00e12e8b_4478,11599.1534180444
00e12e8b_4479,11599.180951696835
00e12e8b_4480,11599.203261459774
00e12e8b_4481,11599.22619813558
00e12e8b_4482,11599.250635721704
00e12e8b_4483,11599.26920917174
00e12e8b_4484,11599.287418443924
00e12e8b_4485,11599.311810120798
00e12e8b_4486,11599.331953386927
00e12e8b_4487,11599.352760475344
00e12e8b_4488,11599.375213374951
00e12e8b_4489,11599.396982139477
00e12e8b_4490,11599.419474892778
00e12e8b_4491,11599.447191808496
00e12e8b_4492,11599.46924428406
00e12e8b_4493,11599.490757485464
00e12e8b_4494,11599.513803888112
00e12e8b_4495,11599.53609711525
00e12e8b_4496,11599.557819099044
00e12e8b_4497,11599.57968908472
00e12e8b_4498,11599.600269869914
00e12e8b_4499,11599.62686989464
00e12e8b_4500,11599.64881735622
00e12e8b_4501,11599.669668064033
00e12e8b_4502,11599.690310544584
00e12e8b_4503,11599.7113246005
00e12e8b_4504,11599.73206070256
00e12e8b_4505,11599.75101001864
00e12e8b_4506,11599.771137035894
00e12e8b_4507,11599.791008269607
00e12e8b_4508,11599.810857382734
00e12e8b_4509,11599.832759375176
00e12e8b_4510,11599.855759641388
00e12e8b_4511,11599.878556258156
00e12e8b_4512,11599.90324034662
00e12e8b_4513,11599.92654125876
00e12e8b_4514,11599.950090480335
00e12e8b_4515,11599.97475096421
00e12e8b_4516,11599.999134158155
00e12e8b_4517,11600.023567691394
00e12e8b_4518,11600.048714264043
00e12e8b_4519,11600.072481511728
00e12e8b_4520,11600.095178525084
00e12e8b_4521,11600.11765193376
00e12e8b_4522,11600.140180174916
00e12e8b_4523,11600.162857921005
00e12e8b_4524,11600.186082466513
00e12e8b_4525,11600.208241495997
00e12e8b_4526,11600.230027137815
00e12e8b_4527,11600.25134141618
00e12e8b_4528,11600.272815723536
00e12e8b_4529,11600.32493300316
00e12e8b_4530,11600.344428158747
00e12e8b_4531,11600.358839029064
00e12e8b_4532,11600.378119798776
00e12e8b_4533,11600.397097756322
00e12e8b_4534,11600.41635101348
00e12e8b_4535,11600.434873257422
00e12e8b_4536,11600.452975802658
00e12e8b_4537,11600.467024112906
00e12e8b_4538,11600.484846632598
00e12e8b_4539,11600.50374576742
00e12e8b_4540,11600.520435745924
00e12e8b_4541,11600.531468285126
00e12e8b_4542,11600.546961355403
00e12e8b_4543,11600.5601947776
00e12e8b_4544,11600.576230608203
00e12e8b_4545,11600.586538680303
00e12e8b_4546,11600.601333998931
00e12e8b_4547,11600.616098012992
00e12e8b_4548,11600.624525084222
00e12e8b_4549,11600.63826981697
00e12e8b_4550,11600.653207937834
00e12e8b_4551,11600.661096627093
00e12e8b_4552,11600.674500359695
00e12e8b_4553,11600.68041024044
00e12e8b_4554,11600.691065912271
00e12e8b_4555,11600.703541699422
00e12e8b_4556,11600.708968834597
00e12e8b_4557,11600.721317790016
00e12e8b_4558,11600.729719030398
00e12e8b_4559,11600.743211896506
00e12e8b_4560,11600.75167477461
00e12e8b_4561,11600.766336868162
00e12e8b_4562,11600.77535460937
00e12e8b_4563,11600.790679032203
00e12e8b_4564,11600.800196122793
00e12e8b_4565,11600.81579161101
00e12e8b_4566,11600.826851272794
00e12e8b_4567,11600.842705510611
00e12e8b_4568,11600.853499674557
00e12e8b_4569,11600.87007957854
00e12e8b_4570,11600.880832640054
00e12e8b_4571,11600.892507765731
00e12e8b_4572,11600.909512927628
00e12e8b_4573,11600.921234181184
00e12e8b_4574,11600.940687979872
00e12e8b_4575,11600.952601342196
00e12e8b_4576,11600.964965082974
00e12e8b_4577,11600.98513054566
00e12e8b_4578,11600.999845758472
00e12e8b_4579,11601.01629394577
00e12e8b_4580,11601.038242166893
00e12e8b_4581,11601.054909219052
00e12e8b_4582,11601.072445992748
00e12e8b_4583,11601.0892725568
00e12e8b_4584,11601.111212711432
00e12e8b_4585,11601.12805166818
00e12e8b_4586,11601.143892548149
00e12e8b_4587,11601.160468990896
00e12e8b_4588,11601.179695913115
00e12e8b_4589,11601.192759790869
00e12e8b_4590,11601.206383340854
00e12e8b_4591,11601.218015200167
00e12e8b_4592,11601.231094641927
00e12e8b_4593,11601.24537853313
00e12e8b_4594,11601.26454816442
00e12e8b_4595,11601.277771166286
00e12e8b_4596,11601.292260984976
00e12e8b_4597,11601.305562619928
00e12e8b_4598,11601.319852004184
00e12e8b_4599,11601.33209148372
00e12e8b_4600,11601.343773013785
00e12e8b_4601,11601.356781817449
00e12e8b_4602,11601.36760673582
00e12e8b_4603,11601.378739428772
00e12e8b_4604,11601.390872631951
00e12e8b_4605,11601.401647122668
00e12e8b_4606,11601.41303329603
00e12e8b_4607,11601.423031742605
00e12e8b_4608,11601.43266954858
00e12e8b_4609,11601.443177062742
00e12e8b_4610,11601.451265405402
00e12e8b_4611,11601.459823487005
00e12e8b_4612,11601.46981840903
00e12e8b_4613,11601.478991316904
00e12e8b_4614,11601.493101767655
00e12e8b_4615,11601.506605840996
00e12e8b_4616,11601.520447292914
00e12e8b_4617,11601.535812281516
00e12e8b_4618,11601.549961883888
00e12e8b_4619,11601.563969504628
00e12e8b_4620,11601.573502628658
00e12e8b_4621,11601.586872606076
00e12e8b_4622,11601.601075712268
00e12e8b_4623,11601.613662045123
00e12e8b_4624,11601.62505669816
00e12e8b_4625,11601.63765204016
00e12e8b_4626,11601.64804355165
00e12e8b_4627,11601.660237867569
00e12e8b_4628,11601.673235074066
00e12e8b_4629,11601.684999933866
00e12e8b_4630,11601.697830787823
00e12e8b_4631,11601.704306721407
00e12e8b_4632,11601.716469552715
00e12e8b_4633,11601.729381942972
00e12e8b_4634,11601.741111655294
00e12e8b_4635,11601.753303774796
00e12e8b_4636,11601.766599763108
00e12e8b_4637,11601.778597057026
00e12e8b_4638,11601.789686894375
00e12e8b_4639,11601.79951692868
00e12e8b_4640,11601.807799757593
00e12e8b_4641,11601.816839885882
00e12e8b_4642,11601.819579093475
00e12e8b_4643,11601.82724205302
00e12e8b_4644,11601.835932644386
00e12e8b_4645,11601.844462556155
00e12e8b_4646,11601.85376317112
00e12e8b_4647,11601.862819234748
00e12e8b_4648,11601.87111655658
00e12e8b_4649,11601.882996478784
00e12e8b_4650,11601.893993662688
00e12e8b_4651,11601.906913724077
00e12e8b_4652,11601.915973323004
00e12e8b_4653,11601.930242700026
00e12e8b_4654,11601.945337747044
00e12e8b_4655,11601.96148195898
00e12e8b_4656,11601.97706419049
00e12e8b_4657,11601.99372930146
00e12e8b_4658,11602.008876165062
00e12e8b_4659,11602.021629651676
00e12e8b_4660,11602.03499779058
00e12e8b_4661,11602.041860481237
00e12e8b_4662,11602.053906552135
00e12e8b_4663,11602.067347405602
00e12e8b_4664,11602.07984998034
00e12e8b_4665,11602.09321807549
00e12e8b_4666,11602.10528459147
00e12e8b_4667,11602.117790115904
00e12e8b_4668,11602.131858035764
00e12e8b_4669,11602.14573642005
00e12e8b_4670,11602.154238820369
00e12e8b_4671,11602.169426821729
00e12e8b_4672,11602.18356612976
00e12e8b_4673,11602.198795416492
00e12e8b_4674,11602.212761848745
00e12e8b_4675,11602.225855755489
00e12e8b_4676,11602.239515556746
00e12e8b_4677,11602.251495677529
00e12e8b_4678,11602.26309323054
00e12e8b_4679,11602.270645989542
00e12e8b_4680,11602.282856885136
00e12e8b_4681,11602.295044044771
00e12e8b_4682,11602.306214529195
00e12e8b_4683,11602.31810965723
00e12e8b_4684,11602.330767337968
00e12e8b_4685,11602.342577486068
00e12e8b_4686,11602.35314190759
00e12e8b_4687,11602.358470678544
00e12e8b_4688,11602.368102311566
00e12e8b_4689,11602.377863133115
00e12e8b_4690,11602.386659753762
00e12e8b_4691,11602.395708238611
00e12e8b_4692,11602.405617120765
00e12e8b_4693,11602.41431692276
00e12e8b_4694,11602.42240302447
00e12e8b_4695,11602.426563794952
00e12e8b_4696,11602.434313481805
00e12e8b_4697,11602.441979740235
00e12e8b_4698,11602.44990221076
00e12e8b_4699,11602.4597093311
00e12e8b_4700,11602.470663275111
00e12e8b_4701,11602.481414617274
00e12e8b_4702,11602.493618902208
00e12e8b_4703,11602.500860629196
00e12e8b_4704,11602.513019233527
00e12e8b_4705,11602.525819482187
00e12e8b_4706,11602.538179758976
00e12e8b_4707,11602.551137592684
00e12e8b_4708,11602.565111556698
00e12e8b_4709,11602.578514651934
00e12e8b_4710,11602.587263275604
00e12e8b_4711,11602.603234163162
00e12e8b_4712,11602.61734554428
00e12e8b_4713,11602.633019322073
00e12e8b_4714,11602.647053069972
00e12e8b_4715,11602.65562069758
00e12e8b_4716,11602.668921300125
00e12e8b_4717,11602.681096186674
00e12e8b_4718,11602.68751590464
00e12e8b_4719,11602.699813577276
00e12e8b_4720,11602.712615524946
00e12e8b_4721,11602.719492162512
00e12e8b_4722,11602.7327561858
00e12e8b_4723,11602.73865395716
00e12e8b_4724,11602.751118552667
00e12e8b_4725,11602.755664991835
00e12e8b_4726,11602.76594806959
00e12e8b_4727,11602.771228137137
00e12e8b_4728,11602.7813173676
00e12e8b_4729,11602.785004272697
00e12e8b_4730,11602.795323431745
00e12e8b_4731,11602.797689603252
00e12e8b_4732,11602.806571151334
00e12e8b_4733,11602.809947013764
00e12e8b_4734,11602.813112332686
00e12e8b_4735,11602.82273715
00e12e8b_4736,11602.826104750748
00e12e8b_4737,11602.828892276568
00e12e8b_4738,11602.833350857363
00e12e8b_4739,11602.841692579872
00e12e8b_4740,11602.846115392029
00e12e8b_4741,11602.84893345269
00e12e8b_4742,11602.852158088232
00e12e8b_4743,11602.856539150253
00e12e8b_4744,11602.859211813487
00e12e8b_4745,11602.861621248132
00e12e8b_4746,11602.870077612472
00e12e8b_4747,11602.872451387258
00e12e8b_4748,11602.876033434342
00e12e8b_4749,11602.87860760037
00e12e8b_4750,11602.881799680295
00e12e8b_4751,11602.885907773973
00e12e8b_4752,11602.888819194228
00e12e8b_4753,11602.89191485482
00e12e8b_4754,11602.890590996736
00e12e8b_4755,11602.894508476273
00e12e8b_4756,11602.899351630404
00e12e8b_4757,11602.903780394709
00e12e8b_4758,11602.907960460014
00e12e8b_4759,11602.911647549156
00e12e8b_4760,11602.909804813991
00e12e8b_4761,11602.91324342195
00e12e8b_4762,11602.91683960503
00e12e8b_4763,11602.919090139098
00e12e8b_4764,11602.91791999798
00e12e8b_4765,11602.9219168749
00e12e8b_4766,11602.926222508122
00e12e8b_4767,11602.925652614793
00e12e8b_4768,11602.92954803542
00e12e8b_4769,11602.933679694346
00e12e8b_4770,11602.93441871566
00e12e8b_4771,11602.939351113931
00e12e8b_4772,11602.938598219906
00e12e8b_4773,11602.94375295838
00e12e8b_4774,11602.94209146006
00e12e8b_4775,11602.946821777032
00e12e8b_4776,11602.945281875076
00e12e8b_4777,11602.94900692162
00e12e8b_4778,11602.948402478982
00e12e8b_4779,11602.94634070332
00e12e8b_4780,11602.950223266676
00e12e8b_4781,11602.948964382158
00e12e8b_4782,11602.94669117478
00e12e8b_4783,11602.951181958964
00e12e8b_4784,11602.94855277941
00e12e8b_4785,11602.945962634443
00e12e8b_4786,11602.950801542727
00e12e8b_4787,11602.94830767037
00e12e8b_4788,11602.947258679387
00e12e8b_4789,11602.946692586953
00e12e8b_4790,11602.945860125044
00e12e8b_4791,11602.944991712176
00e12e8b_4792,11602.949549263829
00e12e8b_4793,11602.947703271868
00e12e8b_4794,11602.94730826554
00e12e8b_4795,11602.94631192384
00e12e8b_4796,11602.944866456071
00e12e8b_4797,11602.943717046166
00e12e8b_4798,11602.941928614317
00e12e8b_4799,11602.940647290405
00e12e8b_4800,11602.937383307602
00e12e8b_4801,11602.9346573065
00e12e8b_4802,11602.932680516877
00e12e8b_4803,11602.92937298303
00e12e8b_4804,11602.921319959984
00e12e8b_4805,11602.920578613748
00e12e8b_4806,11602.918811461905
00e12e8b_4807,11602.917820126602
00e12e8b_4808,11602.915584220496
00e12e8b_4809,11602.91375039214
00e12e8b_4810,11602.91258146356
00e12e8b_4811,11602.910347976636
00e12e8b_4812,11602.90836631482
00e12e8b_4813,11602.907796974783
00e12e8b_4814,11602.906475562966
00e12e8b_4815,11602.910442487191
00e12e8b_4816,11602.910159523888
00e12e8b_4817,11602.90918526489
00e12e8b_4818,11602.90820532298
00e12e8b_4819,11602.906117584927
00e12e8b_4820,11602.90457641308
00e12e8b_4821,11602.909068175091
00e12e8b_4822,11602.905309771852
00e12e8b_4823,11602.903994746286
00e12e8b_4824,11602.910210031165
00e12e8b_4825,11602.90941584755
00e12e8b_4826,11602.911198156544
00e12e8b_4827,11602.917553758582
00e12e8b_4828,11602.919217603583
00e12e8b_4829,11602.922739362955
00e12e8b_4830,11602.931547959945
00e12e8b_4831,11602.934972806175
00e12e8b_4832,11602.944521478192
00e12e8b_4833,11602.947030154315
00e12e8b_4834,11602.955793372974
00e12e8b_4835,11602.956748550088
00e12e8b_4836,11602.962894966968
00e12e8b_4837,11602.963128752948
00e12e8b_4838,11602.967037153778
00e12e8b_4839,11602.97289387884
00e12e8b_4840,11602.974028030276
00e12e8b_4841,11602.97874983656
00e12e8b_4842,11602.985538965051
00e12e8b_4843,11602.986341709116
00e12e8b_4844,11602.992821234684
00e12e8b_4845,11603.000972514665
00e12e8b_4846,11603.008858806304
00e12e8b_4847,11603.010579295908
00e12e8b_4848,11603.019140344037
00e12e8b_4849,11603.026252307802
00e12e8b_4850,11603.035215449305
00e12e8b_4851,11603.043566181645
00e12e8b_4852,11603.052438067863
00e12e8b_4853,11603.05729966614
00e12e8b_4854,11603.066826903614
00e12e8b_4855,11603.07592551049
00e12e8b_4856,11603.085219743987
00e12e8b_4857,11603.09362665392
00e12e8b_4858,11603.102966186838
00e12e8b_4859,11603.112940166486
00e12e8b_4860,11603.121612522997
00e12e8b_4861,11603.138146266276
00e12e8b_4862,11603.148752769048
00e12e8b_4863,11603.1590366435
00e12e8b_4864,11603.169819875728
00e12e8b_4865,11603.179336885543
00e12e8b_4866,11603.188643125746
00e12e8b_4867,11603.198291912082
00e12e8b_4868,11603.212111512054
00e12e8b_4869,11603.221406862926
00e12e8b_4870,11603.229672193038
00e12e8b_4871,11603.2379584806
00e12e8b_4872,11603.253046963791
00e12e8b_4873,11603.261203483413
00e12e8b_4874,11603.26927673645
00e12e8b_4875,11603.28405773783
00e12e8b_4876,11603.292720611003
00e12e8b_4877,11603.30876006942
00e12e8b_4878,11603.31853924802
00e12e8b_4879,11603.333153146968
00e12e8b_4880,11603.342743042798
00e12e8b_4881,11603.356324383143
00e12e8b_4882,11603.363938135371
00e12e8b_4883,11603.377403100982
00e12e8b_4884,11603.38368585
00e12e8b_4885,11603.396895548987
00e12e8b_4886,11603.4033723681
00e12e8b_4887,11603.41486632258
00e12e8b_4888,11603.42766185024
00e12e8b_4889,11603.433467541585
00e12e8b_4890,11603.443977909574
00e12e8b_4891,11603.455078579347
00e12e8b_4892,11603.457972499327
00e12e8b_4893,11603.467990431098
00e12e8b_4894,11603.47679003678
00e12e8b_4895,11603.484845937384
00e12e8b_4896,11603.493587274992
00e12e8b_4897,11603.495069076267
00e12e8b_4898,11603.501311105949
00e12e8b_4899,11603.507579202009
00e12e8b_4900,11603.511604402323
00e12e8b_4901,11603.517289259393
00e12e8b_4902,11603.516756875651
00e12e8b_4903,11603.521624733712
00e12e8b_4904,11603.526859841742
00e12e8b_4905,11603.53061387119
00e12e8b_4906,11603.526541301411
00e12e8b_4907,11603.528920764556
00e12e8b_4908,11603.525500978254
00e12e8b_4909,11603.529190910518
00e12e8b_4910,11603.531988098475
00e12e8b_4911,11603.529958932551
00e12e8b_4912,11603.529437079223
00e12e8b_4913,11603.533413714324
00e12e8b_4914,11603.53219161821
00e12e8b_4915,11603.53739622792
00e12e8b_4916,11603.536267403984
00e12e8b_4917,11603.535777561534
00e12e8b_4918,11603.54234033373
00e12e8b_4919,11603.54181921877
00e12e8b_4920,11603.5427864318
00e12e8b_4921,11603.543524882876
00e12e8b_4922,11603.550994600017
00e12e8b_4923,11603.552718044462
00e12e8b_4924,11603.55383328017
00e12e8b_4925,11603.555896302594
00e12e8b_4926,11603.559234397986
00e12e8b_4927,11603.561099671557
00e12e8b_4928,11603.5630754724
00e12e8b_4929,11603.565417086977
00e12e8b_4930,11603.569060585349
00e12e8b_4931,11603.575204581985
00e12e8b_4932,11603.581346650317
00e12e8b_4933,11603.588508675206
00e12e8b_4934,11603.597461830785
00e12e8b_4935,11603.60080820382
00e12e8b_4936,11603.611046052052
00e12e8b_4937,11603.619671754755
00e12e8b_4938,11603.627475640087
00e12e8b_4939,11603.629512030244
00e12e8b_4940,11603.635915199484
00e12e8b_4941,11603.641984707489
00e12e8b_4942,11603.642962661275
00e12e8b_4943,11603.646829732095
00e12e8b_4944,11603.64485525155
00e12e8b_4945,11603.649364668332
00e12e8b_4946,11603.64774866284
00e12e8b_4947,11603.65254936158
00e12e8b_4948,11603.650316283823
00e12e8b_4949,11603.647860354726
00e12e8b_4950,11603.652247184433
00e12e8b_4951,11603.650232033608
00e12e8b_4952,11603.649429723082
00e12e8b_4953,11603.65265794686
00e12e8b_4954,11603.648894438407
00e12e8b_4955,11603.645746187423
00e12e8b_4956,11603.641861929886
00e12e8b_4957,11603.642891154304
00e12e8b_4958,11603.639170260709
00e12e8b_4959,11603.634009670071
00e12e8b_4960,11603.62835939068
00e12e8b_4961,11603.623462749254
00e12e8b_4962,11603.616768136912
00e12e8b_4963,11603.610385881291
00e12e8b_4964,11603.60365501861
00e12e8b_4965,11603.597571571405
00e12e8b_4966,11603.59245916672
00e12e8b_4967,11603.589412146386
00e12e8b_4968,11603.5809731193
00e12e8b_4969,11603.580059501515
00e12e8b_4970,11603.578788093811
00e12e8b_4971,11603.578680015917
00e12e8b_4972,11603.571606363048
00e12e8b_4973,11603.56912106338
00e12e8b_4974,11603.56813583785
00e12e8b_4975,11603.556917700684
00e12e8b_4976,11603.551559226127
00e12e8b_4977,11603.547389001644
00e12e8b_4978,11603.5366095398
00e12e8b_4979,11603.53245701804
00e12e8b_4980,11603.521553997653
00e12e8b_4981,11603.515198969526
00e12e8b_4982,11603.503737379671
00e12e8b_4983,11603.495847152117
00e12e8b_4984,11603.483202582502
00e12e8b_4985,11603.470756669654
00e12e8b_4986,11603.462717163771
00e12e8b_4987,11603.450166705326
00e12e8b_4988,11603.437093215089
00e12e8b_4989,11603.423549410452
00e12e8b_4990,11603.417535873848
00e12e8b_4991,11603.405424139264
00e12e8b_4992,11603.393316998156
00e12e8b_4993,11603.382290028898
00e12e8b_4994,11603.369241469618
00e12e8b_4995,11603.356939898667
00e12e8b_4996,11603.343204487155
00e12e8b_4997,11603.328613787446
00e12e8b_4998,11603.321055302044
00e12e8b_4999,11603.307674149748
00e12e8b_5000,11603.294298983106
00e12e8b_5001,11603.282508595375
00e12e8b_5002,11603.27002609711
00e12e8b_5003,11603.257212714689
00e12e8b_5004,11603.245663793408
00e12e8b_5005,11603.233150160402
00e12e8b_5006,11603.221818441172
00e12e8b_5007,11603.213350865555
00e12e8b_5008,11603.199377031458
00e12e8b_5009,11603.18617297126
00e12e8b_5010,11603.172048994618
00e12e8b_5011,11603.156503267572
00e12e8b_5012,11603.140967953692
00e12e8b_5013,11603.122836433002
00e12e8b_5014,11603.106825034514
00e12e8b_5015,11603.090111690022
00e12e8b_5016,11603.073460438163
00e12e8b_5017,11603.0596592287
00e12e8b_5018,11603.049961734934
00e12e8b_5019,11603.034345011656
00e12e8b_5020,11603.020784453189
00e12e8b_5021,11603.007417497838
00e12e8b_5022,11602.995370083776
00e12e8b_5023,11602.983981158752
00e12e8b_5024,11602.974627679949
00e12e8b_5025,11602.965707392852
00e12e8b_5026,11602.956441594552
00e12e8b_5027,11602.948072127336
00e12e8b_5028,11602.941162588144
00e12e8b_5029,11602.933841900753
00e12e8b_5030,11602.92544433384
00e12e8b_5031,11602.91667236128
00e12e8b_5032,11602.912941472096
00e12e8b_5033,11602.904744818446
00e12e8b_5034,11602.895202282383
00e12e8b_5035,11602.884493511468
00e12e8b_5036,11602.877735273833
00e12e8b_5037,11602.87032044656
00e12e8b_5038,11602.863968010988
00e12e8b_5039,11602.858907403584
00e12e8b_5040,11602.851850155894
00e12e8b_5041,11602.84614015706
00e12e8b_5042,11602.839905063556
00e12e8b_5043,11602.834480691636
00e12e8b_5044,11602.83040089667
00e12e8b_5045,11602.824624669174
00e12e8b_5046,11602.819654896715
00e12e8b_5047,11602.815821452736
00e12e8b_5048,11602.811319617844
00e12e8b_5049,11602.808721675685
00e12e8b_5050,11602.80467063408
00e12e8b_5051,11602.80187434334
00e12e8b_5052,11602.799595892026
00e12e8b_5053,11602.797240520402
00e12e8b_5054,11602.794079304796
00e12e8b_5055,11602.797408626608
00e12e8b_5056,11602.793673057562
00e12e8b_5057,11602.790097967783
00e12e8b_5058,11602.785006430737
00e12e8b_5059,11602.77932677792
00e12e8b_5060,11602.774288209512
00e12e8b_5061,11602.767814112
00e12e8b_5062,11602.760343860204
00e12e8b_5063,11602.75309956886
00e12e8b_5064,11602.743993686794
00e12e8b_5065,11602.73403972384
00e12e8b_5066,11602.724353094418
00e12e8b_5067,11602.71220167759
00e12e8b_5068,11602.702481118446
00e12e8b_5069,11602.69016260724
00e12e8b_5070,11602.6766946669
00e12e8b_5071,11602.664742300614
00e12e8b_5072,11602.650232922771
00e12e8b_5073,11602.636715970068
00e12e8b_5074,11602.62465455456
00e12e8b_5075,11602.612059236071
00e12e8b_5076,11602.598979771115
00e12e8b_5077,11602.585242461311
00e12e8b_5078,11602.568970284525
00e12e8b_5079,11602.552441941947
00e12e8b_5080,11602.532900400443
00e12e8b_5081,11602.514806100178
00e12e8b_5082,11602.489929391984
00e12e8b_5083,11602.470398607413
00e12e8b_5084,11602.450689689056
00e12e8b_5085,11602.4294011636
00e12e8b_5086,11602.40803608172
00e12e8b_5087,11602.386225892576
00e12e8b_5088,11602.363821794712
00e12e8b_5089,11602.33964398873
00e12e8b_5090,11602.31784263294
00e12e8b_5091,11602.295886422988
00e12e8b_5092,11602.27585493924
00e12e8b_5093,11602.254154450033
00e12e8b_5094,11602.232203755366
00e12e8b_5095,11602.210504449611
00e12e8b_5096,11602.18779514586
00e12e8b_5097,11602.160885597945
00e12e8b_5098,11602.13873657046
00e12e8b_5099,11602.11651957768
00e12e8b_5100,11602.093279797948
00e12e8b_5101,11602.069083276509
00e12e8b_5102,11602.03716164434
00e12e8b_5103,11602.012515943698
00e12e8b_5104,11601.987251528208
00e12e8b_5105,11601.963952362388
00e12e8b_5106,11601.937172947408
00e12e8b_5107,11601.91509296139
00e12e8b_5108,11601.893999793389
00e12e8b_5109,11601.868584613416
00e12e8b_5110,11601.848179823415
00e12e8b_5111,11601.82965109797
00e12e8b_5112,11601.805302198933
00e12e8b_5113,11601.786914019563
00e12e8b_5114,11601.764166612991
00e12e8b_5115,11601.744919617118
00e12e8b_5116,11601.725098365918
00e12e8b_5117,11601.699178150038
00e12e8b_5118,11601.675903814814
00e12e8b_5119,11601.650258086593
00e12e8b_5120,11601.62941237517
00e12e8b_5121,11601.604472341643
00e12e8b_5122,11601.586613644366
00e12e8b_5123,11601.56185569015
00e12e8b_5124,11601.543254007654
00e12e8b_5125,11601.520194104174
00e12e8b_5126,11601.497099460285
00e12e8b_5127,11601.480472830415
00e12e8b_5128,11601.461261722248
00e12e8b_5129,11601.445733303994
00e12e8b_5130,11601.427949632292
00e12e8b_5131,11601.411239328883
00e12e8b_5132,11601.399419638694
00e12e8b_5133,11601.384431223494
00e12e8b_5134,11601.367761628577
00e12e8b_5135,11601.354998264243
00e12e8b_5136,11601.337223490074
00e12e8b_5137,11601.31886388938
00e12e8b_5138,11601.299772374716
00e12e8b_5139,11601.285248918331
00e12e8b_5140,11601.264904019325
00e12e8b_5141,11601.247021310392
00e12e8b_5142,11601.22699180877
00e12e8b_5143,11601.208841283536
00e12e8b_5144,11601.196435553336
00e12e8b_5145,11601.177565188991
00e12e8b_5146,11601.159085854712
00e12e8b_5147,11601.13979170578
00e12e8b_5148,11601.120811177409
00e12e8b_5149,11601.102793315376
00e12e8b_5150,11601.084871737648
00e12e8b_5151,11601.065554861272
00e12e8b_5152,11601.05348242424
00e12e8b_5153,11601.034123501948
00e12e8b_5154,11601.015484597388
00e12e8b_5155,11600.99660037082
00e12e8b_5156,11600.97721152232
00e12e8b_5157,11600.960503895634
00e12e8b_5158,11600.938839643324
00e12e8b_5159,11600.91900916205
00e12e8b_5160,11600.892347540732
00e12e8b_5161,11600.87015833651
00e12e8b_5162,11600.850020783537
00e12e8b_5163,11600.82986794712
00e12e8b_5164,11600.809485865551
00e12e8b_5165,11600.7879568974
00e12e8b_5166,11600.768065211483
00e12e8b_5167,11600.749216544704
00e12e8b_5168,11600.730917833536
00e12e8b_5169,11600.705370165351
00e12e8b_5170,11600.686242892798
00e12e8b_5171,11600.666826450168
00e12e8b_5172,11600.645238896472
00e12e8b_5173,11600.618668724625
00e12e8b_5174,11600.598986671814
00e12e8b_5175,11600.57565742663
00e12e8b_5176,11600.55306327599
00e12e8b_5177,11600.524020129264
00e12e8b_5178,11600.500572849502
00e12e8b_5179,11600.48012362999
00e12e8b_5180,11600.454220102243
00e12e8b_5181,11600.433749877226
00e12e8b_5182,11600.414060242749
00e12e8b_5183,11600.386960840848
00e12e8b_5184,11600.368142132036
00e12e8b_5185,11600.349583649955
00e12e8b_5186,11600.32508595383
00e12e8b_5187,11600.300819395305
00e12e8b_5188,11600.277413252756
00e12e8b_5189,11600.254446073348
00e12e8b_5190,11600.230303300948
00e12e8b_5191,11600.20908041688
00e12e8b_5192,11600.18684495966
00e12e8b_5193,11600.163696710712
00e12e8b_5194,11600.138845742533
00e12e8b_5195,11600.115385940731
00e12e8b_5196,11600.09172930124
00e12e8b_5197,11600.066549840289
00e12e8b_5198,11600.04220366676
00e12e8b_5199,11600.017239625358
00e12e8b_5200,11599.993011219038
00e12e8b_5201,11599.973849833015
00e12e8b_5202,11599.949470744245
00e12e8b_5203,11599.924465574848
00e12e8b_5204,11599.905135439538
00e12e8b_5205,11599.87842321095
00e12e8b_5206,11599.859187488875
00e12e8b_5207,11599.833923798547
00e12e8b_5208,11599.806866782936
00e12e8b_5209,11599.785471222916
00e12e8b_5210,11599.764915163008
00e12e8b_5211,11599.73999091754
00e12e8b_5212,11599.720632921444
00e12e8b_5213,11599.6969447066
00e12e8b_5214,11599.679511762411
00e12e8b_5215,11599.6608298079
00e12e8b_5216,11599.64457018817
00e12e8b_5217,11599.623090494351
00e12e8b_5218,11599.607445623726
00e12e8b_5219,11599.590282153476
00e12e8b_5220,11599.575418460085
00e12e8b_5221,11599.559631563952
00e12e8b_5222,11599.54309333674
00e12e8b_5223,11599.526740952884
00e12e8b_5224,11599.50968839353
00e12e8b_5225,11599.491970904326
00e12e8b_5226,11599.47519040441
00e12e8b_5227,11599.459231357476
00e12e8b_5228,11599.443187775169
00e12e8b_5229,11599.432727563904
00e12e8b_5230,11599.415950072736
00e12e8b_5231,11599.40062350874
00e12e8b_5232,11599.38460766997
00e12e8b_5233,11599.374504504143
00e12e8b_5234,11599.36053732366
00e12e8b_5235,11599.351234269085
00e12e8b_5236,11599.337484344476
00e12e8b_5237,11599.327893608966
00e12e8b_5238,11599.315033548042
00e12e8b_5239,11599.307882382103
00e12e8b_5240,11599.293821401876
00e12e8b_5241,11599.2867073516
00e12e8b_5242,11599.275058387797
00e12e8b_5243,11599.268278798849
00e12e8b_5244,11599.259793350284
00e12e8b_5245,11599.250935408883
00e12e8b_5246,11599.236074754546
00e12e8b_5247,11599.225763402212
00e12e8b_5248,11599.219099675676
00e12e8b_5249,11599.214961627546
00e12e8b_5250,11599.211840261643
00e12e8b_5251,11599.208639071689
00e12e8b_5252,11599.204955419202
00e12e8b_5253,11599.20240144794
00e12e8b_5254,11599.199900673066
00e12e8b_5255,11599.19721713098
00e12e8b_5256,11599.1955914875
00e12e8b_5257,11599.194304342822
00e12e8b_5258,11599.191315249269
00e12e8b_5259,11599.194632987375
00e12e8b_5260,11599.192556665575
00e12e8b_5261,11599.189420827031
00e12e8b_5262,11599.184362455888
00e12e8b_5263,11599.185675658442
00e12e8b_5264,11599.1827020313
00e12e8b_5265,11599.185187103278
00e12e8b_5266,11599.18124552245
00e12e8b_5267,11599.183043881008
00e12e8b_5268,11599.180082667826
00e12e8b_5269,11599.18183128805
00e12e8b_5270,11599.178744552291
00e12e8b_5271,11599.182131193327
00e12e8b_5272,11599.185578152625
00e12e8b_5273,11599.184567005552
00e12e8b_5274,11599.1888002813
00e12e8b_5275,11599.19261835928
00e12e8b_5276,11599.197498497688
00e12e8b_5277,11599.196440484571
00e12e8b_5278,11599.20002745519
00e12e8b_5279,11599.203492528934
00e12e8b_5280,11599.20693513445
00e12e8b_5281,11599.20909353167
00e12e8b_5282,11599.213464366345
00e12e8b_5283,11599.21181156005
00e12e8b_5284,11599.21617593236
00e12e8b_5285,11599.219815539422
00e12e8b_5286,11599.224781217095
00e12e8b_5287,11599.229460582654
00e12e8b_5288,11599.228441707295
00e12e8b_5289,11599.232613946522
00e12e8b_5290,11599.23723752818
00e12e8b_5291,11599.241642843155
00e12e8b_5292,11599.240789742347
00e12e8b_5293,11599.243110344758
00e12e8b_5294,11599.245165752822
00e12e8b_5295,11599.247563451736
00e12e8b_5296,11599.243981684333
00e12e8b_5297,11599.246191802202
00e12e8b_5298,11599.24757920506
00e12e8b_5299,11599.24325082208
00e12e8b_5300,11599.244165708811
00e12e8b_5301,11599.244088736385
00e12e8b_5302,11599.239223989976
00e12e8b_5303,11599.239551748386
00e12e8b_5304,11599.23999243069
00e12e8b_5305,11599.2347906929
00e12e8b_5306,11599.235267635398
00e12e8b_5307,11599.23596015866
00e12e8b_5308,11599.231473954816
00e12e8b_5309,11599.23255260699
00e12e8b_5310,11599.233420926308
00e12e8b_5311,11599.228594249098
00e12e8b_5312,11599.23006980009
00e12e8b_5313,11599.225916297
00e12e8b_5314,11599.227376610364
00e12e8b_5315,11599.22855589208
00e12e8b_5316,11599.22400814551
00e12e8b_5317,11599.225692301568
00e12e8b_5318,11599.22245335147
00e12e8b_5319,11599.224547267791
00e12e8b_5320,11599.221384682092
00e12e8b_5321,11599.22387501528
00e12e8b_5322,11599.220075919033
00e12e8b_5323,11599.222099139726
00e12e8b_5324,11599.218445206694
00e12e8b_5325,11599.22022162715
00e12e8b_5326,11599.215494860891
00e12e8b_5327,11599.216287068532
00e12e8b_5328,11599.210491242202
00e12e8b_5329,11599.211343582252
00e12e8b_5330,11599.206249632913
00e12e8b_5331,11599.203601773876
00e12e8b_5332,11599.19648982008
00e12e8b_5333,11599.195638300122
00e12e8b_5334,11599.189185621846
00e12e8b_5335,11599.1831036748
00e12e8b_5336,11599.182988817538
00e12e8b_5337,11599.178074390897
00e12e8b_5338,11599.17850516014
00e12e8b_5339,11599.173318290656
00e12e8b_5340,11599.168415459437
00e12e8b_5341,11599.169276436836
00e12e8b_5342,11599.164100541904
00e12e8b_5343,11599.164839273828
00e12e8b_5344,11599.160563374931
00e12e8b_5345,11599.155955321545
00e12e8b_5346,11599.15751346006
00e12e8b_5347,11599.153351157616
00e12e8b_5348,11599.149704107664
00e12e8b_5349,11599.151688081482
00e12e8b_5350,11599.14757033005
00e12e8b_5351,11599.143667159517
00e12e8b_5352,11599.145538376955
00e12e8b_5353,11599.139815337863
00e12e8b_5354,11599.13737282728
00e12e8b_5355,11599.13601601124
00e12e8b_5356,11599.14044912488
00e12e8b_5357,11599.139812312307
00e12e8b_5358,11599.13991628384
00e12e8b_5359,11599.14072365249
00e12e8b_5360,11599.14704878124
00e12e8b_5361,11599.147548879802
00e12e8b_5362,11599.148848061108
00e12e8b_5363,11599.150029775868
00e12e8b_5364,11599.157047602082
00e12e8b_5365,11599.158069432637
00e12e8b_5366,11599.158759304531
00e12e8b_5367,11599.159153950715
00e12e8b_5368,11599.158607436042
00e12e8b_5369,11599.161762715168
00e12e8b_5370,11599.161091298754
00e12e8b_5371,11599.16050532279
00e12e8b_5372,11599.160149778316
00e12e8b_5373,11599.160136938195
00e12e8b_5374,11599.159632569394
00e12e8b_5375,11599.164668996316
00e12e8b_5376,11599.16364814139
00e12e8b_5377,11599.162772725162
00e12e8b_5378,11599.161364633885
00e12e8b_5379,11599.1597246824
00e12e8b_5380,11599.164133283
00e12e8b_5381,11599.162093250854
00e12e8b_5382,11599.159743677294
00e12e8b_5383,11599.158301115996
00e12e8b_5384,11599.161926622352
00e12e8b_5385,11599.159285948075
00e12e8b_5386,11599.156314748074
00e12e8b_5387,11599.15349304709
00e12e8b_5388,11599.15545841258
00e12e8b_5389,11599.151757414282
00e12e8b_5390,11599.146683150617
00e12e8b_5391,11599.146478726789
00e12e8b_5392,11599.14306103306
00e12e8b_5393,11599.13939879693
00e12e8b_5394,11599.14084213815
00e12e8b_5395,11599.136891935092
00e12e8b_5396,11599.130611076169
00e12e8b_5397,11599.129404704676
00e12e8b_5398,11599.123743827144
00e12e8b_5399,11599.123481575332
00e12e8b_5400,11599.117726879957
00e12e8b_5401,11599.112828663829
00e12e8b_5402,11599.11261299476
00e12e8b_5403,11599.108621959927
00e12e8b_5404,11599.110350524632
00e12e8b_5405,11599.105830282177
00e12e8b_5406,11599.107156931252
00e12e8b_5407,11599.103418640989
00e12e8b_5408,11599.100025685077
00e12e8b_5409,11599.102501929368
00e12e8b_5410,11599.098940542972
00e12e8b_5411,11599.10132769516
00e12e8b_5412,11599.09818269034
00e12e8b_5413,11599.10084307193
00e12e8b_5414,11599.09828246248
00e12e8b_5415,11599.10091630156
00e12e8b_5416,11599.09793181348
00e12e8b_5417,11599.101204545474
00e12e8b_5418,11599.103902964776
00e12e8b_5419,11599.102123563664
00e12e8b_5420,11599.10749262249
00e12e8b_5421,11599.10809512221
00e12e8b_5422,11599.115766270654
00e12e8b_5423,11599.11863486751
00e12e8b_5424,11599.127376080596
00e12e8b_5425,11599.1374852534
00e12e8b_5426,11599.14176435305
00e12e8b_5427,11599.152073200366
00e12e8b_5428,11599.157015639485
00e12e8b_5429,11599.167320901031
00e12e8b_5430,11599.17735930902
00e12e8b_5431,11599.181227068442
00e12e8b_5432,11599.189864264396
00e12e8b_5433,11599.197408097876
00e12e8b_5434,11599.197999606273
00e12e8b_5435,11599.205104875022
00e12e8b_5436,11599.211703141704
00e12e8b_5437,11599.215228964567
00e12e8b_5438,11599.212972820744
00e12e8b_5439,11599.217182027896
00e12e8b_5440,11599.221636394552
00e12e8b_5441,11599.220670100454
00e12e8b_5442,11599.22613775159
00e12e8b_5443,11599.231760198772
00e12e8b_5444,11599.237157666888
00e12e8b_5445,11599.242205221002
00e12e8b_5446,11599.241231401656
00e12e8b_5447,11599.246131515163
00e12e8b_5448,11599.250217556171
00e12e8b_5449,11599.253791930632
00e12e8b_5450,11599.256169619335
00e12e8b_5451,11599.251452647866
00e12e8b_5452,11599.2508900186
00e12e8b_5453,11599.249485989443
00e12e8b_5454,11599.24794322563
00e12e8b_5455,11599.246288482336
00e12e8b_5456,11599.244471675862
00e12e8b_5457,11599.238963823778
00e12e8b_5458,11599.240474635251
00e12e8b_5459,11599.240254492192
00e12e8b_5460,11599.243045692394
00e12e8b_5461,11599.247065024934
00e12e8b_5462,11599.253793657106
00e12e8b_5463,11599.261479321469
00e12e8b_5464,11599.269901492846
00e12e8b_5465,11599.278945239656
00e12e8b_5466,11599.288641025129
00e12e8b_5467,11599.298419430092
00e12e8b_5468,11599.307959416896
00e12e8b_5469,11599.317155255776
00e12e8b_5470,11599.325837361312
00e12e8b_5471,11599.328381735317
00e12e8b_5472,11599.33553698092
00e12e8b_5473,11599.342865990227
00e12e8b_5474,11599.348855704578
00e12e8b_5475,11599.3536161106
00e12e8b_5476,11599.359050413794
00e12e8b_5477,11599.365611241035
00e12e8b_5478,11599.3725955233
00e12e8b_5479,11599.373079063009
00e12e8b_5480,11599.380335999698
00e12e8b_5481,11599.388124667432
00e12e8b_5482,11599.39715334336
00e12e8b_5483,11599.405562325368
00e12e8b_5484,11599.406546151842
00e12e8b_5485,11599.41309746394
00e12e8b_5486,11599.41808509258
00e12e8b_5487,11599.421729598547
00e12e8b_5488,11599.41810773401
00e12e8b_5489,11599.418349205307
00e12e8b_5490,11599.417342972723
00e12e8b_5491,11599.414404499386
00e12e8b_5492,11599.406310706749
00e12e8b_5493,11599.40321104669
00e12e8b_5494,11599.40065636712
00e12e8b_5495,11599.392401545443
00e12e8b_5496,11599.389492551383
00e12e8b_5497,11599.385608734616
00e12e8b_5498,11599.379551292675
00e12e8b_5499,11599.378332226324
00e12e8b_5500,11599.376085036763
00e12e8b_5501,11599.368323721796
00e12e8b_5502,11599.365565283984
00e12e8b_5503,11599.36283996938
00e12e8b_5504,11599.353336737688
00e12e8b_5505,11599.349900275742
00e12e8b_5506,11599.341098051646
00e12e8b_5507,11599.338081072208
00e12e8b_5508,11599.329281048516
00e12e8b_5509,11599.326163690605
00e12e8b_5510,11599.322722670986
00e12e8b_5511,11599.31325194365
00e12e8b_5512,11599.310988837946
00e12e8b_5513,11599.303986636563
00e12e8b_5514,11599.303474625469
00e12e8b_5515,11599.2973944095
00e12e8b_5516,11599.297846145168
00e12e8b_5517,11599.292157969474
00e12e8b_5518,11599.28832485928
00e12e8b_5519,11599.290793860342
00e12e8b_5520,11599.287941923189
00e12e8b_5521,11599.29087927208
00e12e8b_5522,11599.288253370025
00e12e8b_5523,11599.290326128674
00e12e8b_5524,11599.286947706776
00e12e8b_5525,11599.284985616974
00e12e8b_5526,11599.288508809572
00e12e8b_5527,11599.28759947557
00e12e8b_5528,11599.286897269838
00e12e8b_5529,11599.292251878864
00e12e8b_5530,11599.29190308517
00e12e8b_5531,11599.290429360848
00e12e8b_5532,11599.295458488035
00e12e8b_5533,11599.294756106789
00e12e8b_5534,11599.293659621844
00e12e8b_5535,11599.298066387995
00e12e8b_5536,11599.296343411595
00e12e8b_5537,11599.292962680438
00e12e8b_5538,11599.295708418913
00e12e8b_5539,11599.293858252066
00e12e8b_5540,11599.29229113256
00e12e8b_5541,11599.290883229498
00e12e8b_5542,11599.288628414408
00e12e8b_5543,11599.290496893367
00e12e8b_5544,11599.286157149993
00e12e8b_5545,11599.283073152928
00e12e8b_5546,11599.2796627654
00e12e8b_5547,11599.276178573844
00e12e8b_5548,11599.278560875116
00e12e8b_5549,11599.275371116575
00e12e8b_5550,11599.27285511824
00e12e8b_5551,11599.269729357498
00e12e8b_5552,11599.267578072937
00e12e8b_5553,11599.265301212405
00e12e8b_5554,11599.263651612397
00e12e8b_5555,11599.261713829464
00e12e8b_5556,11599.264964072754
00e12e8b_5557,11599.261729404005
00e12e8b_5558,11599.259456282249
00e12e8b_5559,11599.257202149449
00e12e8b_5560,11599.254784345569
00e12e8b_5561,11599.253194924906
00e12e8b_5562,11599.251223815045
00e12e8b_5563,11599.24963951588
00e12e8b_5564,11599.247489980928
00e12e8b_5565,11599.245630950572
00e12e8b_5566,11599.244806151804
00e12e8b_5567,11599.244172524564
00e12e8b_5568,11599.243622616204
00e12e8b_5569,11599.248712831944
00e12e8b_5570,11599.248919658545
00e12e8b_5571,11599.247917394332
00e12e8b_5572,11599.247963617738
00e12e8b_5573,11599.248370018164
00e12e8b_5574,11599.248637365716
00e12e8b_5575,11599.253950836246
00e12e8b_5576,11599.25354826354
00e12e8b_5577,11599.252501952673
00e12e8b_5578,11599.25244122649
00e12e8b_5579,11599.258218088386
00e12e8b_5580,11599.258193057423
00e12e8b_5581,11599.25780936535
00e12e8b_5582,11599.258390247924
00e12e8b_5583,11599.26475421165
00e12e8b_5584,11599.26377905596
00e12e8b_5585,11599.264316796438
00e12e8b_5586,11599.270534450685
00e12e8b_5587,11599.271547154029
00e12e8b_5588,11599.277931144094
00e12e8b_5589,11599.278860994593
00e12e8b_5590,11599.279341017504
00e12e8b_5591,11599.284175864095
00e12e8b_5592,11599.28470222783
00e12e8b_5593,11599.290724083068
00e12e8b_5594,11599.290892502948
00e12e8b_5595,11599.296695353576
00e12e8b_5596,11599.296549772616
00e12e8b_5597,11599.301099944343
00e12e8b_5598,11599.30172597328
00e12e8b_5599,11599.30774819722
00e12e8b_5600,11599.30853971634
00e12e8b_5601,11599.313630192935
00e12e8b_5602,11599.3129837477
00e12e8b_5603,11599.318106033656
00e12e8b_5604,11599.318025464268
00e12e8b_5605,11599.32062620766
00e12e8b_5606,11599.324055124029
00e12e8b_5607,11599.322828582168
00e12e8b_5608,11599.32741313607
00e12e8b_5609,11599.327106401885
00e12e8b_5610,11599.333415782385
00e12e8b_5611,11599.339349153688
00e12e8b_5612,11599.346834190806
00e12e8b_5613,11599.34912355513
00e12e8b_5614,11599.357953937038
00e12e8b_5615,11599.367512337549
00e12e8b_5616,11599.371619568648
00e12e8b_5617,11599.380235198165
00e12e8b_5618,11599.390684222337
00e12e8b_5619,11599.401655379324
00e12e8b_5620,11599.41339121549
00e12e8b_5621,11599.41958710673
00e12e8b_5622,11599.43179547654
00e12e8b_5623,11599.444036673094
00e12e8b_5624,11599.455178760154
00e12e8b_5625,11599.467526265908
00e12e8b_5626,11599.480030506573
00e12e8b_5627,11599.485952951112
00e12e8b_5628,11599.498598633982
00e12e8b_5629,11599.511513894824
00e12e8b_5630,11599.525494337397
00e12e8b_5631,11599.538717519856
00e12e8b_5632,11599.55325481302
00e12e8b_5633,11599.56748181772
00e12e8b_5634,11599.582137380004
00e12e8b_5635,11599.597005442469
00e12e8b_5636,11599.612644784163
00e12e8b_5637,11599.626922721796
00e12e8b_5638,11599.641099710338
00e12e8b_5639,11599.653834932524
00e12e8b_5640,11599.667055059845
00e12e8b_5641,11599.678867751629
00e12e8b_5642,11599.689477969136
00e12e8b_5643,11599.699454859669
00e12e8b_5644,11599.714631341212
00e12e8b_5645,11599.725851694197
00e12e8b_5646,11599.73677679033
00e12e8b_5647,11599.747223481603
00e12e8b_5648,11599.757902015795
00e12e8b_5649,11599.767601712276
00e12e8b_5650,11599.775986839988
00e12e8b_5651,11599.787669893884
00e12e8b_5652,11599.795264735105
00e12e8b_5653,11599.801757908204
00e12e8b_5654,11599.807036014336
00e12e8b_5655,11599.817713161374
00e12e8b_5656,11599.82205537458
00e12e8b_5657,11599.824931061046
00e12e8b_5658,11599.82885536428
00e12e8b_5659,11599.837560692436
00e12e8b_5660,11599.839520848243
00e12e8b_5661,11599.840263681344
00e12e8b_5662,11599.841629628794
00e12e8b_5663,11599.848426106604
00e12e8b_5664,11599.848084629106
00e12e8b_5665,11599.848789365988
00e12e8b_5666,11599.852614640937
00e12e8b_5667,11599.856706097831
00e12e8b_5668,11599.86050578178
00e12e8b_5669,11599.869668245448
00e12e8b_5670,11599.873193938634
00e12e8b_5671,11599.87565172546
00e12e8b_5672,11599.879165746544
00e12e8b_5673,11599.88199442839
00e12e8b_5674,11599.885526925833
00e12e8b_5675,11599.889434464789
00e12e8b_5676,11599.89359560868
00e12e8b_5677,11599.897388698391
00e12e8b_5678,11599.903349072823
00e12e8b_5679,11599.90920586052
00e12e8b_5680,11599.92019479948
00e12e8b_5681,11599.92598100514
00e12e8b_5682,11599.931651973284
00e12e8b_5683,11599.936781439575
00e12e8b_5684,11599.940366052404
00e12e8b_5685,11599.94510733606
00e12e8b_5686,11599.943928108169
00e12e8b_5687,11599.94811956494
00e12e8b_5688,11599.951747843845
00e12e8b_5689,11599.954775675307
00e12e8b_5690,11599.95858552249
00e12e8b_5691,11599.961112024666
00e12e8b_5692,11599.964588751469
00e12e8b_5693,11599.968535288488
00e12e8b_5694,11599.972992311028
00e12e8b_5695,11599.977029238273
00e12e8b_5696,11599.980556045386
00e12e8b_5697,11599.983635961253
00e12e8b_5698,11599.98182844154
00e12e8b_5699,11599.98571726384
00e12e8b_5700,11599.990347995345
00e12e8b_5701,11599.994703267825
00e12e8b_5702,11599.999376673386
00e12e8b_5703,11600.005077182646
00e12e8b_5704,11600.00405621176
00e12e8b_5705,11600.00982785848
00e12e8b_5706,11600.014535236283
00e12e8b_5707,11600.018744784997
00e12e8b_5708,11600.017732043712
00e12e8b_5709,11600.021212144298
00e12e8b_5710,11600.024261678387
00e12e8b_5711,11600.025876047444
00e12e8b_5712,11600.024037511404
00e12e8b_5713,11600.028136693129
00e12e8b_5714,11600.032099081503
00e12e8b_5715,11600.0309867713
00e12e8b_5716,11600.035634920088
00e12e8b_5717,11600.039675785203
00e12e8b_5718,11600.039192654436
00e12e8b_5719,11600.044457125638
00e12e8b_5720,11600.049371416271
00e12e8b_5721,11600.049314601103
00e12e8b_5722,11600.054818857603
00e12e8b_5723,11600.055250153157
00e12e8b_5724,11600.060652033497
00e12e8b_5725,11600.067229378288
00e12e8b_5726,11600.068115239952
00e12e8b_5727,11600.075231409655
00e12e8b_5728,11600.076580359862
00e12e8b_5729,11600.083310843158
00e12e8b_5730,11600.084625106529
00e12e8b_5731,11600.090508440462
00e12e8b_5732,11600.091299118314
00e12e8b_5733,11600.095475444488
00e12e8b_5734,11600.094879467482
00e12e8b_5735,11600.100754253066
00e12e8b_5736,11600.101751619355
00e12e8b_5737,11600.107475463934
00e12e8b_5738,11600.109277757474
00e12e8b_5739,11600.116959154311
00e12e8b_5740,11600.1190909025
00e12e8b_5741,11600.127549092364
00e12e8b_5742,11600.129589216616
00e12e8b_5743,11600.131122614946
00e12e8b_5744,11600.136954153932
00e12e8b_5745,11600.137696603291
00e12e8b_5746,11600.137285023928
00e12e8b_5747,11600.140916408727
00e12e8b_5748,11600.137661521903
00e12e8b_5749,11600.139013986212
00e12e8b_5750,11600.136084795797
00e12e8b_5751,11600.132633146395
00e12e8b_5752,11600.130027295076
00e12e8b_5753,11600.13328798437
00e12e8b_5754,11600.130923813776
00e12e8b_5755,11600.133076051525
00e12e8b_5756,11600.128411266656
00e12e8b_5757,11600.128699544444
00e12e8b_5758,11600.124892024924
00e12e8b_5759,11600.126984151178
00e12e8b_5760,11600.124085440237
00e12e8b_5761,11600.127148623447
00e12e8b_5762,11600.124871780708
00e12e8b_5763,11600.128415061372
00e12e8b_5764,11600.130287638973
00e12e8b_5765,11600.127915704905
00e12e8b_5766,11600.131680142382
00e12e8b_5767,11600.136138027054
00e12e8b_5768,11600.140900541946
00e12e8b_5769,11600.140299237652
00e12e8b_5770,11600.14556836184
00e12e8b_5771,11600.149364690928
00e12e8b_5772,11600.153454705063
00e12e8b_5773,11600.158364020535
00e12e8b_5774,11600.16350804662
00e12e8b_5775,11600.168851999064
00e12e8b_5776,11600.175211612644
00e12e8b_5777,11600.180506905655
00e12e8b_5778,11600.18677385634
00e12e8b_5779,11600.194996079606
00e12e8b_5780,11600.203721646478
00e12e8b_5781,11600.219680912109
00e12e8b_5782,11600.229793006256
00e12e8b_5783,11600.241588713709
00e12e8b_5784,11600.254100853808
00e12e8b_5785,11600.27409129624
00e12e8b_5786,11600.28962280363
00e12e8b_5787,11600.305902712227
00e12e8b_5788,11600.328765027436
00e12e8b_5789,11600.346688807207
00e12e8b_5790,11600.37031233008
00e12e8b_5791,11600.38787135162
00e12e8b_5792,11600.40649883808
00e12e8b_5793,11600.43074173828
00e12e8b_5794,11600.454757625745
00e12e8b_5795,11600.474546837371
00e12e8b_5796,11600.49984685549
00e12e8b_5797,11600.5183274381
00e12e8b_5798,11600.543795819493
00e12e8b_5799,11600.569149797348
00e12e8b_5800,11600.58867901329
00e12e8b_5801,11600.613476086815
00e12e8b_5802,11600.638395460724
00e12e8b_5803,11600.663921495689
00e12e8b_5804,11600.688237666667
00e12e8b_5805,11600.713371343598
00e12e8b_5806,11600.73332859781
00e12e8b_5807,11600.75838858273
00e12e8b_5808,11600.783618823289
00e12e8b_5809,11600.80725888407
00e12e8b_5810,11600.830292120358
00e12e8b_5811,11600.85261990727
00e12e8b_5812,11600.874787846798
00e12e8b_5813,11600.901592727438
00e12e8b_5814,11600.92248680284
00e12e8b_5815,11600.942536230545
00e12e8b_5816,11600.962835449016
00e12e8b_5817,11600.98393031136
00e12e8b_5818,11601.00925440331
00e12e8b_5819,11601.029795440689
00e12e8b_5820,11601.049182344172
00e12e8b_5821,11601.068298271286
00e12e8b_5822,11601.092575301758
00e12e8b_5823,11601.11004155847
00e12e8b_5824,11601.132251083698
00e12e8b_5825,11601.15001421836
00e12e8b_5826,11601.172862753803
00e12e8b_5827,11601.190557463557
00e12e8b_5828,11601.213059116042
00e12e8b_5829,11601.229655304422
00e12e8b_5830,11601.250950362632
00e12e8b_5831,11601.264404673606
00e12e8b_5832,11601.284264557253
00e12e8b_5833,11601.30511977751
00e12e8b_5834,11601.3192260578
00e12e8b_5835,11601.3382654025
00e12e8b_5836,11601.35706087838
00e12e8b_5837,11601.375305435166
00e12e8b_5838,11601.392297622437
00e12e8b_5839,11601.410004282585
00e12e8b_5840,11601.421503994008
00e12e8b_5841,11601.406874371522
00e12e8b_5842,11601.42479540953
00e12e8b_5843,11601.4445657679
00e12e8b_5844,11601.465490646526
00e12e8b_5845,11601.484925118555
00e12e8b_5846,11601.504121392574
00e12e8b_5847,11601.524059859994
00e12e8b_5848,11601.543013614391
00e12e8b_5849,11601.566937537356
00e12e8b_5850,11601.585019236594
00e12e8b_5851,11601.60430002424
00e12e8b_5852,11601.622755830307
00e12e8b_5853,11601.641175026958
00e12e8b_5854,11601.65816722408
00e12e8b_5855,11601.674508285234
00e12e8b_5856,11601.691510462304
00e12e8b_5857,11601.704227836404
00e12e8b_5858,11601.716009197067
00e12e8b_5859,11601.728998818851
00e12e8b_5860,11601.743541649352
00e12e8b_5861,11601.762449363952
00e12e8b_5862,11601.777494731716
00e12e8b_5863,11601.793683422116
00e12e8b_5864,11601.812106714377
00e12e8b_5865,11601.83100137878
00e12e8b_5866,11601.85157439164
00e12e8b_5867,11601.873514194976
00e12e8b_5868,11601.896171773087
00e12e8b_5869,11601.924792195248
00e12e8b_5870,11601.95119226662
00e12e8b_5871,11601.97772746985
00e12e8b_5872,11602.005123186933
00e12e8b_5873,11602.03515175093
00e12e8b_5874,11602.065553904882
00e12e8b_5875,11602.096478611258
00e12e8b_5876,11602.13338494435
00e12e8b_5877,11602.16607897924
00e12e8b_5878,11602.199311757788
00e12e8b_5879,11602.233148511994
00e12e8b_5880,11602.268948545285
00e12e8b_5881,11602.304844752787
00e12e8b_5882,11602.347814308938
00e12e8b_5883,11602.38651906414
00e12e8b_5884,11602.424584399309
00e12e8b_5885,11602.463377601804
00e12e8b_5886,11602.503915003785
00e12e8b_5887,11602.549141979462
00e12e8b_5888,11602.589116040748
00e12e8b_5889,11602.629499615705
00e12e8b_5890,11602.66814737732
00e12e8b_5891,11602.704137864024
00e12e8b_5892,11602.745982387089
00e12e8b_5893,11602.782180665963
00e12e8b_5894,11602.816094011689
00e12e8b_5895,11602.849229307863
00e12e8b_5896,11602.888635296227
00e12e8b_5897,11602.920770749455
00e12e8b_5898,11602.950335346452
00e12e8b_5899,11602.980832414483
00e12e8b_5900,11603.010829730962
00e12e8b_5901,11603.045747275257
00e12e8b_5902,11603.07557554178
00e12e8b_5903,11603.103399577923
00e12e8b_5904,11603.130692615106
00e12e8b_5905,11603.163208749604
00e12e8b_5906,11603.191423025915
00e12e8b_5907,11603.217586514686
00e12e8b_5908,11603.249304282215
00e12e8b_5909,11603.275849821592
00e12e8b_5910,11603.30066585391
00e12e8b_5911,11603.325249233874
00e12e8b_5912,11603.355374695384
00e12e8b_5913,11603.378091564082
00e12e8b_5914,11603.399750933588
00e12e8b_5915,11603.428343237058
00e12e8b_5916,11603.44931669376
00e12e8b_5917,11603.469753158965
00e12e8b_5918,11603.495840194915
00e12e8b_5919,11603.530237829424
00e12e8b_5920,11603.559334268031
00e12e8b_5921,11603.59090906493
00e12e8b_5922,11603.631680741595
00e12e8b_5923,11603.665418788918
00e12e8b_5924,11603.699469741588
00e12e8b_5925,11603.740747003216
00e12e8b_5926,11603.776349500546
00e12e8b_5927,11603.811183439282
00e12e8b_5928,11603.85309133725
00e12e8b_5929,11603.888093431218
00e12e8b_5930,11603.922969670535
00e12e8b_5931,11603.962698098863
00e12e8b_5932,11603.993459855938
00e12e8b_5933,11604.021884215445
00e12e8b_5934,11604.055585529632
00e12e8b_5935,11604.083461881291
00e12e8b_5936,11604.116631650104
00e12e8b_5937,11604.14411003308
00e12e8b_5938,11604.171690104988
00e12e8b_5939,11604.20580072912
00e12e8b_5940,11604.233587997896
00e12e8b_5941,11604.26115999611
00e12e8b_5942,11604.29374738488
00e12e8b_5943,11604.3198002691
00e12e8b_5944,11604.343789854647
00e12e8b_5945,11604.371634079323
00e12e8b_5946,11604.393394906285
00e12e8b_5947,11604.41353274076
00e12e8b_5948,11604.43189584013
00e12e8b_5949,11604.448156389506
00e12e8b_5950,11604.463579981477
00e12e8b_5951,11604.478272125842
00e12e8b_5952,11604.494229389433
00e12e8b_5953,11604.509542624215
00e12e8b_5954,11604.526057062532
00e12e8b_5955,11604.542233719469
00e12e8b_5956,11604.559393483663
00e12e8b_5957,11604.576743448786
00e12e8b_5958,11604.58845446656
00e12e8b_5959,11604.608257598613
00e12e8b_5960,11604.627455411475
00e12e8b_5961,11604.64737136732
00e12e8b_5962,11604.661250680134
00e12e8b_5963,11604.682161296509
00e12e8b_5964,11604.698291404871
00e12e8b_5965,11604.72099054862
00e12e8b_5966,11604.744151745104
00e12e8b_5967,11604.763120800302
00e12e8b_5968,11604.782161756224
00e12e8b_5969,11604.809013610417
00e12e8b_5970,11604.828802361586
00e12e8b_5971,11604.854046166796
00e12e8b_5972,11604.873806136677
00e12e8b_5973,11604.892983746951
00e12e8b_5974,11604.911498008338
00e12e8b_5975,11604.936068130031
00e12e8b_5976,11604.957100952644
00e12e8b_5977,11604.977059074428
00e12e8b_5978,11604.996671523511
00e12e8b_5979,11605.015874271974
00e12e8b_5980,11605.034876206617
00e12e8b_5981,11605.053698150668
00e12e8b_5982,11605.071527180153
00e12e8b_5983,11605.08970160232
00e12e8b_5984,11605.10662425518
00e12e8b_5985,11605.12459461499
00e12e8b_5986,11605.141175631685
00e12e8b_5987,11605.15789546464
00e12e8b_5988,11605.169060610217
00e12e8b_5989,11605.185724398552
00e12e8b_5990,11605.201864207656
00e12e8b_5991,11605.212694974864
00e12e8b_5992,11605.22694657351
00e12e8b_5993,11605.23975217
00e12e8b_5994,11605.246886528595
00e12e8b_5995,11605.25736471469
00e12e8b_5996,11605.261578955942
00e12e8b_5997,11605.270842985736
00e12e8b_5998,11605.274171965411
00e12e8b_5999,11605.281133414248
00e12e8b_6000,11605.28161132283
00e12e8b_6001,11605.281459723245
00e12e8b_6002,11605.280353326696
00e12e8b_6003,11605.284153646233
00e12e8b_6004,11605.28194962579
00e12e8b_6005,11605.280124741765
00e12e8b_6006,11605.27855758516
00e12e8b_6007,11605.276404748292
00e12e8b_6008,11605.27952955674
00e12e8b_6009,11605.27799875758
00e12e8b_6010,11605.276921821682
00e12e8b_6011,11605.276846094874
00e12e8b_6012,11605.27731633074
00e12e8b_6013,11605.273743324102
00e12e8b_6014,11605.273431205227
00e12e8b_6015,11605.274213440973
00e12e8b_6016,11605.274785098887
00e12e8b_6017,11605.275046877254
00e12e8b_6018,11605.274852914634
00e12e8b_6019,11605.269880138829
00e12e8b_6020,11605.27114517882
00e12e8b_6021,11605.272007559975
00e12e8b_6022,11605.267784670415
00e12e8b_6023,11605.2695117828
00e12e8b_6024,11605.265274490248
00e12e8b_6025,11605.264478004
00e12e8b_6026,11605.258391286618
00e12e8b_6027,11605.258580366495
00e12e8b_6028,11605.25421881723
00e12e8b_6029,11605.25457004796
00e12e8b_6030,11605.249012082537
00e12e8b_6031,11605.244195748455
00e12e8b_6032,11605.244256671347
00e12e8b_6033,11605.238407641777
00e12e8b_6034,11605.232566945311
00e12e8b_6035,11605.227642823404
00e12e8b_6036,11605.221368917237
00e12e8b_6037,11605.215142463509
00e12e8b_6038,11605.214927390887
00e12e8b_6039,11605.20834230717
00e12e8b_6040,11605.200651006571
00e12e8b_6041,11605.1924517884
00e12e8b_6042,11605.185423459052
00e12e8b_6043,11605.180521064452
00e12e8b_6044,11605.175020174296
00e12e8b_6045,11605.17082739032
00e12e8b_6046,11605.166048040272
00e12e8b_6047,11605.161294072768
00e12e8b_6048,11605.160581313528
00e12e8b_6049,11605.154157394769
00e12e8b_6050,11605.14874081279
00e12e8b_6051,11605.141564806714
00e12e8b_6052,11605.131962463678
00e12e8b_6053,11605.120606309038
00e12e8b_6054,11605.10956660625
00e12e8b_6055,11605.097563465506
00e12e8b_6056,11605.084880421982
00e12e8b_6057,11605.071357010474
00e12e8b_6058,11605.05614757823
00e12e8b_6059,11605.04033431732
00e12e8b_6060,11605.025190757478
00e12e8b_6061,11605.009068800991
00e12e8b_6062,11604.9918851954
00e12e8b_6063,11604.973847017292
00e12e8b_6064,11604.955103608932
00e12e8b_6065,11604.928805671274
00e12e8b_6066,11604.906864802431
00e12e8b_6067,11604.88727119574
00e12e8b_6068,11604.867612101938
00e12e8b_6069,11604.848969272887
00e12e8b_6070,11604.82916459922
00e12e8b_6071,11604.810847607265
00e12e8b_6072,11604.790325926018
00e12e8b_6073,11604.770221585808
00e12e8b_6074,11604.750150079204
00e12e8b_6075,11604.724809725318
00e12e8b_6076,11604.703987775702
00e12e8b_6077,11604.683452026467
00e12e8b_6078,11604.66087584992
00e12e8b_6079,11604.64001152818
00e12e8b_6080,11604.617683475515
00e12e8b_6081,11604.596668244963
00e12e8b_6082,11604.56976814531
00e12e8b_6083,11604.547706254843
00e12e8b_6084,11604.525108110458
00e12e8b_6085,11604.501697036423
00e12e8b_6086,11604.481476342626
00e12e8b_6087,11604.456221308805
00e12e8b_6088,11604.436833531618
00e12e8b_6089,11604.419042283684
00e12e8b_6090,11604.40064073549
00e12e8b_6091,11604.374829734585
00e12e8b_6092,11604.354705928206
00e12e8b_6093,11604.33454243257
00e12e8b_6094,11604.313608167096
00e12e8b_6095,11604.286249301538
00e12e8b_6096,11604.264876914884
00e12e8b_6097,11604.245684517957
00e12e8b_6098,11604.218628222805
00e12e8b_6099,11604.19676737984
00e12e8b_6100,11604.174177221128
00e12e8b_6101,11604.14621790328
00e12e8b_6102,11604.123435412466
00e12e8b_6103,11604.099112520213
00e12e8b_6104,11604.06625782088
00e12e8b_6105,11604.040123863915
00e12e8b_6106,11604.012458441151
00e12e8b_6107,11603.97875841622
00e12e8b_6108,11603.95090062016
00e12e8b_6109,11603.927560595796
00e12e8b_6110,11603.8989510677
00e12e8b_6111,11603.87526120797
00e12e8b_6112,11603.84755798286
00e12e8b_6113,11603.823578157617
00e12e8b_6114,11603.79296747832
00e12e8b_6115,11603.76780562172
00e12e8b_6116,11603.740096654956
00e12e8b_6117,11603.706151674149
00e12e8b_6118,11603.675573107654
00e12e8b_6119,11603.642063920992
00e12e8b_6120,11603.61255598505
00e12e8b_6121,11603.578925926491
00e12e8b_6122,11603.550952390666
00e12e8b_6123,11603.516918988022
00e12e8b_6124,11603.491399700186
00e12e8b_6125,11603.460591265504
00e12e8b_6126,11603.439155769707
00e12e8b_6127,11603.41343096422
00e12e8b_6128,11603.395735134316
00e12e8b_6129,11603.374387263631
00e12e8b_6130,11603.358688945726
00e12e8b_6131,11603.339101460013
00e12e8b_6132,11603.323335416582
00e12e8b_6133,11603.304759270068
00e12e8b_6134,11603.292526980742
00e12e8b_6135,11603.276154632951
00e12e8b_6136,11603.25992019051
00e12e8b_6137,11603.249801586211
00e12e8b_6138,11603.236099128408
00e12e8b_6139,11603.229393981335
00e12e8b_6140,11603.219361314716
00e12e8b_6141,11603.210339876763
00e12e8b_6142,11603.207909174342
00e12e8b_6143,11603.201929319766
00e12e8b_6144,11603.204068856485
00e12e8b_6145,11603.201791834408
00e12e8b_6146,11603.200239807184
00e12e8b_6147,11603.207379322756
00e12e8b_6148,11603.208645654138
00e12e8b_6149,11603.210783937264
00e12e8b_6150,11603.21454083413
00e12e8b_6151,11603.213681176723
00e12e8b_6152,11603.211305141496
00e12e8b_6153,11603.212214781408
00e12e8b_6154,11603.208954816768
00e12e8b_6155,11603.204380888032
00e12e8b_6156,11603.20050204861
00e12e8b_6157,11603.199364684811
00e12e8b_6158,11603.19005875818
00e12e8b_6159,11603.178520166151
00e12e8b_6160,11603.173055709703
00e12e8b_6161,11603.159944403087
00e12e8b_6162,11603.145960834958
00e12e8b_6163,11603.133548329066
00e12e8b_6164,11603.124608995084
00e12e8b_6165,11603.111411948978
00e12e8b_6166,11603.095200651063
00e12e8b_6167,11603.078445974666
00e12e8b_6168,11603.065532019094
00e12e8b_6169,11603.04584350216
00e12e8b_6170,11603.025900629676
00e12e8b_6171,11603.004244293888
00e12e8b_6172,11602.981924477974
00e12e8b_6173,11602.956840606415
00e12e8b_6174,11602.937468617154
00e12e8b_6175,11602.911860167618
00e12e8b_6176,11602.886299707348
00e12e8b_6177,11602.859899949332
00e12e8b_6178,11602.834016601042
00e12e8b_6179,11602.809018439171
00e12e8b_6180,11602.787883291156
00e12e8b_6181,11602.762167361563
00e12e8b_6182,11602.734288188116
00e12e8b_6183,11602.70740621192
00e12e8b_6184,11602.68131781431
00e12e8b_6185,11602.654354852006
00e12e8b_6186,11602.62736490396
00e12e8b_6187,11602.599459790015
00e12e8b_6188,11602.572200163107
00e12e8b_6189,11602.544703392496
00e12e8b_6190,11602.510932395791
00e12e8b_6191,11602.477185349471
00e12e8b_6192,11602.44257688984
00e12e8b_6193,11602.409054817694
00e12e8b_6194,11602.374967303314
00e12e8b_6195,11602.342301742494
00e12e8b_6196,11602.310052026653
00e12e8b_6197,11602.277742356904
00e12e8b_6198,11602.247550173895
00e12e8b_6199,11602.217373961465
00e12e8b_6200,11602.188547499358
00e12e8b_6201,11602.161057713573
00e12e8b_6202,11602.133082328515
00e12e8b_6203,11602.106956165208
00e12e8b_6204,11602.07881353762
00e12e8b_6205,11602.051397152458
00e12e8b_6206,11602.023839620586
00e12e8b_6207,11601.994550051792
00e12e8b_6208,11601.965049601147
00e12e8b_6209,11601.933842154524
00e12e8b_6210,11601.903962429107
00e12e8b_6211,11601.874885510171
00e12e8b_6212,11601.84479080344
00e12e8b_6213,11601.815763674254
00e12e8b_6214,11601.788025021817
00e12e8b_6215,11601.75586356624
00e12e8b_6216,11601.7292831433
00e12e8b_6217,11601.702749413442
00e12e8b_6218,11601.678037037476
00e12e8b_6219,11601.653844020546
00e12e8b_6220,11601.631346294887
00e12e8b_6221,11601.609426503985
00e12e8b_6222,11601.58804623502
00e12e8b_6223,11601.567926140797
00e12e8b_6224,11601.541050251515
00e12e8b_6225,11601.521192473128
00e12e8b_6226,11601.502306870423
00e12e8b_6227,11601.482137919587
00e12e8b_6228,11601.464645527294
00e12e8b_6229,11601.44632154929
00e12e8b_6230,11601.423532998102
00e12e8b_6231,11601.406999873603
00e12e8b_6232,11601.390294586176
00e12e8b_6233,11601.37547660818
00e12e8b_6234,11601.352583950256
00e12e8b_6235,11601.336898718651
00e12e8b_6236,11601.321401716084
00e12e8b_6237,11601.307256536173
00e12e8b_6238,11601.288306949798
00e12e8b_6239,11601.274704625115
00e12e8b_6240,11601.26347418375
00e12e8b_6241,11601.245485287604
00e12e8b_6242,11601.233251187896
00e12e8b_6243,11601.223853792406
00e12e8b_6244,11601.208065741954
00e12e8b_6245,11601.197586646012
00e12e8b_6246,11601.1868562441
00e12e8b_6247,11601.170966967791
00e12e8b_6248,11601.161277077726
00e12e8b_6249,11601.145438052605
00e12e8b_6250,11601.13611251099
00e12e8b_6251,11601.12770826818
00e12e8b_6252,11601.112975685308
00e12e8b_6253,11601.105364697023
00e12e8b_6254,11601.091532438382
00e12e8b_6255,11601.08427530666
00e12e8b_6256,11601.071381270072
00e12e8b_6257,11601.063452405218
00e12e8b_6258,11601.051383208116
00e12e8b_6259,11601.045828125869
00e12e8b_6260,11601.0355438835
00e12e8b_6261,11601.030721712736
00e12e8b_6262,11601.017810397268
00e12e8b_6263,11601.006521574538
00e12e8b_6264,11600.998467875594
00e12e8b_6265,11600.986465867743
00e12e8b_6266,11600.979355702371
00e12e8b_6267,11600.965676303476
00e12e8b_6268,11600.95072614333
00e12e8b_6269,11600.940627642834
00e12e8b_6270,11600.92404116337
00e12e8b_6271,11600.913150876931
00e12e8b_6272,11600.89471225668
00e12e8b_6273,11600.875756221096
00e12e8b_6274,11600.861277268928
00e12e8b_6275,11600.839696162093
00e12e8b_6276,11600.818205776872
00e12e8b_6277,11600.794367609698
00e12e8b_6278,11600.775776390832
00e12e8b_6279,11600.751566897585
00e12e8b_6280,11600.727023880623
00e12e8b_6281,11600.702069899497
00e12e8b_6282,11600.679991498248
00e12e8b_6283,11600.650152400707
00e12e8b_6284,11600.618606413387
00e12e8b_6285,11600.586130903152
00e12e8b_6286,11600.557487556096
00e12e8b_6287,11600.520269391456
00e12e8b_6288,11600.483648039666
00e12e8b_6289,11600.443677265304
00e12e8b_6290,11600.404474283554
00e12e8b_6291,11600.364321941135
00e12e8b_6292,11600.32169489952
00e12e8b_6293,11600.28390393325
00e12e8b_6294,11600.238886162051
00e12e8b_6295,11600.195618088035
00e12e8b_6296,11600.152514662994
00e12e8b_6297,11600.107733504225
00e12e8b_6298,11600.06271462527
00e12e8b_6299,11600.016857683784
00e12e8b_6300,11599.971885563038
00e12e8b_6301,11599.926733589073
00e12e8b_6302,11599.882409599802
00e12e8b_6303,11599.83882015069
00e12e8b_6304,11599.793331398329
00e12e8b_6305,11599.74814688964
00e12e8b_6306,11599.703387541324
00e12e8b_6307,11599.656956602506
00e12e8b_6308,11599.613191896233
00e12e8b_6309,11599.573759001183
00e12e8b_6310,11599.535815169636
00e12e8b_6311,11599.49904992046
00e12e8b_6312,11599.462640657905
00e12e8b_6313,11599.426807290009
00e12e8b_6314,11599.392229867855
00e12e8b_6315,11599.3577167733
00e12e8b_6316,11599.31771899221
00e12e8b_6317,11599.285174806668
00e12e8b_6318,11599.252431059984
00e12e8b_6319,11599.220330828632
00e12e8b_6320,11599.187101141551
00e12e8b_6321,11599.154168560808
00e12e8b_6322,11599.122845469876
00e12e8b_6323,11599.08704969266
00e12e8b_6324,11599.05601491582
00e12e8b_6325,11599.027482450823
00e12e8b_6326,11598.999462039006
00e12e8b_6327,11598.972890466954
00e12e8b_6328,11598.946092845414
00e12e8b_6329,11598.91493945944
00e12e8b_6330,11598.88955640624
00e12e8b_6331,11598.865909702366
00e12e8b_6332,11598.84211576344
00e12e8b_6333,11598.8187417593
00e12e8b_6334,11598.796859463097
00e12e8b_6335,11598.768317360713
00e12e8b_6336,11598.746038206624
00e12e8b_6337,11598.72350709956
00e12e8b_6338,11598.70319829164
00e12e8b_6339,11598.685203648016
00e12e8b_6340,11598.664446013478
00e12e8b_6341,11598.637725372966
00e12e8b_6342,11598.61756164368
00e12e8b_6343,11598.596397670326
00e12e8b_6344,11598.577092671432
00e12e8b_6345,11598.56046357069
00e12e8b_6346,11598.54572183437
00e12e8b_6347,11598.525262291656
00e12e8b_6348,11598.511159044165
00e12e8b_6349,11598.499469862702
00e12e8b_6350,11598.489125042555
00e12e8b_6351,11598.478826454584
00e12e8b_6352,11598.461982900106
00e12e8b_6353,11598.452246204595
00e12e8b_6354,11598.44440528537
00e12e8b_6355,11598.436867076329
00e12e8b_6356,11598.429555355917
00e12e8b_6357,11598.423026241911
00e12e8b_6358,11598.411596947984
00e12e8b_6359,11598.406278434131
00e12e8b_6360,11598.401024579662
00e12e8b_6361,11598.397933702894
00e12e8b_6362,11598.39532066011
00e12e8b_6363,11598.393302328104
00e12e8b_6364,11598.386262830896
00e12e8b_6365,11598.385361775096
00e12e8b_6366,11598.38481471007
00e12e8b_6367,11598.385047424094
00e12e8b_6368,11598.385568066831
00e12e8b_6369,11598.381309222865
00e12e8b_6370,11598.383167929089
00e12e8b_6371,11598.385296694769
00e12e8b_6372,11598.387251413806
00e12e8b_6373,11598.391500977888
00e12e8b_6374,11598.396435365354
00e12e8b_6375,11598.396660333345
00e12e8b_6376,11598.403686334825
00e12e8b_6377,11598.411337877124
00e12e8b_6378,11598.419499345584
00e12e8b_6379,11598.428055125543
00e12e8b_6380,11598.431339602344
00e12e8b_6381,11598.44033716132
00e12e8b_6382,11598.449382187822
00e12e8b_6383,11598.458359067186
